# On branch farm
# Your branch is ahead of 'origin/farm' by 2 commits.
#   (use "git push" to publish your local commits)
#
# Changes not staged for commit:
#   (use "git add/rm <file>..." to update what will be committed)
#   (use "git checkout -- <file>..." to discard changes in working directory)
#
#	modified:   ../../../../__pycache__/datacardHelpers.cpython-38.pyc
#	modified:   ../../../../__pycache__/utils.cpython-38.pyc
#	modified:   ../../nTFa_3_nTFb_6/CR1.txt
#	modified:   ../../nTFa_3_nTFb_6/CR1Blinded.txt
#	modified:   ../../nTFa_3_nTFb_6/CR2.txt
#	modified:   ../../nTFa_3_nTFb_6/CR2Blinded.txt
#	deleted:    ../../nTFa_3_nTFb_6/FitShapes.root
#	modified:   ../../nTFa_3_nTFb_6/HWWfullhad.root
#	modified:   ../../nTFa_3_nTFb_6/SR1a.txt
#	modified:   ../../nTFa_3_nTFb_6/SR1aBlinded.txt
#	modified:   ../../nTFa_3_nTFb_6/SR1b.txt
#	modified:   ../../nTFa_3_nTFb_6/SR1bBlinded.txt
#	modified:   ../../nTFa_3_nTFb_6/SR2a.txt
#	modified:   ../../nTFa_3_nTFb_6/SR2aBlinded.txt
#	modified:   ../../nTFa_3_nTFb_6/SR2b.txt
#	modified:   ../../nTFa_3_nTFb_6/SR2bBlinded.txt
#	modified:   ../../nTFa_3_nTFb_6/combine_logger.out
#	modified:   ../../nTFa_3_nTFb_6/combined.txt
#	modified:   ../../nTFa_3_nTFb_6/combined_withmasks.root
#	deleted:    ../../nTFa_3_nTFb_6/fitDiagnosticsBlinded.root
#	deleted:    ../../nTFa_3_nTFb_6/higgsCombine.AsymptoticLimits.mH125.44.root
#	modified:   ../../nTFa_3_nTFb_6/higgsCombine.Significance.mH125.123456.root
#	deleted:    ../../nTFa_3_nTFb_6/higgsCombineBlinded.FitDiagnostics.mH125.root
#	modified:   ../../nTFa_3_nTFb_6/higgsCombineSnapshot.MultiDimFit.mH125.root
#	modified:   ../../nTFa_3_nTFb_6/model.pkl
#	deleted:    ../../nTFa_3_nTFb_6/outs/AsymptoticLimits.txt
#	deleted:    ../../nTFa_3_nTFb_6/outs/FitDiagnostics.txt
#	deleted:    ../../nTFa_3_nTFb_6/outs/FitShapes.txt
#	modified:   ../../nTFa_3_nTFb_6/outs/MultiDimFit.txt
#	modified:   ../../nTFa_3_nTFb_6/outs/Significance.txt
#	modified:   ../../up_vetomap_smooth/nTFa_3_nTFb_6/CR1.txt
#	modified:   ../../up_vetomap_smooth/nTFa_3_nTFb_6/CR1Blinded.txt
#	modified:   ../../up_vetomap_smooth/nTFa_3_nTFb_6/CR2.txt
#	modified:   ../../up_vetomap_smooth/nTFa_3_nTFb_6/CR2Blinded.txt
#	modified:   ../../up_vetomap_smooth/nTFa_3_nTFb_6/HWWfullhad.root
#	modified:   ../../up_vetomap_smooth/nTFa_3_nTFb_6/SR1a.txt
#	modified:   ../../up_vetomap_smooth/nTFa_3_nTFb_6/SR1aBlinded.txt
#	modified:   ../../up_vetomap_smooth/nTFa_3_nTFb_6/SR1b.txt
#	modified:   ../../up_vetomap_smooth/nTFa_3_nTFb_6/SR1bBlinded.txt
#	modified:   ../../up_vetomap_smooth/nTFa_3_nTFb_6/SR2a.txt
#	modified:   ../../up_vetomap_smooth/nTFa_3_nTFb_6/SR2aBlinded.txt
#	modified:   ../../up_vetomap_smooth/nTFa_3_nTFb_6/SR2b.txt
#	modified:   ../../up_vetomap_smooth/nTFa_3_nTFb_6/SR2bBlinded.txt
#	modified:   ../../up_vetomap_smooth/nTFa_3_nTFb_6/combine_logger.out
#	modified:   ../../up_vetomap_smooth/nTFa_3_nTFb_6/combined_withmasks.root
#	modified:   ../../up_vetomap_smooth/nTFa_3_nTFb_6/higgsCombine.AsymptoticLimits.mH125.44.root
#	modified:   ../../up_vetomap_smooth/nTFa_3_nTFb_6/higgsCombine.Significance.mH125.123456.root
#	modified:   ../../up_vetomap_smooth/nTFa_3_nTFb_6/higgsCombineSnapshot.MultiDimFit.mH125.root
#	modified:   ../../up_vetomap_smooth/nTFa_3_nTFb_6/higgsCombine_initialFit_impacts.MultiDimFit.mH125.root
#	modified:   ../../up_vetomap_smooth/nTFa_3_nTFb_6/model.pkl
#	modified:   ../../up_vetomap_smooth/nTFa_3_nTFb_6/outs/AsymptoticLimits.txt
#	modified:   ../../up_vetomap_smooth/nTFa_3_nTFb_6/outs/Impacts_init.txt
#	modified:   ../../up_vetomap_smooth/nTFa_3_nTFb_6/outs/MultiDimFit.txt
#	modified:   ../../up_vetomap_smooth/nTFa_3_nTFb_6/outs/Significance.txt
#	modified:   ../../../../combination/0l_datacards/CR1.txt
#	modified:   ../../../../combination/0l_datacards/CR1Blinded.txt
#	modified:   ../../../../combination/0l_datacards/CR2.txt
#	modified:   ../../../../combination/0l_datacards/CR2Blinded.txt
#	modified:   ../../../../combination/0l_datacards/HWWfullhad.root
#	modified:   ../../../../combination/0l_datacards/SR1a.txt
#	modified:   ../../../../combination/0l_datacards/SR1aBlinded.txt
#	modified:   ../../../../combination/0l_datacards/SR1b.txt
#	modified:   ../../../../combination/0l_datacards/SR1bBlinded.txt
#	modified:   ../../../../combination/0l_datacards/SR2a.txt
#	modified:   ../../../../combination/0l_datacards/SR2aBlinded.txt
#	modified:   ../../../../combination/0l_datacards/SR2b.txt
#	modified:   ../../../../combination/0l_datacards/SR2bBlinded.txt
#	modified:   ../../../../combination/0l_datacards/combine_logger.out
#	modified:   ../../../../combination/0l_datacards/combined.txt
#	modified:   ../../../../combination/0l_datacards/combined_withmasks.root
#	deleted:    ../../../../combination/0l_datacards/condor/impacts/Test/collect.sh
#	deleted:    ../../../../combination/0l_datacards/condor/impacts/Test/impacts_BR_hww.jdl
#	deleted:    ../../../../combination/0l_datacards/condor/impacts/Test/impacts_BR_hww.sh
#	deleted:    ../../../../combination/0l_datacards/condor/impacts/Test/impacts_CMS_HWW_boosted_CR1_mcstat_bin0.jdl
#	deleted:    ../../../../combination/0l_datacards/condor/impacts/Test/impacts_CMS_HWW_boosted_CR1_mcstat_bin0.sh
#	deleted:    ../../../../combination/0l_datacards/condor/impacts/Test/impacts_CMS_HWW_boosted_CR1_mcstat_bin1.jdl
#	deleted:    ../../../../combination/0l_datacards/condor/impacts/Test/impacts_CMS_HWW_boosted_CR1_mcstat_bin1.sh
#	deleted:    ../../../../combination/0l_datacards/condor/impacts/Test/impacts_CMS_HWW_boosted_CR1_mcstat_bin10.jdl
#	deleted:    ../../../../combination/0l_datacards/condor/impacts/Test/impacts_CMS_HWW_boosted_CR1_mcstat_bin10.sh
#	deleted:    ../../../../combination/0l_datacards/condor/impacts/Test/impacts_CMS_HWW_boosted_CR1_mcstat_bin11.jdl
#	deleted:    ../../../../combination/0l_datacards/condor/impacts/Test/impacts_CMS_HWW_boosted_CR1_mcstat_bin11.sh
#	deleted:    ../../../../combination/0l_datacards/condor/impacts/Test/impacts_CMS_HWW_boosted_CR1_mcstat_bin12.jdl
#	deleted:    ../../../../combination/0l_datacards/condor/impacts/Test/impacts_CMS_HWW_boosted_CR1_mcstat_bin12.sh
#	deleted:    ../../../../combination/0l_datacards/condor/impacts/Test/impacts_CMS_HWW_boosted_CR1_mcstat_bin13.jdl
#	deleted:    ../../../../combination/0l_datacards/condor/impacts/Test/impacts_CMS_HWW_boosted_CR1_mcstat_bin13.sh
#	deleted:    ../../../../combination/0l_datacards/condor/impacts/Test/impacts_CMS_HWW_boosted_CR1_mcstat_bin14.jdl
#	deleted:    ../../../../combination/0l_datacards/condor/impacts/Test/impacts_CMS_HWW_boosted_CR1_mcstat_bin14.sh
#	deleted:    ../../../../combination/0l_datacards/condor/impacts/Test/impacts_CMS_HWW_boosted_CR1_mcstat_bin15.jdl
#	deleted:    ../../../../combination/0l_datacards/condor/impacts/Test/impacts_CMS_HWW_boosted_CR1_mcstat_bin15.sh
#	deleted:    ../../../../combination/0l_datacards/condor/impacts/Test/impacts_CMS_HWW_boosted_CR1_mcstat_bin16.jdl
#	deleted:    ../../../../combination/0l_datacards/condor/impacts/Test/impacts_CMS_HWW_boosted_CR1_mcstat_bin16.sh
#	deleted:    ../../../../combination/0l_datacards/condor/impacts/Test/impacts_CMS_HWW_boosted_CR1_mcstat_bin17.jdl
#	deleted:    ../../../../combination/0l_datacards/condor/impacts/Test/impacts_CMS_HWW_boosted_CR1_mcstat_bin17.sh
#	deleted:    ../../../../combination/0l_datacards/condor/impacts/Test/impacts_CMS_HWW_boosted_CR1_mcstat_bin18.jdl
#	deleted:    ../../../../combination/0l_datacards/condor/impacts/Test/impacts_CMS_HWW_boosted_CR1_mcstat_bin18.sh
#	deleted:    ../../../../combination/0l_datacards/condor/impacts/Test/impacts_CMS_HWW_boosted_CR1_mcstat_bin19.jdl
#	deleted:    ../../../../combination/0l_datacards/condor/impacts/Test/impacts_CMS_HWW_boosted_CR1_mcstat_bin19.sh
#	deleted:    ../../../../combination/0l_datacards/condor/impacts/Test/impacts_CMS_HWW_boosted_CR1_mcstat_bin2.jdl
#	deleted:    ../../../../combination/0l_datacards/condor/impacts/Test/impacts_CMS_HWW_boosted_CR1_mcstat_bin2.sh
#	deleted:    ../../../../combination/0l_datacards/condor/impacts/Test/impacts_CMS_HWW_boosted_CR1_mcstat_bin3.jdl
#	deleted:    ../../../../combination/0l_datacards/condor/impacts/Test/impacts_CMS_HWW_boosted_CR1_mcstat_bin3.sh
#	deleted:    ../../../../combination/0l_datacards/condor/impacts/Test/impacts_CMS_HWW_boosted_CR1_mcstat_bin4.jdl
#	deleted:    ../../../../combination/0l_datacards/condor/impacts/Test/impacts_CMS_HWW_boosted_CR1_mcstat_bin4.sh
#	deleted:    ../../../../combination/0l_datacards/condor/impacts/Test/impacts_CMS_HWW_boosted_CR1_mcstat_bin5.jdl
#	deleted:    ../../../../combination/0l_datacards/condor/impacts/Test/impacts_CMS_HWW_boosted_CR1_mcstat_bin5.sh
#	deleted:    ../../../../combination/0l_datacards/condor/impacts/Test/impacts_CMS_HWW_boosted_CR1_mcstat_bin6.jdl
#	deleted:    ../../../../combination/0l_datacards/condor/impacts/Test/impacts_CMS_HWW_boosted_CR1_mcstat_bin6.sh
#	deleted:    ../../../../combination/0l_datacards/condor/impacts/Test/impacts_CMS_HWW_boosted_CR1_mcstat_bin7.jdl
#	deleted:    ../../../../combination/0l_datacards/condor/impacts/Test/impacts_CMS_HWW_boosted_CR1_mcstat_bin7.sh
#	deleted:    ../../../../combination/0l_datacards/condor/impacts/Test/impacts_CMS_HWW_boosted_CR1_mcstat_bin8.jdl
#	deleted:    ../../../../combination/0l_datacards/condor/impacts/Test/impacts_CMS_HWW_boosted_CR1_mcstat_bin8.sh
#	deleted:    ../../../../combination/0l_datacards/condor/impacts/Test/impacts_CMS_HWW_boosted_CR1_mcstat_bin9.jdl
#	deleted:    ../../../../combination/0l_datacards/condor/impacts/Test/impacts_CMS_HWW_boosted_CR1_mcstat_bin9.sh
#	deleted:    ../../../../combination/0l_datacards/condor/impacts/Test/impacts_CMS_HWW_boosted_CR2_mcstat_bin0.jdl
#	deleted:    ../../../../combination/0l_datacards/condor/impacts/Test/impacts_CMS_HWW_boosted_CR2_mcstat_bin0.sh
#	deleted:    ../../../../combination/0l_datacards/condor/impacts/Test/impacts_CMS_HWW_boosted_CR2_mcstat_bin1.jdl
#	deleted:    ../../../../combination/0l_datacards/condor/impacts/Test/impacts_CMS_HWW_boosted_CR2_mcstat_bin1.sh
#	deleted:    ../../../../combination/0l_datacards/condor/impacts/Test/impacts_CMS_HWW_boosted_CR2_mcstat_bin10.jdl
#	deleted:    ../../../../combination/0l_datacards/condor/impacts/Test/impacts_CMS_HWW_boosted_CR2_mcstat_bin10.sh
#	deleted:    ../../../../combination/0l_datacards/condor/impacts/Test/impacts_CMS_HWW_boosted_CR2_mcstat_bin11.jdl
#	deleted:    ../../../../combination/0l_datacards/condor/impacts/Test/impacts_CMS_HWW_boosted_CR2_mcstat_bin11.sh
#	deleted:    ../../../../combination/0l_datacards/condor/impacts/Test/impacts_CMS_HWW_boosted_CR2_mcstat_bin12.jdl
#	deleted:    ../../../../combination/0l_datacards/condor/impacts/Test/impacts_CMS_HWW_boosted_CR2_mcstat_bin12.sh
#	deleted:    ../../../../combination/0l_datacards/condor/impacts/Test/impacts_CMS_HWW_boosted_CR2_mcstat_bin13.jdl
#	deleted:    ../../../../combination/0l_datacards/condor/impacts/Test/impacts_CMS_HWW_boosted_CR2_mcstat_bin13.sh
#	deleted:    ../../../../combination/0l_datacards/condor/impacts/Test/impacts_CMS_HWW_boosted_CR2_mcstat_bin14.jdl
#	deleted:    ../../../../combination/0l_datacards/condor/impacts/Test/impacts_CMS_HWW_boosted_CR2_mcstat_bin14.sh
#	deleted:    ../../../../combination/0l_datacards/condor/impacts/Test/impacts_CMS_HWW_boosted_CR2_mcstat_bin15.jdl
#	deleted:    ../../../../combination/0l_datacards/condor/impacts/Test/impacts_CMS_HWW_boosted_CR2_mcstat_bin15.sh
#	deleted:    ../../../../combination/0l_datacards/condor/impacts/Test/impacts_CMS_HWW_boosted_CR2_mcstat_bin16.jdl
#	deleted:    ../../../../combination/0l_datacards/condor/impacts/Test/impacts_CMS_HWW_boosted_CR2_mcstat_bin16.sh
#	deleted:    ../../../../combination/0l_datacards/condor/impacts/Test/impacts_CMS_HWW_boosted_CR2_mcstat_bin17.jdl
#	deleted:    ../../../../combination/0l_datacards/condor/impacts/Test/impacts_CMS_HWW_boosted_CR2_mcstat_bin17.sh
#	deleted:    ../../../../combination/0l_datacards/condor/impacts/Test/impacts_CMS_HWW_boosted_CR2_mcstat_bin18.jdl
#	deleted:    ../../../../combination/0l_datacards/condor/impacts/Test/impacts_CMS_HWW_boosted_CR2_mcstat_bin18.sh
#	deleted:    ../../../../combination/0l_datacards/condor/impacts/Test/impacts_CMS_HWW_boosted_CR2_mcstat_bin19.jdl
#	deleted:    ../../../../combination/0l_datacards/condor/impacts/Test/impacts_CMS_HWW_boosted_CR2_mcstat_bin19.sh
#	deleted:    ../../../../combination/0l_datacards/condor/impacts/Test/impacts_CMS_HWW_boosted_CR2_mcstat_bin2.jdl
#	deleted:    ../../../../combination/0l_datacards/condor/impacts/Test/impacts_CMS_HWW_boosted_CR2_mcstat_bin2.sh
#	deleted:    ../../../../combination/0l_datacards/condor/impacts/Test/impacts_CMS_HWW_boosted_CR2_mcstat_bin3.jdl
#	deleted:    ../../../../combination/0l_datacards/condor/impacts/Test/impacts_CMS_HWW_boosted_CR2_mcstat_bin3.sh
#	deleted:    ../../../../combination/0l_datacards/condor/impacts/Test/impacts_CMS_HWW_boosted_CR2_mcstat_bin4.jdl
#	deleted:    ../../../../combination/0l_datacards/condor/impacts/Test/impacts_CMS_HWW_boosted_CR2_mcstat_bin4.sh
#	deleted:    ../../../../combination/0l_datacards/condor/impacts/Test/impacts_CMS_HWW_boosted_CR2_mcstat_bin5.jdl
#	deleted:    ../../../../combination/0l_datacards/condor/impacts/Test/impacts_CMS_HWW_boosted_CR2_mcstat_bin5.sh
#	deleted:    ../../../../combination/0l_datacards/condor/impacts/Test/impacts_CMS_HWW_boosted_CR2_mcstat_bin6.jdl
#	deleted:    ../../../../combination/0l_datacards/condor/impacts/Test/impacts_CMS_HWW_boosted_CR2_mcstat_bin6.sh
#	deleted:    ../../../../combination/0l_datacards/condor/impacts/Test/impacts_CMS_HWW_boosted_CR2_mcstat_bin7.jdl
#	deleted:    ../../../../combination/0l_datacards/condor/impacts/Test/impacts_CMS_HWW_boosted_CR2_mcstat_bin7.sh
#	deleted:    ../../../../combination/0l_datacards/condor/impacts/Test/impacts_CMS_HWW_boosted_CR2_mcstat_bin8.jdl
#	deleted:    ../../../../combination/0l_datacards/condor/impacts/Test/impacts_CMS_HWW_boosted_CR2_mcstat_bin8.sh
#	deleted:    ../../../../combination/0l_datacards/condor/impacts/Test/impacts_CMS_HWW_boosted_CR2_mcstat_bin9.jdl
#	deleted:    ../../../../combination/0l_datacards/condor/impacts/Test/impacts_CMS_HWW_boosted_CR2_mcstat_bin9.sh
#	deleted:    ../../../../combination/0l_datacards/condor/impacts/Test/impacts_CMS_HWW_boosted_SR1a_mcstat_bin0.jdl
#	deleted:    ../../../../combination/0l_datacards/condor/impacts/Test/impacts_CMS_HWW_boosted_SR1a_mcstat_bin0.sh
#	deleted:    ../../../../combination/0l_datacards/condor/impacts/Test/impacts_CMS_HWW_boosted_SR1a_mcstat_bin1.jdl
#	deleted:    ../../../../combination/0l_datacards/condor/impacts/Test/impacts_CMS_HWW_boosted_SR1a_mcstat_bin1.sh
#	deleted:    ../../../../combination/0l_datacards/condor/impacts/Test/impacts_CMS_HWW_boosted_SR1a_mcstat_bin10.jdl
#	deleted:    ../../../../combination/0l_datacards/condor/impacts/Test/impacts_CMS_HWW_boosted_SR1a_mcstat_bin10.sh
#	deleted:    ../../../../combination/0l_datacards/condor/impacts/Test/impacts_CMS_HWW_boosted_SR1a_mcstat_bin11.jdl
#	deleted:    ../../../../combination/0l_datacards/condor/impacts/Test/impacts_CMS_HWW_boosted_SR1a_mcstat_bin11.sh
#	deleted:    ../../../../combination/0l_datacards/condor/impacts/Test/impacts_CMS_HWW_boosted_SR1a_mcstat_bin12.jdl
#	deleted:    ../../../../combination/0l_datacards/condor/impacts/Test/impacts_CMS_HWW_boosted_SR1a_mcstat_bin12.sh
#	deleted:    ../../../../combination/0l_datacards/condor/impacts/Test/impacts_CMS_HWW_boosted_SR1a_mcstat_bin13.jdl
#	deleted:    ../../../../combination/0l_datacards/condor/impacts/Test/impacts_CMS_HWW_boosted_SR1a_mcstat_bin13.sh
#	deleted:    ../../../../combination/0l_datacards/condor/impacts/Test/impacts_CMS_HWW_boosted_SR1a_mcstat_bin14.jdl
#	deleted:    ../../../../combination/0l_datacards/condor/impacts/Test/impacts_CMS_HWW_boosted_SR1a_mcstat_bin14.sh
#	deleted:    ../../../../combination/0l_datacards/condor/impacts/Test/impacts_CMS_HWW_boosted_SR1a_mcstat_bin15.jdl
#	deleted:    ../../../../combination/0l_datacards/condor/impacts/Test/impacts_CMS_HWW_boosted_SR1a_mcstat_bin15.sh
#	deleted:    ../../../../combination/0l_datacards/condor/impacts/Test/impacts_CMS_HWW_boosted_SR1a_mcstat_bin16.jdl
#	deleted:    ../../../../combination/0l_datacards/condor/impacts/Test/impacts_CMS_HWW_boosted_SR1a_mcstat_bin16.sh
#	deleted:    ../../../../combination/0l_datacards/condor/impacts/Test/impacts_CMS_HWW_boosted_SR1a_mcstat_bin17.jdl
#	deleted:    ../../../../combination/0l_datacards/condor/impacts/Test/impacts_CMS_HWW_boosted_SR1a_mcstat_bin17.sh
#	deleted:    ../../../../combination/0l_datacards/condor/impacts/Test/impacts_CMS_HWW_boosted_SR1a_mcstat_bin18.jdl
#	deleted:    ../../../../combination/0l_datacards/condor/impacts/Test/impacts_CMS_HWW_boosted_SR1a_mcstat_bin18.sh
#	deleted:    ../../../../combination/0l_datacards/condor/impacts/Test/impacts_CMS_HWW_boosted_SR1a_mcstat_bin19.jdl
#	deleted:    ../../../../combination/0l_datacards/condor/impacts/Test/impacts_CMS_HWW_boosted_SR1a_mcstat_bin19.sh
#	deleted:    ../../../../combination/0l_datacards/condor/impacts/Test/impacts_CMS_HWW_boosted_SR1a_mcstat_bin2.jdl
#	deleted:    ../../../../combination/0l_datacards/condor/impacts/Test/impacts_CMS_HWW_boosted_SR1a_mcstat_bin2.sh
#	deleted:    ../../../../combination/0l_datacards/condor/impacts/Test/impacts_CMS_HWW_boosted_SR1a_mcstat_bin3.jdl
#	deleted:    ../../../../combination/0l_datacards/condor/impacts/Test/impacts_CMS_HWW_boosted_SR1a_mcstat_bin3.sh
#	deleted:    ../../../../combination/0l_datacards/condor/impacts/Test/impacts_CMS_HWW_boosted_SR1a_mcstat_bin4.jdl
#	deleted:    ../../../../combination/0l_datacards/condor/impacts/Test/impacts_CMS_HWW_boosted_SR1a_mcstat_bin4.sh
#	deleted:    ../../../../combination/0l_datacards/condor/impacts/Test/impacts_CMS_HWW_boosted_SR1a_mcstat_bin5.jdl
#	deleted:    ../../../../combination/0l_datacards/condor/impacts/Test/impacts_CMS_HWW_boosted_SR1a_mcstat_bin5.sh
#	deleted:    ../../../../combination/0l_datacards/condor/impacts/Test/impacts_CMS_HWW_boosted_SR1a_mcstat_bin6.jdl
#	deleted:    ../../../../combination/0l_datacards/condor/impacts/Test/impacts_CMS_HWW_boosted_SR1a_mcstat_bin6.sh
#	deleted:    ../../../../combination/0l_datacards/condor/impacts/Test/impacts_CMS_HWW_boosted_SR1a_mcstat_bin7.jdl
#	deleted:    ../../../../combination/0l_datacards/condor/impacts/Test/impacts_CMS_HWW_boosted_SR1a_mcstat_bin7.sh
#	deleted:    ../../../../combination/0l_datacards/condor/impacts/Test/impacts_CMS_HWW_boosted_SR1a_mcstat_bin8.jdl
#	deleted:    ../../../../combination/0l_datacards/condor/impacts/Test/impacts_CMS_HWW_boosted_SR1a_mcstat_bin8.sh
#	deleted:    ../../../../combination/0l_datacards/condor/impacts/Test/impacts_CMS_HWW_boosted_SR1a_mcstat_bin9.jdl
#	deleted:    ../../../../combination/0l_datacards/condor/impacts/Test/impacts_CMS_HWW_boosted_SR1a_mcstat_bin9.sh
#	deleted:    ../../../../combination/0l_datacards/condor/impacts/Test/impacts_CMS_HWW_boosted_SR1b_mcstat_bin0.jdl
#	deleted:    ../../../../combination/0l_datacards/condor/impacts/Test/impacts_CMS_HWW_boosted_SR1b_mcstat_bin0.sh
#	deleted:    ../../../../combination/0l_datacards/condor/impacts/Test/impacts_CMS_HWW_boosted_SR1b_mcstat_bin1.jdl
#	deleted:    ../../../../combination/0l_datacards/condor/impacts/Test/impacts_CMS_HWW_boosted_SR1b_mcstat_bin1.sh
#	deleted:    ../../../../combination/0l_datacards/condor/impacts/Test/impacts_CMS_HWW_boosted_SR1b_mcstat_bin10.jdl
#	deleted:    ../../../../combination/0l_datacards/condor/impacts/Test/impacts_CMS_HWW_boosted_SR1b_mcstat_bin10.sh
#	deleted:    ../../../../combination/0l_datacards/condor/impacts/Test/impacts_CMS_HWW_boosted_SR1b_mcstat_bin11.jdl
#	deleted:    ../../../../combination/0l_datacards/condor/impacts/Test/impacts_CMS_HWW_boosted_SR1b_mcstat_bin11.sh
#	deleted:    ../../../../combination/0l_datacards/condor/impacts/Test/impacts_CMS_HWW_boosted_SR1b_mcstat_bin12.jdl
#	deleted:    ../../../../combination/0l_datacards/condor/impacts/Test/impacts_CMS_HWW_boosted_SR1b_mcstat_bin12.sh
#	deleted:    ../../../../combination/0l_datacards/condor/impacts/Test/impacts_CMS_HWW_boosted_SR1b_mcstat_bin13.jdl
#	deleted:    ../../../../combination/0l_datacards/condor/impacts/Test/impacts_CMS_HWW_boosted_SR1b_mcstat_bin13.sh
#	deleted:    ../../../../combination/0l_datacards/condor/impacts/Test/impacts_CMS_HWW_boosted_SR1b_mcstat_bin14.jdl
#	deleted:    ../../../../combination/0l_datacards/condor/impacts/Test/impacts_CMS_HWW_boosted_SR1b_mcstat_bin14.sh
#	deleted:    ../../../../combination/0l_datacards/condor/impacts/Test/impacts_CMS_HWW_boosted_SR1b_mcstat_bin15.jdl
#	deleted:    ../../../../combination/0l_datacards/condor/impacts/Test/impacts_CMS_HWW_boosted_SR1b_mcstat_bin15.sh
#	deleted:    ../../../../combination/0l_datacards/condor/impacts/Test/impacts_CMS_HWW_boosted_SR1b_mcstat_bin16.jdl
#	deleted:    ../../../../combination/0l_datacards/condor/impacts/Test/impacts_CMS_HWW_boosted_SR1b_mcstat_bin16.sh
#	deleted:    ../../../../combination/0l_datacards/condor/impacts/Test/impacts_CMS_HWW_boosted_SR1b_mcstat_bin17.jdl
#	deleted:    ../../../../combination/0l_datacards/condor/impacts/Test/impacts_CMS_HWW_boosted_SR1b_mcstat_bin17.sh
#	deleted:    ../../../../combination/0l_datacards/condor/impacts/Test/impacts_CMS_HWW_boosted_SR1b_mcstat_bin18.jdl
#	deleted:    ../../../../combination/0l_datacards/condor/impacts/Test/impacts_CMS_HWW_boosted_SR1b_mcstat_bin18.sh
#	deleted:    ../../../../combination/0l_datacards/condor/impacts/Test/impacts_CMS_HWW_boosted_SR1b_mcstat_bin19.jdl
#	deleted:    ../../../../combination/0l_datacards/condor/impacts/Test/impacts_CMS_HWW_boosted_SR1b_mcstat_bin19.sh
#	deleted:    ../../../../combination/0l_datacards/condor/impacts/Test/impacts_CMS_HWW_boosted_SR1b_mcstat_bin2.jdl
#	deleted:    ../../../../combination/0l_datacards/condor/impacts/Test/impacts_CMS_HWW_boosted_SR1b_mcstat_bin2.sh
#	deleted:    ../../../../combination/0l_datacards/condor/impacts/Test/impacts_CMS_HWW_boosted_SR1b_mcstat_bin3.jdl
#	deleted:    ../../../../combination/0l_datacards/condor/impacts/Test/impacts_CMS_HWW_boosted_SR1b_mcstat_bin3.sh
#	deleted:    ../../../../combination/0l_datacards/condor/impacts/Test/impacts_CMS_HWW_boosted_SR1b_mcstat_bin4.jdl
#	deleted:    ../../../../combination/0l_datacards/condor/impacts/Test/impacts_CMS_HWW_boosted_SR1b_mcstat_bin4.sh
#	deleted:    ../../../../combination/0l_datacards/condor/impacts/Test/impacts_CMS_HWW_boosted_SR1b_mcstat_bin5.jdl
#	deleted:    ../../../../combination/0l_datacards/condor/impacts/Test/impacts_CMS_HWW_boosted_SR1b_mcstat_bin5.sh
#	deleted:    ../../../../combination/0l_datacards/condor/impacts/Test/impacts_CMS_HWW_boosted_SR1b_mcstat_bin6.jdl
#	deleted:    ../../../../combination/0l_datacards/condor/impacts/Test/impacts_CMS_HWW_boosted_SR1b_mcstat_bin6.sh
#	deleted:    ../../../../combination/0l_datacards/condor/impacts/Test/impacts_CMS_HWW_boosted_SR1b_mcstat_bin7.jdl
#	deleted:    ../../../../combination/0l_datacards/condor/impacts/Test/impacts_CMS_HWW_boosted_SR1b_mcstat_bin7.sh
#	deleted:    ../../../../combination/0l_datacards/condor/impacts/Test/impacts_CMS_HWW_boosted_SR1b_mcstat_bin8.jdl
#	deleted:    ../../../../combination/0l_datacards/condor/impacts/Test/impacts_CMS_HWW_boosted_SR1b_mcstat_bin8.sh
#	deleted:    ../../../../combination/0l_datacards/condor/impacts/Test/impacts_CMS_HWW_boosted_SR1b_mcstat_bin9.jdl
#	deleted:    ../../../../combination/0l_datacards/condor/impacts/Test/impacts_CMS_HWW_boosted_SR1b_mcstat_bin9.sh
#	deleted:    ../../../../combination/0l_datacards/condor/impacts/Test/impacts_CMS_HWW_boosted_SR2a_WH_hww_mcstat_bin0.jdl
#	deleted:    ../../../../combination/0l_datacards/condor/impacts/Test/impacts_CMS_HWW_boosted_SR2a_WH_hww_mcstat_bin0.sh
#	deleted:    ../../../../combination/0l_datacards/condor/impacts/Test/impacts_CMS_HWW_boosted_SR2a_WH_hww_mcstat_bin1.jdl
#	deleted:    ../../../../combination/0l_datacards/condor/impacts/Test/impacts_CMS_HWW_boosted_SR2a_WH_hww_mcstat_bin1.sh
#	deleted:    ../../../../combination/0l_datacards/condor/impacts/Test/impacts_CMS_HWW_boosted_SR2a_WH_hww_mcstat_bin18.jdl
#	deleted:    ../../../../combination/0l_datacards/condor/impacts/Test/impacts_CMS_HWW_boosted_SR2a_WH_hww_mcstat_bin18.sh
#	deleted:    ../../../../combination/0l_datacards/condor/impacts/Test/impacts_CMS_HWW_boosted_SR2a_ZH_hww_mcstat_bin0.jdl
#	deleted:    ../../../../combination/0l_datacards/condor/impacts/Test/impacts_CMS_HWW_boosted_SR2a_ZH_hww_mcstat_bin0.sh
#	deleted:    ../../../../combination/0l_datacards/condor/impacts/Test/impacts_CMS_HWW_boosted_SR2a_ZH_hww_mcstat_bin1.jdl
#	deleted:    ../../../../combination/0l_datacards/condor/impacts/Test/impacts_CMS_HWW_boosted_SR2a_ZH_hww_mcstat_bin1.sh
#	deleted:    ../../../../combination/0l_datacards/condor/impacts/Test/impacts_CMS_HWW_boosted_SR2a_ZH_hww_mcstat_bin18.jdl
#	deleted:    ../../../../combination/0l_datacards/condor/impacts/Test/impacts_CMS_HWW_boosted_SR2a_ZH_hww_mcstat_bin18.sh
#	deleted:    ../../../../combination/0l_datacards/condor/impacts/Test/impacts_CMS_HWW_boosted_SR2a_ggH_hww_mcstat_bin0.jdl
#	deleted:    ../../../../combination/0l_datacards/condor/impacts/Test/impacts_CMS_HWW_boosted_SR2a_ggH_hww_mcstat_bin0.sh
#	deleted:    ../../../../combination/0l_datacards/condor/impacts/Test/impacts_CMS_HWW_boosted_SR2a_ggH_hww_mcstat_bin1.jdl
#	deleted:    ../../../../combination/0l_datacards/condor/impacts/Test/impacts_CMS_HWW_boosted_SR2a_ggH_hww_mcstat_bin1.sh
#	deleted:    ../../../../combination/0l_datacards/condor/impacts/Test/impacts_CMS_HWW_boosted_SR2a_mcstat_bin10.jdl
#	deleted:    ../../../../combination/0l_datacards/condor/impacts/Test/impacts_CMS_HWW_boosted_SR2a_mcstat_bin10.sh
#	deleted:    ../../../../combination/0l_datacards/condor/impacts/Test/impacts_CMS_HWW_boosted_SR2a_mcstat_bin11.jdl
#	deleted:    ../../../../combination/0l_datacards/condor/impacts/Test/impacts_CMS_HWW_boosted_SR2a_mcstat_bin11.sh
#	deleted:    ../../../../combination/0l_datacards/condor/impacts/Test/impacts_CMS_HWW_boosted_SR2a_mcstat_bin12.jdl
#	deleted:    ../../../../combination/0l_datacards/condor/impacts/Test/impacts_CMS_HWW_boosted_SR2a_mcstat_bin12.sh
#	deleted:    ../../../../combination/0l_datacards/condor/impacts/Test/impacts_CMS_HWW_boosted_SR2a_mcstat_bin13.jdl
#	deleted:    ../../../../combination/0l_datacards/condor/impacts/Test/impacts_CMS_HWW_boosted_SR2a_mcstat_bin13.sh
#	deleted:    ../../../../combination/0l_datacards/condor/impacts/Test/impacts_CMS_HWW_boosted_SR2a_mcstat_bin14.jdl
#	deleted:    ../../../../combination/0l_datacards/condor/impacts/Test/impacts_CMS_HWW_boosted_SR2a_mcstat_bin14.sh
#	deleted:    ../../../../combination/0l_datacards/condor/impacts/Test/impacts_CMS_HWW_boosted_SR2a_mcstat_bin15.jdl
#	deleted:    ../../../../combination/0l_datacards/condor/impacts/Test/impacts_CMS_HWW_boosted_SR2a_mcstat_bin15.sh
#	deleted:    ../../../../combination/0l_datacards/condor/impacts/Test/impacts_CMS_HWW_boosted_SR2a_mcstat_bin16.jdl
#	deleted:    ../../../../combination/0l_datacards/condor/impacts/Test/impacts_CMS_HWW_boosted_SR2a_mcstat_bin16.sh
#	deleted:    ../../../../combination/0l_datacards/condor/impacts/Test/impacts_CMS_HWW_boosted_SR2a_mcstat_bin17.jdl
#	deleted:    ../../../../combination/0l_datacards/condor/impacts/Test/impacts_CMS_HWW_boosted_SR2a_mcstat_bin17.sh
#	deleted:    ../../../../combination/0l_datacards/condor/impacts/Test/impacts_CMS_HWW_boosted_SR2a_mcstat_bin19.jdl
#	deleted:    ../../../../combination/0l_datacards/condor/impacts/Test/impacts_CMS_HWW_boosted_SR2a_mcstat_bin19.sh
#	deleted:    ../../../../combination/0l_datacards/condor/impacts/Test/impacts_CMS_HWW_boosted_SR2a_mcstat_bin2.jdl
#	deleted:    ../../../../combination/0l_datacards/condor/impacts/Test/impacts_CMS_HWW_boosted_SR2a_mcstat_bin2.sh
#	deleted:    ../../../../combination/0l_datacards/condor/impacts/Test/impacts_CMS_HWW_boosted_SR2a_mcstat_bin3.jdl
#	deleted:    ../../../../combination/0l_datacards/condor/impacts/Test/impacts_CMS_HWW_boosted_SR2a_mcstat_bin3.sh
#	deleted:    ../../../../combination/0l_datacards/condor/impacts/Test/impacts_CMS_HWW_boosted_SR2a_mcstat_bin4.jdl
#	deleted:    ../../../../combination/0l_datacards/condor/impacts/Test/impacts_CMS_HWW_boosted_SR2a_mcstat_bin4.sh
#	deleted:    ../../../../combination/0l_datacards/condor/impacts/Test/impacts_CMS_HWW_boosted_SR2a_mcstat_bin5.jdl
#	deleted:    ../../../../combination/0l_datacards/condor/impacts/Test/impacts_CMS_HWW_boosted_SR2a_mcstat_bin5.sh
#	deleted:    ../../../../combination/0l_datacards/condor/impacts/Test/impacts_CMS_HWW_boosted_SR2a_mcstat_bin6.jdl
#	deleted:    ../../../../combination/0l_datacards/condor/impacts/Test/impacts_CMS_HWW_boosted_SR2a_mcstat_bin6.sh
#	deleted:    ../../../../combination/0l_datacards/condor/impacts/Test/impacts_CMS_HWW_boosted_SR2a_mcstat_bin7.jdl
#	deleted:    ../../../../combination/0l_datacards/condor/impacts/Test/impacts_CMS_HWW_boosted_SR2a_mcstat_bin7.sh
#	deleted:    ../../../../combination/0l_datacards/condor/impacts/Test/impacts_CMS_HWW_boosted_SR2a_mcstat_bin8.jdl
#	deleted:    ../../../../combination/0l_datacards/condor/impacts/Test/impacts_CMS_HWW_boosted_SR2a_mcstat_bin8.sh
#	deleted:    ../../../../combination/0l_datacards/condor/impacts/Test/impacts_CMS_HWW_boosted_SR2a_mcstat_bin9.jdl
#	deleted:    ../../../../combination/0l_datacards/condor/impacts/Test/impacts_CMS_HWW_boosted_SR2a_mcstat_bin9.sh
#	deleted:    ../../../../combination/0l_datacards/condor/impacts/Test/impacts_CMS_HWW_boosted_SR2a_qqH_hww_mcstat_bin0.jdl
#	deleted:    ../../../../combination/0l_datacards/condor/impacts/Test/impacts_CMS_HWW_boosted_SR2a_qqH_hww_mcstat_bin0.sh
#	deleted:    ../../../../combination/0l_datacards/condor/impacts/Test/impacts_CMS_HWW_boosted_SR2a_qqH_hww_mcstat_bin1.jdl
#	deleted:    ../../../../combination/0l_datacards/condor/impacts/Test/impacts_CMS_HWW_boosted_SR2a_qqH_hww_mcstat_bin1.sh
#	deleted:    ../../../../combination/0l_datacards/condor/impacts/Test/impacts_CMS_HWW_boosted_SR2a_rest_bkg_mcstat_bin1.jdl
#	deleted:    ../../../../combination/0l_datacards/condor/impacts/Test/impacts_CMS_HWW_boosted_SR2a_rest_bkg_mcstat_bin1.sh
#	deleted:    ../../../../combination/0l_datacards/condor/impacts/Test/impacts_CMS_HWW_boosted_SR2a_rest_bkg_mcstat_bin18.jdl
#	deleted:    ../../../../combination/0l_datacards/condor/impacts/Test/impacts_CMS_HWW_boosted_SR2a_rest_bkg_mcstat_bin18.sh
#	deleted:    ../../../../combination/0l_datacards/condor/impacts/Test/impacts_CMS_HWW_boosted_SR2a_single_top_mcstat_bin18.jdl
#	deleted:    ../../../../combination/0l_datacards/condor/impacts/Test/impacts_CMS_HWW_boosted_SR2a_single_top_mcstat_bin18.sh
#	deleted:    ../../../../combination/0l_datacards/condor/impacts/Test/impacts_CMS_HWW_boosted_SR2a_ttH_hww_mcstat_bin0.jdl
#	deleted:    ../../../../combination/0l_datacards/condor/impacts/Test/impacts_CMS_HWW_boosted_SR2a_ttH_hww_mcstat_bin0.sh
#	deleted:    ../../../../combination/0l_datacards/condor/impacts/Test/impacts_CMS_HWW_boosted_SR2a_ttH_hww_mcstat_bin1.jdl
#	deleted:    ../../../../combination/0l_datacards/condor/impacts/Test/impacts_CMS_HWW_boosted_SR2a_ttH_hww_mcstat_bin1.sh
#	deleted:    ../../../../combination/0l_datacards/condor/impacts/Test/impacts_CMS_HWW_boosted_SR2a_ttH_hww_mcstat_bin18.jdl
#	deleted:    ../../../../combination/0l_datacards/condor/impacts/Test/impacts_CMS_HWW_boosted_SR2a_ttH_hww_mcstat_bin18.sh
#	deleted:    ../../../../combination/0l_datacards/condor/impacts/Test/impacts_CMS_HWW_boosted_SR2a_ttbar_mcstat_bin0.jdl
#	deleted:    ../../../../combination/0l_datacards/condor/impacts/Test/impacts_CMS_HWW_boosted_SR2a_ttbar_mcstat_bin0.sh
#	deleted:    ../../../../combination/0l_datacards/condor/impacts/Test/impacts_CMS_HWW_boosted_SR2a_ttbar_mcstat_bin1.jdl
#	deleted:    ../../../../combination/0l_datacards/condor/impacts/Test/impacts_CMS_HWW_boosted_SR2a_ttbar_mcstat_bin1.sh
#	deleted:    ../../../../combination/0l_datacards/condor/impacts/Test/impacts_CMS_HWW_boosted_SR2a_ttbar_mcstat_bin18.jdl
#	deleted:    ../../../../combination/0l_datacards/condor/impacts/Test/impacts_CMS_HWW_boosted_SR2a_ttbar_mcstat_bin18.sh
#	deleted:    ../../../../combination/0l_datacards/condor/impacts/Test/impacts_CMS_HWW_boosted_SR2a_wjets_mcstat_bin0.jdl
#	deleted:    ../../../../combination/0l_datacards/condor/impacts/Test/impacts_CMS_HWW_boosted_SR2a_wjets_mcstat_bin0.sh
#	deleted:    ../../../../combination/0l_datacards/condor/impacts/Test/impacts_CMS_HWW_boosted_SR2a_wjets_mcstat_bin1.jdl
#	deleted:    ../../../../combination/0l_datacards/condor/impacts/Test/impacts_CMS_HWW_boosted_SR2a_wjets_mcstat_bin1.sh
#	deleted:    ../../../../combination/0l_datacards/condor/impacts/Test/impacts_CMS_HWW_boosted_SR2a_wjets_mcstat_bin18.jdl
#	deleted:    ../../../../combination/0l_datacards/condor/impacts/Test/impacts_CMS_HWW_boosted_SR2a_wjets_mcstat_bin18.sh
#	deleted:    ../../../../combination/0l_datacards/condor/impacts/Test/impacts_CMS_HWW_boosted_SR2b_mcstat_bin0.jdl
#	deleted:    ../../../../combination/0l_datacards/condor/impacts/Test/impacts_CMS_HWW_boosted_SR2b_mcstat_bin0.sh
#	deleted:    ../../../../combination/0l_datacards/condor/impacts/Test/impacts_CMS_HWW_boosted_SR2b_mcstat_bin1.jdl
#	deleted:    ../../../../combination/0l_datacards/condor/impacts/Test/impacts_CMS_HWW_boosted_SR2b_mcstat_bin1.sh
#	deleted:    ../../../../combination/0l_datacards/condor/impacts/Test/impacts_CMS_HWW_boosted_SR2b_mcstat_bin10.jdl
#	deleted:    ../../../../combination/0l_datacards/condor/impacts/Test/impacts_CMS_HWW_boosted_SR2b_mcstat_bin10.sh
#	deleted:    ../../../../combination/0l_datacards/condor/impacts/Test/impacts_CMS_HWW_boosted_SR2b_mcstat_bin11.jdl
#	deleted:    ../../../../combination/0l_datacards/condor/impacts/Test/impacts_CMS_HWW_boosted_SR2b_mcstat_bin11.sh
#	deleted:    ../../../../combination/0l_datacards/condor/impacts/Test/impacts_CMS_HWW_boosted_SR2b_mcstat_bin12.jdl
#	deleted:    ../../../../combination/0l_datacards/condor/impacts/Test/impacts_CMS_HWW_boosted_SR2b_mcstat_bin12.sh
#	deleted:    ../../../../combination/0l_datacards/condor/impacts/Test/impacts_CMS_HWW_boosted_SR2b_mcstat_bin13.jdl
#	deleted:    ../../../../combination/0l_datacards/condor/impacts/Test/impacts_CMS_HWW_boosted_SR2b_mcstat_bin13.sh
#	deleted:    ../../../../combination/0l_datacards/condor/impacts/Test/impacts_CMS_HWW_boosted_SR2b_mcstat_bin14.jdl
#	deleted:    ../../../../combination/0l_datacards/condor/impacts/Test/impacts_CMS_HWW_boosted_SR2b_mcstat_bin14.sh
#	deleted:    ../../../../combination/0l_datacards/condor/impacts/Test/impacts_CMS_HWW_boosted_SR2b_mcstat_bin15.jdl
#	deleted:    ../../../../combination/0l_datacards/condor/impacts/Test/impacts_CMS_HWW_boosted_SR2b_mcstat_bin15.sh
#	deleted:    ../../../../combination/0l_datacards/condor/impacts/Test/impacts_CMS_HWW_boosted_SR2b_mcstat_bin16.jdl
#	deleted:    ../../../../combination/0l_datacards/condor/impacts/Test/impacts_CMS_HWW_boosted_SR2b_mcstat_bin16.sh
#	deleted:    ../../../../combination/0l_datacards/condor/impacts/Test/impacts_CMS_HWW_boosted_SR2b_mcstat_bin17.jdl
#	deleted:    ../../../../combination/0l_datacards/condor/impacts/Test/impacts_CMS_HWW_boosted_SR2b_mcstat_bin17.sh
#	deleted:    ../../../../combination/0l_datacards/condor/impacts/Test/impacts_CMS_HWW_boosted_SR2b_mcstat_bin18.jdl
#	deleted:    ../../../../combination/0l_datacards/condor/impacts/Test/impacts_CMS_HWW_boosted_SR2b_mcstat_bin18.sh
#	deleted:    ../../../../combination/0l_datacards/condor/impacts/Test/impacts_CMS_HWW_boosted_SR2b_mcstat_bin19.jdl
#	deleted:    ../../../../combination/0l_datacards/condor/impacts/Test/impacts_CMS_HWW_boosted_SR2b_mcstat_bin19.sh
#	deleted:    ../../../../combination/0l_datacards/condor/impacts/Test/impacts_CMS_HWW_boosted_SR2b_mcstat_bin2.jdl
#	deleted:    ../../../../combination/0l_datacards/condor/impacts/Test/impacts_CMS_HWW_boosted_SR2b_mcstat_bin2.sh
#	deleted:    ../../../../combination/0l_datacards/condor/impacts/Test/impacts_CMS_HWW_boosted_SR2b_mcstat_bin3.jdl
#	deleted:    ../../../../combination/0l_datacards/condor/impacts/Test/impacts_CMS_HWW_boosted_SR2b_mcstat_bin3.sh
#	deleted:    ../../../../combination/0l_datacards/condor/impacts/Test/impacts_CMS_HWW_boosted_SR2b_mcstat_bin4.jdl
#	deleted:    ../../../../combination/0l_datacards/condor/impacts/Test/impacts_CMS_HWW_boosted_SR2b_mcstat_bin4.sh
#	deleted:    ../../../../combination/0l_datacards/condor/impacts/Test/impacts_CMS_HWW_boosted_SR2b_mcstat_bin5.jdl
#	deleted:    ../../../../combination/0l_datacards/condor/impacts/Test/impacts_CMS_HWW_boosted_SR2b_mcstat_bin5.sh
#	deleted:    ../../../../combination/0l_datacards/condor/impacts/Test/impacts_CMS_HWW_boosted_SR2b_mcstat_bin6.jdl
#	deleted:    ../../../../combination/0l_datacards/condor/impacts/Test/impacts_CMS_HWW_boosted_SR2b_mcstat_bin6.sh
#	deleted:    ../../../../combination/0l_datacards/condor/impacts/Test/impacts_CMS_HWW_boosted_SR2b_mcstat_bin7.jdl
#	deleted:    ../../../../combination/0l_datacards/condor/impacts/Test/impacts_CMS_HWW_boosted_SR2b_mcstat_bin7.sh
#	deleted:    ../../../../combination/0l_datacards/condor/impacts/Test/impacts_CMS_HWW_boosted_SR2b_mcstat_bin8.jdl
#	deleted:    ../../../../combination/0l_datacards/condor/impacts/Test/impacts_CMS_HWW_boosted_SR2b_mcstat_bin8.sh
#	deleted:    ../../../../combination/0l_datacards/condor/impacts/Test/impacts_CMS_HWW_boosted_SR2b_mcstat_bin9.jdl
#	deleted:    ../../../../combination/0l_datacards/condor/impacts/Test/impacts_CMS_HWW_boosted_SR2b_mcstat_bin9.sh
#	deleted:    ../../../../combination/0l_datacards/condor/impacts/Test/impacts_CMS_HWW_boosted_electron_veto.jdl
#	deleted:    ../../../../combination/0l_datacards/condor/impacts/Test/impacts_CMS_HWW_boosted_electron_veto.sh
#	deleted:    ../../../../combination/0l_datacards/condor/impacts/Test/impacts_CMS_HWW_boosted_jmr_2016.jdl
#	deleted:    ../../../../combination/0l_datacards/condor/impacts/Test/impacts_CMS_HWW_boosted_jmr_2016.sh
#	deleted:    ../../../../combination/0l_datacards/condor/impacts/Test/impacts_CMS_HWW_boosted_jmr_2016APV.jdl
#	deleted:    ../../../../combination/0l_datacards/condor/impacts/Test/impacts_CMS_HWW_boosted_jmr_2016APV.sh
#	deleted:    ../../../../combination/0l_datacards/condor/impacts/Test/impacts_CMS_HWW_boosted_jmr_2017.jdl
#	deleted:    ../../../../combination/0l_datacards/condor/impacts/Test/impacts_CMS_HWW_boosted_jmr_2017.sh
#	deleted:    ../../../../combination/0l_datacards/condor/impacts/Test/impacts_CMS_HWW_boosted_jmr_2018.jdl
#	deleted:    ../../../../combination/0l_datacards/condor/impacts/Test/impacts_CMS_HWW_boosted_jmr_2018.sh
#	deleted:    ../../../../combination/0l_datacards/condor/impacts/Test/impacts_CMS_HWW_boosted_jms_2016.jdl
#	deleted:    ../../../../combination/0l_datacards/condor/impacts/Test/impacts_CMS_HWW_boosted_jms_2016.sh
#	deleted:    ../../../../combination/0l_datacards/condor/impacts/Test/impacts_CMS_HWW_boosted_jms_2016APV.jdl
#	deleted:    ../../../../combination/0l_datacards/condor/impacts/Test/impacts_CMS_HWW_boosted_jms_2016APV.sh
#	deleted:    ../../../../combination/0l_datacards/condor/impacts/Test/impacts_CMS_HWW_boosted_jms_2017.jdl
#	deleted:    ../../../../combination/0l_datacards/condor/impacts/Test/impacts_CMS_HWW_boosted_jms_2017.sh
#	deleted:    ../../../../combination/0l_datacards/condor/impacts/Test/impacts_CMS_HWW_boosted_jms_2018.jdl
#	deleted:    ../../../../combination/0l_datacards/condor/impacts/Test/impacts_CMS_HWW_boosted_jms_2018.sh
#	deleted:    ../../../../combination/0l_datacards/condor/impacts/Test/impacts_CMS_HWW_boosted_lp_sf_region_a.jdl
#	deleted:    ../../../../combination/0l_datacards/condor/impacts/Test/impacts_CMS_HWW_boosted_lp_sf_region_a.sh
#	deleted:    ../../../../combination/0l_datacards/condor/impacts/Test/impacts_CMS_HWW_boosted_lp_sf_region_b.jdl
#	deleted:    ../../../../combination/0l_datacards/condor/impacts/Test/impacts_CMS_HWW_boosted_lp_sf_region_b.sh
#	deleted:    ../../../../combination/0l_datacards/condor/impacts/Test/impacts_CMS_HWW_boosted_rest_bkg_rate.jdl
#	deleted:    ../../../../combination/0l_datacards/condor/impacts/Test/impacts_CMS_HWW_boosted_rest_bkg_rate.sh
#	deleted:    ../../../../combination/0l_datacards/condor/impacts/Test/impacts_CMS_HWW_boosted_single_top_rate.jdl
#	deleted:    ../../../../combination/0l_datacards/condor/impacts/Test/impacts_CMS_HWW_boosted_single_top_rate.sh
#	deleted:    ../../../../combination/0l_datacards/condor/impacts/Test/impacts_CMS_HWW_boosted_tf_dataResidual_CR1_Bin0.jdl
#	deleted:    ../../../../combination/0l_datacards/condor/impacts/Test/impacts_CMS_HWW_boosted_tf_dataResidual_CR1_Bin0.sh
#	deleted:    ../../../../combination/0l_datacards/condor/impacts/Test/impacts_CMS_HWW_boosted_tf_dataResidual_CR1_Bin1.jdl
#	deleted:    ../../../../combination/0l_datacards/condor/impacts/Test/impacts_CMS_HWW_boosted_tf_dataResidual_CR1_Bin1.sh
#	deleted:    ../../../../combination/0l_datacards/condor/impacts/Test/impacts_CMS_HWW_boosted_tf_dataResidual_CR1_Bin10.jdl
#	deleted:    ../../../../combination/0l_datacards/condor/impacts/Test/impacts_CMS_HWW_boosted_tf_dataResidual_CR1_Bin10.sh
#	deleted:    ../../../../combination/0l_datacards/condor/impacts/Test/impacts_CMS_HWW_boosted_tf_dataResidual_CR1_Bin11.jdl
#	deleted:    ../../../../combination/0l_datacards/condor/impacts/Test/impacts_CMS_HWW_boosted_tf_dataResidual_CR1_Bin11.sh
#	deleted:    ../../../../combination/0l_datacards/condor/impacts/Test/impacts_CMS_HWW_boosted_tf_dataResidual_CR1_Bin12.jdl
#	deleted:    ../../../../combination/0l_datacards/condor/impacts/Test/impacts_CMS_HWW_boosted_tf_dataResidual_CR1_Bin12.sh
#	deleted:    ../../../../combination/0l_datacards/condor/impacts/Test/impacts_CMS_HWW_boosted_tf_dataResidual_CR1_Bin13.jdl
#	deleted:    ../../../../combination/0l_datacards/condor/impacts/Test/impacts_CMS_HWW_boosted_tf_dataResidual_CR1_Bin13.sh
#	deleted:    ../../../../combination/0l_datacards/condor/impacts/Test/impacts_CMS_HWW_boosted_tf_dataResidual_CR1_Bin14.jdl
#	deleted:    ../../../../combination/0l_datacards/condor/impacts/Test/impacts_CMS_HWW_boosted_tf_dataResidual_CR1_Bin14.sh
#	deleted:    ../../../../combination/0l_datacards/condor/impacts/Test/impacts_CMS_HWW_boosted_tf_dataResidual_CR1_Bin15.jdl
#	deleted:    ../../../../combination/0l_datacards/condor/impacts/Test/impacts_CMS_HWW_boosted_tf_dataResidual_CR1_Bin15.sh
#	deleted:    ../../../../combination/0l_datacards/condor/impacts/Test/impacts_CMS_HWW_boosted_tf_dataResidual_CR1_Bin16.jdl
#	deleted:    ../../../../combination/0l_datacards/condor/impacts/Test/impacts_CMS_HWW_boosted_tf_dataResidual_CR1_Bin16.sh
#	deleted:    ../../../../combination/0l_datacards/condor/impacts/Test/impacts_CMS_HWW_boosted_tf_dataResidual_CR1_Bin17.jdl
#	deleted:    ../../../../combination/0l_datacards/condor/impacts/Test/impacts_CMS_HWW_boosted_tf_dataResidual_CR1_Bin17.sh
#	deleted:    ../../../../combination/0l_datacards/condor/impacts/Test/impacts_CMS_HWW_boosted_tf_dataResidual_CR1_Bin18.jdl
#	deleted:    ../../../../combination/0l_datacards/condor/impacts/Test/impacts_CMS_HWW_boosted_tf_dataResidual_CR1_Bin18.sh
#	deleted:    ../../../../combination/0l_datacards/condor/impacts/Test/impacts_CMS_HWW_boosted_tf_dataResidual_CR1_Bin19.jdl
#	deleted:    ../../../../combination/0l_datacards/condor/impacts/Test/impacts_CMS_HWW_boosted_tf_dataResidual_CR1_Bin19.sh
#	deleted:    ../../../../combination/0l_datacards/condor/impacts/Test/impacts_CMS_HWW_boosted_tf_dataResidual_CR1_Bin2.jdl
#	deleted:    ../../../../combination/0l_datacards/condor/impacts/Test/impacts_CMS_HWW_boosted_tf_dataResidual_CR1_Bin2.sh
#	deleted:    ../../../../combination/0l_datacards/condor/impacts/Test/impacts_CMS_HWW_boosted_tf_dataResidual_CR1_Bin3.jdl
#	deleted:    ../../../../combination/0l_datacards/condor/impacts/Test/impacts_CMS_HWW_boosted_tf_dataResidual_CR1_Bin3.sh
#	deleted:    ../../../../combination/0l_datacards/condor/impacts/Test/impacts_CMS_HWW_boosted_tf_dataResidual_CR1_Bin4.jdl
#	deleted:    ../../../../combination/0l_datacards/condor/impacts/Test/impacts_CMS_HWW_boosted_tf_dataResidual_CR1_Bin4.sh
#	deleted:    ../../../../combination/0l_datacards/condor/impacts/Test/impacts_CMS_HWW_boosted_tf_dataResidual_CR1_Bin5.jdl
#	deleted:    ../../../../combination/0l_datacards/condor/impacts/Test/impacts_CMS_HWW_boosted_tf_dataResidual_CR1_Bin5.sh
#	deleted:    ../../../../combination/0l_datacards/condor/impacts/Test/impacts_CMS_HWW_boosted_tf_dataResidual_CR1_Bin6.jdl
#	deleted:    ../../../../combination/0l_datacards/condor/impacts/Test/impacts_CMS_HWW_boosted_tf_dataResidual_CR1_Bin6.sh
#	deleted:    ../../../../combination/0l_datacards/condor/impacts/Test/impacts_CMS_HWW_boosted_tf_dataResidual_CR1_Bin7.jdl
#	deleted:    ../../../../combination/0l_datacards/condor/impacts/Test/impacts_CMS_HWW_boosted_tf_dataResidual_CR1_Bin7.sh
#	deleted:    ../../../../combination/0l_datacards/condor/impacts/Test/impacts_CMS_HWW_boosted_tf_dataResidual_CR1_Bin8.jdl
#	deleted:    ../../../../combination/0l_datacards/condor/impacts/Test/impacts_CMS_HWW_boosted_tf_dataResidual_CR1_Bin8.sh
#	deleted:    ../../../../combination/0l_datacards/condor/impacts/Test/impacts_CMS_HWW_boosted_tf_dataResidual_CR1_Bin9.jdl
#	deleted:    ../../../../combination/0l_datacards/condor/impacts/Test/impacts_CMS_HWW_boosted_tf_dataResidual_CR1_Bin9.sh
#	deleted:    ../../../../combination/0l_datacards/condor/impacts/Test/impacts_CMS_HWW_boosted_tf_dataResidual_CR2_Bin0.jdl
#	deleted:    ../../../../combination/0l_datacards/condor/impacts/Test/impacts_CMS_HWW_boosted_tf_dataResidual_CR2_Bin0.sh
#	deleted:    ../../../../combination/0l_datacards/condor/impacts/Test/impacts_CMS_HWW_boosted_tf_dataResidual_CR2_Bin1.jdl
#	deleted:    ../../../../combination/0l_datacards/condor/impacts/Test/impacts_CMS_HWW_boosted_tf_dataResidual_CR2_Bin1.sh
#	deleted:    ../../../../combination/0l_datacards/condor/impacts/Test/impacts_CMS_HWW_boosted_tf_dataResidual_CR2_Bin10.jdl
#	deleted:    ../../../../combination/0l_datacards/condor/impacts/Test/impacts_CMS_HWW_boosted_tf_dataResidual_CR2_Bin10.sh
#	deleted:    ../../../../combination/0l_datacards/condor/impacts/Test/impacts_CMS_HWW_boosted_tf_dataResidual_CR2_Bin11.jdl
#	deleted:    ../../../../combination/0l_datacards/condor/impacts/Test/impacts_CMS_HWW_boosted_tf_dataResidual_CR2_Bin11.sh
#	deleted:    ../../../../combination/0l_datacards/condor/impacts/Test/impacts_CMS_HWW_boosted_tf_dataResidual_CR2_Bin12.jdl
#	deleted:    ../../../../combination/0l_datacards/condor/impacts/Test/impacts_CMS_HWW_boosted_tf_dataResidual_CR2_Bin12.sh
#	deleted:    ../../../../combination/0l_datacards/condor/impacts/Test/impacts_CMS_HWW_boosted_tf_dataResidual_CR2_Bin13.jdl
#	deleted:    ../../../../combination/0l_datacards/condor/impacts/Test/impacts_CMS_HWW_boosted_tf_dataResidual_CR2_Bin13.sh
#	deleted:    ../../../../combination/0l_datacards/condor/impacts/Test/impacts_CMS_HWW_boosted_tf_dataResidual_CR2_Bin14.jdl
#	deleted:    ../../../../combination/0l_datacards/condor/impacts/Test/impacts_CMS_HWW_boosted_tf_dataResidual_CR2_Bin14.sh
#	deleted:    ../../../../combination/0l_datacards/condor/impacts/Test/impacts_CMS_HWW_boosted_tf_dataResidual_CR2_Bin15.jdl
#	deleted:    ../../../../combination/0l_datacards/condor/impacts/Test/impacts_CMS_HWW_boosted_tf_dataResidual_CR2_Bin15.sh
#	deleted:    ../../../../combination/0l_datacards/condor/impacts/Test/impacts_CMS_HWW_boosted_tf_dataResidual_CR2_Bin16.jdl
#	deleted:    ../../../../combination/0l_datacards/condor/impacts/Test/impacts_CMS_HWW_boosted_tf_dataResidual_CR2_Bin16.sh
#	deleted:    ../../../../combination/0l_datacards/condor/impacts/Test/impacts_CMS_HWW_boosted_tf_dataResidual_CR2_Bin17.jdl
#	deleted:    ../../../../combination/0l_datacards/condor/impacts/Test/impacts_CMS_HWW_boosted_tf_dataResidual_CR2_Bin17.sh
#	deleted:    ../../../../combination/0l_datacards/condor/impacts/Test/impacts_CMS_HWW_boosted_tf_dataResidual_CR2_Bin18.jdl
#	deleted:    ../../../../combination/0l_datacards/condor/impacts/Test/impacts_CMS_HWW_boosted_tf_dataResidual_CR2_Bin18.sh
#	deleted:    ../../../../combination/0l_datacards/condor/impacts/Test/impacts_CMS_HWW_boosted_tf_dataResidual_CR2_Bin19.jdl
#	deleted:    ../../../../combination/0l_datacards/condor/impacts/Test/impacts_CMS_HWW_boosted_tf_dataResidual_CR2_Bin19.sh
#	deleted:    ../../../../combination/0l_datacards/condor/impacts/Test/impacts_CMS_HWW_boosted_tf_dataResidual_CR2_Bin2.jdl
#	deleted:    ../../../../combination/0l_datacards/condor/impacts/Test/impacts_CMS_HWW_boosted_tf_dataResidual_CR2_Bin2.sh
#	deleted:    ../../../../combination/0l_datacards/condor/impacts/Test/impacts_CMS_HWW_boosted_tf_dataResidual_CR2_Bin3.jdl
#	deleted:    ../../../../combination/0l_datacards/condor/impacts/Test/impacts_CMS_HWW_boosted_tf_dataResidual_CR2_Bin3.sh
#	deleted:    ../../../../combination/0l_datacards/condor/impacts/Test/impacts_CMS_HWW_boosted_tf_dataResidual_CR2_Bin4.jdl
#	deleted:    ../../../../combination/0l_datacards/condor/impacts/Test/impacts_CMS_HWW_boosted_tf_dataResidual_CR2_Bin4.sh
#	deleted:    ../../../../combination/0l_datacards/condor/impacts/Test/impacts_CMS_HWW_boosted_tf_dataResidual_CR2_Bin5.jdl
#	deleted:    ../../../../combination/0l_datacards/condor/impacts/Test/impacts_CMS_HWW_boosted_tf_dataResidual_CR2_Bin5.sh
#	deleted:    ../../../../combination/0l_datacards/condor/impacts/Test/impacts_CMS_HWW_boosted_tf_dataResidual_CR2_Bin6.jdl
#	deleted:    ../../../../combination/0l_datacards/condor/impacts/Test/impacts_CMS_HWW_boosted_tf_dataResidual_CR2_Bin6.sh
#	deleted:    ../../../../combination/0l_datacards/condor/impacts/Test/impacts_CMS_HWW_boosted_tf_dataResidual_CR2_Bin7.jdl
#	deleted:    ../../../../combination/0l_datacards/condor/impacts/Test/impacts_CMS_HWW_boosted_tf_dataResidual_CR2_Bin7.sh
#	deleted:    ../../../../combination/0l_datacards/condor/impacts/Test/impacts_CMS_HWW_boosted_tf_dataResidual_CR2_Bin8.jdl
#	deleted:    ../../../../combination/0l_datacards/condor/impacts/Test/impacts_CMS_HWW_boosted_tf_dataResidual_CR2_Bin8.sh
#	deleted:    ../../../../combination/0l_datacards/condor/impacts/Test/impacts_CMS_HWW_boosted_tf_dataResidual_CR2_Bin9.jdl
#	deleted:    ../../../../combination/0l_datacards/condor/impacts/Test/impacts_CMS_HWW_boosted_tf_dataResidual_CR2_Bin9.sh
#	deleted:    ../../../../combination/0l_datacards/condor/impacts/Test/impacts_CMS_HWW_boosted_tf_dataResidual_a_MH_Reco_par0.jdl
#	deleted:    ../../../../combination/0l_datacards/condor/impacts/Test/impacts_CMS_HWW_boosted_tf_dataResidual_a_MH_Reco_par0.sh
#	deleted:    ../../../../combination/0l_datacards/condor/impacts/Test/impacts_CMS_HWW_boosted_tf_dataResidual_a_MH_Reco_par1.jdl
#	deleted:    ../../../../combination/0l_datacards/condor/impacts/Test/impacts_CMS_HWW_boosted_tf_dataResidual_a_MH_Reco_par1.sh
#	deleted:    ../../../../combination/0l_datacards/condor/impacts/Test/impacts_CMS_HWW_boosted_tf_dataResidual_a_MH_Reco_par2.jdl
#	deleted:    ../../../../combination/0l_datacards/condor/impacts/Test/impacts_CMS_HWW_boosted_tf_dataResidual_a_MH_Reco_par2.sh
#	deleted:    ../../../../combination/0l_datacards/condor/impacts/Test/impacts_CMS_HWW_boosted_tf_dataResidual_a_MH_Reco_par3.jdl
#	deleted:    ../../../../combination/0l_datacards/condor/impacts/Test/impacts_CMS_HWW_boosted_tf_dataResidual_a_MH_Reco_par3.sh
#	deleted:    ../../../../combination/0l_datacards/condor/impacts/Test/impacts_CMS_HWW_boosted_tf_dataResidual_b_MH_Reco_par0.jdl
#	deleted:    ../../../../combination/0l_datacards/condor/impacts/Test/impacts_CMS_HWW_boosted_tf_dataResidual_b_MH_Reco_par0.sh
#	deleted:    ../../../../combination/0l_datacards/condor/impacts/Test/impacts_CMS_HWW_boosted_tf_dataResidual_b_MH_Reco_par1.jdl
#	deleted:    ../../../../combination/0l_datacards/condor/impacts/Test/impacts_CMS_HWW_boosted_tf_dataResidual_b_MH_Reco_par1.sh
#	deleted:    ../../../../combination/0l_datacards/condor/impacts/Test/impacts_CMS_HWW_boosted_tf_dataResidual_b_MH_Reco_par2.jdl
#	deleted:    ../../../../combination/0l_datacards/condor/impacts/Test/impacts_CMS_HWW_boosted_tf_dataResidual_b_MH_Reco_par2.sh
#	deleted:    ../../../../combination/0l_datacards/condor/impacts/Test/impacts_CMS_HWW_boosted_tf_dataResidual_b_MH_Reco_par3.jdl
#	deleted:    ../../../../combination/0l_datacards/condor/impacts/Test/impacts_CMS_HWW_boosted_tf_dataResidual_b_MH_Reco_par3.sh
#	deleted:    ../../../../combination/0l_datacards/condor/impacts/Test/impacts_CMS_HWW_boosted_tf_dataResidual_b_MH_Reco_par4.jdl
#	deleted:    ../../../../combination/0l_datacards/condor/impacts/Test/impacts_CMS_HWW_boosted_tf_dataResidual_b_MH_Reco_par4.sh
#	deleted:    ../../../../combination/0l_datacards/condor/impacts/Test/impacts_CMS_HWW_boosted_tf_dataResidual_b_MH_Reco_par5.jdl
#	deleted:    ../../../../combination/0l_datacards/condor/impacts/Test/impacts_CMS_HWW_boosted_tf_dataResidual_b_MH_Reco_par5.sh
#	deleted:    ../../../../combination/0l_datacards/condor/impacts/Test/impacts_CMS_HWW_boosted_tf_dataResidual_b_MH_Reco_par6.jdl
#	deleted:    ../../../../combination/0l_datacards/condor/impacts/Test/impacts_CMS_HWW_boosted_tf_dataResidual_b_MH_Reco_par6.sh
#	deleted:    ../../../../combination/0l_datacards/condor/impacts/Test/impacts_CMS_HWW_boosted_triggerEffSF_uncorrelated.jdl
#	deleted:    ../../../../combination/0l_datacards/condor/impacts/Test/impacts_CMS_HWW_boosted_triggerEffSF_uncorrelated.sh
#	deleted:    ../../../../combination/0l_datacards/condor/impacts/Test/impacts_CMS_HWW_boosted_ttbar_rate.jdl
#	deleted:    ../../../../combination/0l_datacards/condor/impacts/Test/impacts_CMS_HWW_boosted_ttbar_rate.sh
#	deleted:    ../../../../combination/0l_datacards/condor/impacts/Test/impacts_CMS_HWW_boosted_wjets_rate.jdl
#	deleted:    ../../../../combination/0l_datacards/condor/impacts/Test/impacts_CMS_HWW_boosted_wjets_rate.sh
#	deleted:    ../../../../combination/0l_datacards/condor/impacts/Test/impacts_CMS_l1_ecal_prefiring_2016.jdl
#	deleted:    ../../../../combination/0l_datacards/condor/impacts/Test/impacts_CMS_l1_ecal_prefiring_2016.sh
#	deleted:    ../../../../combination/0l_datacards/condor/impacts/Test/impacts_CMS_l1_ecal_prefiring_2016APV.jdl
#	deleted:    ../../../../combination/0l_datacards/condor/impacts/Test/impacts_CMS_l1_ecal_prefiring_2016APV.sh
#	deleted:    ../../../../combination/0l_datacards/condor/impacts/Test/impacts_CMS_l1_ecal_prefiring_2017.jdl
#	deleted:    ../../../../combination/0l_datacards/condor/impacts/Test/impacts_CMS_l1_ecal_prefiring_2017.sh
#	deleted:    ../../../../combination/0l_datacards/condor/impacts/Test/impacts_CMS_pileup_2016.jdl
#	deleted:    ../../../../combination/0l_datacards/condor/impacts/Test/impacts_CMS_pileup_2016.sh
#	deleted:    ../../../../combination/0l_datacards/condor/impacts/Test/impacts_CMS_pileup_2016APV.jdl
#	deleted:    ../../../../combination/0l_datacards/condor/impacts/Test/impacts_CMS_pileup_2016APV.sh
#	deleted:    ../../../../combination/0l_datacards/condor/impacts/Test/impacts_CMS_pileup_2017.jdl
#	deleted:    ../../../../combination/0l_datacards/condor/impacts/Test/impacts_CMS_pileup_2017.sh
#	deleted:    ../../../../combination/0l_datacards/condor/impacts/Test/impacts_CMS_pileup_2018.jdl
#	deleted:    ../../../../combination/0l_datacards/condor/impacts/Test/impacts_CMS_pileup_2018.sh
#	deleted:    ../../../../combination/0l_datacards/condor/impacts/Test/impacts_CMS_res_j_2016.jdl
#	deleted:    ../../../../combination/0l_datacards/condor/impacts/Test/impacts_CMS_res_j_2016.sh
#	deleted:    ../../../../combination/0l_datacards/condor/impacts/Test/impacts_CMS_res_j_2016APV.jdl
#	deleted:    ../../../../combination/0l_datacards/condor/impacts/Test/impacts_CMS_res_j_2016APV.sh
#	deleted:    ../../../../combination/0l_datacards/condor/impacts/Test/impacts_CMS_res_j_2017.jdl
#	deleted:    ../../../../combination/0l_datacards/condor/impacts/Test/impacts_CMS_res_j_2017.sh
#	deleted:    ../../../../combination/0l_datacards/condor/impacts/Test/impacts_CMS_res_j_2018.jdl
#	deleted:    ../../../../combination/0l_datacards/condor/impacts/Test/impacts_CMS_res_j_2018.sh
#	deleted:    ../../../../combination/0l_datacards/condor/impacts/Test/impacts_CMS_scale_j_Abs.jdl
#	deleted:    ../../../../combination/0l_datacards/condor/impacts/Test/impacts_CMS_scale_j_Abs.sh
#	deleted:    ../../../../combination/0l_datacards/condor/impacts/Test/impacts_CMS_scale_j_Abs_2016.jdl
#	deleted:    ../../../../combination/0l_datacards/condor/impacts/Test/impacts_CMS_scale_j_Abs_2016.sh
#	deleted:    ../../../../combination/0l_datacards/condor/impacts/Test/impacts_CMS_scale_j_Abs_2016APV.jdl
#	deleted:    ../../../../combination/0l_datacards/condor/impacts/Test/impacts_CMS_scale_j_Abs_2016APV.sh
#	deleted:    ../../../../combination/0l_datacards/condor/impacts/Test/impacts_CMS_scale_j_Abs_2017.jdl
#	deleted:    ../../../../combination/0l_datacards/condor/impacts/Test/impacts_CMS_scale_j_Abs_2017.sh
#	deleted:    ../../../../combination/0l_datacards/condor/impacts/Test/impacts_CMS_scale_j_Abs_2018.jdl
#	deleted:    ../../../../combination/0l_datacards/condor/impacts/Test/impacts_CMS_scale_j_Abs_2018.sh
#	deleted:    ../../../../combination/0l_datacards/condor/impacts/Test/impacts_CMS_scale_j_BBEC1.jdl
#	deleted:    ../../../../combination/0l_datacards/condor/impacts/Test/impacts_CMS_scale_j_BBEC1.sh
#	deleted:    ../../../../combination/0l_datacards/condor/impacts/Test/impacts_CMS_scale_j_BBEC1_2016.jdl
#	deleted:    ../../../../combination/0l_datacards/condor/impacts/Test/impacts_CMS_scale_j_BBEC1_2016.sh
#	deleted:    ../../../../combination/0l_datacards/condor/impacts/Test/impacts_CMS_scale_j_BBEC1_2016APV.jdl
#	deleted:    ../../../../combination/0l_datacards/condor/impacts/Test/impacts_CMS_scale_j_BBEC1_2016APV.sh
#	deleted:    ../../../../combination/0l_datacards/condor/impacts/Test/impacts_CMS_scale_j_BBEC1_2017.jdl
#	deleted:    ../../../../combination/0l_datacards/condor/impacts/Test/impacts_CMS_scale_j_BBEC1_2017.sh
#	deleted:    ../../../../combination/0l_datacards/condor/impacts/Test/impacts_CMS_scale_j_BBEC1_2018.jdl
#	deleted:    ../../../../combination/0l_datacards/condor/impacts/Test/impacts_CMS_scale_j_BBEC1_2018.sh
#	deleted:    ../../../../combination/0l_datacards/condor/impacts/Test/impacts_CMS_scale_j_EC2.jdl
#	deleted:    ../../../../combination/0l_datacards/condor/impacts/Test/impacts_CMS_scale_j_EC2.sh
#	deleted:    ../../../../combination/0l_datacards/condor/impacts/Test/impacts_CMS_scale_j_EC2_2016.jdl
#	deleted:    ../../../../combination/0l_datacards/condor/impacts/Test/impacts_CMS_scale_j_EC2_2016.sh
#	deleted:    ../../../../combination/0l_datacards/condor/impacts/Test/impacts_CMS_scale_j_EC2_2016APV.jdl
#	deleted:    ../../../../combination/0l_datacards/condor/impacts/Test/impacts_CMS_scale_j_EC2_2016APV.sh
#	deleted:    ../../../../combination/0l_datacards/condor/impacts/Test/impacts_CMS_scale_j_EC2_2017.jdl
#	deleted:    ../../../../combination/0l_datacards/condor/impacts/Test/impacts_CMS_scale_j_EC2_2017.sh
#	deleted:    ../../../../combination/0l_datacards/condor/impacts/Test/impacts_CMS_scale_j_EC2_2018.jdl
#	deleted:    ../../../../combination/0l_datacards/condor/impacts/Test/impacts_CMS_scale_j_EC2_2018.sh
#	deleted:    ../../../../combination/0l_datacards/condor/impacts/Test/impacts_CMS_scale_j_FlavQCD.jdl
#	deleted:    ../../../../combination/0l_datacards/condor/impacts/Test/impacts_CMS_scale_j_FlavQCD.sh
#	deleted:    ../../../../combination/0l_datacards/condor/impacts/Test/impacts_CMS_scale_j_HF.jdl
#	deleted:    ../../../../combination/0l_datacards/condor/impacts/Test/impacts_CMS_scale_j_HF.sh
#	deleted:    ../../../../combination/0l_datacards/condor/impacts/Test/impacts_CMS_scale_j_HF_2016.jdl
#	deleted:    ../../../../combination/0l_datacards/condor/impacts/Test/impacts_CMS_scale_j_HF_2016.sh
#	deleted:    ../../../../combination/0l_datacards/condor/impacts/Test/impacts_CMS_scale_j_HF_2016APV.jdl
#	deleted:    ../../../../combination/0l_datacards/condor/impacts/Test/impacts_CMS_scale_j_HF_2016APV.sh
#	deleted:    ../../../../combination/0l_datacards/condor/impacts/Test/impacts_CMS_scale_j_HF_2017.jdl
#	deleted:    ../../../../combination/0l_datacards/condor/impacts/Test/impacts_CMS_scale_j_HF_2017.sh
#	deleted:    ../../../../combination/0l_datacards/condor/impacts/Test/impacts_CMS_scale_j_HF_2018.jdl
#	deleted:    ../../../../combination/0l_datacards/condor/impacts/Test/impacts_CMS_scale_j_HF_2018.sh
#	deleted:    ../../../../combination/0l_datacards/condor/impacts/Test/impacts_CMS_scale_j_RelBal.jdl
#	deleted:    ../../../../combination/0l_datacards/condor/impacts/Test/impacts_CMS_scale_j_RelBal.sh
#	deleted:    ../../../../combination/0l_datacards/condor/impacts/Test/impacts_CMS_scale_j_RelSample_2016.jdl
#	deleted:    ../../../../combination/0l_datacards/condor/impacts/Test/impacts_CMS_scale_j_RelSample_2016.sh
#	deleted:    ../../../../combination/0l_datacards/condor/impacts/Test/impacts_CMS_scale_j_RelSample_2016APV.jdl
#	deleted:    ../../../../combination/0l_datacards/condor/impacts/Test/impacts_CMS_scale_j_RelSample_2016APV.sh
#	deleted:    ../../../../combination/0l_datacards/condor/impacts/Test/impacts_CMS_scale_j_RelSample_2017.jdl
#	deleted:    ../../../../combination/0l_datacards/condor/impacts/Test/impacts_CMS_scale_j_RelSample_2017.sh
#	deleted:    ../../../../combination/0l_datacards/condor/impacts/Test/impacts_CMS_scale_j_RelSample_2018.jdl
#	deleted:    ../../../../combination/0l_datacards/condor/impacts/Test/impacts_CMS_scale_j_RelSample_2018.sh
#	deleted:    ../../../../combination/0l_datacards/condor/impacts/Test/impacts_PDF_WH_ACCEPT_CMS_HWW_boosted.jdl
#	deleted:    ../../../../combination/0l_datacards/condor/impacts/Test/impacts_PDF_WH_ACCEPT_CMS_HWW_boosted.sh
#	deleted:    ../../../../combination/0l_datacards/condor/impacts/Test/impacts_PDF_ZH_ACCEPT_CMS_HWW_boosted.jdl
#	deleted:    ../../../../combination/0l_datacards/condor/impacts/Test/impacts_PDF_ZH_ACCEPT_CMS_HWW_boosted.sh
#	deleted:    ../../../../combination/0l_datacards/condor/impacts/Test/impacts_PDF_ggH_ACCEPT_CMS_HWW_boosted.jdl
#	deleted:    ../../../../combination/0l_datacards/condor/impacts/Test/impacts_PDF_ggH_ACCEPT_CMS_HWW_boosted.sh
#	deleted:    ../../../../combination/0l_datacards/condor/impacts/Test/impacts_PDF_qqH_ACCEPT_CMS_HWW_boosted.jdl
#	deleted:    ../../../../combination/0l_datacards/condor/impacts/Test/impacts_PDF_qqH_ACCEPT_CMS_HWW_boosted.sh
#	deleted:    ../../../../combination/0l_datacards/condor/impacts/Test/impacts_PDF_single_top_ACCEPT_CMS_HWW_boosted.jdl
#	deleted:    ../../../../combination/0l_datacards/condor/impacts/Test/impacts_PDF_single_top_ACCEPT_CMS_HWW_boosted.sh
#	deleted:    ../../../../combination/0l_datacards/condor/impacts/Test/impacts_PDF_ttH_ACCEPT_CMS_HWW_boosted.jdl
#	deleted:    ../../../../combination/0l_datacards/condor/impacts/Test/impacts_PDF_ttH_ACCEPT_CMS_HWW_boosted.sh
#	deleted:    ../../../../combination/0l_datacards/condor/impacts/Test/impacts_PDF_ttbar_ACCEPT_CMS_HWW_boosted.jdl
#	deleted:    ../../../../combination/0l_datacards/condor/impacts/Test/impacts_PDF_ttbar_ACCEPT_CMS_HWW_boosted.sh
#	deleted:    ../../../../combination/0l_datacards/condor/impacts/Test/impacts_PDF_wjets_ACCEPT_CMS_HWW_boosted.jdl
#	deleted:    ../../../../combination/0l_datacards/condor/impacts/Test/impacts_PDF_wjets_ACCEPT_CMS_HWW_boosted.sh
#	deleted:    ../../../../combination/0l_datacards/condor/impacts/Test/impacts_QCDscale_WH.jdl
#	deleted:    ../../../../combination/0l_datacards/condor/impacts/Test/impacts_QCDscale_WH.sh
#	deleted:    ../../../../combination/0l_datacards/condor/impacts/Test/impacts_QCDscale_WH_ACCEPT_CMS_HWW_boosted.jdl
#	deleted:    ../../../../combination/0l_datacards/condor/impacts/Test/impacts_QCDscale_WH_ACCEPT_CMS_HWW_boosted.sh
#	deleted:    ../../../../combination/0l_datacards/condor/impacts/Test/impacts_QCDscale_ZH.jdl
#	deleted:    ../../../../combination/0l_datacards/condor/impacts/Test/impacts_QCDscale_ZH.sh
#	deleted:    ../../../../combination/0l_datacards/condor/impacts/Test/impacts_QCDscale_ZH_ACCEPT_CMS_HWW_boosted.jdl
#	deleted:    ../../../../combination/0l_datacards/condor/impacts/Test/impacts_QCDscale_ZH_ACCEPT_CMS_HWW_boosted.sh
#	deleted:    ../../../../combination/0l_datacards/condor/impacts/Test/impacts_QCDscale_ggH.jdl
#	deleted:    ../../../../combination/0l_datacards/condor/impacts/Test/impacts_QCDscale_ggH.sh
#	deleted:    ../../../../combination/0l_datacards/condor/impacts/Test/impacts_QCDscale_ggH_ACCEPT_CMS_HWW_boosted.jdl
#	deleted:    ../../../../combination/0l_datacards/condor/impacts/Test/impacts_QCDscale_ggH_ACCEPT_CMS_HWW_boosted.sh
#	deleted:    ../../../../combination/0l_datacards/condor/impacts/Test/impacts_QCDscale_qqH.jdl
#	deleted:    ../../../../combination/0l_datacards/condor/impacts/Test/impacts_QCDscale_qqH.sh
#	deleted:    ../../../../combination/0l_datacards/condor/impacts/Test/impacts_QCDscale_qqH_ACCEPT_CMS_HWW_boosted.jdl
#	deleted:    ../../../../combination/0l_datacards/condor/impacts/Test/impacts_QCDscale_qqH_ACCEPT_CMS_HWW_boosted.sh
#	deleted:    ../../../../combination/0l_datacards/condor/impacts/Test/impacts_QCDscale_rest_bkg.jdl
#	deleted:    ../../../../combination/0l_datacards/condor/impacts/Test/impacts_QCDscale_rest_bkg.sh
#	deleted:    ../../../../combination/0l_datacards/condor/impacts/Test/impacts_QCDscale_single_top.jdl
#	deleted:    ../../../../combination/0l_datacards/condor/impacts/Test/impacts_QCDscale_single_top.sh
#	deleted:    ../../../../combination/0l_datacards/condor/impacts/Test/impacts_QCDscale_single_top_ACCEPT_CMS_HWW_boosted.jdl
#	deleted:    ../../../../combination/0l_datacards/condor/impacts/Test/impacts_QCDscale_single_top_ACCEPT_CMS_HWW_boosted.sh
#	deleted:    ../../../../combination/0l_datacards/condor/impacts/Test/impacts_QCDscale_ttH.jdl
#	deleted:    ../../../../combination/0l_datacards/condor/impacts/Test/impacts_QCDscale_ttH.sh
#	deleted:    ../../../../combination/0l_datacards/condor/impacts/Test/impacts_QCDscale_ttH_ACCEPT_CMS_HWW_boosted.jdl
#	deleted:    ../../../../combination/0l_datacards/condor/impacts/Test/impacts_QCDscale_ttH_ACCEPT_CMS_HWW_boosted.sh
#	deleted:    ../../../../combination/0l_datacards/condor/impacts/Test/impacts_QCDscale_ttbar.jdl
#	deleted:    ../../../../combination/0l_datacards/condor/impacts/Test/impacts_QCDscale_ttbar.sh
#	deleted:    ../../../../combination/0l_datacards/condor/impacts/Test/impacts_QCDscale_ttbar_ACCEPT_CMS_HWW_boosted.jdl
#	deleted:    ../../../../combination/0l_datacards/condor/impacts/Test/impacts_QCDscale_ttbar_ACCEPT_CMS_HWW_boosted.sh
#	deleted:    ../../../../combination/0l_datacards/condor/impacts/Test/impacts_QCDscale_wjets.jdl
#	deleted:    ../../../../combination/0l_datacards/condor/impacts/Test/impacts_QCDscale_wjets.sh
#	deleted:    ../../../../combination/0l_datacards/condor/impacts/Test/impacts_QCDscale_wjets_ACCEPT_CMS_HWW_boosted.jdl
#	deleted:    ../../../../combination/0l_datacards/condor/impacts/Test/impacts_QCDscale_wjets_ACCEPT_CMS_HWW_boosted.sh
#	deleted:    ../../../../combination/0l_datacards/condor/impacts/Test/impacts_alpha_s.jdl
#	deleted:    ../../../../combination/0l_datacards/condor/impacts/Test/impacts_alpha_s.sh
#	deleted:    ../../../../combination/0l_datacards/condor/impacts/Test/impacts_init.jdl
#	deleted:    ../../../../combination/0l_datacards/condor/impacts/Test/impacts_init.sh
#	deleted:    ../../../../combination/0l_datacards/condor/impacts/Test/impacts_lumi_13TeV_1718.jdl
#	deleted:    ../../../../combination/0l_datacards/condor/impacts/Test/impacts_lumi_13TeV_1718.sh
#	deleted:    ../../../../combination/0l_datacards/condor/impacts/Test/impacts_lumi_13TeV_2016.jdl
#	deleted:    ../../../../combination/0l_datacards/condor/impacts/Test/impacts_lumi_13TeV_2016.sh
#	deleted:    ../../../../combination/0l_datacards/condor/impacts/Test/impacts_lumi_13TeV_2017.jdl
#	deleted:    ../../../../combination/0l_datacards/condor/impacts/Test/impacts_lumi_13TeV_2017.sh
#	deleted:    ../../../../combination/0l_datacards/condor/impacts/Test/impacts_lumi_13TeV_2018.jdl
#	deleted:    ../../../../combination/0l_datacards/condor/impacts/Test/impacts_lumi_13TeV_2018.sh
#	deleted:    ../../../../combination/0l_datacards/condor/impacts/Test/impacts_lumi_13TeV_correlated.jdl
#	deleted:    ../../../../combination/0l_datacards/condor/impacts/Test/impacts_lumi_13TeV_correlated.sh
#	deleted:    ../../../../combination/0l_datacards/condor/impacts/Test/impacts_pdf_Higgs_WH.jdl
#	deleted:    ../../../../combination/0l_datacards/condor/impacts/Test/impacts_pdf_Higgs_WH.sh
#	deleted:    ../../../../combination/0l_datacards/condor/impacts/Test/impacts_pdf_Higgs_ZH.jdl
#	deleted:    ../../../../combination/0l_datacards/condor/impacts/Test/impacts_pdf_Higgs_ZH.sh
#	deleted:    ../../../../combination/0l_datacards/condor/impacts/Test/impacts_pdf_Higgs_ggH.jdl
#	deleted:    ../../../../combination/0l_datacards/condor/impacts/Test/impacts_pdf_Higgs_ggH.sh
#	deleted:    ../../../../combination/0l_datacards/condor/impacts/Test/impacts_pdf_Higgs_qqH.jdl
#	deleted:    ../../../../combination/0l_datacards/condor/impacts/Test/impacts_pdf_Higgs_qqH.sh
#	deleted:    ../../../../combination/0l_datacards/condor/impacts/Test/impacts_pdf_Higgs_ttH.jdl
#	deleted:    ../../../../combination/0l_datacards/condor/impacts/Test/impacts_pdf_Higgs_ttH.sh
#	deleted:    ../../../../combination/0l_datacards/condor/impacts/Test/impacts_pdf_rest_bkg.jdl
#	deleted:    ../../../../combination/0l_datacards/condor/impacts/Test/impacts_pdf_rest_bkg.sh
#	deleted:    ../../../../combination/0l_datacards/condor/impacts/Test/impacts_pdf_single_top.jdl
#	deleted:    ../../../../combination/0l_datacards/condor/impacts/Test/impacts_pdf_single_top.sh
#	deleted:    ../../../../combination/0l_datacards/condor/impacts/Test/impacts_pdf_ttbar.jdl
#	deleted:    ../../../../combination/0l_datacards/condor/impacts/Test/impacts_pdf_ttbar.sh
#	deleted:    ../../../../combination/0l_datacards/condor/impacts/Test/impacts_pdf_wjets.jdl
#	deleted:    ../../../../combination/0l_datacards/condor/impacts/Test/impacts_pdf_wjets.sh
#	deleted:    ../../../../combination/0l_datacards/condor/impacts/Test/impacts_ps_fsr_WH.jdl
#	deleted:    ../../../../combination/0l_datacards/condor/impacts/Test/impacts_ps_fsr_WH.sh
#	deleted:    ../../../../combination/0l_datacards/condor/impacts/Test/impacts_ps_fsr_ZH.jdl
#	deleted:    ../../../../combination/0l_datacards/condor/impacts/Test/impacts_ps_fsr_ZH.sh
#	deleted:    ../../../../combination/0l_datacards/condor/impacts/Test/impacts_ps_fsr_ggH.jdl
#	deleted:    ../../../../combination/0l_datacards/condor/impacts/Test/impacts_ps_fsr_ggH.sh
#	deleted:    ../../../../combination/0l_datacards/condor/impacts/Test/impacts_ps_fsr_qqH.jdl
#	deleted:    ../../../../combination/0l_datacards/condor/impacts/Test/impacts_ps_fsr_qqH.sh
#	deleted:    ../../../../combination/0l_datacards/condor/impacts/Test/impacts_ps_fsr_rest_bkg.jdl
#	deleted:    ../../../../combination/0l_datacards/condor/impacts/Test/impacts_ps_fsr_rest_bkg.sh
#	deleted:    ../../../../combination/0l_datacards/condor/impacts/Test/impacts_ps_fsr_single_top.jdl
#	deleted:    ../../../../combination/0l_datacards/condor/impacts/Test/impacts_ps_fsr_single_top.sh
#	deleted:    ../../../../combination/0l_datacards/condor/impacts/Test/impacts_ps_fsr_ttH.jdl
#	deleted:    ../../../../combination/0l_datacards/condor/impacts/Test/impacts_ps_fsr_ttH.sh
#	deleted:    ../../../../combination/0l_datacards/condor/impacts/Test/impacts_ps_fsr_ttbar.jdl
#	deleted:    ../../../../combination/0l_datacards/condor/impacts/Test/impacts_ps_fsr_ttbar.sh
#	deleted:    ../../../../combination/0l_datacards/condor/impacts/Test/impacts_ps_fsr_wjets.jdl
#	deleted:    ../../../../combination/0l_datacards/condor/impacts/Test/impacts_ps_fsr_wjets.sh
#	deleted:    ../../../../combination/0l_datacards/condor/impacts/Test/impacts_ps_isr_WH.jdl
#	deleted:    ../../../../combination/0l_datacards/condor/impacts/Test/impacts_ps_isr_WH.sh
#	deleted:    ../../../../combination/0l_datacards/condor/impacts/Test/impacts_ps_isr_ZH.jdl
#	deleted:    ../../../../combination/0l_datacards/condor/impacts/Test/impacts_ps_isr_ZH.sh
#	deleted:    ../../../../combination/0l_datacards/condor/impacts/Test/impacts_ps_isr_ggH.jdl
#	deleted:    ../../../../combination/0l_datacards/condor/impacts/Test/impacts_ps_isr_ggH.sh
#	deleted:    ../../../../combination/0l_datacards/condor/impacts/Test/impacts_ps_isr_qqH.jdl
#	deleted:    ../../../../combination/0l_datacards/condor/impacts/Test/impacts_ps_isr_qqH.sh
#	deleted:    ../../../../combination/0l_datacards/condor/impacts/Test/impacts_ps_isr_rest_bkg.jdl
#	deleted:    ../../../../combination/0l_datacards/condor/impacts/Test/impacts_ps_isr_rest_bkg.sh
#	deleted:    ../../../../combination/0l_datacards/condor/impacts/Test/impacts_ps_isr_single_top.jdl
#	deleted:    ../../../../combination/0l_datacards/condor/impacts/Test/impacts_ps_isr_single_top.sh
#	deleted:    ../../../../combination/0l_datacards/condor/impacts/Test/impacts_ps_isr_ttH.jdl
#	deleted:    ../../../../combination/0l_datacards/condor/impacts/Test/impacts_ps_isr_ttH.sh
#	deleted:    ../../../../combination/0l_datacards/condor/impacts/Test/impacts_ps_isr_ttbar.jdl
#	deleted:    ../../../../combination/0l_datacards/condor/impacts/Test/impacts_ps_isr_ttbar.sh
#	deleted:    ../../../../combination/0l_datacards/condor/impacts/Test/impacts_ps_isr_wjets.jdl
#	deleted:    ../../../../combination/0l_datacards/condor/impacts/Test/impacts_ps_isr_wjets.sh
#	deleted:    ../../../../combination/0l_datacards/condor/impacts/Test/impacts_unclustered_Energy.jdl
#	deleted:    ../../../../combination/0l_datacards/condor/impacts/Test/impacts_unclustered_Energy.sh
#	deleted:    ../../../../combination/0l_datacards/higgsCombine.AsymptoticLimits.mH125.44.root
#	modified:   ../../../../combination/0l_datacards/higgsCombine.Significance.mH125.123456.root
#	deleted:    ../../../../combination/0l_datacards/higgsCombineHWW.ChannelCompatibilityCheck.mH125.root
#	modified:   ../../../../combination/0l_datacards/higgsCombineSnapshot.MultiDimFit.mH125.root
#	deleted:    ../../../../combination/0l_datacards/higgsCombineTest.ChannelCompatibilityCheck.mH120.root
#	modified:   ../../../../combination/0l_datacards/higgsCombine_initialFit_impacts.MultiDimFit.mH125.root
#	deleted:    ../../../../combination/0l_datacards/higgsCombine_paramFit_impacts_BR_hww.MultiDimFit.mH125.root
#	deleted:    ../../../../combination/0l_datacards/higgsCombine_paramFit_impacts_CMS_HWW_boosted_CR1_mcstat_bin0.MultiDimFit.mH125.root
#	deleted:    ../../../../combination/0l_datacards/higgsCombine_paramFit_impacts_CMS_HWW_boosted_CR1_mcstat_bin1.MultiDimFit.mH125.root
#	deleted:    ../../../../combination/0l_datacards/higgsCombine_paramFit_impacts_CMS_HWW_boosted_CR1_mcstat_bin10.MultiDimFit.mH125.root
#	deleted:    ../../../../combination/0l_datacards/higgsCombine_paramFit_impacts_CMS_HWW_boosted_CR1_mcstat_bin11.MultiDimFit.mH125.root
#	deleted:    ../../../../combination/0l_datacards/higgsCombine_paramFit_impacts_CMS_HWW_boosted_CR1_mcstat_bin12.MultiDimFit.mH125.root
#	deleted:    ../../../../combination/0l_datacards/higgsCombine_paramFit_impacts_CMS_HWW_boosted_CR1_mcstat_bin13.MultiDimFit.mH125.root
#	deleted:    ../../../../combination/0l_datacards/higgsCombine_paramFit_impacts_CMS_HWW_boosted_CR1_mcstat_bin14.MultiDimFit.mH125.root
#	deleted:    ../../../../combination/0l_datacards/higgsCombine_paramFit_impacts_CMS_HWW_boosted_CR1_mcstat_bin15.MultiDimFit.mH125.root
#	deleted:    ../../../../combination/0l_datacards/higgsCombine_paramFit_impacts_CMS_HWW_boosted_CR1_mcstat_bin16.MultiDimFit.mH125.root
#	deleted:    ../../../../combination/0l_datacards/higgsCombine_paramFit_impacts_CMS_HWW_boosted_CR1_mcstat_bin17.MultiDimFit.mH125.root
#	deleted:    ../../../../combination/0l_datacards/higgsCombine_paramFit_impacts_CMS_HWW_boosted_CR1_mcstat_bin18.MultiDimFit.mH125.root
#	deleted:    ../../../../combination/0l_datacards/higgsCombine_paramFit_impacts_CMS_HWW_boosted_CR1_mcstat_bin19.MultiDimFit.mH125.root
#	deleted:    ../../../../combination/0l_datacards/higgsCombine_paramFit_impacts_CMS_HWW_boosted_CR1_mcstat_bin2.MultiDimFit.mH125.root
#	deleted:    ../../../../combination/0l_datacards/higgsCombine_paramFit_impacts_CMS_HWW_boosted_CR1_mcstat_bin3.MultiDimFit.mH125.root
#	deleted:    ../../../../combination/0l_datacards/higgsCombine_paramFit_impacts_CMS_HWW_boosted_CR1_mcstat_bin4.MultiDimFit.mH125.root
#	deleted:    ../../../../combination/0l_datacards/higgsCombine_paramFit_impacts_CMS_HWW_boosted_CR1_mcstat_bin5.MultiDimFit.mH125.root
#	deleted:    ../../../../combination/0l_datacards/higgsCombine_paramFit_impacts_CMS_HWW_boosted_CR1_mcstat_bin6.MultiDimFit.mH125.root
#	deleted:    ../../../../combination/0l_datacards/higgsCombine_paramFit_impacts_CMS_HWW_boosted_CR1_mcstat_bin7.MultiDimFit.mH125.root
#	deleted:    ../../../../combination/0l_datacards/higgsCombine_paramFit_impacts_CMS_HWW_boosted_CR1_mcstat_bin8.MultiDimFit.mH125.root
#	deleted:    ../../../../combination/0l_datacards/higgsCombine_paramFit_impacts_CMS_HWW_boosted_CR1_mcstat_bin9.MultiDimFit.mH125.root
#	deleted:    ../../../../combination/0l_datacards/higgsCombine_paramFit_impacts_CMS_HWW_boosted_CR2_mcstat_bin0.MultiDimFit.mH125.root
#	deleted:    ../../../../combination/0l_datacards/higgsCombine_paramFit_impacts_CMS_HWW_boosted_CR2_mcstat_bin1.MultiDimFit.mH125.root
#	deleted:    ../../../../combination/0l_datacards/higgsCombine_paramFit_impacts_CMS_HWW_boosted_CR2_mcstat_bin10.MultiDimFit.mH125.root
#	deleted:    ../../../../combination/0l_datacards/higgsCombine_paramFit_impacts_CMS_HWW_boosted_CR2_mcstat_bin11.MultiDimFit.mH125.root
#	deleted:    ../../../../combination/0l_datacards/higgsCombine_paramFit_impacts_CMS_HWW_boosted_CR2_mcstat_bin12.MultiDimFit.mH125.root
#	deleted:    ../../../../combination/0l_datacards/higgsCombine_paramFit_impacts_CMS_HWW_boosted_CR2_mcstat_bin13.MultiDimFit.mH125.root
#	deleted:    ../../../../combination/0l_datacards/higgsCombine_paramFit_impacts_CMS_HWW_boosted_CR2_mcstat_bin14.MultiDimFit.mH125.root
#	deleted:    ../../../../combination/0l_datacards/higgsCombine_paramFit_impacts_CMS_HWW_boosted_CR2_mcstat_bin15.MultiDimFit.mH125.root
#	deleted:    ../../../../combination/0l_datacards/higgsCombine_paramFit_impacts_CMS_HWW_boosted_CR2_mcstat_bin16.MultiDimFit.mH125.root
#	deleted:    ../../../../combination/0l_datacards/higgsCombine_paramFit_impacts_CMS_HWW_boosted_CR2_mcstat_bin17.MultiDimFit.mH125.root
#	deleted:    ../../../../combination/0l_datacards/higgsCombine_paramFit_impacts_CMS_HWW_boosted_CR2_mcstat_bin18.MultiDimFit.mH125.root
#	deleted:    ../../../../combination/0l_datacards/higgsCombine_paramFit_impacts_CMS_HWW_boosted_CR2_mcstat_bin19.MultiDimFit.mH125.root
#	deleted:    ../../../../combination/0l_datacards/higgsCombine_paramFit_impacts_CMS_HWW_boosted_CR2_mcstat_bin2.MultiDimFit.mH125.root
#	deleted:    ../../../../combination/0l_datacards/higgsCombine_paramFit_impacts_CMS_HWW_boosted_CR2_mcstat_bin3.MultiDimFit.mH125.root
#	deleted:    ../../../../combination/0l_datacards/higgsCombine_paramFit_impacts_CMS_HWW_boosted_CR2_mcstat_bin4.MultiDimFit.mH125.root
#	deleted:    ../../../../combination/0l_datacards/higgsCombine_paramFit_impacts_CMS_HWW_boosted_CR2_mcstat_bin5.MultiDimFit.mH125.root
#	deleted:    ../../../../combination/0l_datacards/higgsCombine_paramFit_impacts_CMS_HWW_boosted_CR2_mcstat_bin6.MultiDimFit.mH125.root
#	deleted:    ../../../../combination/0l_datacards/higgsCombine_paramFit_impacts_CMS_HWW_boosted_CR2_mcstat_bin7.MultiDimFit.mH125.root
#	deleted:    ../../../../combination/0l_datacards/higgsCombine_paramFit_impacts_CMS_HWW_boosted_CR2_mcstat_bin8.MultiDimFit.mH125.root
#	deleted:    ../../../../combination/0l_datacards/higgsCombine_paramFit_impacts_CMS_HWW_boosted_CR2_mcstat_bin9.MultiDimFit.mH125.root
#	deleted:    ../../../../combination/0l_datacards/higgsCombine_paramFit_impacts_CMS_HWW_boosted_SR1a_mcstat_bin0.MultiDimFit.mH125.root
#	deleted:    ../../../../combination/0l_datacards/higgsCombine_paramFit_impacts_CMS_HWW_boosted_SR1a_mcstat_bin1.MultiDimFit.mH125.root
#	deleted:    ../../../../combination/0l_datacards/higgsCombine_paramFit_impacts_CMS_HWW_boosted_SR1a_mcstat_bin10.MultiDimFit.mH125.root
#	deleted:    ../../../../combination/0l_datacards/higgsCombine_paramFit_impacts_CMS_HWW_boosted_SR1a_mcstat_bin11.MultiDimFit.mH125.root
#	deleted:    ../../../../combination/0l_datacards/higgsCombine_paramFit_impacts_CMS_HWW_boosted_SR1a_mcstat_bin12.MultiDimFit.mH125.root
#	deleted:    ../../../../combination/0l_datacards/higgsCombine_paramFit_impacts_CMS_HWW_boosted_SR1a_mcstat_bin13.MultiDimFit.mH125.root
#	deleted:    ../../../../combination/0l_datacards/higgsCombine_paramFit_impacts_CMS_HWW_boosted_SR1a_mcstat_bin14.MultiDimFit.mH125.root
#	deleted:    ../../../../combination/0l_datacards/higgsCombine_paramFit_impacts_CMS_HWW_boosted_SR1a_mcstat_bin15.MultiDimFit.mH125.root
#	deleted:    ../../../../combination/0l_datacards/higgsCombine_paramFit_impacts_CMS_HWW_boosted_SR1a_mcstat_bin16.MultiDimFit.mH125.root
#	deleted:    ../../../../combination/0l_datacards/higgsCombine_paramFit_impacts_CMS_HWW_boosted_SR1a_mcstat_bin17.MultiDimFit.mH125.root
#	deleted:    ../../../../combination/0l_datacards/higgsCombine_paramFit_impacts_CMS_HWW_boosted_SR1a_mcstat_bin18.MultiDimFit.mH125.root
#	deleted:    ../../../../combination/0l_datacards/higgsCombine_paramFit_impacts_CMS_HWW_boosted_SR1a_mcstat_bin19.MultiDimFit.mH125.root
#	deleted:    ../../../../combination/0l_datacards/higgsCombine_paramFit_impacts_CMS_HWW_boosted_SR1a_mcstat_bin2.MultiDimFit.mH125.root
#	deleted:    ../../../../combination/0l_datacards/higgsCombine_paramFit_impacts_CMS_HWW_boosted_SR1a_mcstat_bin3.MultiDimFit.mH125.root
#	deleted:    ../../../../combination/0l_datacards/higgsCombine_paramFit_impacts_CMS_HWW_boosted_SR1a_mcstat_bin4.MultiDimFit.mH125.root
#	deleted:    ../../../../combination/0l_datacards/higgsCombine_paramFit_impacts_CMS_HWW_boosted_SR1a_mcstat_bin5.MultiDimFit.mH125.root
#	deleted:    ../../../../combination/0l_datacards/higgsCombine_paramFit_impacts_CMS_HWW_boosted_SR1a_mcstat_bin6.MultiDimFit.mH125.root
#	deleted:    ../../../../combination/0l_datacards/higgsCombine_paramFit_impacts_CMS_HWW_boosted_SR1a_mcstat_bin7.MultiDimFit.mH125.root
#	deleted:    ../../../../combination/0l_datacards/higgsCombine_paramFit_impacts_CMS_HWW_boosted_SR1a_mcstat_bin8.MultiDimFit.mH125.root
#	deleted:    ../../../../combination/0l_datacards/higgsCombine_paramFit_impacts_CMS_HWW_boosted_SR1a_mcstat_bin9.MultiDimFit.mH125.root
#	deleted:    ../../../../combination/0l_datacards/higgsCombine_paramFit_impacts_CMS_HWW_boosted_SR1b_mcstat_bin0.MultiDimFit.mH125.root
#	deleted:    ../../../../combination/0l_datacards/higgsCombine_paramFit_impacts_CMS_HWW_boosted_SR1b_mcstat_bin1.MultiDimFit.mH125.root
#	deleted:    ../../../../combination/0l_datacards/higgsCombine_paramFit_impacts_CMS_HWW_boosted_SR1b_mcstat_bin10.MultiDimFit.mH125.root
#	deleted:    ../../../../combination/0l_datacards/higgsCombine_paramFit_impacts_CMS_HWW_boosted_SR1b_mcstat_bin11.MultiDimFit.mH125.root
#	deleted:    ../../../../combination/0l_datacards/higgsCombine_paramFit_impacts_CMS_HWW_boosted_SR1b_mcstat_bin12.MultiDimFit.mH125.root
#	deleted:    ../../../../combination/0l_datacards/higgsCombine_paramFit_impacts_CMS_HWW_boosted_SR1b_mcstat_bin13.MultiDimFit.mH125.root
#	deleted:    ../../../../combination/0l_datacards/higgsCombine_paramFit_impacts_CMS_HWW_boosted_SR1b_mcstat_bin14.MultiDimFit.mH125.root
#	deleted:    ../../../../combination/0l_datacards/higgsCombine_paramFit_impacts_CMS_HWW_boosted_SR1b_mcstat_bin15.MultiDimFit.mH125.root
#	deleted:    ../../../../combination/0l_datacards/higgsCombine_paramFit_impacts_CMS_HWW_boosted_SR1b_mcstat_bin16.MultiDimFit.mH125.root
#	deleted:    ../../../../combination/0l_datacards/higgsCombine_paramFit_impacts_CMS_HWW_boosted_SR1b_mcstat_bin17.MultiDimFit.mH125.root
#	deleted:    ../../../../combination/0l_datacards/higgsCombine_paramFit_impacts_CMS_HWW_boosted_SR1b_mcstat_bin18.MultiDimFit.mH125.root
#	deleted:    ../../../../combination/0l_datacards/higgsCombine_paramFit_impacts_CMS_HWW_boosted_SR1b_mcstat_bin19.MultiDimFit.mH125.root
#	deleted:    ../../../../combination/0l_datacards/higgsCombine_paramFit_impacts_CMS_HWW_boosted_SR1b_mcstat_bin2.MultiDimFit.mH125.root
#	deleted:    ../../../../combination/0l_datacards/higgsCombine_paramFit_impacts_CMS_HWW_boosted_SR1b_mcstat_bin3.MultiDimFit.mH125.root
#	deleted:    ../../../../combination/0l_datacards/higgsCombine_paramFit_impacts_CMS_HWW_boosted_SR1b_mcstat_bin4.MultiDimFit.mH125.root
#	deleted:    ../../../../combination/0l_datacards/higgsCombine_paramFit_impacts_CMS_HWW_boosted_SR1b_mcstat_bin5.MultiDimFit.mH125.root
#	deleted:    ../../../../combination/0l_datacards/higgsCombine_paramFit_impacts_CMS_HWW_boosted_SR1b_mcstat_bin6.MultiDimFit.mH125.root
#	deleted:    ../../../../combination/0l_datacards/higgsCombine_paramFit_impacts_CMS_HWW_boosted_SR1b_mcstat_bin7.MultiDimFit.mH125.root
#	deleted:    ../../../../combination/0l_datacards/higgsCombine_paramFit_impacts_CMS_HWW_boosted_SR1b_mcstat_bin8.MultiDimFit.mH125.root
#	deleted:    ../../../../combination/0l_datacards/higgsCombine_paramFit_impacts_CMS_HWW_boosted_SR1b_mcstat_bin9.MultiDimFit.mH125.root
#	deleted:    ../../../../combination/0l_datacards/higgsCombine_paramFit_impacts_CMS_HWW_boosted_SR2a_WH_hww_mcstat_bin0.MultiDimFit.mH125.root
#	deleted:    ../../../../combination/0l_datacards/higgsCombine_paramFit_impacts_CMS_HWW_boosted_SR2a_WH_hww_mcstat_bin1.MultiDimFit.mH125.root
#	deleted:    ../../../../combination/0l_datacards/higgsCombine_paramFit_impacts_CMS_HWW_boosted_SR2a_WH_hww_mcstat_bin18.MultiDimFit.mH125.root
#	deleted:    ../../../../combination/0l_datacards/higgsCombine_paramFit_impacts_CMS_HWW_boosted_SR2a_ZH_hww_mcstat_bin0.MultiDimFit.mH125.root
#	deleted:    ../../../../combination/0l_datacards/higgsCombine_paramFit_impacts_CMS_HWW_boosted_SR2a_ZH_hww_mcstat_bin1.MultiDimFit.mH125.root
#	deleted:    ../../../../combination/0l_datacards/higgsCombine_paramFit_impacts_CMS_HWW_boosted_SR2a_ZH_hww_mcstat_bin18.MultiDimFit.mH125.root
#	deleted:    ../../../../combination/0l_datacards/higgsCombine_paramFit_impacts_CMS_HWW_boosted_SR2a_ggH_hww_mcstat_bin0.MultiDimFit.mH125.root
#	deleted:    ../../../../combination/0l_datacards/higgsCombine_paramFit_impacts_CMS_HWW_boosted_SR2a_ggH_hww_mcstat_bin1.MultiDimFit.mH125.root
#	deleted:    ../../../../combination/0l_datacards/higgsCombine_paramFit_impacts_CMS_HWW_boosted_SR2a_mcstat_bin10.MultiDimFit.mH125.root
#	deleted:    ../../../../combination/0l_datacards/higgsCombine_paramFit_impacts_CMS_HWW_boosted_SR2a_mcstat_bin11.MultiDimFit.mH125.root
#	deleted:    ../../../../combination/0l_datacards/higgsCombine_paramFit_impacts_CMS_HWW_boosted_SR2a_mcstat_bin12.MultiDimFit.mH125.root
#	deleted:    ../../../../combination/0l_datacards/higgsCombine_paramFit_impacts_CMS_HWW_boosted_SR2a_mcstat_bin13.MultiDimFit.mH125.root
#	deleted:    ../../../../combination/0l_datacards/higgsCombine_paramFit_impacts_CMS_HWW_boosted_SR2a_mcstat_bin14.MultiDimFit.mH125.root
#	deleted:    ../../../../combination/0l_datacards/higgsCombine_paramFit_impacts_CMS_HWW_boosted_SR2a_mcstat_bin15.MultiDimFit.mH125.root
#	deleted:    ../../../../combination/0l_datacards/higgsCombine_paramFit_impacts_CMS_HWW_boosted_SR2a_mcstat_bin16.MultiDimFit.mH125.root
#	deleted:    ../../../../combination/0l_datacards/higgsCombine_paramFit_impacts_CMS_HWW_boosted_SR2a_mcstat_bin17.MultiDimFit.mH125.root
#	deleted:    ../../../../combination/0l_datacards/higgsCombine_paramFit_impacts_CMS_HWW_boosted_SR2a_mcstat_bin19.MultiDimFit.mH125.root
#	deleted:    ../../../../combination/0l_datacards/higgsCombine_paramFit_impacts_CMS_HWW_boosted_SR2a_mcstat_bin2.MultiDimFit.mH125.root
#	deleted:    ../../../../combination/0l_datacards/higgsCombine_paramFit_impacts_CMS_HWW_boosted_SR2a_mcstat_bin3.MultiDimFit.mH125.root
#	deleted:    ../../../../combination/0l_datacards/higgsCombine_paramFit_impacts_CMS_HWW_boosted_SR2a_mcstat_bin4.MultiDimFit.mH125.root
#	deleted:    ../../../../combination/0l_datacards/higgsCombine_paramFit_impacts_CMS_HWW_boosted_SR2a_mcstat_bin5.MultiDimFit.mH125.root
#	deleted:    ../../../../combination/0l_datacards/higgsCombine_paramFit_impacts_CMS_HWW_boosted_SR2a_mcstat_bin6.MultiDimFit.mH125.root
#	deleted:    ../../../../combination/0l_datacards/higgsCombine_paramFit_impacts_CMS_HWW_boosted_SR2a_mcstat_bin7.MultiDimFit.mH125.root
#	deleted:    ../../../../combination/0l_datacards/higgsCombine_paramFit_impacts_CMS_HWW_boosted_SR2a_mcstat_bin8.MultiDimFit.mH125.root
#	deleted:    ../../../../combination/0l_datacards/higgsCombine_paramFit_impacts_CMS_HWW_boosted_SR2a_mcstat_bin9.MultiDimFit.mH125.root
#	deleted:    ../../../../combination/0l_datacards/higgsCombine_paramFit_impacts_CMS_HWW_boosted_SR2a_qqH_hww_mcstat_bin0.MultiDimFit.mH125.root
#	deleted:    ../../../../combination/0l_datacards/higgsCombine_paramFit_impacts_CMS_HWW_boosted_SR2a_qqH_hww_mcstat_bin1.MultiDimFit.mH125.root
#	deleted:    ../../../../combination/0l_datacards/higgsCombine_paramFit_impacts_CMS_HWW_boosted_SR2a_rest_bkg_mcstat_bin1.MultiDimFit.mH125.root
#	deleted:    ../../../../combination/0l_datacards/higgsCombine_paramFit_impacts_CMS_HWW_boosted_SR2a_rest_bkg_mcstat_bin18.MultiDimFit.mH125.root
#	deleted:    ../../../../combination/0l_datacards/higgsCombine_paramFit_impacts_CMS_HWW_boosted_SR2a_single_top_mcstat_bin18.MultiDimFit.mH125.root
#	deleted:    ../../../../combination/0l_datacards/higgsCombine_paramFit_impacts_CMS_HWW_boosted_SR2a_ttH_hww_mcstat_bin0.MultiDimFit.mH125.root
#	deleted:    ../../../../combination/0l_datacards/higgsCombine_paramFit_impacts_CMS_HWW_boosted_SR2a_ttH_hww_mcstat_bin1.MultiDimFit.mH125.root
#	deleted:    ../../../../combination/0l_datacards/higgsCombine_paramFit_impacts_CMS_HWW_boosted_SR2a_ttH_hww_mcstat_bin18.MultiDimFit.mH125.root
#	deleted:    ../../../../combination/0l_datacards/higgsCombine_paramFit_impacts_CMS_HWW_boosted_SR2a_ttbar_mcstat_bin0.MultiDimFit.mH125.root
#	deleted:    ../../../../combination/0l_datacards/higgsCombine_paramFit_impacts_CMS_HWW_boosted_SR2a_ttbar_mcstat_bin1.MultiDimFit.mH125.root
#	deleted:    ../../../../combination/0l_datacards/higgsCombine_paramFit_impacts_CMS_HWW_boosted_SR2a_ttbar_mcstat_bin18.MultiDimFit.mH125.root
#	deleted:    ../../../../combination/0l_datacards/higgsCombine_paramFit_impacts_CMS_HWW_boosted_SR2a_wjets_mcstat_bin0.MultiDimFit.mH125.root
#	deleted:    ../../../../combination/0l_datacards/higgsCombine_paramFit_impacts_CMS_HWW_boosted_SR2a_wjets_mcstat_bin1.MultiDimFit.mH125.root
#	deleted:    ../../../../combination/0l_datacards/higgsCombine_paramFit_impacts_CMS_HWW_boosted_SR2a_wjets_mcstat_bin18.MultiDimFit.mH125.root
#	deleted:    ../../../../combination/0l_datacards/higgsCombine_paramFit_impacts_CMS_HWW_boosted_SR2b_mcstat_bin0.MultiDimFit.mH125.root
#	deleted:    ../../../../combination/0l_datacards/higgsCombine_paramFit_impacts_CMS_HWW_boosted_SR2b_mcstat_bin1.MultiDimFit.mH125.root
#	deleted:    ../../../../combination/0l_datacards/higgsCombine_paramFit_impacts_CMS_HWW_boosted_SR2b_mcstat_bin10.MultiDimFit.mH125.root
#	deleted:    ../../../../combination/0l_datacards/higgsCombine_paramFit_impacts_CMS_HWW_boosted_SR2b_mcstat_bin11.MultiDimFit.mH125.root
#	deleted:    ../../../../combination/0l_datacards/higgsCombine_paramFit_impacts_CMS_HWW_boosted_SR2b_mcstat_bin12.MultiDimFit.mH125.root
#	deleted:    ../../../../combination/0l_datacards/higgsCombine_paramFit_impacts_CMS_HWW_boosted_SR2b_mcstat_bin13.MultiDimFit.mH125.root
#	deleted:    ../../../../combination/0l_datacards/higgsCombine_paramFit_impacts_CMS_HWW_boosted_SR2b_mcstat_bin14.MultiDimFit.mH125.root
#	deleted:    ../../../../combination/0l_datacards/higgsCombine_paramFit_impacts_CMS_HWW_boosted_SR2b_mcstat_bin15.MultiDimFit.mH125.root
#	deleted:    ../../../../combination/0l_datacards/higgsCombine_paramFit_impacts_CMS_HWW_boosted_SR2b_mcstat_bin16.MultiDimFit.mH125.root
#	deleted:    ../../../../combination/0l_datacards/higgsCombine_paramFit_impacts_CMS_HWW_boosted_SR2b_mcstat_bin17.MultiDimFit.mH125.root
#	deleted:    ../../../../combination/0l_datacards/higgsCombine_paramFit_impacts_CMS_HWW_boosted_SR2b_mcstat_bin18.MultiDimFit.mH125.root
#	deleted:    ../../../../combination/0l_datacards/higgsCombine_paramFit_impacts_CMS_HWW_boosted_SR2b_mcstat_bin19.MultiDimFit.mH125.root
#	deleted:    ../../../../combination/0l_datacards/higgsCombine_paramFit_impacts_CMS_HWW_boosted_SR2b_mcstat_bin2.MultiDimFit.mH125.root
#	deleted:    ../../../../combination/0l_datacards/higgsCombine_paramFit_impacts_CMS_HWW_boosted_SR2b_mcstat_bin3.MultiDimFit.mH125.root
#	deleted:    ../../../../combination/0l_datacards/higgsCombine_paramFit_impacts_CMS_HWW_boosted_SR2b_mcstat_bin4.MultiDimFit.mH125.root
#	deleted:    ../../../../combination/0l_datacards/higgsCombine_paramFit_impacts_CMS_HWW_boosted_SR2b_mcstat_bin5.MultiDimFit.mH125.root
#	deleted:    ../../../../combination/0l_datacards/higgsCombine_paramFit_impacts_CMS_HWW_boosted_SR2b_mcstat_bin6.MultiDimFit.mH125.root
#	deleted:    ../../../../combination/0l_datacards/higgsCombine_paramFit_impacts_CMS_HWW_boosted_SR2b_mcstat_bin7.MultiDimFit.mH125.root
#	deleted:    ../../../../combination/0l_datacards/higgsCombine_paramFit_impacts_CMS_HWW_boosted_SR2b_mcstat_bin8.MultiDimFit.mH125.root
#	deleted:    ../../../../combination/0l_datacards/higgsCombine_paramFit_impacts_CMS_HWW_boosted_SR2b_mcstat_bin9.MultiDimFit.mH125.root
#	deleted:    ../../../../combination/0l_datacards/higgsCombine_paramFit_impacts_CMS_HWW_boosted_electron_veto.MultiDimFit.mH125.root
#	deleted:    ../../../../combination/0l_datacards/higgsCombine_paramFit_impacts_CMS_HWW_boosted_jmr_2016.MultiDimFit.mH125.root
#	deleted:    ../../../../combination/0l_datacards/higgsCombine_paramFit_impacts_CMS_HWW_boosted_jmr_2016APV.MultiDimFit.mH125.root
#	deleted:    ../../../../combination/0l_datacards/higgsCombine_paramFit_impacts_CMS_HWW_boosted_jmr_2017.MultiDimFit.mH125.root
#	deleted:    ../../../../combination/0l_datacards/higgsCombine_paramFit_impacts_CMS_HWW_boosted_jmr_2018.MultiDimFit.mH125.root
#	deleted:    ../../../../combination/0l_datacards/higgsCombine_paramFit_impacts_CMS_HWW_boosted_jms_2016.MultiDimFit.mH125.root
#	deleted:    ../../../../combination/0l_datacards/higgsCombine_paramFit_impacts_CMS_HWW_boosted_jms_2016APV.MultiDimFit.mH125.root
#	deleted:    ../../../../combination/0l_datacards/higgsCombine_paramFit_impacts_CMS_HWW_boosted_jms_2017.MultiDimFit.mH125.root
#	deleted:    ../../../../combination/0l_datacards/higgsCombine_paramFit_impacts_CMS_HWW_boosted_jms_2018.MultiDimFit.mH125.root
#	deleted:    ../../../../combination/0l_datacards/higgsCombine_paramFit_impacts_CMS_HWW_boosted_lp_sf_region_a.MultiDimFit.mH125.root
#	deleted:    ../../../../combination/0l_datacards/higgsCombine_paramFit_impacts_CMS_HWW_boosted_lp_sf_region_b.MultiDimFit.mH125.root
#	deleted:    ../../../../combination/0l_datacards/higgsCombine_paramFit_impacts_CMS_HWW_boosted_rest_bkg_rate.MultiDimFit.mH125.root
#	deleted:    ../../../../combination/0l_datacards/higgsCombine_paramFit_impacts_CMS_HWW_boosted_single_top_rate.MultiDimFit.mH125.root
#	deleted:    ../../../../combination/0l_datacards/higgsCombine_paramFit_impacts_CMS_HWW_boosted_tf_dataResidual_CR1_Bin0.MultiDimFit.mH125.root
#	deleted:    ../../../../combination/0l_datacards/higgsCombine_paramFit_impacts_CMS_HWW_boosted_tf_dataResidual_CR1_Bin1.MultiDimFit.mH125.root
#	deleted:    ../../../../combination/0l_datacards/higgsCombine_paramFit_impacts_CMS_HWW_boosted_tf_dataResidual_CR1_Bin10.MultiDimFit.mH125.root
#	deleted:    ../../../../combination/0l_datacards/higgsCombine_paramFit_impacts_CMS_HWW_boosted_tf_dataResidual_CR1_Bin11.MultiDimFit.mH125.root
#	deleted:    ../../../../combination/0l_datacards/higgsCombine_paramFit_impacts_CMS_HWW_boosted_tf_dataResidual_CR1_Bin12.MultiDimFit.mH125.root
#	deleted:    ../../../../combination/0l_datacards/higgsCombine_paramFit_impacts_CMS_HWW_boosted_tf_dataResidual_CR1_Bin13.MultiDimFit.mH125.root
#	deleted:    ../../../../combination/0l_datacards/higgsCombine_paramFit_impacts_CMS_HWW_boosted_tf_dataResidual_CR1_Bin14.MultiDimFit.mH125.root
#	deleted:    ../../../../combination/0l_datacards/higgsCombine_paramFit_impacts_CMS_HWW_boosted_tf_dataResidual_CR1_Bin15.MultiDimFit.mH125.root
#	deleted:    ../../../../combination/0l_datacards/higgsCombine_paramFit_impacts_CMS_HWW_boosted_tf_dataResidual_CR1_Bin16.MultiDimFit.mH125.root
#	deleted:    ../../../../combination/0l_datacards/higgsCombine_paramFit_impacts_CMS_HWW_boosted_tf_dataResidual_CR1_Bin17.MultiDimFit.mH125.root
#	deleted:    ../../../../combination/0l_datacards/higgsCombine_paramFit_impacts_CMS_HWW_boosted_tf_dataResidual_CR1_Bin18.MultiDimFit.mH125.root
#	deleted:    ../../../../combination/0l_datacards/higgsCombine_paramFit_impacts_CMS_HWW_boosted_tf_dataResidual_CR1_Bin19.MultiDimFit.mH125.root
#	deleted:    ../../../../combination/0l_datacards/higgsCombine_paramFit_impacts_CMS_HWW_boosted_tf_dataResidual_CR1_Bin2.MultiDimFit.mH125.root
#	deleted:    ../../../../combination/0l_datacards/higgsCombine_paramFit_impacts_CMS_HWW_boosted_tf_dataResidual_CR1_Bin3.MultiDimFit.mH125.root
#	deleted:    ../../../../combination/0l_datacards/higgsCombine_paramFit_impacts_CMS_HWW_boosted_tf_dataResidual_CR1_Bin4.MultiDimFit.mH125.root
#	deleted:    ../../../../combination/0l_datacards/higgsCombine_paramFit_impacts_CMS_HWW_boosted_tf_dataResidual_CR1_Bin5.MultiDimFit.mH125.root
#	deleted:    ../../../../combination/0l_datacards/higgsCombine_paramFit_impacts_CMS_HWW_boosted_tf_dataResidual_CR1_Bin6.MultiDimFit.mH125.root
#	deleted:    ../../../../combination/0l_datacards/higgsCombine_paramFit_impacts_CMS_HWW_boosted_tf_dataResidual_CR1_Bin7.MultiDimFit.mH125.root
#	deleted:    ../../../../combination/0l_datacards/higgsCombine_paramFit_impacts_CMS_HWW_boosted_tf_dataResidual_CR1_Bin8.MultiDimFit.mH125.root
#	deleted:    ../../../../combination/0l_datacards/higgsCombine_paramFit_impacts_CMS_HWW_boosted_tf_dataResidual_CR1_Bin9.MultiDimFit.mH125.root
#	deleted:    ../../../../combination/0l_datacards/higgsCombine_paramFit_impacts_CMS_HWW_boosted_tf_dataResidual_CR2_Bin0.MultiDimFit.mH125.root
#	deleted:    ../../../../combination/0l_datacards/higgsCombine_paramFit_impacts_CMS_HWW_boosted_tf_dataResidual_CR2_Bin1.MultiDimFit.mH125.root
#	deleted:    ../../../../combination/0l_datacards/higgsCombine_paramFit_impacts_CMS_HWW_boosted_tf_dataResidual_CR2_Bin10.MultiDimFit.mH125.root
#	deleted:    ../../../../combination/0l_datacards/higgsCombine_paramFit_impacts_CMS_HWW_boosted_tf_dataResidual_CR2_Bin11.MultiDimFit.mH125.root
#	deleted:    ../../../../combination/0l_datacards/higgsCombine_paramFit_impacts_CMS_HWW_boosted_tf_dataResidual_CR2_Bin12.MultiDimFit.mH125.root
#	deleted:    ../../../../combination/0l_datacards/higgsCombine_paramFit_impacts_CMS_HWW_boosted_tf_dataResidual_CR2_Bin13.MultiDimFit.mH125.root
#	deleted:    ../../../../combination/0l_datacards/higgsCombine_paramFit_impacts_CMS_HWW_boosted_tf_dataResidual_CR2_Bin14.MultiDimFit.mH125.root
#	deleted:    ../../../../combination/0l_datacards/higgsCombine_paramFit_impacts_CMS_HWW_boosted_tf_dataResidual_CR2_Bin15.MultiDimFit.mH125.root
#	deleted:    ../../../../combination/0l_datacards/higgsCombine_paramFit_impacts_CMS_HWW_boosted_tf_dataResidual_CR2_Bin16.MultiDimFit.mH125.root
#	deleted:    ../../../../combination/0l_datacards/higgsCombine_paramFit_impacts_CMS_HWW_boosted_tf_dataResidual_CR2_Bin17.MultiDimFit.mH125.root
#	deleted:    ../../../../combination/0l_datacards/higgsCombine_paramFit_impacts_CMS_HWW_boosted_tf_dataResidual_CR2_Bin18.MultiDimFit.mH125.root
#	deleted:    ../../../../combination/0l_datacards/higgsCombine_paramFit_impacts_CMS_HWW_boosted_tf_dataResidual_CR2_Bin19.MultiDimFit.mH125.root
#	deleted:    ../../../../combination/0l_datacards/higgsCombine_paramFit_impacts_CMS_HWW_boosted_tf_dataResidual_CR2_Bin2.MultiDimFit.mH125.root
#	deleted:    ../../../../combination/0l_datacards/higgsCombine_paramFit_impacts_CMS_HWW_boosted_tf_dataResidual_CR2_Bin3.MultiDimFit.mH125.root
#	deleted:    ../../../../combination/0l_datacards/higgsCombine_paramFit_impacts_CMS_HWW_boosted_tf_dataResidual_CR2_Bin4.MultiDimFit.mH125.root
#	deleted:    ../../../../combination/0l_datacards/higgsCombine_paramFit_impacts_CMS_HWW_boosted_tf_dataResidual_CR2_Bin5.MultiDimFit.mH125.root
#	deleted:    ../../../../combination/0l_datacards/higgsCombine_paramFit_impacts_CMS_HWW_boosted_tf_dataResidual_CR2_Bin6.MultiDimFit.mH125.root
#	deleted:    ../../../../combination/0l_datacards/higgsCombine_paramFit_impacts_CMS_HWW_boosted_tf_dataResidual_CR2_Bin7.MultiDimFit.mH125.root
#	deleted:    ../../../../combination/0l_datacards/higgsCombine_paramFit_impacts_CMS_HWW_boosted_tf_dataResidual_CR2_Bin8.MultiDimFit.mH125.root
#	deleted:    ../../../../combination/0l_datacards/higgsCombine_paramFit_impacts_CMS_HWW_boosted_tf_dataResidual_CR2_Bin9.MultiDimFit.mH125.root
#	deleted:    ../../../../combination/0l_datacards/higgsCombine_paramFit_impacts_CMS_HWW_boosted_tf_dataResidual_a_MH_Reco_par0.MultiDimFit.mH125.root
#	deleted:    ../../../../combination/0l_datacards/higgsCombine_paramFit_impacts_CMS_HWW_boosted_tf_dataResidual_a_MH_Reco_par1.MultiDimFit.mH125.root
#	deleted:    ../../../../combination/0l_datacards/higgsCombine_paramFit_impacts_CMS_HWW_boosted_tf_dataResidual_a_MH_Reco_par2.MultiDimFit.mH125.root
#	deleted:    ../../../../combination/0l_datacards/higgsCombine_paramFit_impacts_CMS_HWW_boosted_tf_dataResidual_a_MH_Reco_par3.MultiDimFit.mH125.root
#	deleted:    ../../../../combination/0l_datacards/higgsCombine_paramFit_impacts_CMS_HWW_boosted_tf_dataResidual_b_MH_Reco_par0.MultiDimFit.mH125.root
#	deleted:    ../../../../combination/0l_datacards/higgsCombine_paramFit_impacts_CMS_HWW_boosted_tf_dataResidual_b_MH_Reco_par1.MultiDimFit.mH125.root
#	deleted:    ../../../../combination/0l_datacards/higgsCombine_paramFit_impacts_CMS_HWW_boosted_tf_dataResidual_b_MH_Reco_par2.MultiDimFit.mH125.root
#	deleted:    ../../../../combination/0l_datacards/higgsCombine_paramFit_impacts_CMS_HWW_boosted_tf_dataResidual_b_MH_Reco_par3.MultiDimFit.mH125.root
#	deleted:    ../../../../combination/0l_datacards/higgsCombine_paramFit_impacts_CMS_HWW_boosted_tf_dataResidual_b_MH_Reco_par4.MultiDimFit.mH125.root
#	deleted:    ../../../../combination/0l_datacards/higgsCombine_paramFit_impacts_CMS_HWW_boosted_tf_dataResidual_b_MH_Reco_par5.MultiDimFit.mH125.root
#	deleted:    ../../../../combination/0l_datacards/higgsCombine_paramFit_impacts_CMS_HWW_boosted_tf_dataResidual_b_MH_Reco_par6.MultiDimFit.mH125.root
#	deleted:    ../../../../combination/0l_datacards/higgsCombine_paramFit_impacts_CMS_HWW_boosted_triggerEffSF_uncorrelated.MultiDimFit.mH125.root
#	deleted:    ../../../../combination/0l_datacards/higgsCombine_paramFit_impacts_CMS_HWW_boosted_ttbar_rate.MultiDimFit.mH125.root
#	deleted:    ../../../../combination/0l_datacards/higgsCombine_paramFit_impacts_CMS_HWW_boosted_wjets_rate.MultiDimFit.mH125.root
#	deleted:    ../../../../combination/0l_datacards/higgsCombine_paramFit_impacts_CMS_l1_ecal_prefiring_2016.MultiDimFit.mH125.root
#	deleted:    ../../../../combination/0l_datacards/higgsCombine_paramFit_impacts_CMS_l1_ecal_prefiring_2016APV.MultiDimFit.mH125.root
#	deleted:    ../../../../combination/0l_datacards/higgsCombine_paramFit_impacts_CMS_l1_ecal_prefiring_2017.MultiDimFit.mH125.root
#	deleted:    ../../../../combination/0l_datacards/higgsCombine_paramFit_impacts_CMS_pileup_2016.MultiDimFit.mH125.root
#	deleted:    ../../../../combination/0l_datacards/higgsCombine_paramFit_impacts_CMS_pileup_2016APV.MultiDimFit.mH125.root
#	deleted:    ../../../../combination/0l_datacards/higgsCombine_paramFit_impacts_CMS_pileup_2017.MultiDimFit.mH125.root
#	deleted:    ../../../../combination/0l_datacards/higgsCombine_paramFit_impacts_CMS_pileup_2018.MultiDimFit.mH125.root
#	deleted:    ../../../../combination/0l_datacards/higgsCombine_paramFit_impacts_CMS_res_j_2016.MultiDimFit.mH125.root
#	deleted:    ../../../../combination/0l_datacards/higgsCombine_paramFit_impacts_CMS_res_j_2016APV.MultiDimFit.mH125.root
#	deleted:    ../../../../combination/0l_datacards/higgsCombine_paramFit_impacts_CMS_res_j_2017.MultiDimFit.mH125.root
#	deleted:    ../../../../combination/0l_datacards/higgsCombine_paramFit_impacts_CMS_res_j_2018.MultiDimFit.mH125.root
#	deleted:    ../../../../combination/0l_datacards/higgsCombine_paramFit_impacts_CMS_scale_j_Abs.MultiDimFit.mH125.root
#	deleted:    ../../../../combination/0l_datacards/higgsCombine_paramFit_impacts_CMS_scale_j_Abs_2016.MultiDimFit.mH125.root
#	deleted:    ../../../../combination/0l_datacards/higgsCombine_paramFit_impacts_CMS_scale_j_Abs_2016APV.MultiDimFit.mH125.root
#	deleted:    ../../../../combination/0l_datacards/higgsCombine_paramFit_impacts_CMS_scale_j_Abs_2017.MultiDimFit.mH125.root
#	deleted:    ../../../../combination/0l_datacards/higgsCombine_paramFit_impacts_CMS_scale_j_Abs_2018.MultiDimFit.mH125.root
#	deleted:    ../../../../combination/0l_datacards/higgsCombine_paramFit_impacts_CMS_scale_j_BBEC1.MultiDimFit.mH125.root
#	deleted:    ../../../../combination/0l_datacards/higgsCombine_paramFit_impacts_CMS_scale_j_BBEC1_2016.MultiDimFit.mH125.root
#	deleted:    ../../../../combination/0l_datacards/higgsCombine_paramFit_impacts_CMS_scale_j_BBEC1_2016APV.MultiDimFit.mH125.root
#	deleted:    ../../../../combination/0l_datacards/higgsCombine_paramFit_impacts_CMS_scale_j_BBEC1_2017.MultiDimFit.mH125.root
#	deleted:    ../../../../combination/0l_datacards/higgsCombine_paramFit_impacts_CMS_scale_j_BBEC1_2018.MultiDimFit.mH125.root
#	deleted:    ../../../../combination/0l_datacards/higgsCombine_paramFit_impacts_CMS_scale_j_EC2.MultiDimFit.mH125.root
#	deleted:    ../../../../combination/0l_datacards/higgsCombine_paramFit_impacts_CMS_scale_j_EC2_2016.MultiDimFit.mH125.root
#	deleted:    ../../../../combination/0l_datacards/higgsCombine_paramFit_impacts_CMS_scale_j_EC2_2016APV.MultiDimFit.mH125.root
#	deleted:    ../../../../combination/0l_datacards/higgsCombine_paramFit_impacts_CMS_scale_j_EC2_2017.MultiDimFit.mH125.root
#	deleted:    ../../../../combination/0l_datacards/higgsCombine_paramFit_impacts_CMS_scale_j_EC2_2018.MultiDimFit.mH125.root
#	deleted:    ../../../../combination/0l_datacards/higgsCombine_paramFit_impacts_CMS_scale_j_FlavQCD.MultiDimFit.mH125.root
#	deleted:    ../../../../combination/0l_datacards/higgsCombine_paramFit_impacts_CMS_scale_j_HF.MultiDimFit.mH125.root
#	deleted:    ../../../../combination/0l_datacards/higgsCombine_paramFit_impacts_CMS_scale_j_HF_2016.MultiDimFit.mH125.root
#	deleted:    ../../../../combination/0l_datacards/higgsCombine_paramFit_impacts_CMS_scale_j_HF_2016APV.MultiDimFit.mH125.root
#	deleted:    ../../../../combination/0l_datacards/higgsCombine_paramFit_impacts_CMS_scale_j_HF_2017.MultiDimFit.mH125.root
#	deleted:    ../../../../combination/0l_datacards/higgsCombine_paramFit_impacts_CMS_scale_j_HF_2018.MultiDimFit.mH125.root
#	deleted:    ../../../../combination/0l_datacards/higgsCombine_paramFit_impacts_CMS_scale_j_RelBal.MultiDimFit.mH125.root
#	deleted:    ../../../../combination/0l_datacards/higgsCombine_paramFit_impacts_CMS_scale_j_RelSample_2016.MultiDimFit.mH125.root
#	deleted:    ../../../../combination/0l_datacards/higgsCombine_paramFit_impacts_CMS_scale_j_RelSample_2016APV.MultiDimFit.mH125.root
#	deleted:    ../../../../combination/0l_datacards/higgsCombine_paramFit_impacts_CMS_scale_j_RelSample_2017.MultiDimFit.mH125.root
#	deleted:    ../../../../combination/0l_datacards/higgsCombine_paramFit_impacts_CMS_scale_j_RelSample_2018.MultiDimFit.mH125.root
#	deleted:    ../../../../combination/0l_datacards/higgsCombine_paramFit_impacts_PDF_WH_ACCEPT_CMS_HWW_boosted.MultiDimFit.mH125.root
#	deleted:    ../../../../combination/0l_datacards/higgsCombine_paramFit_impacts_PDF_ZH_ACCEPT_CMS_HWW_boosted.MultiDimFit.mH125.root
#	deleted:    ../../../../combination/0l_datacards/higgsCombine_paramFit_impacts_PDF_ggH_ACCEPT_CMS_HWW_boosted.MultiDimFit.mH125.root
#	deleted:    ../../../../combination/0l_datacards/higgsCombine_paramFit_impacts_PDF_qqH_ACCEPT_CMS_HWW_boosted.MultiDimFit.mH125.root
#	deleted:    ../../../../combination/0l_datacards/higgsCombine_paramFit_impacts_PDF_single_top_ACCEPT_CMS_HWW_boosted.MultiDimFit.mH125.root
#	deleted:    ../../../../combination/0l_datacards/higgsCombine_paramFit_impacts_PDF_ttH_ACCEPT_CMS_HWW_boosted.MultiDimFit.mH125.root
#	deleted:    ../../../../combination/0l_datacards/higgsCombine_paramFit_impacts_PDF_ttbar_ACCEPT_CMS_HWW_boosted.MultiDimFit.mH125.root
#	deleted:    ../../../../combination/0l_datacards/higgsCombine_paramFit_impacts_PDF_wjets_ACCEPT_CMS_HWW_boosted.MultiDimFit.mH125.root
#	deleted:    ../../../../combination/0l_datacards/higgsCombine_paramFit_impacts_QCDscale_WH.MultiDimFit.mH125.root
#	deleted:    ../../../../combination/0l_datacards/higgsCombine_paramFit_impacts_QCDscale_WH_ACCEPT_CMS_HWW_boosted.MultiDimFit.mH125.root
#	deleted:    ../../../../combination/0l_datacards/higgsCombine_paramFit_impacts_QCDscale_ZH.MultiDimFit.mH125.root
#	deleted:    ../../../../combination/0l_datacards/higgsCombine_paramFit_impacts_QCDscale_ZH_ACCEPT_CMS_HWW_boosted.MultiDimFit.mH125.root
#	deleted:    ../../../../combination/0l_datacards/higgsCombine_paramFit_impacts_QCDscale_ggH.MultiDimFit.mH125.root
#	deleted:    ../../../../combination/0l_datacards/higgsCombine_paramFit_impacts_QCDscale_ggH_ACCEPT_CMS_HWW_boosted.MultiDimFit.mH125.root
#	deleted:    ../../../../combination/0l_datacards/higgsCombine_paramFit_impacts_QCDscale_qqH.MultiDimFit.mH125.root
#	deleted:    ../../../../combination/0l_datacards/higgsCombine_paramFit_impacts_QCDscale_qqH_ACCEPT_CMS_HWW_boosted.MultiDimFit.mH125.root
#	deleted:    ../../../../combination/0l_datacards/higgsCombine_paramFit_impacts_QCDscale_rest_bkg.MultiDimFit.mH125.root
#	deleted:    ../../../../combination/0l_datacards/higgsCombine_paramFit_impacts_QCDscale_single_top.MultiDimFit.mH125.root
#	deleted:    ../../../../combination/0l_datacards/higgsCombine_paramFit_impacts_QCDscale_single_top_ACCEPT_CMS_HWW_boosted.MultiDimFit.mH125.root
#	deleted:    ../../../../combination/0l_datacards/higgsCombine_paramFit_impacts_QCDscale_ttH.MultiDimFit.mH125.root
#	deleted:    ../../../../combination/0l_datacards/higgsCombine_paramFit_impacts_QCDscale_ttH_ACCEPT_CMS_HWW_boosted.MultiDimFit.mH125.root
#	deleted:    ../../../../combination/0l_datacards/higgsCombine_paramFit_impacts_QCDscale_ttbar.MultiDimFit.mH125.root
#	deleted:    ../../../../combination/0l_datacards/higgsCombine_paramFit_impacts_QCDscale_ttbar_ACCEPT_CMS_HWW_boosted.MultiDimFit.mH125.root
#	deleted:    ../../../../combination/0l_datacards/higgsCombine_paramFit_impacts_QCDscale_wjets.MultiDimFit.mH125.root
#	deleted:    ../../../../combination/0l_datacards/higgsCombine_paramFit_impacts_QCDscale_wjets_ACCEPT_CMS_HWW_boosted.MultiDimFit.mH125.root
#	deleted:    ../../../../combination/0l_datacards/higgsCombine_paramFit_impacts_alpha_s.MultiDimFit.mH125.root
#	deleted:    ../../../../combination/0l_datacards/higgsCombine_paramFit_impacts_lumi_13TeV_1718.MultiDimFit.mH125.root
#	deleted:    ../../../../combination/0l_datacards/higgsCombine_paramFit_impacts_lumi_13TeV_2016.MultiDimFit.mH125.root
#	deleted:    ../../../../combination/0l_datacards/higgsCombine_paramFit_impacts_lumi_13TeV_2017.MultiDimFit.mH125.root
#	deleted:    ../../../../combination/0l_datacards/higgsCombine_paramFit_impacts_lumi_13TeV_2018.MultiDimFit.mH125.root
#	deleted:    ../../../../combination/0l_datacards/higgsCombine_paramFit_impacts_lumi_13TeV_correlated.MultiDimFit.mH125.root
#	deleted:    ../../../../combination/0l_datacards/higgsCombine_paramFit_impacts_pdf_Higgs_WH.MultiDimFit.mH125.root
#	deleted:    ../../../../combination/0l_datacards/higgsCombine_paramFit_impacts_pdf_Higgs_ZH.MultiDimFit.mH125.root
#	deleted:    ../../../../combination/0l_datacards/higgsCombine_paramFit_impacts_pdf_Higgs_ggH.MultiDimFit.mH125.root
#	deleted:    ../../../../combination/0l_datacards/higgsCombine_paramFit_impacts_pdf_Higgs_qqH.MultiDimFit.mH125.root
#	deleted:    ../../../../combination/0l_datacards/higgsCombine_paramFit_impacts_pdf_Higgs_ttH.MultiDimFit.mH125.root
#	deleted:    ../../../../combination/0l_datacards/higgsCombine_paramFit_impacts_pdf_rest_bkg.MultiDimFit.mH125.root
#	deleted:    ../../../../combination/0l_datacards/higgsCombine_paramFit_impacts_pdf_single_top.MultiDimFit.mH125.root
#	deleted:    ../../../../combination/0l_datacards/higgsCombine_paramFit_impacts_pdf_ttbar.MultiDimFit.mH125.root
#	deleted:    ../../../../combination/0l_datacards/higgsCombine_paramFit_impacts_pdf_wjets.MultiDimFit.mH125.root
#	deleted:    ../../../../combination/0l_datacards/higgsCombine_paramFit_impacts_ps_fsr_WH.MultiDimFit.mH125.root
#	deleted:    ../../../../combination/0l_datacards/higgsCombine_paramFit_impacts_ps_fsr_ZH.MultiDimFit.mH125.root
#	deleted:    ../../../../combination/0l_datacards/higgsCombine_paramFit_impacts_ps_fsr_ggH.MultiDimFit.mH125.root
#	deleted:    ../../../../combination/0l_datacards/higgsCombine_paramFit_impacts_ps_fsr_qqH.MultiDimFit.mH125.root
#	deleted:    ../../../../combination/0l_datacards/higgsCombine_paramFit_impacts_ps_fsr_rest_bkg.MultiDimFit.mH125.root
#	deleted:    ../../../../combination/0l_datacards/higgsCombine_paramFit_impacts_ps_fsr_single_top.MultiDimFit.mH125.root
#	deleted:    ../../../../combination/0l_datacards/higgsCombine_paramFit_impacts_ps_fsr_ttH.MultiDimFit.mH125.root
#	deleted:    ../../../../combination/0l_datacards/higgsCombine_paramFit_impacts_ps_fsr_ttbar.MultiDimFit.mH125.root
#	deleted:    ../../../../combination/0l_datacards/higgsCombine_paramFit_impacts_ps_fsr_wjets.MultiDimFit.mH125.root
#	deleted:    ../../../../combination/0l_datacards/higgsCombine_paramFit_impacts_ps_isr_WH.MultiDimFit.mH125.root
#	deleted:    ../../../../combination/0l_datacards/higgsCombine_paramFit_impacts_ps_isr_ZH.MultiDimFit.mH125.root
#	deleted:    ../../../../combination/0l_datacards/higgsCombine_paramFit_impacts_ps_isr_ggH.MultiDimFit.mH125.root
#	deleted:    ../../../../combination/0l_datacards/higgsCombine_paramFit_impacts_ps_isr_qqH.MultiDimFit.mH125.root
#	deleted:    ../../../../combination/0l_datacards/higgsCombine_paramFit_impacts_ps_isr_rest_bkg.MultiDimFit.mH125.root
#	deleted:    ../../../../combination/0l_datacards/higgsCombine_paramFit_impacts_ps_isr_single_top.MultiDimFit.mH125.root
#	deleted:    ../../../../combination/0l_datacards/higgsCombine_paramFit_impacts_ps_isr_ttH.MultiDimFit.mH125.root
#	deleted:    ../../../../combination/0l_datacards/higgsCombine_paramFit_impacts_ps_isr_ttbar.MultiDimFit.mH125.root
#	deleted:    ../../../../combination/0l_datacards/higgsCombine_paramFit_impacts_ps_isr_wjets.MultiDimFit.mH125.root
#	deleted:    ../../../../combination/0l_datacards/higgsCombine_paramFit_impacts_unclustered_Energy.MultiDimFit.mH125.root
#	deleted:    ../../../../combination/0l_datacards/impacts.json
#	deleted:    ../../../../combination/0l_datacards/impacts.pdf
#	modified:   ../../../../combination/0l_datacards/model.pkl
#	deleted:    ../../../../combination/0l_datacards/outs/AsymptoticLimits.txt
#	deleted:    ../../../../combination/0l_datacards/outs/FitDiagnostics.txt
#	deleted:    ../../../../combination/0l_datacards/outs/FitDiagnosticsAsimov.txt
#	deleted:    ../../../../combination/0l_datacards/outs/FitShapes.txt
#	deleted:    ../../../../combination/0l_datacards/outs/FitShapesAsimov.txt
#	deleted:    ../../../../combination/0l_datacards/outs/Impacts_BR_hww.txt
#	deleted:    ../../../../combination/0l_datacards/outs/Impacts_CMS_HWW_boosted_CR1_mcstat_bin0.txt
#	deleted:    ../../../../combination/0l_datacards/outs/Impacts_CMS_HWW_boosted_CR1_mcstat_bin1.txt
#	deleted:    ../../../../combination/0l_datacards/outs/Impacts_CMS_HWW_boosted_CR1_mcstat_bin10.txt
#	deleted:    ../../../../combination/0l_datacards/outs/Impacts_CMS_HWW_boosted_CR1_mcstat_bin11.txt
#	deleted:    ../../../../combination/0l_datacards/outs/Impacts_CMS_HWW_boosted_CR1_mcstat_bin12.txt
#	deleted:    ../../../../combination/0l_datacards/outs/Impacts_CMS_HWW_boosted_CR1_mcstat_bin13.txt
#	deleted:    ../../../../combination/0l_datacards/outs/Impacts_CMS_HWW_boosted_CR1_mcstat_bin14.txt
#	deleted:    ../../../../combination/0l_datacards/outs/Impacts_CMS_HWW_boosted_CR1_mcstat_bin15.txt
#	deleted:    ../../../../combination/0l_datacards/outs/Impacts_CMS_HWW_boosted_CR1_mcstat_bin16.txt
#	deleted:    ../../../../combination/0l_datacards/outs/Impacts_CMS_HWW_boosted_CR1_mcstat_bin17.txt
#	deleted:    ../../../../combination/0l_datacards/outs/Impacts_CMS_HWW_boosted_CR1_mcstat_bin18.txt
#	deleted:    ../../../../combination/0l_datacards/outs/Impacts_CMS_HWW_boosted_CR1_mcstat_bin19.txt
#	deleted:    ../../../../combination/0l_datacards/outs/Impacts_CMS_HWW_boosted_CR1_mcstat_bin2.txt
#	deleted:    ../../../../combination/0l_datacards/outs/Impacts_CMS_HWW_boosted_CR1_mcstat_bin3.txt
#	deleted:    ../../../../combination/0l_datacards/outs/Impacts_CMS_HWW_boosted_CR1_mcstat_bin4.txt
#	deleted:    ../../../../combination/0l_datacards/outs/Impacts_CMS_HWW_boosted_CR1_mcstat_bin5.txt
#	deleted:    ../../../../combination/0l_datacards/outs/Impacts_CMS_HWW_boosted_CR1_mcstat_bin6.txt
#	deleted:    ../../../../combination/0l_datacards/outs/Impacts_CMS_HWW_boosted_CR1_mcstat_bin7.txt
#	deleted:    ../../../../combination/0l_datacards/outs/Impacts_CMS_HWW_boosted_CR1_mcstat_bin8.txt
#	deleted:    ../../../../combination/0l_datacards/outs/Impacts_CMS_HWW_boosted_CR1_mcstat_bin9.txt
#	deleted:    ../../../../combination/0l_datacards/outs/Impacts_CMS_HWW_boosted_CR2_mcstat_bin0.txt
#	deleted:    ../../../../combination/0l_datacards/outs/Impacts_CMS_HWW_boosted_CR2_mcstat_bin1.txt
#	deleted:    ../../../../combination/0l_datacards/outs/Impacts_CMS_HWW_boosted_CR2_mcstat_bin10.txt
#	deleted:    ../../../../combination/0l_datacards/outs/Impacts_CMS_HWW_boosted_CR2_mcstat_bin11.txt
#	deleted:    ../../../../combination/0l_datacards/outs/Impacts_CMS_HWW_boosted_CR2_mcstat_bin12.txt
#	deleted:    ../../../../combination/0l_datacards/outs/Impacts_CMS_HWW_boosted_CR2_mcstat_bin13.txt
#	deleted:    ../../../../combination/0l_datacards/outs/Impacts_CMS_HWW_boosted_CR2_mcstat_bin14.txt
#	deleted:    ../../../../combination/0l_datacards/outs/Impacts_CMS_HWW_boosted_CR2_mcstat_bin15.txt
#	deleted:    ../../../../combination/0l_datacards/outs/Impacts_CMS_HWW_boosted_CR2_mcstat_bin16.txt
#	deleted:    ../../../../combination/0l_datacards/outs/Impacts_CMS_HWW_boosted_CR2_mcstat_bin17.txt
#	deleted:    ../../../../combination/0l_datacards/outs/Impacts_CMS_HWW_boosted_CR2_mcstat_bin18.txt
#	deleted:    ../../../../combination/0l_datacards/outs/Impacts_CMS_HWW_boosted_CR2_mcstat_bin19.txt
#	deleted:    ../../../../combination/0l_datacards/outs/Impacts_CMS_HWW_boosted_CR2_mcstat_bin2.txt
#	deleted:    ../../../../combination/0l_datacards/outs/Impacts_CMS_HWW_boosted_CR2_mcstat_bin3.txt
#	deleted:    ../../../../combination/0l_datacards/outs/Impacts_CMS_HWW_boosted_CR2_mcstat_bin4.txt
#	deleted:    ../../../../combination/0l_datacards/outs/Impacts_CMS_HWW_boosted_CR2_mcstat_bin5.txt
#	deleted:    ../../../../combination/0l_datacards/outs/Impacts_CMS_HWW_boosted_CR2_mcstat_bin6.txt
#	deleted:    ../../../../combination/0l_datacards/outs/Impacts_CMS_HWW_boosted_CR2_mcstat_bin7.txt
#	deleted:    ../../../../combination/0l_datacards/outs/Impacts_CMS_HWW_boosted_CR2_mcstat_bin8.txt
#	deleted:    ../../../../combination/0l_datacards/outs/Impacts_CMS_HWW_boosted_CR2_mcstat_bin9.txt
#	deleted:    ../../../../combination/0l_datacards/outs/Impacts_CMS_HWW_boosted_SR1a_mcstat_bin0.txt
#	deleted:    ../../../../combination/0l_datacards/outs/Impacts_CMS_HWW_boosted_SR1a_mcstat_bin1.txt
#	deleted:    ../../../../combination/0l_datacards/outs/Impacts_CMS_HWW_boosted_SR1a_mcstat_bin10.txt
#	deleted:    ../../../../combination/0l_datacards/outs/Impacts_CMS_HWW_boosted_SR1a_mcstat_bin11.txt
#	deleted:    ../../../../combination/0l_datacards/outs/Impacts_CMS_HWW_boosted_SR1a_mcstat_bin12.txt
#	deleted:    ../../../../combination/0l_datacards/outs/Impacts_CMS_HWW_boosted_SR1a_mcstat_bin13.txt
#	deleted:    ../../../../combination/0l_datacards/outs/Impacts_CMS_HWW_boosted_SR1a_mcstat_bin14.txt
#	deleted:    ../../../../combination/0l_datacards/outs/Impacts_CMS_HWW_boosted_SR1a_mcstat_bin15.txt
#	deleted:    ../../../../combination/0l_datacards/outs/Impacts_CMS_HWW_boosted_SR1a_mcstat_bin16.txt
#	deleted:    ../../../../combination/0l_datacards/outs/Impacts_CMS_HWW_boosted_SR1a_mcstat_bin17.txt
#	deleted:    ../../../../combination/0l_datacards/outs/Impacts_CMS_HWW_boosted_SR1a_mcstat_bin18.txt
#	deleted:    ../../../../combination/0l_datacards/outs/Impacts_CMS_HWW_boosted_SR1a_mcstat_bin19.txt
#	deleted:    ../../../../combination/0l_datacards/outs/Impacts_CMS_HWW_boosted_SR1a_mcstat_bin2.txt
#	deleted:    ../../../../combination/0l_datacards/outs/Impacts_CMS_HWW_boosted_SR1a_mcstat_bin3.txt
#	deleted:    ../../../../combination/0l_datacards/outs/Impacts_CMS_HWW_boosted_SR1a_mcstat_bin4.txt
#	deleted:    ../../../../combination/0l_datacards/outs/Impacts_CMS_HWW_boosted_SR1a_mcstat_bin5.txt
#	deleted:    ../../../../combination/0l_datacards/outs/Impacts_CMS_HWW_boosted_SR1a_mcstat_bin6.txt
#	deleted:    ../../../../combination/0l_datacards/outs/Impacts_CMS_HWW_boosted_SR1a_mcstat_bin7.txt
#	deleted:    ../../../../combination/0l_datacards/outs/Impacts_CMS_HWW_boosted_SR1a_mcstat_bin8.txt
#	deleted:    ../../../../combination/0l_datacards/outs/Impacts_CMS_HWW_boosted_SR1a_mcstat_bin9.txt
#	deleted:    ../../../../combination/0l_datacards/outs/Impacts_CMS_HWW_boosted_SR1b_mcstat_bin0.txt
#	deleted:    ../../../../combination/0l_datacards/outs/Impacts_CMS_HWW_boosted_SR1b_mcstat_bin1.txt
#	deleted:    ../../../../combination/0l_datacards/outs/Impacts_CMS_HWW_boosted_SR1b_mcstat_bin10.txt
#	deleted:    ../../../../combination/0l_datacards/outs/Impacts_CMS_HWW_boosted_SR1b_mcstat_bin11.txt
#	deleted:    ../../../../combination/0l_datacards/outs/Impacts_CMS_HWW_boosted_SR1b_mcstat_bin12.txt
#	deleted:    ../../../../combination/0l_datacards/outs/Impacts_CMS_HWW_boosted_SR1b_mcstat_bin13.txt
#	deleted:    ../../../../combination/0l_datacards/outs/Impacts_CMS_HWW_boosted_SR1b_mcstat_bin14.txt
#	deleted:    ../../../../combination/0l_datacards/outs/Impacts_CMS_HWW_boosted_SR1b_mcstat_bin15.txt
#	deleted:    ../../../../combination/0l_datacards/outs/Impacts_CMS_HWW_boosted_SR1b_mcstat_bin16.txt
#	deleted:    ../../../../combination/0l_datacards/outs/Impacts_CMS_HWW_boosted_SR1b_mcstat_bin17.txt
#	deleted:    ../../../../combination/0l_datacards/outs/Impacts_CMS_HWW_boosted_SR1b_mcstat_bin18.txt
#	deleted:    ../../../../combination/0l_datacards/outs/Impacts_CMS_HWW_boosted_SR1b_mcstat_bin19.txt
#	deleted:    ../../../../combination/0l_datacards/outs/Impacts_CMS_HWW_boosted_SR1b_mcstat_bin2.txt
#	deleted:    ../../../../combination/0l_datacards/outs/Impacts_CMS_HWW_boosted_SR1b_mcstat_bin3.txt
#	deleted:    ../../../../combination/0l_datacards/outs/Impacts_CMS_HWW_boosted_SR1b_mcstat_bin4.txt
#	deleted:    ../../../../combination/0l_datacards/outs/Impacts_CMS_HWW_boosted_SR1b_mcstat_bin5.txt
#	deleted:    ../../../../combination/0l_datacards/outs/Impacts_CMS_HWW_boosted_SR1b_mcstat_bin6.txt
#	deleted:    ../../../../combination/0l_datacards/outs/Impacts_CMS_HWW_boosted_SR1b_mcstat_bin7.txt
#	deleted:    ../../../../combination/0l_datacards/outs/Impacts_CMS_HWW_boosted_SR1b_mcstat_bin8.txt
#	deleted:    ../../../../combination/0l_datacards/outs/Impacts_CMS_HWW_boosted_SR1b_mcstat_bin9.txt
#	deleted:    ../../../../combination/0l_datacards/outs/Impacts_CMS_HWW_boosted_SR2a_WH_hww_mcstat_bin0.txt
#	deleted:    ../../../../combination/0l_datacards/outs/Impacts_CMS_HWW_boosted_SR2a_WH_hww_mcstat_bin1.txt
#	deleted:    ../../../../combination/0l_datacards/outs/Impacts_CMS_HWW_boosted_SR2a_WH_hww_mcstat_bin18.txt
#	deleted:    ../../../../combination/0l_datacards/outs/Impacts_CMS_HWW_boosted_SR2a_ZH_hww_mcstat_bin0.txt
#	deleted:    ../../../../combination/0l_datacards/outs/Impacts_CMS_HWW_boosted_SR2a_ZH_hww_mcstat_bin1.txt
#	deleted:    ../../../../combination/0l_datacards/outs/Impacts_CMS_HWW_boosted_SR2a_ZH_hww_mcstat_bin18.txt
#	deleted:    ../../../../combination/0l_datacards/outs/Impacts_CMS_HWW_boosted_SR2a_ggH_hww_mcstat_bin0.txt
#	deleted:    ../../../../combination/0l_datacards/outs/Impacts_CMS_HWW_boosted_SR2a_ggH_hww_mcstat_bin1.txt
#	deleted:    ../../../../combination/0l_datacards/outs/Impacts_CMS_HWW_boosted_SR2a_mcstat_bin10.txt
#	deleted:    ../../../../combination/0l_datacards/outs/Impacts_CMS_HWW_boosted_SR2a_mcstat_bin11.txt
#	deleted:    ../../../../combination/0l_datacards/outs/Impacts_CMS_HWW_boosted_SR2a_mcstat_bin12.txt
#	deleted:    ../../../../combination/0l_datacards/outs/Impacts_CMS_HWW_boosted_SR2a_mcstat_bin13.txt
#	deleted:    ../../../../combination/0l_datacards/outs/Impacts_CMS_HWW_boosted_SR2a_mcstat_bin14.txt
#	deleted:    ../../../../combination/0l_datacards/outs/Impacts_CMS_HWW_boosted_SR2a_mcstat_bin15.txt
#	deleted:    ../../../../combination/0l_datacards/outs/Impacts_CMS_HWW_boosted_SR2a_mcstat_bin16.txt
#	deleted:    ../../../../combination/0l_datacards/outs/Impacts_CMS_HWW_boosted_SR2a_mcstat_bin17.txt
#	deleted:    ../../../../combination/0l_datacards/outs/Impacts_CMS_HWW_boosted_SR2a_mcstat_bin19.txt
#	deleted:    ../../../../combination/0l_datacards/outs/Impacts_CMS_HWW_boosted_SR2a_mcstat_bin2.txt
#	deleted:    ../../../../combination/0l_datacards/outs/Impacts_CMS_HWW_boosted_SR2a_mcstat_bin3.txt
#	deleted:    ../../../../combination/0l_datacards/outs/Impacts_CMS_HWW_boosted_SR2a_mcstat_bin4.txt
#	deleted:    ../../../../combination/0l_datacards/outs/Impacts_CMS_HWW_boosted_SR2a_mcstat_bin5.txt
#	deleted:    ../../../../combination/0l_datacards/outs/Impacts_CMS_HWW_boosted_SR2a_mcstat_bin6.txt
#	deleted:    ../../../../combination/0l_datacards/outs/Impacts_CMS_HWW_boosted_SR2a_mcstat_bin7.txt
#	deleted:    ../../../../combination/0l_datacards/outs/Impacts_CMS_HWW_boosted_SR2a_mcstat_bin8.txt
#	deleted:    ../../../../combination/0l_datacards/outs/Impacts_CMS_HWW_boosted_SR2a_mcstat_bin9.txt
#	deleted:    ../../../../combination/0l_datacards/outs/Impacts_CMS_HWW_boosted_SR2a_qqH_hww_mcstat_bin0.txt
#	deleted:    ../../../../combination/0l_datacards/outs/Impacts_CMS_HWW_boosted_SR2a_qqH_hww_mcstat_bin1.txt
#	deleted:    ../../../../combination/0l_datacards/outs/Impacts_CMS_HWW_boosted_SR2a_rest_bkg_mcstat_bin1.txt
#	deleted:    ../../../../combination/0l_datacards/outs/Impacts_CMS_HWW_boosted_SR2a_rest_bkg_mcstat_bin18.txt
#	deleted:    ../../../../combination/0l_datacards/outs/Impacts_CMS_HWW_boosted_SR2a_single_top_mcstat_bin18.txt
#	deleted:    ../../../../combination/0l_datacards/outs/Impacts_CMS_HWW_boosted_SR2a_ttH_hww_mcstat_bin0.txt
#	deleted:    ../../../../combination/0l_datacards/outs/Impacts_CMS_HWW_boosted_SR2a_ttH_hww_mcstat_bin1.txt
#	deleted:    ../../../../combination/0l_datacards/outs/Impacts_CMS_HWW_boosted_SR2a_ttH_hww_mcstat_bin18.txt
#	deleted:    ../../../../combination/0l_datacards/outs/Impacts_CMS_HWW_boosted_SR2a_ttbar_mcstat_bin0.txt
#	deleted:    ../../../../combination/0l_datacards/outs/Impacts_CMS_HWW_boosted_SR2a_ttbar_mcstat_bin1.txt
#	deleted:    ../../../../combination/0l_datacards/outs/Impacts_CMS_HWW_boosted_SR2a_ttbar_mcstat_bin18.txt
#	deleted:    ../../../../combination/0l_datacards/outs/Impacts_CMS_HWW_boosted_SR2a_wjets_mcstat_bin0.txt
#	deleted:    ../../../../combination/0l_datacards/outs/Impacts_CMS_HWW_boosted_SR2a_wjets_mcstat_bin1.txt
#	deleted:    ../../../../combination/0l_datacards/outs/Impacts_CMS_HWW_boosted_SR2a_wjets_mcstat_bin18.txt
#	deleted:    ../../../../combination/0l_datacards/outs/Impacts_CMS_HWW_boosted_SR2b_mcstat_bin0.txt
#	deleted:    ../../../../combination/0l_datacards/outs/Impacts_CMS_HWW_boosted_SR2b_mcstat_bin1.txt
#	deleted:    ../../../../combination/0l_datacards/outs/Impacts_CMS_HWW_boosted_SR2b_mcstat_bin10.txt
#	deleted:    ../../../../combination/0l_datacards/outs/Impacts_CMS_HWW_boosted_SR2b_mcstat_bin11.txt
#	deleted:    ../../../../combination/0l_datacards/outs/Impacts_CMS_HWW_boosted_SR2b_mcstat_bin12.txt
#	deleted:    ../../../../combination/0l_datacards/outs/Impacts_CMS_HWW_boosted_SR2b_mcstat_bin13.txt
#	deleted:    ../../../../combination/0l_datacards/outs/Impacts_CMS_HWW_boosted_SR2b_mcstat_bin14.txt
#	deleted:    ../../../../combination/0l_datacards/outs/Impacts_CMS_HWW_boosted_SR2b_mcstat_bin15.txt
#	deleted:    ../../../../combination/0l_datacards/outs/Impacts_CMS_HWW_boosted_SR2b_mcstat_bin16.txt
#	deleted:    ../../../../combination/0l_datacards/outs/Impacts_CMS_HWW_boosted_SR2b_mcstat_bin17.txt
#	deleted:    ../../../../combination/0l_datacards/outs/Impacts_CMS_HWW_boosted_SR2b_mcstat_bin18.txt
#	deleted:    ../../../../combination/0l_datacards/outs/Impacts_CMS_HWW_boosted_SR2b_mcstat_bin19.txt
#	deleted:    ../../../../combination/0l_datacards/outs/Impacts_CMS_HWW_boosted_SR2b_mcstat_bin2.txt
#	deleted:    ../../../../combination/0l_datacards/outs/Impacts_CMS_HWW_boosted_SR2b_mcstat_bin3.txt
#	deleted:    ../../../../combination/0l_datacards/outs/Impacts_CMS_HWW_boosted_SR2b_mcstat_bin4.txt
#	deleted:    ../../../../combination/0l_datacards/outs/Impacts_CMS_HWW_boosted_SR2b_mcstat_bin5.txt
#	deleted:    ../../../../combination/0l_datacards/outs/Impacts_CMS_HWW_boosted_SR2b_mcstat_bin6.txt
#	deleted:    ../../../../combination/0l_datacards/outs/Impacts_CMS_HWW_boosted_SR2b_mcstat_bin7.txt
#	deleted:    ../../../../combination/0l_datacards/outs/Impacts_CMS_HWW_boosted_SR2b_mcstat_bin8.txt
#	deleted:    ../../../../combination/0l_datacards/outs/Impacts_CMS_HWW_boosted_SR2b_mcstat_bin9.txt
#	deleted:    ../../../../combination/0l_datacards/outs/Impacts_CMS_HWW_boosted_electron_veto.txt
#	deleted:    ../../../../combination/0l_datacards/outs/Impacts_CMS_HWW_boosted_jmr_2016.txt
#	deleted:    ../../../../combination/0l_datacards/outs/Impacts_CMS_HWW_boosted_jmr_2016APV.txt
#	deleted:    ../../../../combination/0l_datacards/outs/Impacts_CMS_HWW_boosted_jmr_2017.txt
#	deleted:    ../../../../combination/0l_datacards/outs/Impacts_CMS_HWW_boosted_jmr_2018.txt
#	deleted:    ../../../../combination/0l_datacards/outs/Impacts_CMS_HWW_boosted_jms_2016.txt
#	deleted:    ../../../../combination/0l_datacards/outs/Impacts_CMS_HWW_boosted_jms_2016APV.txt
#	deleted:    ../../../../combination/0l_datacards/outs/Impacts_CMS_HWW_boosted_jms_2017.txt
#	deleted:    ../../../../combination/0l_datacards/outs/Impacts_CMS_HWW_boosted_jms_2018.txt
#	deleted:    ../../../../combination/0l_datacards/outs/Impacts_CMS_HWW_boosted_lp_sf_region_a.txt
#	deleted:    ../../../../combination/0l_datacards/outs/Impacts_CMS_HWW_boosted_lp_sf_region_b.txt
#	deleted:    ../../../../combination/0l_datacards/outs/Impacts_CMS_HWW_boosted_rest_bkg_rate.txt
#	deleted:    ../../../../combination/0l_datacards/outs/Impacts_CMS_HWW_boosted_single_top_rate.txt
#	deleted:    ../../../../combination/0l_datacards/outs/Impacts_CMS_HWW_boosted_tf_dataResidual_CR1_Bin0.txt
#	deleted:    ../../../../combination/0l_datacards/outs/Impacts_CMS_HWW_boosted_tf_dataResidual_CR1_Bin1.txt
#	deleted:    ../../../../combination/0l_datacards/outs/Impacts_CMS_HWW_boosted_tf_dataResidual_CR1_Bin10.txt
#	deleted:    ../../../../combination/0l_datacards/outs/Impacts_CMS_HWW_boosted_tf_dataResidual_CR1_Bin11.txt
#	deleted:    ../../../../combination/0l_datacards/outs/Impacts_CMS_HWW_boosted_tf_dataResidual_CR1_Bin12.txt
#	deleted:    ../../../../combination/0l_datacards/outs/Impacts_CMS_HWW_boosted_tf_dataResidual_CR1_Bin13.txt
#	deleted:    ../../../../combination/0l_datacards/outs/Impacts_CMS_HWW_boosted_tf_dataResidual_CR1_Bin14.txt
#	deleted:    ../../../../combination/0l_datacards/outs/Impacts_CMS_HWW_boosted_tf_dataResidual_CR1_Bin15.txt
#	deleted:    ../../../../combination/0l_datacards/outs/Impacts_CMS_HWW_boosted_tf_dataResidual_CR1_Bin16.txt
#	deleted:    ../../../../combination/0l_datacards/outs/Impacts_CMS_HWW_boosted_tf_dataResidual_CR1_Bin17.txt
#	deleted:    ../../../../combination/0l_datacards/outs/Impacts_CMS_HWW_boosted_tf_dataResidual_CR1_Bin18.txt
#	deleted:    ../../../../combination/0l_datacards/outs/Impacts_CMS_HWW_boosted_tf_dataResidual_CR1_Bin19.txt
#	deleted:    ../../../../combination/0l_datacards/outs/Impacts_CMS_HWW_boosted_tf_dataResidual_CR1_Bin2.txt
#	deleted:    ../../../../combination/0l_datacards/outs/Impacts_CMS_HWW_boosted_tf_dataResidual_CR1_Bin3.txt
#	deleted:    ../../../../combination/0l_datacards/outs/Impacts_CMS_HWW_boosted_tf_dataResidual_CR1_Bin4.txt
#	deleted:    ../../../../combination/0l_datacards/outs/Impacts_CMS_HWW_boosted_tf_dataResidual_CR1_Bin5.txt
#	deleted:    ../../../../combination/0l_datacards/outs/Impacts_CMS_HWW_boosted_tf_dataResidual_CR1_Bin6.txt
#	deleted:    ../../../../combination/0l_datacards/outs/Impacts_CMS_HWW_boosted_tf_dataResidual_CR1_Bin7.txt
#	deleted:    ../../../../combination/0l_datacards/outs/Impacts_CMS_HWW_boosted_tf_dataResidual_CR1_Bin8.txt
#	deleted:    ../../../../combination/0l_datacards/outs/Impacts_CMS_HWW_boosted_tf_dataResidual_CR1_Bin9.txt
#	deleted:    ../../../../combination/0l_datacards/outs/Impacts_CMS_HWW_boosted_tf_dataResidual_CR2_Bin0.txt
#	deleted:    ../../../../combination/0l_datacards/outs/Impacts_CMS_HWW_boosted_tf_dataResidual_CR2_Bin1.txt
#	deleted:    ../../../../combination/0l_datacards/outs/Impacts_CMS_HWW_boosted_tf_dataResidual_CR2_Bin10.txt
#	deleted:    ../../../../combination/0l_datacards/outs/Impacts_CMS_HWW_boosted_tf_dataResidual_CR2_Bin11.txt
#	deleted:    ../../../../combination/0l_datacards/outs/Impacts_CMS_HWW_boosted_tf_dataResidual_CR2_Bin12.txt
#	deleted:    ../../../../combination/0l_datacards/outs/Impacts_CMS_HWW_boosted_tf_dataResidual_CR2_Bin13.txt
#	deleted:    ../../../../combination/0l_datacards/outs/Impacts_CMS_HWW_boosted_tf_dataResidual_CR2_Bin14.txt
#	deleted:    ../../../../combination/0l_datacards/outs/Impacts_CMS_HWW_boosted_tf_dataResidual_CR2_Bin15.txt
#	deleted:    ../../../../combination/0l_datacards/outs/Impacts_CMS_HWW_boosted_tf_dataResidual_CR2_Bin16.txt
#	deleted:    ../../../../combination/0l_datacards/outs/Impacts_CMS_HWW_boosted_tf_dataResidual_CR2_Bin17.txt
#	deleted:    ../../../../combination/0l_datacards/outs/Impacts_CMS_HWW_boosted_tf_dataResidual_CR2_Bin18.txt
#	deleted:    ../../../../combination/0l_datacards/outs/Impacts_CMS_HWW_boosted_tf_dataResidual_CR2_Bin19.txt
#	deleted:    ../../../../combination/0l_datacards/outs/Impacts_CMS_HWW_boosted_tf_dataResidual_CR2_Bin2.txt
#	deleted:    ../../../../combination/0l_datacards/outs/Impacts_CMS_HWW_boosted_tf_dataResidual_CR2_Bin3.txt
#	deleted:    ../../../../combination/0l_datacards/outs/Impacts_CMS_HWW_boosted_tf_dataResidual_CR2_Bin4.txt
#	deleted:    ../../../../combination/0l_datacards/outs/Impacts_CMS_HWW_boosted_tf_dataResidual_CR2_Bin5.txt
#	deleted:    ../../../../combination/0l_datacards/outs/Impacts_CMS_HWW_boosted_tf_dataResidual_CR2_Bin6.txt
#	deleted:    ../../../../combination/0l_datacards/outs/Impacts_CMS_HWW_boosted_tf_dataResidual_CR2_Bin7.txt
#	deleted:    ../../../../combination/0l_datacards/outs/Impacts_CMS_HWW_boosted_tf_dataResidual_CR2_Bin8.txt
#	deleted:    ../../../../combination/0l_datacards/outs/Impacts_CMS_HWW_boosted_tf_dataResidual_CR2_Bin9.txt
#	deleted:    ../../../../combination/0l_datacards/outs/Impacts_CMS_HWW_boosted_tf_dataResidual_a_MH_Reco_par0.txt
#	deleted:    ../../../../combination/0l_datacards/outs/Impacts_CMS_HWW_boosted_tf_dataResidual_a_MH_Reco_par1.txt
#	deleted:    ../../../../combination/0l_datacards/outs/Impacts_CMS_HWW_boosted_tf_dataResidual_a_MH_Reco_par2.txt
#	deleted:    ../../../../combination/0l_datacards/outs/Impacts_CMS_HWW_boosted_tf_dataResidual_a_MH_Reco_par3.txt
#	deleted:    ../../../../combination/0l_datacards/outs/Impacts_CMS_HWW_boosted_tf_dataResidual_b_MH_Reco_par0.txt
#	deleted:    ../../../../combination/0l_datacards/outs/Impacts_CMS_HWW_boosted_tf_dataResidual_b_MH_Reco_par1.txt
#	deleted:    ../../../../combination/0l_datacards/outs/Impacts_CMS_HWW_boosted_tf_dataResidual_b_MH_Reco_par2.txt
#	deleted:    ../../../../combination/0l_datacards/outs/Impacts_CMS_HWW_boosted_tf_dataResidual_b_MH_Reco_par3.txt
#	deleted:    ../../../../combination/0l_datacards/outs/Impacts_CMS_HWW_boosted_tf_dataResidual_b_MH_Reco_par4.txt
#	deleted:    ../../../../combination/0l_datacards/outs/Impacts_CMS_HWW_boosted_tf_dataResidual_b_MH_Reco_par5.txt
#	deleted:    ../../../../combination/0l_datacards/outs/Impacts_CMS_HWW_boosted_tf_dataResidual_b_MH_Reco_par6.txt
#	deleted:    ../../../../combination/0l_datacards/outs/Impacts_CMS_HWW_boosted_triggerEffSF_uncorrelated.txt
#	deleted:    ../../../../combination/0l_datacards/outs/Impacts_CMS_HWW_boosted_ttbar_rate.txt
#	deleted:    ../../../../combination/0l_datacards/outs/Impacts_CMS_HWW_boosted_wjets_rate.txt
#	deleted:    ../../../../combination/0l_datacards/outs/Impacts_CMS_l1_ecal_prefiring_2016.txt
#	deleted:    ../../../../combination/0l_datacards/outs/Impacts_CMS_l1_ecal_prefiring_2016APV.txt
#	deleted:    ../../../../combination/0l_datacards/outs/Impacts_CMS_l1_ecal_prefiring_2017.txt
#	deleted:    ../../../../combination/0l_datacards/outs/Impacts_CMS_pileup_2016.txt
#	deleted:    ../../../../combination/0l_datacards/outs/Impacts_CMS_pileup_2016APV.txt
#	deleted:    ../../../../combination/0l_datacards/outs/Impacts_CMS_pileup_2017.txt
#	deleted:    ../../../../combination/0l_datacards/outs/Impacts_CMS_pileup_2018.txt
#	deleted:    ../../../../combination/0l_datacards/outs/Impacts_CMS_res_j_2016.txt
#	deleted:    ../../../../combination/0l_datacards/outs/Impacts_CMS_res_j_2016APV.txt
#	deleted:    ../../../../combination/0l_datacards/outs/Impacts_CMS_res_j_2017.txt
#	deleted:    ../../../../combination/0l_datacards/outs/Impacts_CMS_res_j_2018.txt
#	deleted:    ../../../../combination/0l_datacards/outs/Impacts_CMS_scale_j_Abs.txt
#	deleted:    ../../../../combination/0l_datacards/outs/Impacts_CMS_scale_j_Abs_2016.txt
#	deleted:    ../../../../combination/0l_datacards/outs/Impacts_CMS_scale_j_Abs_2016APV.txt
#	deleted:    ../../../../combination/0l_datacards/outs/Impacts_CMS_scale_j_Abs_2017.txt
#	deleted:    ../../../../combination/0l_datacards/outs/Impacts_CMS_scale_j_Abs_2018.txt
#	deleted:    ../../../../combination/0l_datacards/outs/Impacts_CMS_scale_j_BBEC1.txt
#	deleted:    ../../../../combination/0l_datacards/outs/Impacts_CMS_scale_j_BBEC1_2016.txt
#	deleted:    ../../../../combination/0l_datacards/outs/Impacts_CMS_scale_j_BBEC1_2016APV.txt
#	deleted:    ../../../../combination/0l_datacards/outs/Impacts_CMS_scale_j_BBEC1_2017.txt
#	deleted:    ../../../../combination/0l_datacards/outs/Impacts_CMS_scale_j_BBEC1_2018.txt
#	deleted:    ../../../../combination/0l_datacards/outs/Impacts_CMS_scale_j_EC2.txt
#	deleted:    ../../../../combination/0l_datacards/outs/Impacts_CMS_scale_j_EC2_2016.txt
#	deleted:    ../../../../combination/0l_datacards/outs/Impacts_CMS_scale_j_EC2_2016APV.txt
#	deleted:    ../../../../combination/0l_datacards/outs/Impacts_CMS_scale_j_EC2_2017.txt
#	deleted:    ../../../../combination/0l_datacards/outs/Impacts_CMS_scale_j_EC2_2018.txt
#	deleted:    ../../../../combination/0l_datacards/outs/Impacts_CMS_scale_j_FlavQCD.txt
#	deleted:    ../../../../combination/0l_datacards/outs/Impacts_CMS_scale_j_HF.txt
#	deleted:    ../../../../combination/0l_datacards/outs/Impacts_CMS_scale_j_HF_2016.txt
#	deleted:    ../../../../combination/0l_datacards/outs/Impacts_CMS_scale_j_HF_2016APV.txt
#	deleted:    ../../../../combination/0l_datacards/outs/Impacts_CMS_scale_j_HF_2017.txt
#	deleted:    ../../../../combination/0l_datacards/outs/Impacts_CMS_scale_j_HF_2018.txt
#	deleted:    ../../../../combination/0l_datacards/outs/Impacts_CMS_scale_j_RelBal.txt
#	deleted:    ../../../../combination/0l_datacards/outs/Impacts_CMS_scale_j_RelSample_2016.txt
#	deleted:    ../../../../combination/0l_datacards/outs/Impacts_CMS_scale_j_RelSample_2016APV.txt
#	deleted:    ../../../../combination/0l_datacards/outs/Impacts_CMS_scale_j_RelSample_2017.txt
#	deleted:    ../../../../combination/0l_datacards/outs/Impacts_CMS_scale_j_RelSample_2018.txt
#	deleted:    ../../../../combination/0l_datacards/outs/Impacts_PDF_WH_ACCEPT_CMS_HWW_boosted.txt
#	deleted:    ../../../../combination/0l_datacards/outs/Impacts_PDF_ZH_ACCEPT_CMS_HWW_boosted.txt
#	deleted:    ../../../../combination/0l_datacards/outs/Impacts_PDF_ggH_ACCEPT_CMS_HWW_boosted.txt
#	deleted:    ../../../../combination/0l_datacards/outs/Impacts_PDF_qqH_ACCEPT_CMS_HWW_boosted.txt
#	deleted:    ../../../../combination/0l_datacards/outs/Impacts_PDF_single_top_ACCEPT_CMS_HWW_boosted.txt
#	deleted:    ../../../../combination/0l_datacards/outs/Impacts_PDF_ttH_ACCEPT_CMS_HWW_boosted.txt
#	deleted:    ../../../../combination/0l_datacards/outs/Impacts_PDF_ttbar_ACCEPT_CMS_HWW_boosted.txt
#	deleted:    ../../../../combination/0l_datacards/outs/Impacts_PDF_wjets_ACCEPT_CMS_HWW_boosted.txt
#	deleted:    ../../../../combination/0l_datacards/outs/Impacts_QCDscale_WH.txt
#	deleted:    ../../../../combination/0l_datacards/outs/Impacts_QCDscale_WH_ACCEPT_CMS_HWW_boosted.txt
#	deleted:    ../../../../combination/0l_datacards/outs/Impacts_QCDscale_ZH.txt
#	deleted:    ../../../../combination/0l_datacards/outs/Impacts_QCDscale_ZH_ACCEPT_CMS_HWW_boosted.txt
#	deleted:    ../../../../combination/0l_datacards/outs/Impacts_QCDscale_ggH.txt
#	deleted:    ../../../../combination/0l_datacards/outs/Impacts_QCDscale_ggH_ACCEPT_CMS_HWW_boosted.txt
#	deleted:    ../../../../combination/0l_datacards/outs/Impacts_QCDscale_qqH.txt
#	deleted:    ../../../../combination/0l_datacards/outs/Impacts_QCDscale_qqH_ACCEPT_CMS_HWW_boosted.txt
#	deleted:    ../../../../combination/0l_datacards/outs/Impacts_QCDscale_rest_bkg.txt
#	deleted:    ../../../../combination/0l_datacards/outs/Impacts_QCDscale_single_top.txt
#	deleted:    ../../../../combination/0l_datacards/outs/Impacts_QCDscale_single_top_ACCEPT_CMS_HWW_boosted.txt
#	deleted:    ../../../../combination/0l_datacards/outs/Impacts_QCDscale_ttH.txt
#	deleted:    ../../../../combination/0l_datacards/outs/Impacts_QCDscale_ttH_ACCEPT_CMS_HWW_boosted.txt
#	deleted:    ../../../../combination/0l_datacards/outs/Impacts_QCDscale_ttbar.txt
#	deleted:    ../../../../combination/0l_datacards/outs/Impacts_QCDscale_ttbar_ACCEPT_CMS_HWW_boosted.txt
#	deleted:    ../../../../combination/0l_datacards/outs/Impacts_QCDscale_wjets.txt
#	deleted:    ../../../../combination/0l_datacards/outs/Impacts_QCDscale_wjets_ACCEPT_CMS_HWW_boosted.txt
#	deleted:    ../../../../combination/0l_datacards/outs/Impacts_alpha_s.txt
#	deleted:    ../../../../combination/0l_datacards/outs/Impacts_collect.txt
#	modified:   ../../../../combination/0l_datacards/outs/Impacts_init.txt
#	deleted:    ../../../../combination/0l_datacards/outs/Impacts_lumi_13TeV_1718.txt
#	deleted:    ../../../../combination/0l_datacards/outs/Impacts_lumi_13TeV_2016.txt
#	deleted:    ../../../../combination/0l_datacards/outs/Impacts_lumi_13TeV_2017.txt
#	deleted:    ../../../../combination/0l_datacards/outs/Impacts_lumi_13TeV_2018.txt
#	deleted:    ../../../../combination/0l_datacards/outs/Impacts_lumi_13TeV_correlated.txt
#	deleted:    ../../../../combination/0l_datacards/outs/Impacts_pdf_Higgs_WH.txt
#	deleted:    ../../../../combination/0l_datacards/outs/Impacts_pdf_Higgs_ZH.txt
#	deleted:    ../../../../combination/0l_datacards/outs/Impacts_pdf_Higgs_ggH.txt
#	deleted:    ../../../../combination/0l_datacards/outs/Impacts_pdf_Higgs_qqH.txt
#	deleted:    ../../../../combination/0l_datacards/outs/Impacts_pdf_Higgs_ttH.txt
#	deleted:    ../../../../combination/0l_datacards/outs/Impacts_pdf_rest_bkg.txt
#	deleted:    ../../../../combination/0l_datacards/outs/Impacts_pdf_single_top.txt
#	deleted:    ../../../../combination/0l_datacards/outs/Impacts_pdf_ttbar.txt
#	deleted:    ../../../../combination/0l_datacards/outs/Impacts_pdf_wjets.txt
#	deleted:    ../../../../combination/0l_datacards/outs/Impacts_ps_fsr_WH.txt
#	deleted:    ../../../../combination/0l_datacards/outs/Impacts_ps_fsr_ZH.txt
#	deleted:    ../../../../combination/0l_datacards/outs/Impacts_ps_fsr_ggH.txt
#	deleted:    ../../../../combination/0l_datacards/outs/Impacts_ps_fsr_qqH.txt
#	deleted:    ../../../../combination/0l_datacards/outs/Impacts_ps_fsr_rest_bkg.txt
#	deleted:    ../../../../combination/0l_datacards/outs/Impacts_ps_fsr_single_top.txt
#	deleted:    ../../../../combination/0l_datacards/outs/Impacts_ps_fsr_ttH.txt
#	deleted:    ../../../../combination/0l_datacards/outs/Impacts_ps_fsr_ttbar.txt
#	deleted:    ../../../../combination/0l_datacards/outs/Impacts_ps_fsr_wjets.txt
#	deleted:    ../../../../combination/0l_datacards/outs/Impacts_ps_isr_WH.txt
#	deleted:    ../../../../combination/0l_datacards/outs/Impacts_ps_isr_ZH.txt
#	deleted:    ../../../../combination/0l_datacards/outs/Impacts_ps_isr_ggH.txt
#	deleted:    ../../../../combination/0l_datacards/outs/Impacts_ps_isr_qqH.txt
#	deleted:    ../../../../combination/0l_datacards/outs/Impacts_ps_isr_rest_bkg.txt
#	deleted:    ../../../../combination/0l_datacards/outs/Impacts_ps_isr_single_top.txt
#	deleted:    ../../../../combination/0l_datacards/outs/Impacts_ps_isr_ttH.txt
#	deleted:    ../../../../combination/0l_datacards/outs/Impacts_ps_isr_ttbar.txt
#	deleted:    ../../../../combination/0l_datacards/outs/Impacts_ps_isr_wjets.txt
#	deleted:    ../../../../combination/0l_datacards/outs/Impacts_unclustered_Energy.txt
#	modified:   ../../../../combination/0l_datacards/outs/MultiDimFit.txt
#	modified:   ../../../../combination/0l_datacards/outs/Significance.txt
#	deleted:    ../../../../combination/0l_datacards/roostats-gZF9mZ.root
#	deleted:    ../../../../combination/0l_datacards/roostats-ru32UF.root
#	modified:   ../../../../combination/1l_datacards/TopCR.txt
#	modified:   ../../../../combination/1l_datacards/VBF.txt
#	modified:   ../../../../combination/1l_datacards/WJetsCR.txt
#	modified:   ../../../../combination/1l_datacards/combine_logger.out
#	modified:   ../../../../combination/1l_datacards/combined.txt
#	deleted:    ../../../../combination/1l_datacards/combined/combined.txt
#	deleted:    ../../../../combination/1l_datacards/combined/logs/text2workspace.txt
#	deleted:    ../../../../combination/1l_datacards/combined/workspace.root
#	modified:   ../../../../combination/1l_datacards/combined_withmasks.root
#	deleted:    ../../../../combination/1l_datacards/combined_withmasks_asimov.root
#	modified:   ../../../../combination/1l_datacards/ggFpt250to350.txt
#	modified:   ../../../../combination/1l_datacards/ggFpt350to500.txt
#	modified:   ../../../../combination/1l_datacards/ggFpt500toInf.txt
#	modified:   ../../../../combination/1l_datacards/higgsCombineTest.AsymptoticLimits.mH120.root
#	modified:   ../../../../combination/1l_datacards/higgsCombineTest.Significance.mH120.root
#	modified:   ../../../../combination/1l_datacards/higgsCombine_initialFit_Test.MultiDimFit.mH125.root
#	modified:   ../../../../combination/1l_datacards/higgsCombine_paramFit_Test_BR_hww.MultiDimFit.mH125.root
#	modified:   ../../../../combination/1l_datacards/higgsCombine_paramFit_Test_CMS_HWW_boosted_EW_unc.MultiDimFit.mH125.root
#	modified:   ../../../../combination/1l_datacards/higgsCombine_paramFit_Test_CMS_HWW_boosted_FakeRate_EWK_SF_statistical_uncertainty.MultiDimFit.mH125.root
#	modified:   ../../../../combination/1l_datacards/higgsCombine_paramFit_Test_CMS_HWW_boosted_FakeRate_statistical_uncertainty.MultiDimFit.mH125.root
#	modified:   ../../../../combination/1l_datacards/higgsCombine_paramFit_Test_CMS_HWW_boosted_Fake_SF_uncertainty.MultiDimFit.mH125.root
#	modified:   ../../../../combination/1l_datacards/higgsCombine_paramFit_Test_CMS_HWW_boosted_TopCR_mcstat_bin0.MultiDimFit.mH125.root
#	modified:   ../../../../combination/1l_datacards/higgsCombine_paramFit_Test_CMS_HWW_boosted_TopCR_mcstat_bin1.MultiDimFit.mH125.root
#	modified:   ../../../../combination/1l_datacards/higgsCombine_paramFit_Test_CMS_HWW_boosted_TopCR_mcstat_bin2.MultiDimFit.mH125.root
#	modified:   ../../../../combination/1l_datacards/higgsCombine_paramFit_Test_CMS_HWW_boosted_TopCR_mcstat_bin3.MultiDimFit.mH125.root
#	modified:   ../../../../combination/1l_datacards/higgsCombine_paramFit_Test_CMS_HWW_boosted_TopCR_mcstat_bin4.MultiDimFit.mH125.root
#	modified:   ../../../../combination/1l_datacards/higgsCombine_paramFit_Test_CMS_HWW_boosted_TopCR_mcstat_bin5.MultiDimFit.mH125.root
#	modified:   ../../../../combination/1l_datacards/higgsCombine_paramFit_Test_CMS_HWW_boosted_TopCR_mcstat_bin6.MultiDimFit.mH125.root
#	modified:   ../../../../combination/1l_datacards/higgsCombine_paramFit_Test_CMS_HWW_boosted_TopCR_mcstat_bin7.MultiDimFit.mH125.root
#	deleted:    ../../../../combination/1l_datacards/higgsCombine_paramFit_Test_CMS_HWW_boosted_TopCR_mcstat_bin8.MultiDimFit.mH125.root
#	modified:   ../../../../combination/1l_datacards/higgsCombine_paramFit_Test_CMS_HWW_boosted_TopPtReweight.MultiDimFit.mH125.root
#	modified:   ../../../../combination/1l_datacards/higgsCombine_paramFit_Test_CMS_HWW_boosted_VBF_mcstat_bin0.MultiDimFit.mH125.root
#	modified:   ../../../../combination/1l_datacards/higgsCombine_paramFit_Test_CMS_HWW_boosted_VBF_mcstat_bin1.MultiDimFit.mH125.root
#	modified:   ../../../../combination/1l_datacards/higgsCombine_paramFit_Test_CMS_HWW_boosted_VBF_mcstat_bin2.MultiDimFit.mH125.root
#	modified:   ../../../../combination/1l_datacards/higgsCombine_paramFit_Test_CMS_HWW_boosted_VBF_mcstat_bin3.MultiDimFit.mH125.root
#	modified:   ../../../../combination/1l_datacards/higgsCombine_paramFit_Test_CMS_HWW_boosted_VBF_mcstat_bin4.MultiDimFit.mH125.root
#	modified:   ../../../../combination/1l_datacards/higgsCombine_paramFit_Test_CMS_HWW_boosted_VBF_mcstat_bin5.MultiDimFit.mH125.root
#	modified:   ../../../../combination/1l_datacards/higgsCombine_paramFit_Test_CMS_HWW_boosted_VBF_mcstat_bin6.MultiDimFit.mH125.root
#	modified:   ../../../../combination/1l_datacards/higgsCombine_paramFit_Test_CMS_HWW_boosted_VBF_mcstat_bin7.MultiDimFit.mH125.root
#	deleted:    ../../../../combination/1l_datacards/higgsCombine_paramFit_Test_CMS_HWW_boosted_VBF_mcstat_bin8.MultiDimFit.mH125.root
#	modified:   ../../../../combination/1l_datacards/higgsCombine_paramFit_Test_CMS_HWW_boosted_WJetsCR_mcstat_bin0.MultiDimFit.mH125.root
#	modified:   ../../../../combination/1l_datacards/higgsCombine_paramFit_Test_CMS_HWW_boosted_WJetsCR_mcstat_bin1.MultiDimFit.mH125.root
#	modified:   ../../../../combination/1l_datacards/higgsCombine_paramFit_Test_CMS_HWW_boosted_WJetsCR_mcstat_bin2.MultiDimFit.mH125.root
#	modified:   ../../../../combination/1l_datacards/higgsCombine_paramFit_Test_CMS_HWW_boosted_WJetsCR_mcstat_bin3.MultiDimFit.mH125.root
#	modified:   ../../../../combination/1l_datacards/higgsCombine_paramFit_Test_CMS_HWW_boosted_WJetsCR_mcstat_bin4.MultiDimFit.mH125.root
#	modified:   ../../../../combination/1l_datacards/higgsCombine_paramFit_Test_CMS_HWW_boosted_WJetsCR_mcstat_bin5.MultiDimFit.mH125.root
#	modified:   ../../../../combination/1l_datacards/higgsCombine_paramFit_Test_CMS_HWW_boosted_WJetsCR_mcstat_bin6.MultiDimFit.mH125.root
#	modified:   ../../../../combination/1l_datacards/higgsCombine_paramFit_Test_CMS_HWW_boosted_WJetsCR_mcstat_bin7.MultiDimFit.mH125.root
#	deleted:    ../../../../combination/1l_datacards/higgsCombine_paramFit_Test_CMS_HWW_boosted_WJetsCR_mcstat_bin8.MultiDimFit.mH125.root
#	modified:   ../../../../combination/1l_datacards/higgsCombine_paramFit_Test_CMS_HWW_boosted_W_d1kappa_EW.MultiDimFit.mH125.root
#	modified:   ../../../../combination/1l_datacards/higgsCombine_paramFit_Test_CMS_HWW_boosted_W_d2kappa_EW.MultiDimFit.mH125.root
#	modified:   ../../../../combination/1l_datacards/higgsCombine_paramFit_Test_CMS_HWW_boosted_W_d3kappa_EW.MultiDimFit.mH125.root
#	modified:   ../../../../combination/1l_datacards/higgsCombine_paramFit_Test_CMS_HWW_boosted_Z_d2kappa_EW.MultiDimFit.mH125.root
#	modified:   ../../../../combination/1l_datacards/higgsCombine_paramFit_Test_CMS_HWW_boosted_Z_d3kappa_EW.MultiDimFit.mH125.root
#	modified:   ../../../../combination/1l_datacards/higgsCombine_paramFit_Test_CMS_HWW_boosted_btagSFbcCorrelated.MultiDimFit.mH125.root
#	modified:   ../../../../combination/1l_datacards/higgsCombine_paramFit_Test_CMS_HWW_boosted_btagSFbc_2016.MultiDimFit.mH125.root
#	modified:   ../../../../combination/1l_datacards/higgsCombine_paramFit_Test_CMS_HWW_boosted_btagSFbc_2016APV.MultiDimFit.mH125.root
#	modified:   ../../../../combination/1l_datacards/higgsCombine_paramFit_Test_CMS_HWW_boosted_btagSFbc_2017.MultiDimFit.mH125.root
#	modified:   ../../../../combination/1l_datacards/higgsCombine_paramFit_Test_CMS_HWW_boosted_btagSFbc_2018.MultiDimFit.mH125.root
#	modified:   ../../../../combination/1l_datacards/higgsCombine_paramFit_Test_CMS_HWW_boosted_btagSFlightCorrelated.MultiDimFit.mH125.root
#	modified:   ../../../../combination/1l_datacards/higgsCombine_paramFit_Test_CMS_HWW_boosted_btagSFlight_2016.MultiDimFit.mH125.root
#	modified:   ../../../../combination/1l_datacards/higgsCombine_paramFit_Test_CMS_HWW_boosted_btagSFlight_2016APV.MultiDimFit.mH125.root
#	modified:   ../../../../combination/1l_datacards/higgsCombine_paramFit_Test_CMS_HWW_boosted_btagSFlight_2017.MultiDimFit.mH125.root
#	modified:   ../../../../combination/1l_datacards/higgsCombine_paramFit_Test_CMS_HWW_boosted_btagSFlight_2018.MultiDimFit.mH125.root
#	modified:   ../../../../combination/1l_datacards/higgsCombine_paramFit_Test_CMS_HWW_boosted_d1K_NLO.MultiDimFit.mH125.root
#	modified:   ../../../../combination/1l_datacards/higgsCombine_paramFit_Test_CMS_HWW_boosted_d2K_NLO.MultiDimFit.mH125.root
#	modified:   ../../../../combination/1l_datacards/higgsCombine_paramFit_Test_CMS_HWW_boosted_d3K_NLO.MultiDimFit.mH125.root
#	modified:   ../../../../combination/1l_datacards/higgsCombine_paramFit_Test_CMS_HWW_boosted_ele_identification_2016.MultiDimFit.mH125.root
#	modified:   ../../../../combination/1l_datacards/higgsCombine_paramFit_Test_CMS_HWW_boosted_ele_identification_2016APV.MultiDimFit.mH125.root
#	modified:   ../../../../combination/1l_datacards/higgsCombine_paramFit_Test_CMS_HWW_boosted_ele_identification_2017.MultiDimFit.mH125.root
#	modified:   ../../../../combination/1l_datacards/higgsCombine_paramFit_Test_CMS_HWW_boosted_ele_identification_2018.MultiDimFit.mH125.root
#	modified:   ../../../../combination/1l_datacards/higgsCombine_paramFit_Test_CMS_HWW_boosted_ele_reconstruction_2016.MultiDimFit.mH125.root
#	modified:   ../../../../combination/1l_datacards/higgsCombine_paramFit_Test_CMS_HWW_boosted_ele_reconstruction_2016APV.MultiDimFit.mH125.root
#	modified:   ../../../../combination/1l_datacards/higgsCombine_paramFit_Test_CMS_HWW_boosted_ele_reconstruction_2017.MultiDimFit.mH125.root
#	modified:   ../../../../combination/1l_datacards/higgsCombine_paramFit_Test_CMS_HWW_boosted_ele_reconstruction_2018.MultiDimFit.mH125.root
#	modified:   ../../../../combination/1l_datacards/higgsCombine_paramFit_Test_CMS_HWW_boosted_ele_trigger_stat_unc_2016.MultiDimFit.mH125.root
#	modified:   ../../../../combination/1l_datacards/higgsCombine_paramFit_Test_CMS_HWW_boosted_ele_trigger_stat_unc_2016APV.MultiDimFit.mH125.root
#	modified:   ../../../../combination/1l_datacards/higgsCombine_paramFit_Test_CMS_HWW_boosted_ele_trigger_stat_unc_2017.MultiDimFit.mH125.root
#	modified:   ../../../../combination/1l_datacards/higgsCombine_paramFit_Test_CMS_HWW_boosted_ele_trigger_stat_unc_2018.MultiDimFit.mH125.root
#	modified:   ../../../../combination/1l_datacards/higgsCombine_paramFit_Test_CMS_HWW_boosted_ele_trigger_syst_unc.MultiDimFit.mH125.root
#	modified:   ../../../../combination/1l_datacards/higgsCombine_paramFit_Test_CMS_HWW_boosted_ggFpt250to350_mcstat_bin0.MultiDimFit.mH125.root
#	modified:   ../../../../combination/1l_datacards/higgsCombine_paramFit_Test_CMS_HWW_boosted_ggFpt250to350_mcstat_bin1.MultiDimFit.mH125.root
#	modified:   ../../../../combination/1l_datacards/higgsCombine_paramFit_Test_CMS_HWW_boosted_ggFpt250to350_mcstat_bin2.MultiDimFit.mH125.root
#	modified:   ../../../../combination/1l_datacards/higgsCombine_paramFit_Test_CMS_HWW_boosted_ggFpt250to350_mcstat_bin3.MultiDimFit.mH125.root
#	modified:   ../../../../combination/1l_datacards/higgsCombine_paramFit_Test_CMS_HWW_boosted_ggFpt250to350_mcstat_bin4.MultiDimFit.mH125.root
#	modified:   ../../../../combination/1l_datacards/higgsCombine_paramFit_Test_CMS_HWW_boosted_ggFpt250to350_mcstat_bin5.MultiDimFit.mH125.root
#	modified:   ../../../../combination/1l_datacards/higgsCombine_paramFit_Test_CMS_HWW_boosted_ggFpt250to350_mcstat_bin6.MultiDimFit.mH125.root
#	modified:   ../../../../combination/1l_datacards/higgsCombine_paramFit_Test_CMS_HWW_boosted_ggFpt250to350_mcstat_bin7.MultiDimFit.mH125.root
#	deleted:    ../../../../combination/1l_datacards/higgsCombine_paramFit_Test_CMS_HWW_boosted_ggFpt250to350_mcstat_bin8.MultiDimFit.mH125.root
#	modified:   ../../../../combination/1l_datacards/higgsCombine_paramFit_Test_CMS_HWW_boosted_ggFpt350to500_mcstat_bin0.MultiDimFit.mH125.root
#	modified:   ../../../../combination/1l_datacards/higgsCombine_paramFit_Test_CMS_HWW_boosted_ggFpt350to500_mcstat_bin1.MultiDimFit.mH125.root
#	modified:   ../../../../combination/1l_datacards/higgsCombine_paramFit_Test_CMS_HWW_boosted_ggFpt350to500_mcstat_bin2.MultiDimFit.mH125.root
#	modified:   ../../../../combination/1l_datacards/higgsCombine_paramFit_Test_CMS_HWW_boosted_ggFpt350to500_mcstat_bin3.MultiDimFit.mH125.root
#	modified:   ../../../../combination/1l_datacards/higgsCombine_paramFit_Test_CMS_HWW_boosted_ggFpt350to500_mcstat_bin4.MultiDimFit.mH125.root
#	modified:   ../../../../combination/1l_datacards/higgsCombine_paramFit_Test_CMS_HWW_boosted_ggFpt350to500_mcstat_bin5.MultiDimFit.mH125.root
#	modified:   ../../../../combination/1l_datacards/higgsCombine_paramFit_Test_CMS_HWW_boosted_ggFpt350to500_mcstat_bin6.MultiDimFit.mH125.root
#	modified:   ../../../../combination/1l_datacards/higgsCombine_paramFit_Test_CMS_HWW_boosted_ggFpt350to500_mcstat_bin7.MultiDimFit.mH125.root
#	deleted:    ../../../../combination/1l_datacards/higgsCombine_paramFit_Test_CMS_HWW_boosted_ggFpt350to500_mcstat_bin8.MultiDimFit.mH125.root
#	modified:   ../../../../combination/1l_datacards/higgsCombine_paramFit_Test_CMS_HWW_boosted_ggFpt500toInf_mcstat_bin0.MultiDimFit.mH125.root
#	modified:   ../../../../combination/1l_datacards/higgsCombine_paramFit_Test_CMS_HWW_boosted_ggFpt500toInf_mcstat_bin1.MultiDimFit.mH125.root
#	modified:   ../../../../combination/1l_datacards/higgsCombine_paramFit_Test_CMS_HWW_boosted_ggFpt500toInf_mcstat_bin2.MultiDimFit.mH125.root
#	modified:   ../../../../combination/1l_datacards/higgsCombine_paramFit_Test_CMS_HWW_boosted_ggFpt500toInf_mcstat_bin3.MultiDimFit.mH125.root
#	modified:   ../../../../combination/1l_datacards/higgsCombine_paramFit_Test_CMS_HWW_boosted_ggFpt500toInf_mcstat_bin4.MultiDimFit.mH125.root
#	modified:   ../../../../combination/1l_datacards/higgsCombine_paramFit_Test_CMS_HWW_boosted_ggFpt500toInf_mcstat_bin5.MultiDimFit.mH125.root
#	modified:   ../../../../combination/1l_datacards/higgsCombine_paramFit_Test_CMS_HWW_boosted_ggFpt500toInf_mcstat_bin6.MultiDimFit.mH125.root
#	modified:   ../../../../combination/1l_datacards/higgsCombine_paramFit_Test_CMS_HWW_boosted_ggFpt500toInf_mcstat_bin7.MultiDimFit.mH125.root
#	deleted:    ../../../../combination/1l_datacards/higgsCombine_paramFit_Test_CMS_HWW_boosted_ggFpt500toInf_mcstat_bin8.MultiDimFit.mH125.root
#	modified:   ../../../../combination/1l_datacards/higgsCombine_paramFit_Test_CMS_HWW_boosted_jmr_2016.MultiDimFit.mH125.root
#	modified:   ../../../../combination/1l_datacards/higgsCombine_paramFit_Test_CMS_HWW_boosted_jmr_2016APV.MultiDimFit.mH125.root
#	modified:   ../../../../combination/1l_datacards/higgsCombine_paramFit_Test_CMS_HWW_boosted_jmr_2017.MultiDimFit.mH125.root
#	modified:   ../../../../combination/1l_datacards/higgsCombine_paramFit_Test_CMS_HWW_boosted_jmr_2018.MultiDimFit.mH125.root
#	modified:   ../../../../combination/1l_datacards/higgsCombine_paramFit_Test_CMS_HWW_boosted_jms_2016.MultiDimFit.mH125.root
#	modified:   ../../../../combination/1l_datacards/higgsCombine_paramFit_Test_CMS_HWW_boosted_jms_2016APV.MultiDimFit.mH125.root
#	modified:   ../../../../combination/1l_datacards/higgsCombine_paramFit_Test_CMS_HWW_boosted_jms_2017.MultiDimFit.mH125.root
#	modified:   ../../../../combination/1l_datacards/higgsCombine_paramFit_Test_CMS_HWW_boosted_jms_2018.MultiDimFit.mH125.root
#	modified:   ../../../../combination/1l_datacards/higgsCombine_paramFit_Test_CMS_HWW_boosted_miniisolation_SF_unc.MultiDimFit.mH125.root
#	modified:   ../../../../combination/1l_datacards/higgsCombine_paramFit_Test_CMS_HWW_boosted_mu_identification_stat_2016.MultiDimFit.mH125.root
#	modified:   ../../../../combination/1l_datacards/higgsCombine_paramFit_Test_CMS_HWW_boosted_mu_identification_stat_2016APV.MultiDimFit.mH125.root
#	modified:   ../../../../combination/1l_datacards/higgsCombine_paramFit_Test_CMS_HWW_boosted_mu_identification_stat_2017.MultiDimFit.mH125.root
#	modified:   ../../../../combination/1l_datacards/higgsCombine_paramFit_Test_CMS_HWW_boosted_mu_identification_stat_2018.MultiDimFit.mH125.root
#	modified:   ../../../../combination/1l_datacards/higgsCombine_paramFit_Test_CMS_HWW_boosted_mu_identification_syst.MultiDimFit.mH125.root
#	modified:   ../../../../combination/1l_datacards/higgsCombine_paramFit_Test_CMS_HWW_boosted_mu_isolation.MultiDimFit.mH125.root
#	modified:   ../../../../combination/1l_datacards/higgsCombine_paramFit_Test_CMS_HWW_boosted_mu_trigger.MultiDimFit.mH125.root
#	modified:   ../../../../combination/1l_datacards/higgsCombine_paramFit_Test_CMS_HWW_boosted_mu_trigger_iso.MultiDimFit.mH125.root
#	modified:   ../../../../combination/1l_datacards/higgsCombine_paramFit_Test_CMS_HWW_boosted_taggereff.MultiDimFit.mH125.root
#	modified:   ../../../../combination/1l_datacards/higgsCombine_paramFit_Test_CMS_l1_ecal_prefiring_2016.MultiDimFit.mH125.root
#	modified:   ../../../../combination/1l_datacards/higgsCombine_paramFit_Test_CMS_l1_ecal_prefiring_2016APV.MultiDimFit.mH125.root
#	modified:   ../../../../combination/1l_datacards/higgsCombine_paramFit_Test_CMS_l1_ecal_prefiring_2017.MultiDimFit.mH125.root
#	modified:   ../../../../combination/1l_datacards/higgsCombine_paramFit_Test_CMS_pileup_2016.MultiDimFit.mH125.root
#	modified:   ../../../../combination/1l_datacards/higgsCombine_paramFit_Test_CMS_pileup_2016APV.MultiDimFit.mH125.root
#	modified:   ../../../../combination/1l_datacards/higgsCombine_paramFit_Test_CMS_pileup_2017.MultiDimFit.mH125.root
#	modified:   ../../../../combination/1l_datacards/higgsCombine_paramFit_Test_CMS_pileup_2018.MultiDimFit.mH125.root
#	modified:   ../../../../combination/1l_datacards/higgsCombine_paramFit_Test_CMS_pileup_id.MultiDimFit.mH125.root
#	modified:   ../../../../combination/1l_datacards/higgsCombine_paramFit_Test_CMS_res_j_2016.MultiDimFit.mH125.root
#	modified:   ../../../../combination/1l_datacards/higgsCombine_paramFit_Test_CMS_res_j_2016APV.MultiDimFit.mH125.root
#	modified:   ../../../../combination/1l_datacards/higgsCombine_paramFit_Test_CMS_res_j_2017.MultiDimFit.mH125.root
#	modified:   ../../../../combination/1l_datacards/higgsCombine_paramFit_Test_CMS_res_j_2018.MultiDimFit.mH125.root
#	modified:   ../../../../combination/1l_datacards/higgsCombine_paramFit_Test_CMS_scale_j_Abs.MultiDimFit.mH125.root
#	modified:   ../../../../combination/1l_datacards/higgsCombine_paramFit_Test_CMS_scale_j_Abs_2016.MultiDimFit.mH125.root
#	modified:   ../../../../combination/1l_datacards/higgsCombine_paramFit_Test_CMS_scale_j_Abs_2016APV.MultiDimFit.mH125.root
#	modified:   ../../../../combination/1l_datacards/higgsCombine_paramFit_Test_CMS_scale_j_Abs_2017.MultiDimFit.mH125.root
#	modified:   ../../../../combination/1l_datacards/higgsCombine_paramFit_Test_CMS_scale_j_Abs_2018.MultiDimFit.mH125.root
#	modified:   ../../../../combination/1l_datacards/higgsCombine_paramFit_Test_CMS_scale_j_BBEC1.MultiDimFit.mH125.root
#	modified:   ../../../../combination/1l_datacards/higgsCombine_paramFit_Test_CMS_scale_j_BBEC1_2016.MultiDimFit.mH125.root
#	modified:   ../../../../combination/1l_datacards/higgsCombine_paramFit_Test_CMS_scale_j_BBEC1_2016APV.MultiDimFit.mH125.root
#	modified:   ../../../../combination/1l_datacards/higgsCombine_paramFit_Test_CMS_scale_j_BBEC1_2017.MultiDimFit.mH125.root
#	modified:   ../../../../combination/1l_datacards/higgsCombine_paramFit_Test_CMS_scale_j_BBEC1_2018.MultiDimFit.mH125.root
#	modified:   ../../../../combination/1l_datacards/higgsCombine_paramFit_Test_CMS_scale_j_EC2.MultiDimFit.mH125.root
#	modified:   ../../../../combination/1l_datacards/higgsCombine_paramFit_Test_CMS_scale_j_EC2_2016.MultiDimFit.mH125.root
#	modified:   ../../../../combination/1l_datacards/higgsCombine_paramFit_Test_CMS_scale_j_EC2_2016APV.MultiDimFit.mH125.root
#	modified:   ../../../../combination/1l_datacards/higgsCombine_paramFit_Test_CMS_scale_j_EC2_2017.MultiDimFit.mH125.root
#	modified:   ../../../../combination/1l_datacards/higgsCombine_paramFit_Test_CMS_scale_j_EC2_2018.MultiDimFit.mH125.root
#	modified:   ../../../../combination/1l_datacards/higgsCombine_paramFit_Test_CMS_scale_j_FlavQCD.MultiDimFit.mH125.root
#	modified:   ../../../../combination/1l_datacards/higgsCombine_paramFit_Test_CMS_scale_j_HF.MultiDimFit.mH125.root
#	modified:   ../../../../combination/1l_datacards/higgsCombine_paramFit_Test_CMS_scale_j_HF_2016.MultiDimFit.mH125.root
#	modified:   ../../../../combination/1l_datacards/higgsCombine_paramFit_Test_CMS_scale_j_HF_2016APV.MultiDimFit.mH125.root
#	modified:   ../../../../combination/1l_datacards/higgsCombine_paramFit_Test_CMS_scale_j_HF_2017.MultiDimFit.mH125.root
#	modified:   ../../../../combination/1l_datacards/higgsCombine_paramFit_Test_CMS_scale_j_HF_2018.MultiDimFit.mH125.root
#	modified:   ../../../../combination/1l_datacards/higgsCombine_paramFit_Test_CMS_scale_j_RelBal.MultiDimFit.mH125.root
#	modified:   ../../../../combination/1l_datacards/higgsCombine_paramFit_Test_CMS_scale_j_RelSample_2016.MultiDimFit.mH125.root
#	modified:   ../../../../combination/1l_datacards/higgsCombine_paramFit_Test_CMS_scale_j_RelSample_2016APV.MultiDimFit.mH125.root
#	modified:   ../../../../combination/1l_datacards/higgsCombine_paramFit_Test_CMS_scale_j_RelSample_2017.MultiDimFit.mH125.root
#	modified:   ../../../../combination/1l_datacards/higgsCombine_paramFit_Test_CMS_scale_j_RelSample_2018.MultiDimFit.mH125.root
#	modified:   ../../../../combination/1l_datacards/higgsCombine_paramFit_Test_PDF_WH_ACCEPT_CMS_HWW_boosted.MultiDimFit.mH125.root
#	modified:   ../../../../combination/1l_datacards/higgsCombine_paramFit_Test_PDF_ZH_ACCEPT_CMS_HWW_boosted.MultiDimFit.mH125.root
#	modified:   ../../../../combination/1l_datacards/higgsCombine_paramFit_Test_PDF_ggH_ACCEPT_CMS_HWW_boosted.MultiDimFit.mH125.root
#	modified:   ../../../../combination/1l_datacards/higgsCombine_paramFit_Test_PDF_qqH_ACCEPT_CMS_HWW_boosted.MultiDimFit.mH125.root
#	modified:   ../../../../combination/1l_datacards/higgsCombine_paramFit_Test_PDF_ttH_ACCEPT_CMS_HWW_boosted.MultiDimFit.mH125.root
#	modified:   ../../../../combination/1l_datacards/higgsCombine_paramFit_Test_PDF_ttbar_ACCEPT_CMS_HWW_boosted.MultiDimFit.mH125.root
#	modified:   ../../../../combination/1l_datacards/higgsCombine_paramFit_Test_PDF_wjets_ACCEPT_CMS_HWW_boosted.MultiDimFit.mH125.root
#	modified:   ../../../../combination/1l_datacards/higgsCombine_paramFit_Test_QCDscale_WH.MultiDimFit.mH125.root
#	modified:   ../../../../combination/1l_datacards/higgsCombine_paramFit_Test_QCDscale_WH_ACCEPT_CMS_HWW_boosted.MultiDimFit.mH125.root
#	modified:   ../../../../combination/1l_datacards/higgsCombine_paramFit_Test_QCDscale_ZH.MultiDimFit.mH125.root
#	modified:   ../../../../combination/1l_datacards/higgsCombine_paramFit_Test_QCDscale_ZH_ACCEPT_CMS_HWW_boosted.MultiDimFit.mH125.root
#	modified:   ../../../../combination/1l_datacards/higgsCombine_paramFit_Test_QCDscale_ggH.MultiDimFit.mH125.root
#	modified:   ../../../../combination/1l_datacards/higgsCombine_paramFit_Test_QCDscale_ggH_ACCEPT_CMS_HWW_boosted.MultiDimFit.mH125.root
#	modified:   ../../../../combination/1l_datacards/higgsCombine_paramFit_Test_QCDscale_qqH.MultiDimFit.mH125.root
#	modified:   ../../../../combination/1l_datacards/higgsCombine_paramFit_Test_QCDscale_qqH_ACCEPT_CMS_HWW_boosted.MultiDimFit.mH125.root
#	modified:   ../../../../combination/1l_datacards/higgsCombine_paramFit_Test_QCDscale_singletop_ACCEPT_CMS_HWW_boosted.MultiDimFit.mH125.root
#	modified:   ../../../../combination/1l_datacards/higgsCombine_paramFit_Test_QCDscale_ttH.MultiDimFit.mH125.root
#	modified:   ../../../../combination/1l_datacards/higgsCombine_paramFit_Test_QCDscale_ttH_ACCEPT_CMS_HWW_boosted.MultiDimFit.mH125.root
#	modified:   ../../../../combination/1l_datacards/higgsCombine_paramFit_Test_QCDscale_wjets_ACCEPT_CMS_HWW_boosted.MultiDimFit.mH125.root
#	modified:   ../../../../combination/1l_datacards/higgsCombine_paramFit_Test_alpha_s.MultiDimFit.mH125.root
#	modified:   ../../../../combination/1l_datacards/higgsCombine_paramFit_Test_lumi_13TeV_1718.MultiDimFit.mH125.root
#	modified:   ../../../../combination/1l_datacards/higgsCombine_paramFit_Test_lumi_13TeV_2016.MultiDimFit.mH125.root
#	modified:   ../../../../combination/1l_datacards/higgsCombine_paramFit_Test_lumi_13TeV_2017.MultiDimFit.mH125.root
#	modified:   ../../../../combination/1l_datacards/higgsCombine_paramFit_Test_lumi_13TeV_2018.MultiDimFit.mH125.root
#	modified:   ../../../../combination/1l_datacards/higgsCombine_paramFit_Test_lumi_13TeV_correlated.MultiDimFit.mH125.root
#	modified:   ../../../../combination/1l_datacards/higgsCombine_paramFit_Test_pdf_Higgs_WH.MultiDimFit.mH125.root
#	modified:   ../../../../combination/1l_datacards/higgsCombine_paramFit_Test_pdf_Higgs_ZH.MultiDimFit.mH125.root
#	modified:   ../../../../combination/1l_datacards/higgsCombine_paramFit_Test_pdf_Higgs_ggH.MultiDimFit.mH125.root
#	modified:   ../../../../combination/1l_datacards/higgsCombine_paramFit_Test_pdf_Higgs_qqH.MultiDimFit.mH125.root
#	modified:   ../../../../combination/1l_datacards/higgsCombine_paramFit_Test_pdf_Higgs_ttH.MultiDimFit.mH125.root
#	modified:   ../../../../combination/1l_datacards/higgsCombine_paramFit_Test_ps_fsr_WH.MultiDimFit.mH125.root
#	modified:   ../../../../combination/1l_datacards/higgsCombine_paramFit_Test_ps_fsr_ZH.MultiDimFit.mH125.root
#	modified:   ../../../../combination/1l_datacards/higgsCombine_paramFit_Test_ps_fsr_ggH.MultiDimFit.mH125.root
#	modified:   ../../../../combination/1l_datacards/higgsCombine_paramFit_Test_ps_fsr_qqH.MultiDimFit.mH125.root
#	modified:   ../../../../combination/1l_datacards/higgsCombine_paramFit_Test_ps_fsr_singletop.MultiDimFit.mH125.root
#	modified:   ../../../../combination/1l_datacards/higgsCombine_paramFit_Test_ps_fsr_ttH.MultiDimFit.mH125.root
#	modified:   ../../../../combination/1l_datacards/higgsCombine_paramFit_Test_ps_fsr_ttbar.MultiDimFit.mH125.root
#	modified:   ../../../../combination/1l_datacards/higgsCombine_paramFit_Test_ps_fsr_wjets.MultiDimFit.mH125.root
#	modified:   ../../../../combination/1l_datacards/higgsCombine_paramFit_Test_ps_isr_WH.MultiDimFit.mH125.root
#	modified:   ../../../../combination/1l_datacards/higgsCombine_paramFit_Test_ps_isr_ZH.MultiDimFit.mH125.root
#	modified:   ../../../../combination/1l_datacards/higgsCombine_paramFit_Test_ps_isr_ggH.MultiDimFit.mH125.root
#	modified:   ../../../../combination/1l_datacards/higgsCombine_paramFit_Test_ps_isr_qqH.MultiDimFit.mH125.root
#	modified:   ../../../../combination/1l_datacards/higgsCombine_paramFit_Test_ps_isr_singletop.MultiDimFit.mH125.root
#	modified:   ../../../../combination/1l_datacards/higgsCombine_paramFit_Test_ps_isr_ttH.MultiDimFit.mH125.root
#	modified:   ../../../../combination/1l_datacards/higgsCombine_paramFit_Test_ps_isr_ttbar.MultiDimFit.mH125.root
#	modified:   ../../../../combination/1l_datacards/higgsCombine_paramFit_Test_ps_isr_wjets.MultiDimFit.mH125.root
#	modified:   ../../../../combination/1l_datacards/higgsCombine_paramFit_Test_ttbarnormSF.MultiDimFit.mH125.root
#	modified:   ../../../../combination/1l_datacards/higgsCombine_paramFit_Test_unclustered_Energy.MultiDimFit.mH125.root
#	modified:   ../../../../combination/1l_datacards/higgsCombine_paramFit_Test_wjetsnormSF.MultiDimFit.mH125.root
#	modified:   ../../../../combination/1l_datacards/impacts.json
#	modified:   ../../../../combination/1l_datacards/impacts.pdf
#	modified:   ../../../../combination/1l_datacards/outs/AsymptoticLimits.txt
#	modified:   ../../../../combination/1l_datacards/outs/Significance.txt
#	modified:   ../../../../combination/1l_datacards/outs/impact1.txt
#	modified:   ../../../../combination/1l_datacards/outs/impact2.txt
#	modified:   ../../../../combination/1l_datacards/outs/impact3.txt
#	modified:   ../../../../combination/1l_datacards/testModel.root
#	deleted:    ../../../../combination/VH_datacards/.nfs0000003117aff19100002143
#	deleted:    ../../../../combination/VH_datacards/.nfs0000003117aff19200002141
#	deleted:    ../../../../combination/VH_datacards/.nfs0000003117aff19c00002148
#	deleted:    ../../../../combination/VH_datacards/.nfs0000003117aff19f00002146
#	deleted:    ../../../../combination/VH_datacards/.nfs0000003117aff1a300002145
#	deleted:    ../../../../combination/VH_datacards/.nfs0000003117aff1a700002149
#	deleted:    ../../../../combination/VH_datacards/.nfs0000003117aff1b700002140
#	deleted:    ../../../../combination/VH_datacards/.nfs0000003117aff1b900002142
#	deleted:    ../../../../combination/VH_datacards/.nfs0000003117d6a9a000002147
#	deleted:    ../../../../combination/VH_datacards/.nfs0000003117d6a9a200002144
#	deleted:    ../../../../combination/VH_datacards/.nfs0000003117d6a9a30000214a
#	deleted:    ../../../../combination/VH_datacards/.nfs0000003117d6a9a40000214b
#	deleted:    ../../../../combination/VH_datacards/.nfs0000003117d6a9a50000214c
#	deleted:    ../../../../combination/VH_datacards/.nfs0000003117d6a9a60000214d
#	deleted:    ../../../../combination/VH_datacards/.nfs0000003117d6a9a70000214e
#	deleted:    ../../../../combination/VH_datacards/.nfs0000003117d6a9a80000214f
#	deleted:    ../../../../combination/VH_datacards/.nfs0000003117d6a9a900002150
#	deleted:    ../../../../combination/VH_datacards/.nfs0000003117d6a9aa00002152
#	deleted:    ../../../../combination/VH_datacards/.nfs0000003117d6a9ab00002151
#	deleted:    ../../../../combination/VH_datacards/.nfs0000003117d6a9ac00002154
#	deleted:    ../../../../combination/VH_datacards/.nfs0000003117d6a9ad00002153
#	deleted:    ../../../../combination/VH_datacards/.nfs0000003117d6a9ae00002155
#	deleted:    ../../../../combination/VH_datacards/.nfs0000003117d6a9af00002157
#	deleted:    ../../../../combination/VH_datacards/.nfs0000003117d6a9b000002156
#	deleted:    ../../../../combination/VH_datacards/.nfs0000003117d6a9b100002158
#	deleted:    ../../../../combination/VH_datacards/.nfs0000003117d6a9b200002159
#	deleted:    ../../../../combination/VH_datacards/.nfs0000003117d6a9b30000215a
#	deleted:    ../../../../combination/VH_datacards/.nfs0000003117d6a9b40000215b
#	deleted:    ../../../../combination/VH_datacards/.nfs0000003117d6a9b50000215d
#	deleted:    ../../../../combination/VH_datacards/.nfs0000003117d6a9b60000215c
#	deleted:    ../../../../combination/VH_datacards/.nfs0000003117d6a9b70000215e
#	deleted:    ../../../../combination/VH_datacards/.nfs0000003117d6a9b80000215f
#	deleted:    ../../../../combination/VH_datacards/.nfs0000003117d6a9b900002160
#	deleted:    ../../../../combination/VH_datacards/.nfs0000003117d6a9ba00002162
#	deleted:    ../../../../combination/VH_datacards/.nfs0000003117d6a9bb00002161
#	deleted:    ../../../../combination/VH_datacards/.nfs0000003117d6a9bc00002163
#	deleted:    ../../../../combination/VH_datacards/.nfs0000003117d6a9bd00002164
#	deleted:    ../../../../combination/VH_datacards/.nfs0000003117d6a9be00002165
#	deleted:    ../../../../combination/VH_datacards/.nfs0000003117d6a9bf00002167
#	deleted:    ../../../../combination/VH_datacards/.nfs0000003117d6a9c000002166
#	deleted:    ../../../../combination/VH_datacards/.nfs0000003117d6a9c100002169
#	deleted:    ../../../../combination/VH_datacards/.nfs0000003117d6a9c200002168
#	deleted:    ../../../../combination/VH_datacards/.nfs0000003117d6a9c30000216a
#	deleted:    ../../../../combination/VH_datacards/.nfs0000003117d6a9c40000216c
#	deleted:    ../../../../combination/VH_datacards/.nfs0000003117d6a9c50000216b
#	deleted:    ../../../../combination/VH_datacards/.nfs0000003117d6a9c60000216d
#	deleted:    ../../../../combination/VH_datacards/.nfs0000003117d6a9c70000216e
#	deleted:    ../../../../combination/VH_datacards/README.md
#	modified:   ../../../../combination/VH_datacards/SR1fail2016.txt
#	modified:   ../../../../combination/VH_datacards/SR1fail2016APV.txt
#	modified:   ../../../../combination/VH_datacards/SR1fail2017.txt
#	modified:   ../../../../combination/VH_datacards/SR1fail2018.txt
#	modified:   ../../../../combination/VH_datacards/SR1pass2016.txt
#	modified:   ../../../../combination/VH_datacards/SR1pass2016APV.txt
#	modified:   ../../../../combination/VH_datacards/SR1pass2017.txt
#	modified:   ../../../../combination/VH_datacards/SR1pass2018.txt
#	modified:   ../../../../combination/VH_datacards/TopCRfail2016.txt
#	modified:   ../../../../combination/VH_datacards/TopCRfail2016APV.txt
#	modified:   ../../../../combination/VH_datacards/TopCRfail2017.txt
#	modified:   ../../../../combination/VH_datacards/TopCRfail2018.txt
#	modified:   ../../../../combination/VH_datacards/TopCRpass2016.txt
#	modified:   ../../../../combination/VH_datacards/TopCRpass2016APV.txt
#	modified:   ../../../../combination/VH_datacards/TopCRpass2017.txt
#	modified:   ../../../../combination/VH_datacards/TopCRpass2018.txt
#	modified:   ../../../../combination/VH_datacards/combine_logger.out
#	modified:   ../../../../combination/VH_datacards/combined.txt
#	modified:   ../../../../combination/VH_datacards/combined_withmasks.root
#	modified:   ../../../../combination/VH_datacards/higgsCombineTest.AsymptoticLimits.mH120.root
#	modified:   ../../../../combination/VH_datacards/higgsCombineTest.Significance.mH120.root
#	modified:   ../../../../combination/VH_datacards/higgsCombine_initialFit_Test.MultiDimFit.mH125.root
#	modified:   ../../../../combination/VH_datacards/higgsCombine_paramFit_Test_BR_hww.MultiDimFit.mH125.root
#	deleted:    ../../../../combination/VH_datacards/higgsCombine_paramFit_Test_CMS_HWW_FakeRate_EWK_SF_flavor_uncertainty.MultiDimFit.mH125.root
#	modified:   ../../../../combination/VH_datacards/higgsCombine_paramFit_Test_CMS_HWW_boosted_Fake_SF_uncertainty.MultiDimFit.mH125.root
#	modified:   ../../../../combination/VH_datacards/higgsCombine_paramFit_Test_CMS_HWW_boosted_SR1_fail_mcstat_bin0.MultiDimFit.mH125.root
#	modified:   ../../../../combination/VH_datacards/higgsCombine_paramFit_Test_CMS_HWW_boosted_SR1_fail_mcstat_bin1.MultiDimFit.mH125.root
#	modified:   ../../../../combination/VH_datacards/higgsCombine_paramFit_Test_CMS_HWW_boosted_SR1_fail_mcstat_bin2.MultiDimFit.mH125.root
#	modified:   ../../../../combination/VH_datacards/higgsCombine_paramFit_Test_CMS_HWW_boosted_SR1_fail_mcstat_bin3.MultiDimFit.mH125.root
#	deleted:    ../../../../combination/VH_datacards/higgsCombine_paramFit_Test_CMS_HWW_boosted_SR1_fail_mcstat_bin4.MultiDimFit.mH125.root
#	deleted:    ../../../../combination/VH_datacards/higgsCombine_paramFit_Test_CMS_HWW_boosted_SR1_fail_mcstat_bin5.MultiDimFit.mH125.root
#	modified:   ../../../../combination/VH_datacards/higgsCombine_paramFit_Test_CMS_HWW_boosted_SR1_pass_mcstat_bin0.MultiDimFit.mH125.root
#	modified:   ../../../../combination/VH_datacards/higgsCombine_paramFit_Test_CMS_HWW_boosted_SR1_pass_mcstat_bin1.MultiDimFit.mH125.root
#	modified:   ../../../../combination/VH_datacards/higgsCombine_paramFit_Test_CMS_HWW_boosted_SR1_pass_mcstat_bin2.MultiDimFit.mH125.root
#	modified:   ../../../../combination/VH_datacards/higgsCombine_paramFit_Test_CMS_HWW_boosted_SR1_pass_mcstat_bin3.MultiDimFit.mH125.root
#	deleted:    ../../../../combination/VH_datacards/higgsCombine_paramFit_Test_CMS_HWW_boosted_SR1_pass_mcstat_bin4.MultiDimFit.mH125.root
#	deleted:    ../../../../combination/VH_datacards/higgsCombine_paramFit_Test_CMS_HWW_boosted_SR1_pass_mcstat_bin5.MultiDimFit.mH125.root
#	modified:   ../../../../combination/VH_datacards/higgsCombine_paramFit_Test_CMS_HWW_boosted_TopCR_fail_mcstat_bin0.MultiDimFit.mH125.root
#	modified:   ../../../../combination/VH_datacards/higgsCombine_paramFit_Test_CMS_HWW_boosted_TopCR_fail_mcstat_bin1.MultiDimFit.mH125.root
#	modified:   ../../../../combination/VH_datacards/higgsCombine_paramFit_Test_CMS_HWW_boosted_TopCR_fail_mcstat_bin2.MultiDimFit.mH125.root
#	modified:   ../../../../combination/VH_datacards/higgsCombine_paramFit_Test_CMS_HWW_boosted_TopCR_fail_mcstat_bin3.MultiDimFit.mH125.root
#	deleted:    ../../../../combination/VH_datacards/higgsCombine_paramFit_Test_CMS_HWW_boosted_TopCR_fail_mcstat_bin4.MultiDimFit.mH125.root
#	deleted:    ../../../../combination/VH_datacards/higgsCombine_paramFit_Test_CMS_HWW_boosted_TopCR_fail_mcstat_bin5.MultiDimFit.mH125.root
#	modified:   ../../../../combination/VH_datacards/higgsCombine_paramFit_Test_CMS_HWW_boosted_TopCR_pass_mcstat_bin0.MultiDimFit.mH125.root
#	modified:   ../../../../combination/VH_datacards/higgsCombine_paramFit_Test_CMS_HWW_boosted_TopCR_pass_mcstat_bin1.MultiDimFit.mH125.root
#	modified:   ../../../../combination/VH_datacards/higgsCombine_paramFit_Test_CMS_HWW_boosted_TopCR_pass_mcstat_bin2.MultiDimFit.mH125.root
#	modified:   ../../../../combination/VH_datacards/higgsCombine_paramFit_Test_CMS_HWW_boosted_TopCR_pass_mcstat_bin3.MultiDimFit.mH125.root
#	deleted:    ../../../../combination/VH_datacards/higgsCombine_paramFit_Test_CMS_HWW_boosted_TopCR_pass_mcstat_bin4.MultiDimFit.mH125.root
#	deleted:    ../../../../combination/VH_datacards/higgsCombine_paramFit_Test_CMS_HWW_boosted_TopCR_pass_mcstat_bin5.MultiDimFit.mH125.root
#	modified:   ../../../../combination/VH_datacards/higgsCombine_paramFit_Test_CMS_HWW_boosted_W_d1kappa_EW.MultiDimFit.mH125.root
#	modified:   ../../../../combination/VH_datacards/higgsCombine_paramFit_Test_CMS_HWW_boosted_W_d2kappa_EW.MultiDimFit.mH125.root
#	modified:   ../../../../combination/VH_datacards/higgsCombine_paramFit_Test_CMS_HWW_boosted_W_d3kappa_EW.MultiDimFit.mH125.root
#	modified:   ../../../../combination/VH_datacards/higgsCombine_paramFit_Test_CMS_HWW_boosted_Z_d2kappa_EW.MultiDimFit.mH125.root
#	modified:   ../../../../combination/VH_datacards/higgsCombine_paramFit_Test_CMS_HWW_boosted_Z_d3kappa_EW.MultiDimFit.mH125.root
#	modified:   ../../../../combination/VH_datacards/higgsCombine_paramFit_Test_CMS_HWW_boosted_btagSFbcCorrelated.MultiDimFit.mH125.root
#	modified:   ../../../../combination/VH_datacards/higgsCombine_paramFit_Test_CMS_HWW_boosted_btagSFbcCorrelated_2016.MultiDimFit.mH125.root
#	modified:   ../../../../combination/VH_datacards/higgsCombine_paramFit_Test_CMS_HWW_boosted_btagSFbcCorrelated_2016APV.MultiDimFit.mH125.root
#	modified:   ../../../../combination/VH_datacards/higgsCombine_paramFit_Test_CMS_HWW_boosted_btagSFbcCorrelated_2017.MultiDimFit.mH125.root
#	modified:   ../../../../combination/VH_datacards/higgsCombine_paramFit_Test_CMS_HWW_boosted_btagSFbcCorrelated_2018.MultiDimFit.mH125.root
#	modified:   ../../../../combination/VH_datacards/higgsCombine_paramFit_Test_CMS_HWW_boosted_btagSFlightCorrelated.MultiDimFit.mH125.root
#	modified:   ../../../../combination/VH_datacards/higgsCombine_paramFit_Test_CMS_HWW_boosted_btagSFlightCorrelated_2016.MultiDimFit.mH125.root
#	modified:   ../../../../combination/VH_datacards/higgsCombine_paramFit_Test_CMS_HWW_boosted_btagSFlightCorrelated_2016APV.MultiDimFit.mH125.root
#	modified:   ../../../../combination/VH_datacards/higgsCombine_paramFit_Test_CMS_HWW_boosted_btagSFlightCorrelated_2017.MultiDimFit.mH125.root
#	modified:   ../../../../combination/VH_datacards/higgsCombine_paramFit_Test_CMS_HWW_boosted_btagSFlightCorrelated_2018.MultiDimFit.mH125.root
#	modified:   ../../../../combination/VH_datacards/higgsCombine_paramFit_Test_CMS_HWW_boosted_d1K_NLO.MultiDimFit.mH125.root
#	modified:   ../../../../combination/VH_datacards/higgsCombine_paramFit_Test_CMS_HWW_boosted_d2K_NLO.MultiDimFit.mH125.root
#	modified:   ../../../../combination/VH_datacards/higgsCombine_paramFit_Test_CMS_HWW_boosted_d3K_NLO.MultiDimFit.mH125.root
#	modified:   ../../../../combination/VH_datacards/higgsCombine_paramFit_Test_CMS_HWW_boosted_ele_identification.MultiDimFit.mH125.root
#	modified:   ../../../../combination/VH_datacards/higgsCombine_paramFit_Test_CMS_HWW_boosted_ele_reconstruction.MultiDimFit.mH125.root
#	modified:   ../../../../combination/VH_datacards/higgsCombine_paramFit_Test_CMS_HWW_boosted_jmr_2016.MultiDimFit.mH125.root
#	modified:   ../../../../combination/VH_datacards/higgsCombine_paramFit_Test_CMS_HWW_boosted_jmr_2016APV.MultiDimFit.mH125.root
#	modified:   ../../../../combination/VH_datacards/higgsCombine_paramFit_Test_CMS_HWW_boosted_jmr_2017.MultiDimFit.mH125.root
#	modified:   ../../../../combination/VH_datacards/higgsCombine_paramFit_Test_CMS_HWW_boosted_jmr_2018.MultiDimFit.mH125.root
#	modified:   ../../../../combination/VH_datacards/higgsCombine_paramFit_Test_CMS_HWW_boosted_jms_2016.MultiDimFit.mH125.root
#	modified:   ../../../../combination/VH_datacards/higgsCombine_paramFit_Test_CMS_HWW_boosted_jms_2016APV.MultiDimFit.mH125.root
#	modified:   ../../../../combination/VH_datacards/higgsCombine_paramFit_Test_CMS_HWW_boosted_jms_2017.MultiDimFit.mH125.root
#	modified:   ../../../../combination/VH_datacards/higgsCombine_paramFit_Test_CMS_HWW_boosted_jms_2018.MultiDimFit.mH125.root
#	modified:   ../../../../combination/VH_datacards/higgsCombine_paramFit_Test_CMS_HWW_boosted_miniisolation_SF_unc.MultiDimFit.mH125.root
#	modified:   ../../../../combination/VH_datacards/higgsCombine_paramFit_Test_CMS_HWW_boosted_tagger.MultiDimFit.mH125.root
#	modified:   ../../../../combination/VH_datacards/higgsCombine_paramFit_Test_CMS_HWW_boosted_top_reweighting.MultiDimFit.mH125.root
#	modified:   ../../../../combination/VH_datacards/higgsCombine_paramFit_Test_CMS_HWW_boosted_veff_2016.MultiDimFit.mH125.root
#	modified:   ../../../../combination/VH_datacards/higgsCombine_paramFit_Test_CMS_HWW_boosted_veff_2016APV.MultiDimFit.mH125.root
#	modified:   ../../../../combination/VH_datacards/higgsCombine_paramFit_Test_CMS_HWW_boosted_veff_2017.MultiDimFit.mH125.root
#	modified:   ../../../../combination/VH_datacards/higgsCombine_paramFit_Test_CMS_HWW_boosted_veff_2018.MultiDimFit.mH125.root
#	modified:   ../../../../combination/VH_datacards/higgsCombine_paramFit_Test_CMS_l1_ecal_prefiring_2017.MultiDimFit.mH125.root
#	modified:   ../../../../combination/VH_datacards/higgsCombine_paramFit_Test_CMS_lumi_13TeV_1718.MultiDimFit.mH125.root
#	modified:   ../../../../combination/VH_datacards/higgsCombine_paramFit_Test_CMS_lumi_13TeV_2016.MultiDimFit.mH125.root
#	modified:   ../../../../combination/VH_datacards/higgsCombine_paramFit_Test_CMS_lumi_13TeV_2016APV.MultiDimFit.mH125.root
#	modified:   ../../../../combination/VH_datacards/higgsCombine_paramFit_Test_CMS_lumi_13TeV_2017.MultiDimFit.mH125.root
#	modified:   ../../../../combination/VH_datacards/higgsCombine_paramFit_Test_CMS_lumi_13TeV_2018.MultiDimFit.mH125.root
#	modified:   ../../../../combination/VH_datacards/higgsCombine_paramFit_Test_CMS_lumi_13TeV_correlated.MultiDimFit.mH125.root
#	modified:   ../../../../combination/VH_datacards/higgsCombine_paramFit_Test_CMS_pileup_2016.MultiDimFit.mH125.root
#	modified:   ../../../../combination/VH_datacards/higgsCombine_paramFit_Test_CMS_pileup_2016APV.MultiDimFit.mH125.root
#	modified:   ../../../../combination/VH_datacards/higgsCombine_paramFit_Test_CMS_pileup_2017.MultiDimFit.mH125.root
#	modified:   ../../../../combination/VH_datacards/higgsCombine_paramFit_Test_CMS_pileup_2018.MultiDimFit.mH125.root
#	modified:   ../../../../combination/VH_datacards/higgsCombine_paramFit_Test_CMS_pileup_id.MultiDimFit.mH125.root
#	modified:   ../../../../combination/VH_datacards/higgsCombine_paramFit_Test_CMS_res_j_2016.MultiDimFit.mH125.root
#	modified:   ../../../../combination/VH_datacards/higgsCombine_paramFit_Test_CMS_res_j_2016APV.MultiDimFit.mH125.root
#	modified:   ../../../../combination/VH_datacards/higgsCombine_paramFit_Test_CMS_res_j_2017.MultiDimFit.mH125.root
#	modified:   ../../../../combination/VH_datacards/higgsCombine_paramFit_Test_CMS_res_j_2018.MultiDimFit.mH125.root
#	modified:   ../../../../combination/VH_datacards/higgsCombine_paramFit_Test_CMS_scale_j_Abs.MultiDimFit.mH125.root
#	modified:   ../../../../combination/VH_datacards/higgsCombine_paramFit_Test_CMS_scale_j_Abs_2016.MultiDimFit.mH125.root
#	modified:   ../../../../combination/VH_datacards/higgsCombine_paramFit_Test_CMS_scale_j_Abs_2016APV.MultiDimFit.mH125.root
#	modified:   ../../../../combination/VH_datacards/higgsCombine_paramFit_Test_CMS_scale_j_Abs_2017.MultiDimFit.mH125.root
#	modified:   ../../../../combination/VH_datacards/higgsCombine_paramFit_Test_CMS_scale_j_Abs_2018.MultiDimFit.mH125.root
#	modified:   ../../../../combination/VH_datacards/higgsCombine_paramFit_Test_CMS_scale_j_BBEC1.MultiDimFit.mH125.root
#	modified:   ../../../../combination/VH_datacards/higgsCombine_paramFit_Test_CMS_scale_j_BBEC1_2016.MultiDimFit.mH125.root
#	modified:   ../../../../combination/VH_datacards/higgsCombine_paramFit_Test_CMS_scale_j_BBEC1_2016APV.MultiDimFit.mH125.root
#	modified:   ../../../../combination/VH_datacards/higgsCombine_paramFit_Test_CMS_scale_j_BBEC1_2017.MultiDimFit.mH125.root
#	modified:   ../../../../combination/VH_datacards/higgsCombine_paramFit_Test_CMS_scale_j_BBEC1_2018.MultiDimFit.mH125.root
#	modified:   ../../../../combination/VH_datacards/higgsCombine_paramFit_Test_CMS_scale_j_EC2.MultiDimFit.mH125.root
#	modified:   ../../../../combination/VH_datacards/higgsCombine_paramFit_Test_CMS_scale_j_EC2_2016.MultiDimFit.mH125.root
#	modified:   ../../../../combination/VH_datacards/higgsCombine_paramFit_Test_CMS_scale_j_EC2_2016APV.MultiDimFit.mH125.root
#	modified:   ../../../../combination/VH_datacards/higgsCombine_paramFit_Test_CMS_scale_j_EC2_2017.MultiDimFit.mH125.root
#	modified:   ../../../../combination/VH_datacards/higgsCombine_paramFit_Test_CMS_scale_j_EC2_2018.MultiDimFit.mH125.root
#	modified:   ../../../../combination/VH_datacards/higgsCombine_paramFit_Test_CMS_scale_j_FlavQCD.MultiDimFit.mH125.root
#	modified:   ../../../../combination/VH_datacards/higgsCombine_paramFit_Test_CMS_scale_j_HF.MultiDimFit.mH125.root
#	modified:   ../../../../combination/VH_datacards/higgsCombine_paramFit_Test_CMS_scale_j_HF_2016.MultiDimFit.mH125.root
#	modified:   ../../../../combination/VH_datacards/higgsCombine_paramFit_Test_CMS_scale_j_HF_2016APV.MultiDimFit.mH125.root
#	modified:   ../../../../combination/VH_datacards/higgsCombine_paramFit_Test_CMS_scale_j_HF_2017.MultiDimFit.mH125.root
#	modified:   ../../../../combination/VH_datacards/higgsCombine_paramFit_Test_CMS_scale_j_HF_2018.MultiDimFit.mH125.root
#	modified:   ../../../../combination/VH_datacards/higgsCombine_paramFit_Test_CMS_scale_j_RelBal.MultiDimFit.mH125.root
#	modified:   ../../../../combination/VH_datacards/higgsCombine_paramFit_Test_CMS_scale_j_RelSample_2016.MultiDimFit.mH125.root
#	modified:   ../../../../combination/VH_datacards/higgsCombine_paramFit_Test_CMS_scale_j_RelSample_2016APV.MultiDimFit.mH125.root
#	modified:   ../../../../combination/VH_datacards/higgsCombine_paramFit_Test_CMS_scale_j_RelSample_2017.MultiDimFit.mH125.root
#	modified:   ../../../../combination/VH_datacards/higgsCombine_paramFit_Test_CMS_scale_j_RelSample_2018.MultiDimFit.mH125.root
#	modified:   ../../../../combination/VH_datacards/higgsCombine_paramFit_Test_PDF_WH_ACCEPT_CMS_HWW_boosted.MultiDimFit.mH125.root
#	modified:   ../../../../combination/VH_datacards/higgsCombine_paramFit_Test_PDF_ZH_ACCEPT_CMS_HWW_boosted.MultiDimFit.mH125.root
#	modified:   ../../../../combination/VH_datacards/higgsCombine_paramFit_Test_PDF_ggH_ACCEPT_CMS_HWW_boosted.MultiDimFit.mH125.root
#	modified:   ../../../../combination/VH_datacards/higgsCombine_paramFit_Test_PDF_qqH_ACCEPT_CMS_HWW_boosted.MultiDimFit.mH125.root
#	modified:   ../../../../combination/VH_datacards/higgsCombine_paramFit_Test_PDF_singletop_ACCEPT_CMS_HWW_boosted.MultiDimFit.mH125.root
#	modified:   ../../../../combination/VH_datacards/higgsCombine_paramFit_Test_PDF_ttH_ACCEPT_CMS_HWW_boosted.MultiDimFit.mH125.root
#	modified:   ../../../../combination/VH_datacards/higgsCombine_paramFit_Test_PDF_ttbar_ACCEPT_CMS_HWW_boosted.MultiDimFit.mH125.root
#	modified:   ../../../../combination/VH_datacards/higgsCombine_paramFit_Test_PDF_wjets_ACCEPT_CMS_HWW_boosted.MultiDimFit.mH125.root
#	modified:   ../../../../combination/VH_datacards/higgsCombine_paramFit_Test_QCDscale_VBF.MultiDimFit.mH125.root
#	modified:   ../../../../combination/VH_datacards/higgsCombine_paramFit_Test_QCDscale_WH.MultiDimFit.mH125.root
#	modified:   ../../../../combination/VH_datacards/higgsCombine_paramFit_Test_QCDscale_WH_ACCEPT_CMS_HWW_boosted.MultiDimFit.mH125.root
#	modified:   ../../../../combination/VH_datacards/higgsCombine_paramFit_Test_QCDscale_ZH.MultiDimFit.mH125.root
#	modified:   ../../../../combination/VH_datacards/higgsCombine_paramFit_Test_QCDscale_ZH_ACCEPT_CMS_HWW_boosted.MultiDimFit.mH125.root
#	modified:   ../../../../combination/VH_datacards/higgsCombine_paramFit_Test_QCDscale_ggF.MultiDimFit.mH125.root
#	modified:   ../../../../combination/VH_datacards/higgsCombine_paramFit_Test_QCDscale_ggH_ACCEPT_CMS_HWW_boosted.MultiDimFit.mH125.root
#	modified:   ../../../../combination/VH_datacards/higgsCombine_paramFit_Test_QCDscale_qqH_ACCEPT_CMS_HWW_boosted.MultiDimFit.mH125.root
#	modified:   ../../../../combination/VH_datacards/higgsCombine_paramFit_Test_QCDscale_singletop_ACCEPT_CMS_HWW_boosted.MultiDimFit.mH125.root
#	modified:   ../../../../combination/VH_datacards/higgsCombine_paramFit_Test_QCDscale_ttH.MultiDimFit.mH125.root
#	modified:   ../../../../combination/VH_datacards/higgsCombine_paramFit_Test_QCDscale_ttH_ACCEPT_CMS_HWW_boosted.MultiDimFit.mH125.root
#	modified:   ../../../../combination/VH_datacards/higgsCombine_paramFit_Test_QCDscale_ttbar_ACCEPT_CMS_HWW_boosted.MultiDimFit.mH125.root
#	modified:   ../../../../combination/VH_datacards/higgsCombine_paramFit_Test_QCDscale_wjets_ACCEPT_CMS_HWW_boosted.MultiDimFit.mH125.root
#	modified:   ../../../../combination/VH_datacards/higgsCombine_paramFit_Test_alpha_s.MultiDimFit.mH125.root
#	modified:   ../../../../combination/VH_datacards/higgsCombine_paramFit_Test_pdf_Higgs_WH.MultiDimFit.mH125.root
#	modified:   ../../../../combination/VH_datacards/higgsCombine_paramFit_Test_pdf_Higgs_ZH.MultiDimFit.mH125.root
#	modified:   ../../../../combination/VH_datacards/higgsCombine_paramFit_Test_pdf_Higgs_ggH.MultiDimFit.mH125.root
#	modified:   ../../../../combination/VH_datacards/higgsCombine_paramFit_Test_pdf_Higgs_qqH.MultiDimFit.mH125.root
#	modified:   ../../../../combination/VH_datacards/higgsCombine_paramFit_Test_pdf_Higgs_ttH.MultiDimFit.mH125.root
#	modified:   ../../../../combination/VH_datacards/higgsCombine_paramFit_Test_ps_fsr_WH.MultiDimFit.mH125.root
#	modified:   ../../../../combination/VH_datacards/higgsCombine_paramFit_Test_ps_fsr_ZH.MultiDimFit.mH125.root
#	modified:   ../../../../combination/VH_datacards/higgsCombine_paramFit_Test_ps_fsr_ggH.MultiDimFit.mH125.root
#	modified:   ../../../../combination/VH_datacards/higgsCombine_paramFit_Test_ps_fsr_qqH.MultiDimFit.mH125.root
#	modified:   ../../../../combination/VH_datacards/higgsCombine_paramFit_Test_ps_fsr_singletop.MultiDimFit.mH125.root
#	modified:   ../../../../combination/VH_datacards/higgsCombine_paramFit_Test_ps_fsr_ttH.MultiDimFit.mH125.root
#	modified:   ../../../../combination/VH_datacards/higgsCombine_paramFit_Test_ps_fsr_ttbar.MultiDimFit.mH125.root
#	modified:   ../../../../combination/VH_datacards/higgsCombine_paramFit_Test_ps_fsr_wjets.MultiDimFit.mH125.root
#	modified:   ../../../../combination/VH_datacards/higgsCombine_paramFit_Test_ps_isr_WH.MultiDimFit.mH125.root
#	modified:   ../../../../combination/VH_datacards/higgsCombine_paramFit_Test_ps_isr_ZH.MultiDimFit.mH125.root
#	modified:   ../../../../combination/VH_datacards/higgsCombine_paramFit_Test_ps_isr_ggH.MultiDimFit.mH125.root
#	modified:   ../../../../combination/VH_datacards/higgsCombine_paramFit_Test_ps_isr_qqH.MultiDimFit.mH125.root
#	modified:   ../../../../combination/VH_datacards/higgsCombine_paramFit_Test_ps_isr_singletop.MultiDimFit.mH125.root
#	modified:   ../../../../combination/VH_datacards/higgsCombine_paramFit_Test_ps_isr_ttH.MultiDimFit.mH125.root
#	modified:   ../../../../combination/VH_datacards/higgsCombine_paramFit_Test_ps_isr_ttbar.MultiDimFit.mH125.root
#	modified:   ../../../../combination/VH_datacards/higgsCombine_paramFit_Test_ps_isr_wjets.MultiDimFit.mH125.root
#	modified:   ../../../../combination/VH_datacards/higgsCombine_paramFit_Test_tqqeffSF_2016.MultiDimFit.mH125.root
#	modified:   ../../../../combination/VH_datacards/higgsCombine_paramFit_Test_tqqeffSF_2016APV.MultiDimFit.mH125.root
#	modified:   ../../../../combination/VH_datacards/higgsCombine_paramFit_Test_tqqeffSF_2017.MultiDimFit.mH125.root
#	modified:   ../../../../combination/VH_datacards/higgsCombine_paramFit_Test_tqqeffSF_2018.MultiDimFit.mH125.root
#	modified:   ../../../../combination/VH_datacards/higgsCombine_paramFit_Test_tqqnormSF_2016.MultiDimFit.mH125.root
#	modified:   ../../../../combination/VH_datacards/higgsCombine_paramFit_Test_tqqnormSF_2016APV.MultiDimFit.mH125.root
#	modified:   ../../../../combination/VH_datacards/higgsCombine_paramFit_Test_tqqnormSF_2017.MultiDimFit.mH125.root
#	modified:   ../../../../combination/VH_datacards/higgsCombine_paramFit_Test_tqqnormSF_2018.MultiDimFit.mH125.root
#	modified:   ../../../../combination/VH_datacards/higgsCombine_paramFit_Test_unclustered_Energy.MultiDimFit.mH125.root
#	modified:   ../../../../combination/VH_datacards/higgsCombine_paramFit_Test_wjetsnormSF.MultiDimFit.mH125.root
#	modified:   ../../../../combination/VH_datacards/impacts.json
#	modified:   ../../../../combination/VH_datacards/impacts.pdf
#	modified:   ../../../../combination/VH_datacards/model_combined.txt
#	modified:   ../../../../combination/VH_datacards/outs/AsymptoticLimits.txt
#	modified:   ../../../../combination/VH_datacards/outs/Initialfit.txt
#	modified:   ../../../../combination/VH_datacards/outs/Significance.txt
#	modified:   ../../../../combination/VH_datacards/shapes2016.root
#	modified:   ../../../../combination/VH_datacards/shapes2016APV.root
#	modified:   ../../../../combination/VH_datacards/shapes2016APV_TopCR.root
#	modified:   ../../../../combination/VH_datacards/shapes2016_TopCR.root
#	modified:   ../../../../combination/VH_datacards/shapes2017.root
#	modified:   ../../../../combination/VH_datacards/shapes2017_TopCR.root
#	modified:   ../../../../combination/VH_datacards/shapes2018.root
#	modified:   ../../../../combination/VH_datacards/shapes2018_TopCR.root
#	deleted:    ../../../../combination/VH_datacards/workspace.root
#	deleted:    ../../../../combination/full_datacards/.nfs00000020010372800000219b
#	deleted:    ../../../../combination/full_datacards/.nfs000000200436eaca0000229f
#	deleted:    ../../../../combination/full_datacards/.nfs000000200436eacb0000228e
#	deleted:    ../../../../combination/full_datacards/.nfs000000200436ead500002296
#	deleted:    ../../../../combination/full_datacards/.nfs000000200436ead60000229e
#	deleted:    ../../../../combination/full_datacards/.nfs000000200436eadd0000229d
#	deleted:    ../../../../combination/full_datacards/.nfs000000200436eade0000229b
#	deleted:    ../../../../combination/full_datacards/.nfs0000002005717d86000021b4
#	deleted:    ../../../../combination/full_datacards/.nfs0000002005717d87000021b1
#	deleted:    ../../../../combination/full_datacards/.nfs0000002005717d88000021a2
#	deleted:    ../../../../combination/full_datacards/.nfs0000002005717d89000021aa
#	deleted:    ../../../../combination/full_datacards/.nfs0000002005717d8a000021ad
#	deleted:    ../../../../combination/full_datacards/.nfs0000002005717d8b000021c7
#	deleted:    ../../../../combination/full_datacards/.nfs0000002005717d8c000021a1
#	deleted:    ../../../../combination/full_datacards/.nfs0000002005717d8d000021ac
#	deleted:    ../../../../combination/full_datacards/.nfs0000002005717d8e000021ba
#	deleted:    ../../../../combination/full_datacards/.nfs0000002005717d8f000021ae
#	deleted:    ../../../../combination/full_datacards/.nfs0000002005717d90000021cd
#	deleted:    ../../../../combination/full_datacards/.nfs0000002005717d91000021b2
#	deleted:    ../../../../combination/full_datacards/.nfs0000002005717d92000021a9
#	deleted:    ../../../../combination/full_datacards/.nfs0000002005717d93000021b7
#	deleted:    ../../../../combination/full_datacards/.nfs0000002005717d94000021c3
#	deleted:    ../../../../combination/full_datacards/.nfs0000002005717d95000021a6
#	deleted:    ../../../../combination/full_datacards/.nfs0000002005717d96000021ab
#	deleted:    ../../../../combination/full_datacards/.nfs0000002005717d97000021c4
#	deleted:    ../../../../combination/full_datacards/.nfs0000002005717d98000021c8
#	deleted:    ../../../../combination/full_datacards/.nfs0000002005717d99000021b0
#	deleted:    ../../../../combination/full_datacards/.nfs0000002005717d9a000021bb
#	deleted:    ../../../../combination/full_datacards/.nfs0000002005717d9b000021cc
#	deleted:    ../../../../combination/full_datacards/.nfs0000002005717d9c000021b9
#	deleted:    ../../../../combination/full_datacards/.nfs0000002005717d9d000021c2
#	deleted:    ../../../../combination/full_datacards/.nfs0000002005717d9e000021b5
#	deleted:    ../../../../combination/full_datacards/.nfs0000002005717d9f000021cb
#	deleted:    ../../../../combination/full_datacards/.nfs0000002005717da0000021a5
#	deleted:    ../../../../combination/full_datacards/.nfs0000002005717da1000021a3
#	deleted:    ../../../../combination/full_datacards/.nfs0000002005717da2000021c9
#	deleted:    ../../../../combination/full_datacards/.nfs0000002005717da3000021c6
#	deleted:    ../../../../combination/full_datacards/.nfs0000002005717da4000021b6
#	deleted:    ../../../../combination/full_datacards/.nfs0000002005717da5000021b3
#	deleted:    ../../../../combination/full_datacards/.nfs0000002005717da6000021b8
#	deleted:    ../../../../combination/full_datacards/.nfs0000002005717da7000021c5
#	deleted:    ../../../../combination/full_datacards/.nfs0000002005717da8000021bc
#	deleted:    ../../../../combination/full_datacards/.nfs0000002005717da9000021ca
#	deleted:    ../../../../combination/full_datacards/.nfs0000002005717daa000021be
#	deleted:    ../../../../combination/full_datacards/.nfs0000002005717dab000021a7
#	deleted:    ../../../../combination/full_datacards/.nfs0000002005717dac000021a4
#	deleted:    ../../../../combination/full_datacards/.nfs0000002005717dad000021a8
#	deleted:    ../../../../combination/full_datacards/.nfs0000002005717dae000021c0
#	deleted:    ../../../../combination/full_datacards/.nfs0000002005717daf000021af
#	deleted:    ../../../../combination/full_datacards/.nfs0000002005717db0000021bd
#	deleted:    ../../../../combination/full_datacards/.nfs0000002005717db1000021bf
#	deleted:    ../../../../combination/full_datacards/.nfs0000002005717db2000021a0
#	deleted:    ../../../../combination/full_datacards/.nfs0000002005717db3000021c1
#	deleted:    ../../../../combination/full_datacards/.nfs00000020251323000000229c
#	deleted:    ../../../../combination/full_datacards/.nfs00000020251323210000228c
#	deleted:    ../../../../combination/full_datacards/.nfs000000202513232200002294
#	deleted:    ../../../../combination/full_datacards/.nfs00000020251323230000228d
#	deleted:    ../../../../combination/full_datacards/.nfs00000020251323250000228f
#	deleted:    ../../../../combination/full_datacards/.nfs00000020251323260000229a
#	modified:   ../../../../combination/full_datacards/CR1.txt
#	modified:   ../../../../combination/full_datacards/CR1Blinded.txt
#	modified:   ../../../../combination/full_datacards/CR2.txt
#	modified:   ../../../../combination/full_datacards/CR2Blinded.txt
#	modified:   ../../../../combination/full_datacards/HWWfullhad.root
#	modified:   ../../../../combination/full_datacards/SR1a.txt
#	modified:   ../../../../combination/full_datacards/SR1aBlinded.txt
#	modified:   ../../../../combination/full_datacards/SR1b.txt
#	modified:   ../../../../combination/full_datacards/SR1bBlinded.txt
#	modified:   ../../../../combination/full_datacards/SR1fail2016.txt
#	modified:   ../../../../combination/full_datacards/SR1fail2016APV.txt
#	modified:   ../../../../combination/full_datacards/SR1fail2017.txt
#	modified:   ../../../../combination/full_datacards/SR1fail2018.txt
#	modified:   ../../../../combination/full_datacards/SR1pass2016.txt
#	modified:   ../../../../combination/full_datacards/SR1pass2016APV.txt
#	modified:   ../../../../combination/full_datacards/SR1pass2017.txt
#	modified:   ../../../../combination/full_datacards/SR1pass2018.txt
#	modified:   ../../../../combination/full_datacards/SR2a.txt
#	modified:   ../../../../combination/full_datacards/SR2aBlinded.txt
#	modified:   ../../../../combination/full_datacards/SR2b.txt
#	modified:   ../../../../combination/full_datacards/SR2bBlinded.txt
#	modified:   ../../../../combination/full_datacards/TopCR.txt
#	modified:   ../../../../combination/full_datacards/TopCRfail2016.txt
#	modified:   ../../../../combination/full_datacards/TopCRfail2016APV.txt
#	modified:   ../../../../combination/full_datacards/TopCRfail2017.txt
#	modified:   ../../../../combination/full_datacards/TopCRfail2018.txt
#	modified:   ../../../../combination/full_datacards/TopCRpass2016.txt
#	modified:   ../../../../combination/full_datacards/TopCRpass2016APV.txt
#	modified:   ../../../../combination/full_datacards/TopCRpass2017.txt
#	modified:   ../../../../combination/full_datacards/TopCRpass2018.txt
#	modified:   ../../../../combination/full_datacards/VBF.txt
#	modified:   ../../../../combination/full_datacards/WJetsCR.txt
#	modified:   ../../../../combination/full_datacards/combine_logger.out
#	modified:   ../../../../combination/full_datacards/combined.txt
#	modified:   ../../../../combination/full_datacards/combined_withmasks.root
#	deleted:    ../../../../combination/full_datacards/condor/impacts/Test/collect.sh
#	deleted:    ../../../../combination/full_datacards/condor/impacts/Test/impacts_AK8_JER.jdl
#	deleted:    ../../../../combination/full_datacards/condor/impacts/Test/impacts_AK8_JER.sh
#	deleted:    ../../../../combination/full_datacards/condor/impacts/Test/impacts_AK8_JES.jdl
#	deleted:    ../../../../combination/full_datacards/condor/impacts/Test/impacts_AK8_JES.sh
#	deleted:    ../../../../combination/full_datacards/condor/impacts/Test/impacts_AK8_JMR.jdl
#	deleted:    ../../../../combination/full_datacards/condor/impacts/Test/impacts_AK8_JMR.sh
#	deleted:    ../../../../combination/full_datacards/condor/impacts/Test/impacts_AK8_JMS.jdl
#	deleted:    ../../../../combination/full_datacards/condor/impacts/Test/impacts_AK8_JMS.sh
#	deleted:    ../../../../combination/full_datacards/condor/impacts/Test/impacts_AK8_UES.jdl
#	deleted:    ../../../../combination/full_datacards/condor/impacts/Test/impacts_AK8_UES.sh
#	deleted:    ../../../../combination/full_datacards/condor/impacts/Test/impacts_BR_hww.jdl
#	deleted:    ../../../../combination/full_datacards/condor/impacts/Test/impacts_BR_hww.sh
#	deleted:    ../../../../combination/full_datacards/condor/impacts/Test/impacts_CCMS_HWW_boostedL1Prefiring_Run2.jdl
#	deleted:    ../../../../combination/full_datacards/condor/impacts/Test/impacts_CCMS_HWW_boostedL1Prefiring_Run2.sh
#	deleted:    ../../../../combination/full_datacards/condor/impacts/Test/impacts_CMS_HWW_boosted_CR1_mcstat_bin0.jdl
#	deleted:    ../../../../combination/full_datacards/condor/impacts/Test/impacts_CMS_HWW_boosted_CR1_mcstat_bin0.sh
#	deleted:    ../../../../combination/full_datacards/condor/impacts/Test/impacts_CMS_HWW_boosted_CR1_mcstat_bin1.jdl
#	deleted:    ../../../../combination/full_datacards/condor/impacts/Test/impacts_CMS_HWW_boosted_CR1_mcstat_bin1.sh
#	deleted:    ../../../../combination/full_datacards/condor/impacts/Test/impacts_CMS_HWW_boosted_CR1_mcstat_bin10.jdl
#	deleted:    ../../../../combination/full_datacards/condor/impacts/Test/impacts_CMS_HWW_boosted_CR1_mcstat_bin10.sh
#	deleted:    ../../../../combination/full_datacards/condor/impacts/Test/impacts_CMS_HWW_boosted_CR1_mcstat_bin11.jdl
#	deleted:    ../../../../combination/full_datacards/condor/impacts/Test/impacts_CMS_HWW_boosted_CR1_mcstat_bin11.sh
#	deleted:    ../../../../combination/full_datacards/condor/impacts/Test/impacts_CMS_HWW_boosted_CR1_mcstat_bin12.jdl
#	deleted:    ../../../../combination/full_datacards/condor/impacts/Test/impacts_CMS_HWW_boosted_CR1_mcstat_bin12.sh
#	deleted:    ../../../../combination/full_datacards/condor/impacts/Test/impacts_CMS_HWW_boosted_CR1_mcstat_bin13.jdl
#	deleted:    ../../../../combination/full_datacards/condor/impacts/Test/impacts_CMS_HWW_boosted_CR1_mcstat_bin13.sh
#	deleted:    ../../../../combination/full_datacards/condor/impacts/Test/impacts_CMS_HWW_boosted_CR1_mcstat_bin14.jdl
#	deleted:    ../../../../combination/full_datacards/condor/impacts/Test/impacts_CMS_HWW_boosted_CR1_mcstat_bin14.sh
#	deleted:    ../../../../combination/full_datacards/condor/impacts/Test/impacts_CMS_HWW_boosted_CR1_mcstat_bin15.jdl
#	deleted:    ../../../../combination/full_datacards/condor/impacts/Test/impacts_CMS_HWW_boosted_CR1_mcstat_bin15.sh
#	deleted:    ../../../../combination/full_datacards/condor/impacts/Test/impacts_CMS_HWW_boosted_CR1_mcstat_bin16.jdl
#	deleted:    ../../../../combination/full_datacards/condor/impacts/Test/impacts_CMS_HWW_boosted_CR1_mcstat_bin16.sh
#	deleted:    ../../../../combination/full_datacards/condor/impacts/Test/impacts_CMS_HWW_boosted_CR1_mcstat_bin17.jdl
#	deleted:    ../../../../combination/full_datacards/condor/impacts/Test/impacts_CMS_HWW_boosted_CR1_mcstat_bin17.sh
#	deleted:    ../../../../combination/full_datacards/condor/impacts/Test/impacts_CMS_HWW_boosted_CR1_mcstat_bin18.jdl
#	deleted:    ../../../../combination/full_datacards/condor/impacts/Test/impacts_CMS_HWW_boosted_CR1_mcstat_bin18.sh
#	deleted:    ../../../../combination/full_datacards/condor/impacts/Test/impacts_CMS_HWW_boosted_CR1_mcstat_bin19.jdl
#	deleted:    ../../../../combination/full_datacards/condor/impacts/Test/impacts_CMS_HWW_boosted_CR1_mcstat_bin19.sh
#	deleted:    ../../../../combination/full_datacards/condor/impacts/Test/impacts_CMS_HWW_boosted_CR1_mcstat_bin2.jdl
#	deleted:    ../../../../combination/full_datacards/condor/impacts/Test/impacts_CMS_HWW_boosted_CR1_mcstat_bin2.sh
#	deleted:    ../../../../combination/full_datacards/condor/impacts/Test/impacts_CMS_HWW_boosted_CR1_mcstat_bin3.jdl
#	deleted:    ../../../../combination/full_datacards/condor/impacts/Test/impacts_CMS_HWW_boosted_CR1_mcstat_bin3.sh
#	deleted:    ../../../../combination/full_datacards/condor/impacts/Test/impacts_CMS_HWW_boosted_CR1_mcstat_bin4.jdl
#	deleted:    ../../../../combination/full_datacards/condor/impacts/Test/impacts_CMS_HWW_boosted_CR1_mcstat_bin4.sh
#	deleted:    ../../../../combination/full_datacards/condor/impacts/Test/impacts_CMS_HWW_boosted_CR1_mcstat_bin5.jdl
#	deleted:    ../../../../combination/full_datacards/condor/impacts/Test/impacts_CMS_HWW_boosted_CR1_mcstat_bin5.sh
#	deleted:    ../../../../combination/full_datacards/condor/impacts/Test/impacts_CMS_HWW_boosted_CR1_mcstat_bin6.jdl
#	deleted:    ../../../../combination/full_datacards/condor/impacts/Test/impacts_CMS_HWW_boosted_CR1_mcstat_bin6.sh
#	deleted:    ../../../../combination/full_datacards/condor/impacts/Test/impacts_CMS_HWW_boosted_CR1_mcstat_bin7.jdl
#	deleted:    ../../../../combination/full_datacards/condor/impacts/Test/impacts_CMS_HWW_boosted_CR1_mcstat_bin7.sh
#	deleted:    ../../../../combination/full_datacards/condor/impacts/Test/impacts_CMS_HWW_boosted_CR1_mcstat_bin8.jdl
#	deleted:    ../../../../combination/full_datacards/condor/impacts/Test/impacts_CMS_HWW_boosted_CR1_mcstat_bin8.sh
#	deleted:    ../../../../combination/full_datacards/condor/impacts/Test/impacts_CMS_HWW_boosted_CR1_mcstat_bin9.jdl
#	deleted:    ../../../../combination/full_datacards/condor/impacts/Test/impacts_CMS_HWW_boosted_CR1_mcstat_bin9.sh
#	deleted:    ../../../../combination/full_datacards/condor/impacts/Test/impacts_CMS_HWW_boosted_CR2_mcstat_bin0.jdl
#	deleted:    ../../../../combination/full_datacards/condor/impacts/Test/impacts_CMS_HWW_boosted_CR2_mcstat_bin0.sh
#	deleted:    ../../../../combination/full_datacards/condor/impacts/Test/impacts_CMS_HWW_boosted_CR2_mcstat_bin1.jdl
#	deleted:    ../../../../combination/full_datacards/condor/impacts/Test/impacts_CMS_HWW_boosted_CR2_mcstat_bin1.sh
#	deleted:    ../../../../combination/full_datacards/condor/impacts/Test/impacts_CMS_HWW_boosted_CR2_mcstat_bin10.jdl
#	deleted:    ../../../../combination/full_datacards/condor/impacts/Test/impacts_CMS_HWW_boosted_CR2_mcstat_bin10.sh
#	deleted:    ../../../../combination/full_datacards/condor/impacts/Test/impacts_CMS_HWW_boosted_CR2_mcstat_bin11.jdl
#	deleted:    ../../../../combination/full_datacards/condor/impacts/Test/impacts_CMS_HWW_boosted_CR2_mcstat_bin11.sh
#	deleted:    ../../../../combination/full_datacards/condor/impacts/Test/impacts_CMS_HWW_boosted_CR2_mcstat_bin12.jdl
#	deleted:    ../../../../combination/full_datacards/condor/impacts/Test/impacts_CMS_HWW_boosted_CR2_mcstat_bin12.sh
#	deleted:    ../../../../combination/full_datacards/condor/impacts/Test/impacts_CMS_HWW_boosted_CR2_mcstat_bin13.jdl
#	deleted:    ../../../../combination/full_datacards/condor/impacts/Test/impacts_CMS_HWW_boosted_CR2_mcstat_bin13.sh
#	deleted:    ../../../../combination/full_datacards/condor/impacts/Test/impacts_CMS_HWW_boosted_CR2_mcstat_bin14.jdl
#	deleted:    ../../../../combination/full_datacards/condor/impacts/Test/impacts_CMS_HWW_boosted_CR2_mcstat_bin14.sh
#	deleted:    ../../../../combination/full_datacards/condor/impacts/Test/impacts_CMS_HWW_boosted_CR2_mcstat_bin15.jdl
#	deleted:    ../../../../combination/full_datacards/condor/impacts/Test/impacts_CMS_HWW_boosted_CR2_mcstat_bin15.sh
#	deleted:    ../../../../combination/full_datacards/condor/impacts/Test/impacts_CMS_HWW_boosted_CR2_mcstat_bin16.jdl
#	deleted:    ../../../../combination/full_datacards/condor/impacts/Test/impacts_CMS_HWW_boosted_CR2_mcstat_bin16.sh
#	deleted:    ../../../../combination/full_datacards/condor/impacts/Test/impacts_CMS_HWW_boosted_CR2_mcstat_bin17.jdl
#	deleted:    ../../../../combination/full_datacards/condor/impacts/Test/impacts_CMS_HWW_boosted_CR2_mcstat_bin17.sh
#	deleted:    ../../../../combination/full_datacards/condor/impacts/Test/impacts_CMS_HWW_boosted_CR2_mcstat_bin18.jdl
#	deleted:    ../../../../combination/full_datacards/condor/impacts/Test/impacts_CMS_HWW_boosted_CR2_mcstat_bin18.sh
#	deleted:    ../../../../combination/full_datacards/condor/impacts/Test/impacts_CMS_HWW_boosted_CR2_mcstat_bin19.jdl
#	deleted:    ../../../../combination/full_datacards/condor/impacts/Test/impacts_CMS_HWW_boosted_CR2_mcstat_bin19.sh
#	deleted:    ../../../../combination/full_datacards/condor/impacts/Test/impacts_CMS_HWW_boosted_CR2_mcstat_bin2.jdl
#	deleted:    ../../../../combination/full_datacards/condor/impacts/Test/impacts_CMS_HWW_boosted_CR2_mcstat_bin2.sh
#	deleted:    ../../../../combination/full_datacards/condor/impacts/Test/impacts_CMS_HWW_boosted_CR2_mcstat_bin3.jdl
#	deleted:    ../../../../combination/full_datacards/condor/impacts/Test/impacts_CMS_HWW_boosted_CR2_mcstat_bin3.sh
#	deleted:    ../../../../combination/full_datacards/condor/impacts/Test/impacts_CMS_HWW_boosted_CR2_mcstat_bin4.jdl
#	deleted:    ../../../../combination/full_datacards/condor/impacts/Test/impacts_CMS_HWW_boosted_CR2_mcstat_bin4.sh
#	deleted:    ../../../../combination/full_datacards/condor/impacts/Test/impacts_CMS_HWW_boosted_CR2_mcstat_bin5.jdl
#	deleted:    ../../../../combination/full_datacards/condor/impacts/Test/impacts_CMS_HWW_boosted_CR2_mcstat_bin5.sh
#	deleted:    ../../../../combination/full_datacards/condor/impacts/Test/impacts_CMS_HWW_boosted_CR2_mcstat_bin6.jdl
#	deleted:    ../../../../combination/full_datacards/condor/impacts/Test/impacts_CMS_HWW_boosted_CR2_mcstat_bin6.sh
#	deleted:    ../../../../combination/full_datacards/condor/impacts/Test/impacts_CMS_HWW_boosted_CR2_mcstat_bin7.jdl
#	deleted:    ../../../../combination/full_datacards/condor/impacts/Test/impacts_CMS_HWW_boosted_CR2_mcstat_bin7.sh
#	deleted:    ../../../../combination/full_datacards/condor/impacts/Test/impacts_CMS_HWW_boosted_CR2_mcstat_bin8.jdl
#	deleted:    ../../../../combination/full_datacards/condor/impacts/Test/impacts_CMS_HWW_boosted_CR2_mcstat_bin8.sh
#	deleted:    ../../../../combination/full_datacards/condor/impacts/Test/impacts_CMS_HWW_boosted_CR2_mcstat_bin9.jdl
#	deleted:    ../../../../combination/full_datacards/condor/impacts/Test/impacts_CMS_HWW_boosted_CR2_mcstat_bin9.sh
#	deleted:    ../../../../combination/full_datacards/condor/impacts/Test/impacts_CMS_HWW_boosted_PUIDSF_Run2.jdl
#	deleted:    ../../../../combination/full_datacards/condor/impacts/Test/impacts_CMS_HWW_boosted_PUIDSF_Run2.sh
#	deleted:    ../../../../combination/full_datacards/condor/impacts/Test/impacts_CMS_HWW_boosted_SR1a_mcstat_bin0.jdl
#	deleted:    ../../../../combination/full_datacards/condor/impacts/Test/impacts_CMS_HWW_boosted_SR1a_mcstat_bin0.sh
#	deleted:    ../../../../combination/full_datacards/condor/impacts/Test/impacts_CMS_HWW_boosted_SR1a_mcstat_bin1.jdl
#	deleted:    ../../../../combination/full_datacards/condor/impacts/Test/impacts_CMS_HWW_boosted_SR1a_mcstat_bin1.sh
#	deleted:    ../../../../combination/full_datacards/condor/impacts/Test/impacts_CMS_HWW_boosted_SR1a_mcstat_bin10.jdl
#	deleted:    ../../../../combination/full_datacards/condor/impacts/Test/impacts_CMS_HWW_boosted_SR1a_mcstat_bin10.sh
#	deleted:    ../../../../combination/full_datacards/condor/impacts/Test/impacts_CMS_HWW_boosted_SR1a_mcstat_bin11.jdl
#	deleted:    ../../../../combination/full_datacards/condor/impacts/Test/impacts_CMS_HWW_boosted_SR1a_mcstat_bin11.sh
#	deleted:    ../../../../combination/full_datacards/condor/impacts/Test/impacts_CMS_HWW_boosted_SR1a_mcstat_bin12.jdl
#	deleted:    ../../../../combination/full_datacards/condor/impacts/Test/impacts_CMS_HWW_boosted_SR1a_mcstat_bin12.sh
#	deleted:    ../../../../combination/full_datacards/condor/impacts/Test/impacts_CMS_HWW_boosted_SR1a_mcstat_bin13.jdl
#	deleted:    ../../../../combination/full_datacards/condor/impacts/Test/impacts_CMS_HWW_boosted_SR1a_mcstat_bin13.sh
#	deleted:    ../../../../combination/full_datacards/condor/impacts/Test/impacts_CMS_HWW_boosted_SR1a_mcstat_bin14.jdl
#	deleted:    ../../../../combination/full_datacards/condor/impacts/Test/impacts_CMS_HWW_boosted_SR1a_mcstat_bin14.sh
#	deleted:    ../../../../combination/full_datacards/condor/impacts/Test/impacts_CMS_HWW_boosted_SR1a_mcstat_bin15.jdl
#	deleted:    ../../../../combination/full_datacards/condor/impacts/Test/impacts_CMS_HWW_boosted_SR1a_mcstat_bin15.sh
#	deleted:    ../../../../combination/full_datacards/condor/impacts/Test/impacts_CMS_HWW_boosted_SR1a_mcstat_bin16.jdl
#	deleted:    ../../../../combination/full_datacards/condor/impacts/Test/impacts_CMS_HWW_boosted_SR1a_mcstat_bin16.sh
#	deleted:    ../../../../combination/full_datacards/condor/impacts/Test/impacts_CMS_HWW_boosted_SR1a_mcstat_bin17.jdl
#	deleted:    ../../../../combination/full_datacards/condor/impacts/Test/impacts_CMS_HWW_boosted_SR1a_mcstat_bin17.sh
#	deleted:    ../../../../combination/full_datacards/condor/impacts/Test/impacts_CMS_HWW_boosted_SR1a_mcstat_bin18.jdl
#	deleted:    ../../../../combination/full_datacards/condor/impacts/Test/impacts_CMS_HWW_boosted_SR1a_mcstat_bin18.sh
#	deleted:    ../../../../combination/full_datacards/condor/impacts/Test/impacts_CMS_HWW_boosted_SR1a_mcstat_bin19.jdl
#	deleted:    ../../../../combination/full_datacards/condor/impacts/Test/impacts_CMS_HWW_boosted_SR1a_mcstat_bin19.sh
#	deleted:    ../../../../combination/full_datacards/condor/impacts/Test/impacts_CMS_HWW_boosted_SR1a_mcstat_bin2.jdl
#	deleted:    ../../../../combination/full_datacards/condor/impacts/Test/impacts_CMS_HWW_boosted_SR1a_mcstat_bin2.sh
#	deleted:    ../../../../combination/full_datacards/condor/impacts/Test/impacts_CMS_HWW_boosted_SR1a_mcstat_bin3.jdl
#	deleted:    ../../../../combination/full_datacards/condor/impacts/Test/impacts_CMS_HWW_boosted_SR1a_mcstat_bin3.sh
#	deleted:    ../../../../combination/full_datacards/condor/impacts/Test/impacts_CMS_HWW_boosted_SR1a_mcstat_bin4.jdl
#	deleted:    ../../../../combination/full_datacards/condor/impacts/Test/impacts_CMS_HWW_boosted_SR1a_mcstat_bin4.sh
#	deleted:    ../../../../combination/full_datacards/condor/impacts/Test/impacts_CMS_HWW_boosted_SR1a_mcstat_bin5.jdl
#	deleted:    ../../../../combination/full_datacards/condor/impacts/Test/impacts_CMS_HWW_boosted_SR1a_mcstat_bin5.sh
#	deleted:    ../../../../combination/full_datacards/condor/impacts/Test/impacts_CMS_HWW_boosted_SR1a_mcstat_bin6.jdl
#	deleted:    ../../../../combination/full_datacards/condor/impacts/Test/impacts_CMS_HWW_boosted_SR1a_mcstat_bin6.sh
#	deleted:    ../../../../combination/full_datacards/condor/impacts/Test/impacts_CMS_HWW_boosted_SR1a_mcstat_bin7.jdl
#	deleted:    ../../../../combination/full_datacards/condor/impacts/Test/impacts_CMS_HWW_boosted_SR1a_mcstat_bin7.sh
#	deleted:    ../../../../combination/full_datacards/condor/impacts/Test/impacts_CMS_HWW_boosted_SR1a_mcstat_bin8.jdl
#	deleted:    ../../../../combination/full_datacards/condor/impacts/Test/impacts_CMS_HWW_boosted_SR1a_mcstat_bin8.sh
#	deleted:    ../../../../combination/full_datacards/condor/impacts/Test/impacts_CMS_HWW_boosted_SR1a_mcstat_bin9.jdl
#	deleted:    ../../../../combination/full_datacards/condor/impacts/Test/impacts_CMS_HWW_boosted_SR1a_mcstat_bin9.sh
#	deleted:    ../../../../combination/full_datacards/condor/impacts/Test/impacts_CMS_HWW_boosted_SR1b_mcstat_bin0.jdl
#	deleted:    ../../../../combination/full_datacards/condor/impacts/Test/impacts_CMS_HWW_boosted_SR1b_mcstat_bin0.sh
#	deleted:    ../../../../combination/full_datacards/condor/impacts/Test/impacts_CMS_HWW_boosted_SR1b_mcstat_bin1.jdl
#	deleted:    ../../../../combination/full_datacards/condor/impacts/Test/impacts_CMS_HWW_boosted_SR1b_mcstat_bin1.sh
#	deleted:    ../../../../combination/full_datacards/condor/impacts/Test/impacts_CMS_HWW_boosted_SR1b_mcstat_bin10.jdl
#	deleted:    ../../../../combination/full_datacards/condor/impacts/Test/impacts_CMS_HWW_boosted_SR1b_mcstat_bin10.sh
#	deleted:    ../../../../combination/full_datacards/condor/impacts/Test/impacts_CMS_HWW_boosted_SR1b_mcstat_bin11.jdl
#	deleted:    ../../../../combination/full_datacards/condor/impacts/Test/impacts_CMS_HWW_boosted_SR1b_mcstat_bin11.sh
#	deleted:    ../../../../combination/full_datacards/condor/impacts/Test/impacts_CMS_HWW_boosted_SR1b_mcstat_bin12.jdl
#	deleted:    ../../../../combination/full_datacards/condor/impacts/Test/impacts_CMS_HWW_boosted_SR1b_mcstat_bin12.sh
#	deleted:    ../../../../combination/full_datacards/condor/impacts/Test/impacts_CMS_HWW_boosted_SR1b_mcstat_bin13.jdl
#	deleted:    ../../../../combination/full_datacards/condor/impacts/Test/impacts_CMS_HWW_boosted_SR1b_mcstat_bin13.sh
#	deleted:    ../../../../combination/full_datacards/condor/impacts/Test/impacts_CMS_HWW_boosted_SR1b_mcstat_bin14.jdl
#	deleted:    ../../../../combination/full_datacards/condor/impacts/Test/impacts_CMS_HWW_boosted_SR1b_mcstat_bin14.sh
#	deleted:    ../../../../combination/full_datacards/condor/impacts/Test/impacts_CMS_HWW_boosted_SR1b_mcstat_bin15.jdl
#	deleted:    ../../../../combination/full_datacards/condor/impacts/Test/impacts_CMS_HWW_boosted_SR1b_mcstat_bin15.sh
#	deleted:    ../../../../combination/full_datacards/condor/impacts/Test/impacts_CMS_HWW_boosted_SR1b_mcstat_bin16.jdl
#	deleted:    ../../../../combination/full_datacards/condor/impacts/Test/impacts_CMS_HWW_boosted_SR1b_mcstat_bin16.sh
#	deleted:    ../../../../combination/full_datacards/condor/impacts/Test/impacts_CMS_HWW_boosted_SR1b_mcstat_bin17.jdl
#	deleted:    ../../../../combination/full_datacards/condor/impacts/Test/impacts_CMS_HWW_boosted_SR1b_mcstat_bin17.sh
#	deleted:    ../../../../combination/full_datacards/condor/impacts/Test/impacts_CMS_HWW_boosted_SR1b_mcstat_bin18.jdl
#	deleted:    ../../../../combination/full_datacards/condor/impacts/Test/impacts_CMS_HWW_boosted_SR1b_mcstat_bin18.sh
#	deleted:    ../../../../combination/full_datacards/condor/impacts/Test/impacts_CMS_HWW_boosted_SR1b_mcstat_bin19.jdl
#	deleted:    ../../../../combination/full_datacards/condor/impacts/Test/impacts_CMS_HWW_boosted_SR1b_mcstat_bin19.sh
#	deleted:    ../../../../combination/full_datacards/condor/impacts/Test/impacts_CMS_HWW_boosted_SR1b_mcstat_bin2.jdl
#	deleted:    ../../../../combination/full_datacards/condor/impacts/Test/impacts_CMS_HWW_boosted_SR1b_mcstat_bin2.sh
#	deleted:    ../../../../combination/full_datacards/condor/impacts/Test/impacts_CMS_HWW_boosted_SR1b_mcstat_bin3.jdl
#	deleted:    ../../../../combination/full_datacards/condor/impacts/Test/impacts_CMS_HWW_boosted_SR1b_mcstat_bin3.sh
#	deleted:    ../../../../combination/full_datacards/condor/impacts/Test/impacts_CMS_HWW_boosted_SR1b_mcstat_bin4.jdl
#	deleted:    ../../../../combination/full_datacards/condor/impacts/Test/impacts_CMS_HWW_boosted_SR1b_mcstat_bin4.sh
#	deleted:    ../../../../combination/full_datacards/condor/impacts/Test/impacts_CMS_HWW_boosted_SR1b_mcstat_bin5.jdl
#	deleted:    ../../../../combination/full_datacards/condor/impacts/Test/impacts_CMS_HWW_boosted_SR1b_mcstat_bin5.sh
#	deleted:    ../../../../combination/full_datacards/condor/impacts/Test/impacts_CMS_HWW_boosted_SR1b_mcstat_bin6.jdl
#	deleted:    ../../../../combination/full_datacards/condor/impacts/Test/impacts_CMS_HWW_boosted_SR1b_mcstat_bin6.sh
#	deleted:    ../../../../combination/full_datacards/condor/impacts/Test/impacts_CMS_HWW_boosted_SR1b_mcstat_bin7.jdl
#	deleted:    ../../../../combination/full_datacards/condor/impacts/Test/impacts_CMS_HWW_boosted_SR1b_mcstat_bin7.sh
#	deleted:    ../../../../combination/full_datacards/condor/impacts/Test/impacts_CMS_HWW_boosted_SR1b_mcstat_bin8.jdl
#	deleted:    ../../../../combination/full_datacards/condor/impacts/Test/impacts_CMS_HWW_boosted_SR1b_mcstat_bin8.sh
#	deleted:    ../../../../combination/full_datacards/condor/impacts/Test/impacts_CMS_HWW_boosted_SR1b_mcstat_bin9.jdl
#	deleted:    ../../../../combination/full_datacards/condor/impacts/Test/impacts_CMS_HWW_boosted_SR1b_mcstat_bin9.sh
#	deleted:    ../../../../combination/full_datacards/condor/impacts/Test/impacts_CMS_HWW_boosted_SR2a_VBF_mcstat_bin0.jdl
#	deleted:    ../../../../combination/full_datacards/condor/impacts/Test/impacts_CMS_HWW_boosted_SR2a_VBF_mcstat_bin0.sh
#	deleted:    ../../../../combination/full_datacards/condor/impacts/Test/impacts_CMS_HWW_boosted_SR2a_VBF_mcstat_bin4.jdl
#	deleted:    ../../../../combination/full_datacards/condor/impacts/Test/impacts_CMS_HWW_boosted_SR2a_VBF_mcstat_bin4.sh
#	deleted:    ../../../../combination/full_datacards/condor/impacts/Test/impacts_CMS_HWW_boosted_SR2a_WH_mcstat_bin0.jdl
#	deleted:    ../../../../combination/full_datacards/condor/impacts/Test/impacts_CMS_HWW_boosted_SR2a_WH_mcstat_bin0.sh
#	deleted:    ../../../../combination/full_datacards/condor/impacts/Test/impacts_CMS_HWW_boosted_SR2a_WH_mcstat_bin4.jdl
#	deleted:    ../../../../combination/full_datacards/condor/impacts/Test/impacts_CMS_HWW_boosted_SR2a_WH_mcstat_bin4.sh
#	deleted:    ../../../../combination/full_datacards/condor/impacts/Test/impacts_CMS_HWW_boosted_SR2a_ZH_mcstat_bin0.jdl
#	deleted:    ../../../../combination/full_datacards/condor/impacts/Test/impacts_CMS_HWW_boosted_SR2a_ZH_mcstat_bin0.sh
#	deleted:    ../../../../combination/full_datacards/condor/impacts/Test/impacts_CMS_HWW_boosted_SR2a_ZH_mcstat_bin4.jdl
#	deleted:    ../../../../combination/full_datacards/condor/impacts/Test/impacts_CMS_HWW_boosted_SR2a_ZH_mcstat_bin4.sh
#	deleted:    ../../../../combination/full_datacards/condor/impacts/Test/impacts_CMS_HWW_boosted_SR2a_ggF_mcstat_bin0.jdl
#	deleted:    ../../../../combination/full_datacards/condor/impacts/Test/impacts_CMS_HWW_boosted_SR2a_ggF_mcstat_bin0.sh
#	deleted:    ../../../../combination/full_datacards/condor/impacts/Test/impacts_CMS_HWW_boosted_SR2a_ggF_mcstat_bin4.jdl
#	deleted:    ../../../../combination/full_datacards/condor/impacts/Test/impacts_CMS_HWW_boosted_SR2a_ggF_mcstat_bin4.sh
#	deleted:    ../../../../combination/full_datacards/condor/impacts/Test/impacts_CMS_HWW_boosted_SR2a_mcstat_bin1.jdl
#	deleted:    ../../../../combination/full_datacards/condor/impacts/Test/impacts_CMS_HWW_boosted_SR2a_mcstat_bin1.sh
#	deleted:    ../../../../combination/full_datacards/condor/impacts/Test/impacts_CMS_HWW_boosted_SR2a_mcstat_bin10.jdl
#	deleted:    ../../../../combination/full_datacards/condor/impacts/Test/impacts_CMS_HWW_boosted_SR2a_mcstat_bin10.sh
#	deleted:    ../../../../combination/full_datacards/condor/impacts/Test/impacts_CMS_HWW_boosted_SR2a_mcstat_bin11.jdl
#	deleted:    ../../../../combination/full_datacards/condor/impacts/Test/impacts_CMS_HWW_boosted_SR2a_mcstat_bin11.sh
#	deleted:    ../../../../combination/full_datacards/condor/impacts/Test/impacts_CMS_HWW_boosted_SR2a_mcstat_bin12.jdl
#	deleted:    ../../../../combination/full_datacards/condor/impacts/Test/impacts_CMS_HWW_boosted_SR2a_mcstat_bin12.sh
#	deleted:    ../../../../combination/full_datacards/condor/impacts/Test/impacts_CMS_HWW_boosted_SR2a_mcstat_bin13.jdl
#	deleted:    ../../../../combination/full_datacards/condor/impacts/Test/impacts_CMS_HWW_boosted_SR2a_mcstat_bin13.sh
#	deleted:    ../../../../combination/full_datacards/condor/impacts/Test/impacts_CMS_HWW_boosted_SR2a_mcstat_bin14.jdl
#	deleted:    ../../../../combination/full_datacards/condor/impacts/Test/impacts_CMS_HWW_boosted_SR2a_mcstat_bin14.sh
#	deleted:    ../../../../combination/full_datacards/condor/impacts/Test/impacts_CMS_HWW_boosted_SR2a_mcstat_bin15.jdl
#	deleted:    ../../../../combination/full_datacards/condor/impacts/Test/impacts_CMS_HWW_boosted_SR2a_mcstat_bin15.sh
#	deleted:    ../../../../combination/full_datacards/condor/impacts/Test/impacts_CMS_HWW_boosted_SR2a_mcstat_bin16.jdl
#	deleted:    ../../../../combination/full_datacards/condor/impacts/Test/impacts_CMS_HWW_boosted_SR2a_mcstat_bin16.sh
#	deleted:    ../../../../combination/full_datacards/condor/impacts/Test/impacts_CMS_HWW_boosted_SR2a_mcstat_bin17.jdl
#	deleted:    ../../../../combination/full_datacards/condor/impacts/Test/impacts_CMS_HWW_boosted_SR2a_mcstat_bin17.sh
#	deleted:    ../../../../combination/full_datacards/condor/impacts/Test/impacts_CMS_HWW_boosted_SR2a_mcstat_bin18.jdl
#	deleted:    ../../../../combination/full_datacards/condor/impacts/Test/impacts_CMS_HWW_boosted_SR2a_mcstat_bin18.sh
#	deleted:    ../../../../combination/full_datacards/condor/impacts/Test/impacts_CMS_HWW_boosted_SR2a_mcstat_bin19.jdl
#	deleted:    ../../../../combination/full_datacards/condor/impacts/Test/impacts_CMS_HWW_boosted_SR2a_mcstat_bin19.sh
#	deleted:    ../../../../combination/full_datacards/condor/impacts/Test/impacts_CMS_HWW_boosted_SR2a_mcstat_bin2.jdl
#	deleted:    ../../../../combination/full_datacards/condor/impacts/Test/impacts_CMS_HWW_boosted_SR2a_mcstat_bin2.sh
#	deleted:    ../../../../combination/full_datacards/condor/impacts/Test/impacts_CMS_HWW_boosted_SR2a_mcstat_bin3.jdl
#	deleted:    ../../../../combination/full_datacards/condor/impacts/Test/impacts_CMS_HWW_boosted_SR2a_mcstat_bin3.sh
#	deleted:    ../../../../combination/full_datacards/condor/impacts/Test/impacts_CMS_HWW_boosted_SR2a_mcstat_bin5.jdl
#	deleted:    ../../../../combination/full_datacards/condor/impacts/Test/impacts_CMS_HWW_boosted_SR2a_mcstat_bin5.sh
#	deleted:    ../../../../combination/full_datacards/condor/impacts/Test/impacts_CMS_HWW_boosted_SR2a_mcstat_bin6.jdl
#	deleted:    ../../../../combination/full_datacards/condor/impacts/Test/impacts_CMS_HWW_boosted_SR2a_mcstat_bin6.sh
#	deleted:    ../../../../combination/full_datacards/condor/impacts/Test/impacts_CMS_HWW_boosted_SR2a_mcstat_bin7.jdl
#	deleted:    ../../../../combination/full_datacards/condor/impacts/Test/impacts_CMS_HWW_boosted_SR2a_mcstat_bin7.sh
#	deleted:    ../../../../combination/full_datacards/condor/impacts/Test/impacts_CMS_HWW_boosted_SR2a_mcstat_bin8.jdl
#	deleted:    ../../../../combination/full_datacards/condor/impacts/Test/impacts_CMS_HWW_boosted_SR2a_mcstat_bin8.sh
#	deleted:    ../../../../combination/full_datacards/condor/impacts/Test/impacts_CMS_HWW_boosted_SR2a_mcstat_bin9.jdl
#	deleted:    ../../../../combination/full_datacards/condor/impacts/Test/impacts_CMS_HWW_boosted_SR2a_mcstat_bin9.sh
#	deleted:    ../../../../combination/full_datacards/condor/impacts/Test/impacts_CMS_HWW_boosted_SR2a_rest_bkg_mcstat_bin4.jdl
#	deleted:    ../../../../combination/full_datacards/condor/impacts/Test/impacts_CMS_HWW_boosted_SR2a_rest_bkg_mcstat_bin4.sh
#	deleted:    ../../../../combination/full_datacards/condor/impacts/Test/impacts_CMS_HWW_boosted_SR2a_single_top_mcstat_bin4.jdl
#	deleted:    ../../../../combination/full_datacards/condor/impacts/Test/impacts_CMS_HWW_boosted_SR2a_single_top_mcstat_bin4.sh
#	deleted:    ../../../../combination/full_datacards/condor/impacts/Test/impacts_CMS_HWW_boosted_SR2a_ttH_mcstat_bin0.jdl
#	deleted:    ../../../../combination/full_datacards/condor/impacts/Test/impacts_CMS_HWW_boosted_SR2a_ttH_mcstat_bin0.sh
#	deleted:    ../../../../combination/full_datacards/condor/impacts/Test/impacts_CMS_HWW_boosted_SR2a_ttH_mcstat_bin4.jdl
#	deleted:    ../../../../combination/full_datacards/condor/impacts/Test/impacts_CMS_HWW_boosted_SR2a_ttH_mcstat_bin4.sh
#	deleted:    ../../../../combination/full_datacards/condor/impacts/Test/impacts_CMS_HWW_boosted_SR2a_ttbar_mcstat_bin0.jdl
#	deleted:    ../../../../combination/full_datacards/condor/impacts/Test/impacts_CMS_HWW_boosted_SR2a_ttbar_mcstat_bin0.sh
#	deleted:    ../../../../combination/full_datacards/condor/impacts/Test/impacts_CMS_HWW_boosted_SR2a_ttbar_mcstat_bin4.jdl
#	deleted:    ../../../../combination/full_datacards/condor/impacts/Test/impacts_CMS_HWW_boosted_SR2a_ttbar_mcstat_bin4.sh
#	deleted:    ../../../../combination/full_datacards/condor/impacts/Test/impacts_CMS_HWW_boosted_SR2a_wjets_mcstat_bin0.jdl
#	deleted:    ../../../../combination/full_datacards/condor/impacts/Test/impacts_CMS_HWW_boosted_SR2a_wjets_mcstat_bin0.sh
#	deleted:    ../../../../combination/full_datacards/condor/impacts/Test/impacts_CMS_HWW_boosted_SR2a_wjets_mcstat_bin4.jdl
#	deleted:    ../../../../combination/full_datacards/condor/impacts/Test/impacts_CMS_HWW_boosted_SR2a_wjets_mcstat_bin4.sh
#	deleted:    ../../../../combination/full_datacards/condor/impacts/Test/impacts_CMS_HWW_boosted_SR2b_mcstat_bin0.jdl
#	deleted:    ../../../../combination/full_datacards/condor/impacts/Test/impacts_CMS_HWW_boosted_SR2b_mcstat_bin0.sh
#	deleted:    ../../../../combination/full_datacards/condor/impacts/Test/impacts_CMS_HWW_boosted_SR2b_mcstat_bin1.jdl
#	deleted:    ../../../../combination/full_datacards/condor/impacts/Test/impacts_CMS_HWW_boosted_SR2b_mcstat_bin1.sh
#	deleted:    ../../../../combination/full_datacards/condor/impacts/Test/impacts_CMS_HWW_boosted_SR2b_mcstat_bin10.jdl
#	deleted:    ../../../../combination/full_datacards/condor/impacts/Test/impacts_CMS_HWW_boosted_SR2b_mcstat_bin10.sh
#	deleted:    ../../../../combination/full_datacards/condor/impacts/Test/impacts_CMS_HWW_boosted_SR2b_mcstat_bin11.jdl
#	deleted:    ../../../../combination/full_datacards/condor/impacts/Test/impacts_CMS_HWW_boosted_SR2b_mcstat_bin11.sh
#	deleted:    ../../../../combination/full_datacards/condor/impacts/Test/impacts_CMS_HWW_boosted_SR2b_mcstat_bin12.jdl
#	deleted:    ../../../../combination/full_datacards/condor/impacts/Test/impacts_CMS_HWW_boosted_SR2b_mcstat_bin12.sh
#	deleted:    ../../../../combination/full_datacards/condor/impacts/Test/impacts_CMS_HWW_boosted_SR2b_mcstat_bin13.jdl
#	deleted:    ../../../../combination/full_datacards/condor/impacts/Test/impacts_CMS_HWW_boosted_SR2b_mcstat_bin13.sh
#	deleted:    ../../../../combination/full_datacards/condor/impacts/Test/impacts_CMS_HWW_boosted_SR2b_mcstat_bin14.jdl
#	deleted:    ../../../../combination/full_datacards/condor/impacts/Test/impacts_CMS_HWW_boosted_SR2b_mcstat_bin14.sh
#	deleted:    ../../../../combination/full_datacards/condor/impacts/Test/impacts_CMS_HWW_boosted_SR2b_mcstat_bin15.jdl
#	deleted:    ../../../../combination/full_datacards/condor/impacts/Test/impacts_CMS_HWW_boosted_SR2b_mcstat_bin15.sh
#	deleted:    ../../../../combination/full_datacards/condor/impacts/Test/impacts_CMS_HWW_boosted_SR2b_mcstat_bin16.jdl
#	deleted:    ../../../../combination/full_datacards/condor/impacts/Test/impacts_CMS_HWW_boosted_SR2b_mcstat_bin16.sh
#	deleted:    ../../../../combination/full_datacards/condor/impacts/Test/impacts_CMS_HWW_boosted_SR2b_mcstat_bin17.jdl
#	deleted:    ../../../../combination/full_datacards/condor/impacts/Test/impacts_CMS_HWW_boosted_SR2b_mcstat_bin17.sh
#	deleted:    ../../../../combination/full_datacards/condor/impacts/Test/impacts_CMS_HWW_boosted_SR2b_mcstat_bin18.jdl
#	deleted:    ../../../../combination/full_datacards/condor/impacts/Test/impacts_CMS_HWW_boosted_SR2b_mcstat_bin18.sh
#	deleted:    ../../../../combination/full_datacards/condor/impacts/Test/impacts_CMS_HWW_boosted_SR2b_mcstat_bin19.jdl
#	deleted:    ../../../../combination/full_datacards/condor/impacts/Test/impacts_CMS_HWW_boosted_SR2b_mcstat_bin19.sh
#	deleted:    ../../../../combination/full_datacards/condor/impacts/Test/impacts_CMS_HWW_boosted_SR2b_mcstat_bin2.jdl
#	deleted:    ../../../../combination/full_datacards/condor/impacts/Test/impacts_CMS_HWW_boosted_SR2b_mcstat_bin2.sh
#	deleted:    ../../../../combination/full_datacards/condor/impacts/Test/impacts_CMS_HWW_boosted_SR2b_mcstat_bin3.jdl
#	deleted:    ../../../../combination/full_datacards/condor/impacts/Test/impacts_CMS_HWW_boosted_SR2b_mcstat_bin3.sh
#	deleted:    ../../../../combination/full_datacards/condor/impacts/Test/impacts_CMS_HWW_boosted_SR2b_mcstat_bin4.jdl
#	deleted:    ../../../../combination/full_datacards/condor/impacts/Test/impacts_CMS_HWW_boosted_SR2b_mcstat_bin4.sh
#	deleted:    ../../../../combination/full_datacards/condor/impacts/Test/impacts_CMS_HWW_boosted_SR2b_mcstat_bin5.jdl
#	deleted:    ../../../../combination/full_datacards/condor/impacts/Test/impacts_CMS_HWW_boosted_SR2b_mcstat_bin5.sh
#	deleted:    ../../../../combination/full_datacards/condor/impacts/Test/impacts_CMS_HWW_boosted_SR2b_mcstat_bin6.jdl
#	deleted:    ../../../../combination/full_datacards/condor/impacts/Test/impacts_CMS_HWW_boosted_SR2b_mcstat_bin6.sh
#	deleted:    ../../../../combination/full_datacards/condor/impacts/Test/impacts_CMS_HWW_boosted_SR2b_mcstat_bin7.jdl
#	deleted:    ../../../../combination/full_datacards/condor/impacts/Test/impacts_CMS_HWW_boosted_SR2b_mcstat_bin7.sh
#	deleted:    ../../../../combination/full_datacards/condor/impacts/Test/impacts_CMS_HWW_boosted_SR2b_mcstat_bin8.jdl
#	deleted:    ../../../../combination/full_datacards/condor/impacts/Test/impacts_CMS_HWW_boosted_SR2b_mcstat_bin8.sh
#	deleted:    ../../../../combination/full_datacards/condor/impacts/Test/impacts_CMS_HWW_boosted_SR2b_mcstat_bin9.jdl
#	deleted:    ../../../../combination/full_datacards/condor/impacts/Test/impacts_CMS_HWW_boosted_SR2b_mcstat_bin9.sh
#	deleted:    ../../../../combination/full_datacards/condor/impacts/Test/impacts_CMS_HWW_boosted_W_d1kappa_EW_Run2.jdl
#	deleted:    ../../../../combination/full_datacards/condor/impacts/Test/impacts_CMS_HWW_boosted_W_d1kappa_EW_Run2.sh
#	deleted:    ../../../../combination/full_datacards/condor/impacts/Test/impacts_CMS_HWW_boosted_W_d2kappa_EW_Run2.jdl
#	deleted:    ../../../../combination/full_datacards/condor/impacts/Test/impacts_CMS_HWW_boosted_W_d2kappa_EW_Run2.sh
#	deleted:    ../../../../combination/full_datacards/condor/impacts/Test/impacts_CMS_HWW_boosted_W_d3kappa_EW_Run2.jdl
#	deleted:    ../../../../combination/full_datacards/condor/impacts/Test/impacts_CMS_HWW_boosted_W_d3kappa_EW_Run2.sh
#	deleted:    ../../../../combination/full_datacards/condor/impacts/Test/impacts_CMS_HWW_boosted_btagSFbcCorrelated.jdl
#	deleted:    ../../../../combination/full_datacards/condor/impacts/Test/impacts_CMS_HWW_boosted_btagSFbcCorrelated.sh
#	deleted:    ../../../../combination/full_datacards/condor/impacts/Test/impacts_CMS_HWW_boosted_btagSFbc_2016.jdl
#	deleted:    ../../../../combination/full_datacards/condor/impacts/Test/impacts_CMS_HWW_boosted_btagSFbc_2016.sh
#	deleted:    ../../../../combination/full_datacards/condor/impacts/Test/impacts_CMS_HWW_boosted_btagSFbc_2017.jdl
#	deleted:    ../../../../combination/full_datacards/condor/impacts/Test/impacts_CMS_HWW_boosted_btagSFbc_2017.sh
#	deleted:    ../../../../combination/full_datacards/condor/impacts/Test/impacts_CMS_HWW_boosted_btagSFbc_2018.jdl
#	deleted:    ../../../../combination/full_datacards/condor/impacts/Test/impacts_CMS_HWW_boosted_btagSFbc_2018.sh
#	deleted:    ../../../../combination/full_datacards/condor/impacts/Test/impacts_CMS_HWW_boosted_btagSFlightCorrelated.jdl
#	deleted:    ../../../../combination/full_datacards/condor/impacts/Test/impacts_CMS_HWW_boosted_btagSFlightCorrelated.sh
#	deleted:    ../../../../combination/full_datacards/condor/impacts/Test/impacts_CMS_HWW_boosted_btagSFlight_2016.jdl
#	deleted:    ../../../../combination/full_datacards/condor/impacts/Test/impacts_CMS_HWW_boosted_btagSFlight_2016.sh
#	deleted:    ../../../../combination/full_datacards/condor/impacts/Test/impacts_CMS_HWW_boosted_btagSFlight_2017.jdl
#	deleted:    ../../../../combination/full_datacards/condor/impacts/Test/impacts_CMS_HWW_boosted_btagSFlight_2017.sh
#	deleted:    ../../../../combination/full_datacards/condor/impacts/Test/impacts_CMS_HWW_boosted_btagSFlight_2018.jdl
#	deleted:    ../../../../combination/full_datacards/condor/impacts/Test/impacts_CMS_HWW_boosted_btagSFlight_2018.sh
#	deleted:    ../../../../combination/full_datacards/condor/impacts/Test/impacts_CMS_HWW_boosted_d1K_NLO_Run2.jdl
#	deleted:    ../../../../combination/full_datacards/condor/impacts/Test/impacts_CMS_HWW_boosted_d1K_NLO_Run2.sh
#	deleted:    ../../../../combination/full_datacards/condor/impacts/Test/impacts_CMS_HWW_boosted_d2K_NLO_Run2.jdl
#	deleted:    ../../../../combination/full_datacards/condor/impacts/Test/impacts_CMS_HWW_boosted_d2K_NLO_Run2.sh
#	deleted:    ../../../../combination/full_datacards/condor/impacts/Test/impacts_CMS_HWW_boosted_d3K_NLO_Run2.jdl
#	deleted:    ../../../../combination/full_datacards/condor/impacts/Test/impacts_CMS_HWW_boosted_d3K_NLO_Run2.sh
#	deleted:    ../../../../combination/full_datacards/condor/impacts/Test/impacts_CMS_HWW_boosted_ele_identification_Run2.jdl
#	deleted:    ../../../../combination/full_datacards/condor/impacts/Test/impacts_CMS_HWW_boosted_ele_identification_Run2.sh
#	deleted:    ../../../../combination/full_datacards/condor/impacts/Test/impacts_CMS_HWW_boosted_ele_isolation_Run2.jdl
#	deleted:    ../../../../combination/full_datacards/condor/impacts/Test/impacts_CMS_HWW_boosted_ele_isolation_Run2.sh
#	deleted:    ../../../../combination/full_datacards/condor/impacts/Test/impacts_CMS_HWW_boosted_ele_reconstruction_Run2.jdl
#	deleted:    ../../../../combination/full_datacards/condor/impacts/Test/impacts_CMS_HWW_boosted_ele_reconstruction_Run2.sh
#	deleted:    ../../../../combination/full_datacards/condor/impacts/Test/impacts_CMS_HWW_boosted_ele_trigger_Run2.jdl
#	deleted:    ../../../../combination/full_datacards/condor/impacts/Test/impacts_CMS_HWW_boosted_ele_trigger_Run2.sh
#	deleted:    ../../../../combination/full_datacards/condor/impacts/Test/impacts_CMS_HWW_boosted_lp_sf_region_a.jdl
#	deleted:    ../../../../combination/full_datacards/condor/impacts/Test/impacts_CMS_HWW_boosted_lp_sf_region_a.sh
#	deleted:    ../../../../combination/full_datacards/condor/impacts/Test/impacts_CMS_HWW_boosted_lp_sf_region_b.jdl
#	deleted:    ../../../../combination/full_datacards/condor/impacts/Test/impacts_CMS_HWW_boosted_lp_sf_region_b.sh
#	deleted:    ../../../../combination/full_datacards/condor/impacts/Test/impacts_CMS_HWW_boosted_mu_identification_Run2.jdl
#	deleted:    ../../../../combination/full_datacards/condor/impacts/Test/impacts_CMS_HWW_boosted_mu_identification_Run2.sh
#	deleted:    ../../../../combination/full_datacards/condor/impacts/Test/impacts_CMS_HWW_boosted_mu_isolation_Run2.jdl
#	deleted:    ../../../../combination/full_datacards/condor/impacts/Test/impacts_CMS_HWW_boosted_mu_isolation_Run2.sh
#	deleted:    ../../../../combination/full_datacards/condor/impacts/Test/impacts_CMS_HWW_boosted_mu_trigger_Run2.jdl
#	deleted:    ../../../../combination/full_datacards/condor/impacts/Test/impacts_CMS_HWW_boosted_mu_trigger_Run2.sh
#	deleted:    ../../../../combination/full_datacards/condor/impacts/Test/impacts_CMS_HWW_boosted_mu_trigger_iso_Run2.jdl
#	deleted:    ../../../../combination/full_datacards/condor/impacts/Test/impacts_CMS_HWW_boosted_mu_trigger_iso_Run2.sh
#	deleted:    ../../../../combination/full_datacards/condor/impacts/Test/impacts_CMS_HWW_boosted_tf_dataResidual_CR1_Bin0.jdl
#	deleted:    ../../../../combination/full_datacards/condor/impacts/Test/impacts_CMS_HWW_boosted_tf_dataResidual_CR1_Bin0.sh
#	deleted:    ../../../../combination/full_datacards/condor/impacts/Test/impacts_CMS_HWW_boosted_tf_dataResidual_CR1_Bin1.jdl
#	deleted:    ../../../../combination/full_datacards/condor/impacts/Test/impacts_CMS_HWW_boosted_tf_dataResidual_CR1_Bin1.sh
#	deleted:    ../../../../combination/full_datacards/condor/impacts/Test/impacts_CMS_HWW_boosted_tf_dataResidual_CR1_Bin10.jdl
#	deleted:    ../../../../combination/full_datacards/condor/impacts/Test/impacts_CMS_HWW_boosted_tf_dataResidual_CR1_Bin10.sh
#	deleted:    ../../../../combination/full_datacards/condor/impacts/Test/impacts_CMS_HWW_boosted_tf_dataResidual_CR1_Bin11.jdl
#	deleted:    ../../../../combination/full_datacards/condor/impacts/Test/impacts_CMS_HWW_boosted_tf_dataResidual_CR1_Bin11.sh
#	deleted:    ../../../../combination/full_datacards/condor/impacts/Test/impacts_CMS_HWW_boosted_tf_dataResidual_CR1_Bin12.jdl
#	deleted:    ../../../../combination/full_datacards/condor/impacts/Test/impacts_CMS_HWW_boosted_tf_dataResidual_CR1_Bin12.sh
#	deleted:    ../../../../combination/full_datacards/condor/impacts/Test/impacts_CMS_HWW_boosted_tf_dataResidual_CR1_Bin13.jdl
#	deleted:    ../../../../combination/full_datacards/condor/impacts/Test/impacts_CMS_HWW_boosted_tf_dataResidual_CR1_Bin13.sh
#	deleted:    ../../../../combination/full_datacards/condor/impacts/Test/impacts_CMS_HWW_boosted_tf_dataResidual_CR1_Bin14.jdl
#	deleted:    ../../../../combination/full_datacards/condor/impacts/Test/impacts_CMS_HWW_boosted_tf_dataResidual_CR1_Bin14.sh
#	deleted:    ../../../../combination/full_datacards/condor/impacts/Test/impacts_CMS_HWW_boosted_tf_dataResidual_CR1_Bin15.jdl
#	deleted:    ../../../../combination/full_datacards/condor/impacts/Test/impacts_CMS_HWW_boosted_tf_dataResidual_CR1_Bin15.sh
#	deleted:    ../../../../combination/full_datacards/condor/impacts/Test/impacts_CMS_HWW_boosted_tf_dataResidual_CR1_Bin16.jdl
#	deleted:    ../../../../combination/full_datacards/condor/impacts/Test/impacts_CMS_HWW_boosted_tf_dataResidual_CR1_Bin16.sh
#	deleted:    ../../../../combination/full_datacards/condor/impacts/Test/impacts_CMS_HWW_boosted_tf_dataResidual_CR1_Bin17.jdl
#	deleted:    ../../../../combination/full_datacards/condor/impacts/Test/impacts_CMS_HWW_boosted_tf_dataResidual_CR1_Bin17.sh
#	deleted:    ../../../../combination/full_datacards/condor/impacts/Test/impacts_CMS_HWW_boosted_tf_dataResidual_CR1_Bin18.jdl
#	deleted:    ../../../../combination/full_datacards/condor/impacts/Test/impacts_CMS_HWW_boosted_tf_dataResidual_CR1_Bin18.sh
#	deleted:    ../../../../combination/full_datacards/condor/impacts/Test/impacts_CMS_HWW_boosted_tf_dataResidual_CR1_Bin19.jdl
#	deleted:    ../../../../combination/full_datacards/condor/impacts/Test/impacts_CMS_HWW_boosted_tf_dataResidual_CR1_Bin19.sh
#	deleted:    ../../../../combination/full_datacards/condor/impacts/Test/impacts_CMS_HWW_boosted_tf_dataResidual_CR1_Bin2.jdl
#	deleted:    ../../../../combination/full_datacards/condor/impacts/Test/impacts_CMS_HWW_boosted_tf_dataResidual_CR1_Bin2.sh
#	deleted:    ../../../../combination/full_datacards/condor/impacts/Test/impacts_CMS_HWW_boosted_tf_dataResidual_CR1_Bin3.jdl
#	deleted:    ../../../../combination/full_datacards/condor/impacts/Test/impacts_CMS_HWW_boosted_tf_dataResidual_CR1_Bin3.sh
#	deleted:    ../../../../combination/full_datacards/condor/impacts/Test/impacts_CMS_HWW_boosted_tf_dataResidual_CR1_Bin4.jdl
#	deleted:    ../../../../combination/full_datacards/condor/impacts/Test/impacts_CMS_HWW_boosted_tf_dataResidual_CR1_Bin4.sh
#	deleted:    ../../../../combination/full_datacards/condor/impacts/Test/impacts_CMS_HWW_boosted_tf_dataResidual_CR1_Bin5.jdl
#	deleted:    ../../../../combination/full_datacards/condor/impacts/Test/impacts_CMS_HWW_boosted_tf_dataResidual_CR1_Bin5.sh
#	deleted:    ../../../../combination/full_datacards/condor/impacts/Test/impacts_CMS_HWW_boosted_tf_dataResidual_CR1_Bin6.jdl
#	deleted:    ../../../../combination/full_datacards/condor/impacts/Test/impacts_CMS_HWW_boosted_tf_dataResidual_CR1_Bin6.sh
#	deleted:    ../../../../combination/full_datacards/condor/impacts/Test/impacts_CMS_HWW_boosted_tf_dataResidual_CR1_Bin7.jdl
#	deleted:    ../../../../combination/full_datacards/condor/impacts/Test/impacts_CMS_HWW_boosted_tf_dataResidual_CR1_Bin7.sh
#	deleted:    ../../../../combination/full_datacards/condor/impacts/Test/impacts_CMS_HWW_boosted_tf_dataResidual_CR1_Bin8.jdl
#	deleted:    ../../../../combination/full_datacards/condor/impacts/Test/impacts_CMS_HWW_boosted_tf_dataResidual_CR1_Bin8.sh
#	deleted:    ../../../../combination/full_datacards/condor/impacts/Test/impacts_CMS_HWW_boosted_tf_dataResidual_CR1_Bin9.jdl
#	deleted:    ../../../../combination/full_datacards/condor/impacts/Test/impacts_CMS_HWW_boosted_tf_dataResidual_CR1_Bin9.sh
#	deleted:    ../../../../combination/full_datacards/condor/impacts/Test/impacts_CMS_HWW_boosted_tf_dataResidual_CR2_Bin0.jdl
#	deleted:    ../../../../combination/full_datacards/condor/impacts/Test/impacts_CMS_HWW_boosted_tf_dataResidual_CR2_Bin0.sh
#	deleted:    ../../../../combination/full_datacards/condor/impacts/Test/impacts_CMS_HWW_boosted_tf_dataResidual_CR2_Bin1.jdl
#	deleted:    ../../../../combination/full_datacards/condor/impacts/Test/impacts_CMS_HWW_boosted_tf_dataResidual_CR2_Bin1.sh
#	deleted:    ../../../../combination/full_datacards/condor/impacts/Test/impacts_CMS_HWW_boosted_tf_dataResidual_CR2_Bin10.jdl
#	deleted:    ../../../../combination/full_datacards/condor/impacts/Test/impacts_CMS_HWW_boosted_tf_dataResidual_CR2_Bin10.sh
#	deleted:    ../../../../combination/full_datacards/condor/impacts/Test/impacts_CMS_HWW_boosted_tf_dataResidual_CR2_Bin11.jdl
#	deleted:    ../../../../combination/full_datacards/condor/impacts/Test/impacts_CMS_HWW_boosted_tf_dataResidual_CR2_Bin11.sh
#	deleted:    ../../../../combination/full_datacards/condor/impacts/Test/impacts_CMS_HWW_boosted_tf_dataResidual_CR2_Bin12.jdl
#	deleted:    ../../../../combination/full_datacards/condor/impacts/Test/impacts_CMS_HWW_boosted_tf_dataResidual_CR2_Bin12.sh
#	deleted:    ../../../../combination/full_datacards/condor/impacts/Test/impacts_CMS_HWW_boosted_tf_dataResidual_CR2_Bin13.jdl
#	deleted:    ../../../../combination/full_datacards/condor/impacts/Test/impacts_CMS_HWW_boosted_tf_dataResidual_CR2_Bin13.sh
#	deleted:    ../../../../combination/full_datacards/condor/impacts/Test/impacts_CMS_HWW_boosted_tf_dataResidual_CR2_Bin14.jdl
#	deleted:    ../../../../combination/full_datacards/condor/impacts/Test/impacts_CMS_HWW_boosted_tf_dataResidual_CR2_Bin14.sh
#	deleted:    ../../../../combination/full_datacards/condor/impacts/Test/impacts_CMS_HWW_boosted_tf_dataResidual_CR2_Bin15.jdl
#	deleted:    ../../../../combination/full_datacards/condor/impacts/Test/impacts_CMS_HWW_boosted_tf_dataResidual_CR2_Bin15.sh
#	deleted:    ../../../../combination/full_datacards/condor/impacts/Test/impacts_CMS_HWW_boosted_tf_dataResidual_CR2_Bin16.jdl
#	deleted:    ../../../../combination/full_datacards/condor/impacts/Test/impacts_CMS_HWW_boosted_tf_dataResidual_CR2_Bin16.sh
#	deleted:    ../../../../combination/full_datacards/condor/impacts/Test/impacts_CMS_HWW_boosted_tf_dataResidual_CR2_Bin17.jdl
#	deleted:    ../../../../combination/full_datacards/condor/impacts/Test/impacts_CMS_HWW_boosted_tf_dataResidual_CR2_Bin17.sh
#	deleted:    ../../../../combination/full_datacards/condor/impacts/Test/impacts_CMS_HWW_boosted_tf_dataResidual_CR2_Bin18.jdl
#	deleted:    ../../../../combination/full_datacards/condor/impacts/Test/impacts_CMS_HWW_boosted_tf_dataResidual_CR2_Bin18.sh
#	deleted:    ../../../../combination/full_datacards/condor/impacts/Test/impacts_CMS_HWW_boosted_tf_dataResidual_CR2_Bin19.jdl
#	deleted:    ../../../../combination/full_datacards/condor/impacts/Test/impacts_CMS_HWW_boosted_tf_dataResidual_CR2_Bin19.sh
#	deleted:    ../../../../combination/full_datacards/condor/impacts/Test/impacts_CMS_HWW_boosted_tf_dataResidual_CR2_Bin2.jdl
#	deleted:    ../../../../combination/full_datacards/condor/impacts/Test/impacts_CMS_HWW_boosted_tf_dataResidual_CR2_Bin2.sh
#	deleted:    ../../../../combination/full_datacards/condor/impacts/Test/impacts_CMS_HWW_boosted_tf_dataResidual_CR2_Bin3.jdl
#	deleted:    ../../../../combination/full_datacards/condor/impacts/Test/impacts_CMS_HWW_boosted_tf_dataResidual_CR2_Bin3.sh
#	deleted:    ../../../../combination/full_datacards/condor/impacts/Test/impacts_CMS_HWW_boosted_tf_dataResidual_CR2_Bin4.jdl
#	deleted:    ../../../../combination/full_datacards/condor/impacts/Test/impacts_CMS_HWW_boosted_tf_dataResidual_CR2_Bin4.sh
#	deleted:    ../../../../combination/full_datacards/condor/impacts/Test/impacts_CMS_HWW_boosted_tf_dataResidual_CR2_Bin5.jdl
#	deleted:    ../../../../combination/full_datacards/condor/impacts/Test/impacts_CMS_HWW_boosted_tf_dataResidual_CR2_Bin5.sh
#	deleted:    ../../../../combination/full_datacards/condor/impacts/Test/impacts_CMS_HWW_boosted_tf_dataResidual_CR2_Bin6.jdl
#	deleted:    ../../../../combination/full_datacards/condor/impacts/Test/impacts_CMS_HWW_boosted_tf_dataResidual_CR2_Bin6.sh
#	deleted:    ../../../../combination/full_datacards/condor/impacts/Test/impacts_CMS_HWW_boosted_tf_dataResidual_CR2_Bin7.jdl
#	deleted:    ../../../../combination/full_datacards/condor/impacts/Test/impacts_CMS_HWW_boosted_tf_dataResidual_CR2_Bin7.sh
#	deleted:    ../../../../combination/full_datacards/condor/impacts/Test/impacts_CMS_HWW_boosted_tf_dataResidual_CR2_Bin8.jdl
#	deleted:    ../../../../combination/full_datacards/condor/impacts/Test/impacts_CMS_HWW_boosted_tf_dataResidual_CR2_Bin8.sh
#	deleted:    ../../../../combination/full_datacards/condor/impacts/Test/impacts_CMS_HWW_boosted_tf_dataResidual_CR2_Bin9.jdl
#	deleted:    ../../../../combination/full_datacards/condor/impacts/Test/impacts_CMS_HWW_boosted_tf_dataResidual_CR2_Bin9.sh
#	deleted:    ../../../../combination/full_datacards/condor/impacts/Test/impacts_CMS_HWW_boosted_tf_dataResidual_a_MH_Reco_par0.jdl
#	deleted:    ../../../../combination/full_datacards/condor/impacts/Test/impacts_CMS_HWW_boosted_tf_dataResidual_a_MH_Reco_par0.sh
#	deleted:    ../../../../combination/full_datacards/condor/impacts/Test/impacts_CMS_HWW_boosted_tf_dataResidual_a_MH_Reco_par1.jdl
#	deleted:    ../../../../combination/full_datacards/condor/impacts/Test/impacts_CMS_HWW_boosted_tf_dataResidual_a_MH_Reco_par1.sh
#	deleted:    ../../../../combination/full_datacards/condor/impacts/Test/impacts_CMS_HWW_boosted_tf_dataResidual_a_MH_Reco_par2.jdl
#	deleted:    ../../../../combination/full_datacards/condor/impacts/Test/impacts_CMS_HWW_boosted_tf_dataResidual_a_MH_Reco_par2.sh
#	deleted:    ../../../../combination/full_datacards/condor/impacts/Test/impacts_CMS_HWW_boosted_tf_dataResidual_a_MH_Reco_par3.jdl
#	deleted:    ../../../../combination/full_datacards/condor/impacts/Test/impacts_CMS_HWW_boosted_tf_dataResidual_a_MH_Reco_par3.sh
#	deleted:    ../../../../combination/full_datacards/condor/impacts/Test/impacts_CMS_HWW_boosted_tf_dataResidual_b_MH_Reco_par0.jdl
#	deleted:    ../../../../combination/full_datacards/condor/impacts/Test/impacts_CMS_HWW_boosted_tf_dataResidual_b_MH_Reco_par0.sh
#	deleted:    ../../../../combination/full_datacards/condor/impacts/Test/impacts_CMS_HWW_boosted_tf_dataResidual_b_MH_Reco_par1.jdl
#	deleted:    ../../../../combination/full_datacards/condor/impacts/Test/impacts_CMS_HWW_boosted_tf_dataResidual_b_MH_Reco_par1.sh
#	deleted:    ../../../../combination/full_datacards/condor/impacts/Test/impacts_CMS_HWW_boosted_tf_dataResidual_b_MH_Reco_par2.jdl
#	deleted:    ../../../../combination/full_datacards/condor/impacts/Test/impacts_CMS_HWW_boosted_tf_dataResidual_b_MH_Reco_par2.sh
#	deleted:    ../../../../combination/full_datacards/condor/impacts/Test/impacts_CMS_HWW_boosted_tf_dataResidual_b_MH_Reco_par3.jdl
#	deleted:    ../../../../combination/full_datacards/condor/impacts/Test/impacts_CMS_HWW_boosted_tf_dataResidual_b_MH_Reco_par3.sh
#	deleted:    ../../../../combination/full_datacards/condor/impacts/Test/impacts_CMS_HWW_boosted_tf_dataResidual_b_MH_Reco_par4.jdl
#	deleted:    ../../../../combination/full_datacards/condor/impacts/Test/impacts_CMS_HWW_boosted_tf_dataResidual_b_MH_Reco_par4.sh
#	deleted:    ../../../../combination/full_datacards/condor/impacts/Test/impacts_CMS_HWW_boosted_tf_dataResidual_b_MH_Reco_par5.jdl
#	deleted:    ../../../../combination/full_datacards/condor/impacts/Test/impacts_CMS_HWW_boosted_tf_dataResidual_b_MH_Reco_par5.sh
#	deleted:    ../../../../combination/full_datacards/condor/impacts/Test/impacts_CMS_HWW_boosted_tf_dataResidual_b_MH_Reco_par6.jdl
#	deleted:    ../../../../combination/full_datacards/condor/impacts/Test/impacts_CMS_HWW_boosted_tf_dataResidual_b_MH_Reco_par6.sh
#	deleted:    ../../../../combination/full_datacards/condor/impacts/Test/impacts_CMS_lumi_13TeV_1718.jdl
#	deleted:    ../../../../combination/full_datacards/condor/impacts/Test/impacts_CMS_lumi_13TeV_1718.sh
#	deleted:    ../../../../combination/full_datacards/condor/impacts/Test/impacts_CMS_lumi_13TeV_2016.jdl
#	deleted:    ../../../../combination/full_datacards/condor/impacts/Test/impacts_CMS_lumi_13TeV_2016.sh
#	deleted:    ../../../../combination/full_datacards/condor/impacts/Test/impacts_CMS_lumi_13TeV_2017.jdl
#	deleted:    ../../../../combination/full_datacards/condor/impacts/Test/impacts_CMS_lumi_13TeV_2017.sh
#	deleted:    ../../../../combination/full_datacards/condor/impacts/Test/impacts_CMS_lumi_13TeV_2018.jdl
#	deleted:    ../../../../combination/full_datacards/condor/impacts/Test/impacts_CMS_lumi_13TeV_2018.sh
#	deleted:    ../../../../combination/full_datacards/condor/impacts/Test/impacts_CMS_lumi_13TeV_corelated.jdl
#	deleted:    ../../../../combination/full_datacards/condor/impacts/Test/impacts_CMS_lumi_13TeV_corelated.sh
#	deleted:    ../../../../combination/full_datacards/condor/impacts/Test/impacts_CMS_pileup_2016.jdl
#	deleted:    ../../../../combination/full_datacards/condor/impacts/Test/impacts_CMS_pileup_2016.sh
#	deleted:    ../../../../combination/full_datacards/condor/impacts/Test/impacts_CMS_pileup_2016APV.jdl
#	deleted:    ../../../../combination/full_datacards/condor/impacts/Test/impacts_CMS_pileup_2016APV.sh
#	deleted:    ../../../../combination/full_datacards/condor/impacts/Test/impacts_CMS_pileup_2017.jdl
#	deleted:    ../../../../combination/full_datacards/condor/impacts/Test/impacts_CMS_pileup_2017.sh
#	deleted:    ../../../../combination/full_datacards/condor/impacts/Test/impacts_CMS_pileup_2018.jdl
#	deleted:    ../../../../combination/full_datacards/condor/impacts/Test/impacts_CMS_pileup_2018.sh
#	deleted:    ../../../../combination/full_datacards/condor/impacts/Test/impacts_CMS_res_j_2016.jdl
#	deleted:    ../../../../combination/full_datacards/condor/impacts/Test/impacts_CMS_res_j_2016.sh
#	deleted:    ../../../../combination/full_datacards/condor/impacts/Test/impacts_CMS_res_j_2016APV.jdl
#	deleted:    ../../../../combination/full_datacards/condor/impacts/Test/impacts_CMS_res_j_2016APV.sh
#	deleted:    ../../../../combination/full_datacards/condor/impacts/Test/impacts_CMS_res_j_2017.jdl
#	deleted:    ../../../../combination/full_datacards/condor/impacts/Test/impacts_CMS_res_j_2017.sh
#	deleted:    ../../../../combination/full_datacards/condor/impacts/Test/impacts_CMS_res_j_2018.jdl
#	deleted:    ../../../../combination/full_datacards/condor/impacts/Test/impacts_CMS_res_j_2018.sh
#	deleted:    ../../../../combination/full_datacards/condor/impacts/Test/impacts_CMS_scale_j.jdl
#	deleted:    ../../../../combination/full_datacards/condor/impacts/Test/impacts_CMS_scale_j.sh
#	deleted:    ../../../../combination/full_datacards/condor/impacts/Test/impacts_PDF_scale.jdl
#	deleted:    ../../../../combination/full_datacards/condor/impacts/Test/impacts_PDF_scale.sh
#	deleted:    ../../../../combination/full_datacards/condor/impacts/Test/impacts_PSFSR_VBF.jdl
#	deleted:    ../../../../combination/full_datacards/condor/impacts/Test/impacts_PSFSR_VBF.sh
#	deleted:    ../../../../combination/full_datacards/condor/impacts/Test/impacts_PSFSR_ggF.jdl
#	deleted:    ../../../../combination/full_datacards/condor/impacts/Test/impacts_PSFSR_ggF.sh
#	deleted:    ../../../../combination/full_datacards/condor/impacts/Test/impacts_PSISR_VBF.jdl
#	deleted:    ../../../../combination/full_datacards/condor/impacts/Test/impacts_PSISR_VBF.sh
#	deleted:    ../../../../combination/full_datacards/condor/impacts/Test/impacts_PSISR_ggF.jdl
#	deleted:    ../../../../combination/full_datacards/condor/impacts/Test/impacts_PSISR_ggF.sh
#	deleted:    ../../../../combination/full_datacards/condor/impacts/Test/impacts_QCD_rate.jdl
#	deleted:    ../../../../combination/full_datacards/condor/impacts/Test/impacts_QCD_rate.sh
#	deleted:    ../../../../combination/full_datacards/condor/impacts/Test/impacts_QCD_scale.jdl
#	deleted:    ../../../../combination/full_datacards/condor/impacts/Test/impacts_QCD_scale.sh
#	deleted:    ../../../../combination/full_datacards/condor/impacts/Test/impacts_QCDscale_VH.jdl
#	deleted:    ../../../../combination/full_datacards/condor/impacts/Test/impacts_QCDscale_VH.sh
#	deleted:    ../../../../combination/full_datacards/condor/impacts/Test/impacts_QCDscale_ggH.jdl
#	deleted:    ../../../../combination/full_datacards/condor/impacts/Test/impacts_QCDscale_ggH.sh
#	deleted:    ../../../../combination/full_datacards/condor/impacts/Test/impacts_QCDscale_qqH.jdl
#	deleted:    ../../../../combination/full_datacards/condor/impacts/Test/impacts_QCDscale_qqH.sh
#	deleted:    ../../../../combination/full_datacards/condor/impacts/Test/impacts_QCDscale_ttH.jdl
#	deleted:    ../../../../combination/full_datacards/condor/impacts/Test/impacts_QCDscale_ttH.sh
#	deleted:    ../../../../combination/full_datacards/condor/impacts/Test/impacts_QCDscale_ttbar.jdl
#	deleted:    ../../../../combination/full_datacards/condor/impacts/Test/impacts_QCDscale_ttbar.sh
#	deleted:    ../../../../combination/full_datacards/condor/impacts/Test/impacts_TopCR_diboson_mcstat.jdl
#	deleted:    ../../../../combination/full_datacards/condor/impacts/Test/impacts_TopCR_diboson_mcstat.sh
#	deleted:    ../../../../combination/full_datacards/condor/impacts/Test/impacts_TopCR_ewkvjets_mcstat.jdl
#	deleted:    ../../../../combination/full_datacards/condor/impacts/Test/impacts_TopCR_ewkvjets_mcstat.sh
#	deleted:    ../../../../combination/full_datacards/condor/impacts/Test/impacts_TopCR_qcd_mcstat.jdl
#	deleted:    ../../../../combination/full_datacards/condor/impacts/Test/impacts_TopCR_qcd_mcstat.sh
#	deleted:    ../../../../combination/full_datacards/condor/impacts/Test/impacts_TopCR_singletop_mcstat.jdl
#	deleted:    ../../../../combination/full_datacards/condor/impacts/Test/impacts_TopCR_singletop_mcstat.sh
#	deleted:    ../../../../combination/full_datacards/condor/impacts/Test/impacts_TopCR_ttbar_mcstat.jdl
#	deleted:    ../../../../combination/full_datacards/condor/impacts/Test/impacts_TopCR_ttbar_mcstat.sh
#	deleted:    ../../../../combination/full_datacards/condor/impacts/Test/impacts_TopCR_vjets_mcstat.jdl
#	deleted:    ../../../../combination/full_datacards/condor/impacts/Test/impacts_TopCR_vjets_mcstat.sh
#	deleted:    ../../../../combination/full_datacards/condor/impacts/Test/impacts_TopCR_wjets_mcstat.jdl
#	deleted:    ../../../../combination/full_datacards/condor/impacts/Test/impacts_TopCR_wjets_mcstat.sh
#	deleted:    ../../../../combination/full_datacards/condor/impacts/Test/impacts_VBF_mcstat_bin0.jdl
#	deleted:    ../../../../combination/full_datacards/condor/impacts/Test/impacts_VBF_mcstat_bin0.sh
#	deleted:    ../../../../combination/full_datacards/condor/impacts/Test/impacts_VBF_mcstat_bin1.jdl
#	deleted:    ../../../../combination/full_datacards/condor/impacts/Test/impacts_VBF_mcstat_bin1.sh
#	deleted:    ../../../../combination/full_datacards/condor/impacts/Test/impacts_VBF_mcstat_bin2.jdl
#	deleted:    ../../../../combination/full_datacards/condor/impacts/Test/impacts_VBF_mcstat_bin2.sh
#	deleted:    ../../../../combination/full_datacards/condor/impacts/Test/impacts_VBF_mcstat_bin3.jdl
#	deleted:    ../../../../combination/full_datacards/condor/impacts/Test/impacts_VBF_mcstat_bin3.sh
#	deleted:    ../../../../combination/full_datacards/condor/impacts/Test/impacts_VBF_mcstat_bin4.jdl
#	deleted:    ../../../../combination/full_datacards/condor/impacts/Test/impacts_VBF_mcstat_bin4.sh
#	deleted:    ../../../../combination/full_datacards/condor/impacts/Test/impacts_VBF_mcstat_bin5.jdl
#	deleted:    ../../../../combination/full_datacards/condor/impacts/Test/impacts_VBF_mcstat_bin5.sh
#	deleted:    ../../../../combination/full_datacards/condor/impacts/Test/impacts_VBF_mcstat_bin6.jdl
#	deleted:    ../../../../combination/full_datacards/condor/impacts/Test/impacts_VBF_mcstat_bin6.sh
#	deleted:    ../../../../combination/full_datacards/condor/impacts/Test/impacts_VBF_mcstat_bin7.jdl
#	deleted:    ../../../../combination/full_datacards/condor/impacts/Test/impacts_VBF_mcstat_bin7.sh
#	deleted:    ../../../../combination/full_datacards/condor/impacts/Test/impacts_VBF_mcstat_bin8.jdl
#	deleted:    ../../../../combination/full_datacards/condor/impacts/Test/impacts_VBF_mcstat_bin8.sh
#	deleted:    ../../../../combination/full_datacards/condor/impacts/Test/impacts_WJetsCR_diboson_mcstat.jdl
#	deleted:    ../../../../combination/full_datacards/condor/impacts/Test/impacts_WJetsCR_diboson_mcstat.sh
#	deleted:    ../../../../combination/full_datacards/condor/impacts/Test/impacts_WJetsCR_ewkvjets_mcstat.jdl
#	deleted:    ../../../../combination/full_datacards/condor/impacts/Test/impacts_WJetsCR_ewkvjets_mcstat.sh
#	deleted:    ../../../../combination/full_datacards/condor/impacts/Test/impacts_WJetsCR_qcd_mcstat.jdl
#	deleted:    ../../../../combination/full_datacards/condor/impacts/Test/impacts_WJetsCR_qcd_mcstat.sh
#	deleted:    ../../../../combination/full_datacards/condor/impacts/Test/impacts_WJetsCR_singletop_mcstat.jdl
#	deleted:    ../../../../combination/full_datacards/condor/impacts/Test/impacts_WJetsCR_singletop_mcstat.sh
#	deleted:    ../../../../combination/full_datacards/condor/impacts/Test/impacts_WJetsCR_ttbar_mcstat.jdl
#	deleted:    ../../../../combination/full_datacards/condor/impacts/Test/impacts_WJetsCR_ttbar_mcstat.sh
#	deleted:    ../../../../combination/full_datacards/condor/impacts/Test/impacts_WJetsCR_vjets_mcstat.jdl
#	deleted:    ../../../../combination/full_datacards/condor/impacts/Test/impacts_WJetsCR_vjets_mcstat.sh
#	deleted:    ../../../../combination/full_datacards/condor/impacts/Test/impacts_WJetsCR_wjets_mcstat.jdl
#	deleted:    ../../../../combination/full_datacards/condor/impacts/Test/impacts_WJetsCR_wjets_mcstat.sh
#	deleted:    ../../../../combination/full_datacards/condor/impacts/Test/impacts_ggFpt250to300_mcstat_bin0.jdl
#	deleted:    ../../../../combination/full_datacards/condor/impacts/Test/impacts_ggFpt250to300_mcstat_bin0.sh
#	deleted:    ../../../../combination/full_datacards/condor/impacts/Test/impacts_ggFpt250to300_mcstat_bin1.jdl
#	deleted:    ../../../../combination/full_datacards/condor/impacts/Test/impacts_ggFpt250to300_mcstat_bin1.sh
#	deleted:    ../../../../combination/full_datacards/condor/impacts/Test/impacts_ggFpt250to300_mcstat_bin2.jdl
#	deleted:    ../../../../combination/full_datacards/condor/impacts/Test/impacts_ggFpt250to300_mcstat_bin2.sh
#	deleted:    ../../../../combination/full_datacards/condor/impacts/Test/impacts_ggFpt250to300_mcstat_bin3.jdl
#	deleted:    ../../../../combination/full_datacards/condor/impacts/Test/impacts_ggFpt250to300_mcstat_bin3.sh
#	deleted:    ../../../../combination/full_datacards/condor/impacts/Test/impacts_ggFpt250to300_mcstat_bin4.jdl
#	deleted:    ../../../../combination/full_datacards/condor/impacts/Test/impacts_ggFpt250to300_mcstat_bin4.sh
#	deleted:    ../../../../combination/full_datacards/condor/impacts/Test/impacts_ggFpt250to300_mcstat_bin5.jdl
#	deleted:    ../../../../combination/full_datacards/condor/impacts/Test/impacts_ggFpt250to300_mcstat_bin5.sh
#	deleted:    ../../../../combination/full_datacards/condor/impacts/Test/impacts_ggFpt250to300_mcstat_bin6.jdl
#	deleted:    ../../../../combination/full_datacards/condor/impacts/Test/impacts_ggFpt250to300_mcstat_bin6.sh
#	deleted:    ../../../../combination/full_datacards/condor/impacts/Test/impacts_ggFpt250to300_mcstat_bin7.jdl
#	deleted:    ../../../../combination/full_datacards/condor/impacts/Test/impacts_ggFpt250to300_mcstat_bin7.sh
#	deleted:    ../../../../combination/full_datacards/condor/impacts/Test/impacts_ggFpt250to300_mcstat_bin8.jdl
#	deleted:    ../../../../combination/full_datacards/condor/impacts/Test/impacts_ggFpt250to300_mcstat_bin8.sh
#	deleted:    ../../../../combination/full_datacards/condor/impacts/Test/impacts_ggFpt300to450_mcstat_bin0.jdl
#	deleted:    ../../../../combination/full_datacards/condor/impacts/Test/impacts_ggFpt300to450_mcstat_bin0.sh
#	deleted:    ../../../../combination/full_datacards/condor/impacts/Test/impacts_ggFpt300to450_mcstat_bin1.jdl
#	deleted:    ../../../../combination/full_datacards/condor/impacts/Test/impacts_ggFpt300to450_mcstat_bin1.sh
#	deleted:    ../../../../combination/full_datacards/condor/impacts/Test/impacts_ggFpt300to450_mcstat_bin2.jdl
#	deleted:    ../../../../combination/full_datacards/condor/impacts/Test/impacts_ggFpt300to450_mcstat_bin2.sh
#	deleted:    ../../../../combination/full_datacards/condor/impacts/Test/impacts_ggFpt300to450_mcstat_bin3.jdl
#	deleted:    ../../../../combination/full_datacards/condor/impacts/Test/impacts_ggFpt300to450_mcstat_bin3.sh
#	deleted:    ../../../../combination/full_datacards/condor/impacts/Test/impacts_ggFpt300to450_mcstat_bin4.jdl
#	deleted:    ../../../../combination/full_datacards/condor/impacts/Test/impacts_ggFpt300to450_mcstat_bin4.sh
#	deleted:    ../../../../combination/full_datacards/condor/impacts/Test/impacts_ggFpt300to450_mcstat_bin5.jdl
#	deleted:    ../../../../combination/full_datacards/condor/impacts/Test/impacts_ggFpt300to450_mcstat_bin5.sh
#	deleted:    ../../../../combination/full_datacards/condor/impacts/Test/impacts_ggFpt300to450_mcstat_bin6.jdl
#	deleted:    ../../../../combination/full_datacards/condor/impacts/Test/impacts_ggFpt300to450_mcstat_bin6.sh
#	deleted:    ../../../../combination/full_datacards/condor/impacts/Test/impacts_ggFpt300to450_mcstat_bin7.jdl
#	deleted:    ../../../../combination/full_datacards/condor/impacts/Test/impacts_ggFpt300to450_mcstat_bin7.sh
#	deleted:    ../../../../combination/full_datacards/condor/impacts/Test/impacts_ggFpt300to450_mcstat_bin8.jdl
#	deleted:    ../../../../combination/full_datacards/condor/impacts/Test/impacts_ggFpt300to450_mcstat_bin8.sh
#	deleted:    ../../../../combination/full_datacards/condor/impacts/Test/impacts_ggFpt450toInf_mcstat_bin0.jdl
#	deleted:    ../../../../combination/full_datacards/condor/impacts/Test/impacts_ggFpt450toInf_mcstat_bin0.sh
#	deleted:    ../../../../combination/full_datacards/condor/impacts/Test/impacts_ggFpt450toInf_mcstat_bin1.jdl
#	deleted:    ../../../../combination/full_datacards/condor/impacts/Test/impacts_ggFpt450toInf_mcstat_bin1.sh
#	deleted:    ../../../../combination/full_datacards/condor/impacts/Test/impacts_ggFpt450toInf_mcstat_bin2.jdl
#	deleted:    ../../../../combination/full_datacards/condor/impacts/Test/impacts_ggFpt450toInf_mcstat_bin2.sh
#	deleted:    ../../../../combination/full_datacards/condor/impacts/Test/impacts_ggFpt450toInf_mcstat_bin3.jdl
#	deleted:    ../../../../combination/full_datacards/condor/impacts/Test/impacts_ggFpt450toInf_mcstat_bin3.sh
#	deleted:    ../../../../combination/full_datacards/condor/impacts/Test/impacts_ggFpt450toInf_mcstat_bin4.jdl
#	deleted:    ../../../../combination/full_datacards/condor/impacts/Test/impacts_ggFpt450toInf_mcstat_bin4.sh
#	deleted:    ../../../../combination/full_datacards/condor/impacts/Test/impacts_ggFpt450toInf_mcstat_bin5.jdl
#	deleted:    ../../../../combination/full_datacards/condor/impacts/Test/impacts_ggFpt450toInf_mcstat_bin5.sh
#	deleted:    ../../../../combination/full_datacards/condor/impacts/Test/impacts_ggFpt450toInf_mcstat_bin6.jdl
#	deleted:    ../../../../combination/full_datacards/condor/impacts/Test/impacts_ggFpt450toInf_mcstat_bin6.sh
#	deleted:    ../../../../combination/full_datacards/condor/impacts/Test/impacts_ggFpt450toInf_mcstat_bin7.jdl
#	deleted:    ../../../../combination/full_datacards/condor/impacts/Test/impacts_ggFpt450toInf_mcstat_bin7.sh
#	deleted:    ../../../../combination/full_datacards/condor/impacts/Test/impacts_ggFpt450toInf_mcstat_bin8.jdl
#	deleted:    ../../../../combination/full_datacards/condor/impacts/Test/impacts_ggFpt450toInf_mcstat_bin8.sh
#	deleted:    ../../../../combination/full_datacards/condor/impacts/Test/impacts_init.jdl
#	deleted:    ../../../../combination/full_datacards/condor/impacts/Test/impacts_init.sh
#	deleted:    ../../../../combination/full_datacards/condor/impacts/Test/impacts_lumi_13TeV_1718.jdl
#	deleted:    ../../../../combination/full_datacards/condor/impacts/Test/impacts_lumi_13TeV_1718.sh
#	deleted:    ../../../../combination/full_datacards/condor/impacts/Test/impacts_lumi_13TeV_2016.jdl
#	deleted:    ../../../../combination/full_datacards/condor/impacts/Test/impacts_lumi_13TeV_2016.sh
#	deleted:    ../../../../combination/full_datacards/condor/impacts/Test/impacts_lumi_13TeV_2017.jdl
#	deleted:    ../../../../combination/full_datacards/condor/impacts/Test/impacts_lumi_13TeV_2017.sh
#	deleted:    ../../../../combination/full_datacards/condor/impacts/Test/impacts_lumi_13TeV_2018.jdl
#	deleted:    ../../../../combination/full_datacards/condor/impacts/Test/impacts_lumi_13TeV_2018.sh
#	deleted:    ../../../../combination/full_datacards/condor/impacts/Test/impacts_lumi_13TeV_correlated.jdl
#	deleted:    ../../../../combination/full_datacards/condor/impacts/Test/impacts_lumi_13TeV_correlated.sh
#	deleted:    ../../../../combination/full_datacards/condor/impacts/Test/impacts_muon_mini-isolation_SF.jdl
#	deleted:    ../../../../combination/full_datacards/condor/impacts/Test/impacts_muon_mini-isolation_SF.sh
#	deleted:    ../../../../combination/full_datacards/condor/impacts/Test/impacts_pdf_Higgs_gg.jdl
#	deleted:    ../../../../combination/full_datacards/condor/impacts/Test/impacts_pdf_Higgs_gg.sh
#	deleted:    ../../../../combination/full_datacards/condor/impacts/Test/impacts_pdf_Higgs_qqbar.jdl
#	deleted:    ../../../../combination/full_datacards/condor/impacts/Test/impacts_pdf_Higgs_qqbar.sh
#	deleted:    ../../../../combination/full_datacards/condor/impacts/Test/impacts_pdf_Higgs_ttH.jdl
#	deleted:    ../../../../combination/full_datacards/condor/impacts/Test/impacts_pdf_Higgs_ttH.sh
#	deleted:    ../../../../combination/full_datacards/condor/impacts/Test/impacts_pdf_gg.jdl
#	deleted:    ../../../../combination/full_datacards/condor/impacts/Test/impacts_pdf_gg.sh
#	deleted:    ../../../../combination/full_datacards/condor/impacts/Test/impacts_pdf_qqbar.jdl
#	deleted:    ../../../../combination/full_datacards/condor/impacts/Test/impacts_pdf_qqbar.sh
#	deleted:    ../../../../combination/full_datacards/condor/impacts/Test/impacts_ps_fsr.jdl
#	deleted:    ../../../../combination/full_datacards/condor/impacts/Test/impacts_ps_fsr.sh
#	deleted:    ../../../../combination/full_datacards/condor/impacts/Test/impacts_ps_isr.jdl
#	deleted:    ../../../../combination/full_datacards/condor/impacts/Test/impacts_ps_isr.sh
#	deleted:    ../../../../combination/full_datacards/condor/impacts/Test/impacts_taggereff.jdl
#	deleted:    ../../../../combination/full_datacards/condor/impacts/Test/impacts_taggereff.sh
#	deleted:    ../../../../combination/full_datacards/condor/impacts/Test/impacts_triggerEffSF_uncorrelated.jdl
#	deleted:    ../../../../combination/full_datacards/condor/impacts/Test/impacts_triggerEffSF_uncorrelated.sh
#	deleted:    ../../../../combination/full_datacards/condor/impacts/Test/impacts_ttbarnormSF.jdl
#	deleted:    ../../../../combination/full_datacards/condor/impacts/Test/impacts_ttbarnormSF.sh
#	deleted:    ../../../../combination/full_datacards/condor/impacts/Test/impacts_unclustered_Energy.jdl
#	deleted:    ../../../../combination/full_datacards/condor/impacts/Test/impacts_unclustered_Energy.sh
#	deleted:    ../../../../combination/full_datacards/condor/impacts/Test/impacts_wjetsnormSF.jdl
#	deleted:    ../../../../combination/full_datacards/condor/impacts/Test/impacts_wjetsnormSF.sh
#	deleted:    ../../../../combination/full_datacards/condor/impacts/Test/logs/impacts_AK8_JER.err
#	deleted:    ../../../../combination/full_datacards/condor/impacts/Test/logs/impacts_AK8_JER.log
#	deleted:    ../../../../combination/full_datacards/condor/impacts/Test/logs/impacts_AK8_JER.out
#	deleted:    ../../../../combination/full_datacards/condor/impacts/Test/logs/impacts_AK8_JES.err
#	deleted:    ../../../../combination/full_datacards/condor/impacts/Test/logs/impacts_AK8_JES.log
#	deleted:    ../../../../combination/full_datacards/condor/impacts/Test/logs/impacts_AK8_JES.out
#	deleted:    ../../../../combination/full_datacards/condor/impacts/Test/logs/impacts_AK8_JMR.err
#	deleted:    ../../../../combination/full_datacards/condor/impacts/Test/logs/impacts_AK8_JMR.log
#	deleted:    ../../../../combination/full_datacards/condor/impacts/Test/logs/impacts_AK8_JMR.out
#	deleted:    ../../../../combination/full_datacards/condor/impacts/Test/logs/impacts_AK8_JMS.err
#	deleted:    ../../../../combination/full_datacards/condor/impacts/Test/logs/impacts_AK8_JMS.log
#	deleted:    ../../../../combination/full_datacards/condor/impacts/Test/logs/impacts_AK8_JMS.out
#	deleted:    ../../../../combination/full_datacards/condor/impacts/Test/logs/impacts_AK8_UES.err
#	deleted:    ../../../../combination/full_datacards/condor/impacts/Test/logs/impacts_AK8_UES.log
#	deleted:    ../../../../combination/full_datacards/condor/impacts/Test/logs/impacts_AK8_UES.out
#	deleted:    ../../../../combination/full_datacards/condor/impacts/Test/logs/impacts_BR_hww.err
#	deleted:    ../../../../combination/full_datacards/condor/impacts/Test/logs/impacts_BR_hww.log
#	deleted:    ../../../../combination/full_datacards/condor/impacts/Test/logs/impacts_BR_hww.out
#	deleted:    ../../../../combination/full_datacards/condor/impacts/Test/logs/impacts_CCMS_HWW_boostedL1Prefiring_Run2.err
#	deleted:    ../../../../combination/full_datacards/condor/impacts/Test/logs/impacts_CCMS_HWW_boostedL1Prefiring_Run2.log
#	deleted:    ../../../../combination/full_datacards/condor/impacts/Test/logs/impacts_CCMS_HWW_boostedL1Prefiring_Run2.out
#	deleted:    ../../../../combination/full_datacards/condor/impacts/Test/logs/impacts_CMS_HWW_boosted_CR1_mcstat_bin0.err
#	deleted:    ../../../../combination/full_datacards/condor/impacts/Test/logs/impacts_CMS_HWW_boosted_CR1_mcstat_bin0.log
#	deleted:    ../../../../combination/full_datacards/condor/impacts/Test/logs/impacts_CMS_HWW_boosted_CR1_mcstat_bin0.out
#	deleted:    ../../../../combination/full_datacards/condor/impacts/Test/logs/impacts_CMS_HWW_boosted_CR1_mcstat_bin1.err
#	deleted:    ../../../../combination/full_datacards/condor/impacts/Test/logs/impacts_CMS_HWW_boosted_CR1_mcstat_bin1.log
#	deleted:    ../../../../combination/full_datacards/condor/impacts/Test/logs/impacts_CMS_HWW_boosted_CR1_mcstat_bin1.out
#	deleted:    ../../../../combination/full_datacards/condor/impacts/Test/logs/impacts_CMS_HWW_boosted_CR1_mcstat_bin10.err
#	deleted:    ../../../../combination/full_datacards/condor/impacts/Test/logs/impacts_CMS_HWW_boosted_CR1_mcstat_bin10.log
#	deleted:    ../../../../combination/full_datacards/condor/impacts/Test/logs/impacts_CMS_HWW_boosted_CR1_mcstat_bin10.out
#	deleted:    ../../../../combination/full_datacards/condor/impacts/Test/logs/impacts_CMS_HWW_boosted_CR1_mcstat_bin11.err
#	deleted:    ../../../../combination/full_datacards/condor/impacts/Test/logs/impacts_CMS_HWW_boosted_CR1_mcstat_bin11.log
#	deleted:    ../../../../combination/full_datacards/condor/impacts/Test/logs/impacts_CMS_HWW_boosted_CR1_mcstat_bin11.out
#	deleted:    ../../../../combination/full_datacards/condor/impacts/Test/logs/impacts_CMS_HWW_boosted_CR1_mcstat_bin12.err
#	deleted:    ../../../../combination/full_datacards/condor/impacts/Test/logs/impacts_CMS_HWW_boosted_CR1_mcstat_bin12.log
#	deleted:    ../../../../combination/full_datacards/condor/impacts/Test/logs/impacts_CMS_HWW_boosted_CR1_mcstat_bin12.out
#	deleted:    ../../../../combination/full_datacards/condor/impacts/Test/logs/impacts_CMS_HWW_boosted_CR1_mcstat_bin13.err
#	deleted:    ../../../../combination/full_datacards/condor/impacts/Test/logs/impacts_CMS_HWW_boosted_CR1_mcstat_bin13.log
#	deleted:    ../../../../combination/full_datacards/condor/impacts/Test/logs/impacts_CMS_HWW_boosted_CR1_mcstat_bin13.out
#	deleted:    ../../../../combination/full_datacards/condor/impacts/Test/logs/impacts_CMS_HWW_boosted_CR1_mcstat_bin14.err
#	deleted:    ../../../../combination/full_datacards/condor/impacts/Test/logs/impacts_CMS_HWW_boosted_CR1_mcstat_bin14.log
#	deleted:    ../../../../combination/full_datacards/condor/impacts/Test/logs/impacts_CMS_HWW_boosted_CR1_mcstat_bin14.out
#	deleted:    ../../../../combination/full_datacards/condor/impacts/Test/logs/impacts_CMS_HWW_boosted_CR1_mcstat_bin15.err
#	deleted:    ../../../../combination/full_datacards/condor/impacts/Test/logs/impacts_CMS_HWW_boosted_CR1_mcstat_bin15.log
#	deleted:    ../../../../combination/full_datacards/condor/impacts/Test/logs/impacts_CMS_HWW_boosted_CR1_mcstat_bin15.out
#	deleted:    ../../../../combination/full_datacards/condor/impacts/Test/logs/impacts_CMS_HWW_boosted_CR1_mcstat_bin16.err
#	deleted:    ../../../../combination/full_datacards/condor/impacts/Test/logs/impacts_CMS_HWW_boosted_CR1_mcstat_bin16.log
#	deleted:    ../../../../combination/full_datacards/condor/impacts/Test/logs/impacts_CMS_HWW_boosted_CR1_mcstat_bin16.out
#	deleted:    ../../../../combination/full_datacards/condor/impacts/Test/logs/impacts_CMS_HWW_boosted_CR1_mcstat_bin17.err
#	deleted:    ../../../../combination/full_datacards/condor/impacts/Test/logs/impacts_CMS_HWW_boosted_CR1_mcstat_bin17.log
#	deleted:    ../../../../combination/full_datacards/condor/impacts/Test/logs/impacts_CMS_HWW_boosted_CR1_mcstat_bin17.out
#	deleted:    ../../../../combination/full_datacards/condor/impacts/Test/logs/impacts_CMS_HWW_boosted_CR1_mcstat_bin18.err
#	deleted:    ../../../../combination/full_datacards/condor/impacts/Test/logs/impacts_CMS_HWW_boosted_CR1_mcstat_bin18.log
#	deleted:    ../../../../combination/full_datacards/condor/impacts/Test/logs/impacts_CMS_HWW_boosted_CR1_mcstat_bin18.out
#	deleted:    ../../../../combination/full_datacards/condor/impacts/Test/logs/impacts_CMS_HWW_boosted_CR1_mcstat_bin19.err
#	deleted:    ../../../../combination/full_datacards/condor/impacts/Test/logs/impacts_CMS_HWW_boosted_CR1_mcstat_bin19.log
#	deleted:    ../../../../combination/full_datacards/condor/impacts/Test/logs/impacts_CMS_HWW_boosted_CR1_mcstat_bin19.out
#	deleted:    ../../../../combination/full_datacards/condor/impacts/Test/logs/impacts_CMS_HWW_boosted_CR1_mcstat_bin2.err
#	deleted:    ../../../../combination/full_datacards/condor/impacts/Test/logs/impacts_CMS_HWW_boosted_CR1_mcstat_bin2.log
#	deleted:    ../../../../combination/full_datacards/condor/impacts/Test/logs/impacts_CMS_HWW_boosted_CR1_mcstat_bin2.out
#	deleted:    ../../../../combination/full_datacards/condor/impacts/Test/logs/impacts_CMS_HWW_boosted_CR1_mcstat_bin3.err
#	deleted:    ../../../../combination/full_datacards/condor/impacts/Test/logs/impacts_CMS_HWW_boosted_CR1_mcstat_bin3.log
#	deleted:    ../../../../combination/full_datacards/condor/impacts/Test/logs/impacts_CMS_HWW_boosted_CR1_mcstat_bin3.out
#	deleted:    ../../../../combination/full_datacards/condor/impacts/Test/logs/impacts_CMS_HWW_boosted_CR1_mcstat_bin4.err
#	deleted:    ../../../../combination/full_datacards/condor/impacts/Test/logs/impacts_CMS_HWW_boosted_CR1_mcstat_bin4.log
#	deleted:    ../../../../combination/full_datacards/condor/impacts/Test/logs/impacts_CMS_HWW_boosted_CR1_mcstat_bin4.out
#	deleted:    ../../../../combination/full_datacards/condor/impacts/Test/logs/impacts_CMS_HWW_boosted_CR1_mcstat_bin5.err
#	deleted:    ../../../../combination/full_datacards/condor/impacts/Test/logs/impacts_CMS_HWW_boosted_CR1_mcstat_bin5.log
#	deleted:    ../../../../combination/full_datacards/condor/impacts/Test/logs/impacts_CMS_HWW_boosted_CR1_mcstat_bin5.out
#	deleted:    ../../../../combination/full_datacards/condor/impacts/Test/logs/impacts_CMS_HWW_boosted_CR1_mcstat_bin6.err
#	deleted:    ../../../../combination/full_datacards/condor/impacts/Test/logs/impacts_CMS_HWW_boosted_CR1_mcstat_bin6.log
#	deleted:    ../../../../combination/full_datacards/condor/impacts/Test/logs/impacts_CMS_HWW_boosted_CR1_mcstat_bin6.out
#	deleted:    ../../../../combination/full_datacards/condor/impacts/Test/logs/impacts_CMS_HWW_boosted_CR1_mcstat_bin7.err
#	deleted:    ../../../../combination/full_datacards/condor/impacts/Test/logs/impacts_CMS_HWW_boosted_CR1_mcstat_bin7.log
#	deleted:    ../../../../combination/full_datacards/condor/impacts/Test/logs/impacts_CMS_HWW_boosted_CR1_mcstat_bin7.out
#	deleted:    ../../../../combination/full_datacards/condor/impacts/Test/logs/impacts_CMS_HWW_boosted_CR1_mcstat_bin8.err
#	deleted:    ../../../../combination/full_datacards/condor/impacts/Test/logs/impacts_CMS_HWW_boosted_CR1_mcstat_bin8.log
#	deleted:    ../../../../combination/full_datacards/condor/impacts/Test/logs/impacts_CMS_HWW_boosted_CR1_mcstat_bin8.out
#	deleted:    ../../../../combination/full_datacards/condor/impacts/Test/logs/impacts_CMS_HWW_boosted_CR1_mcstat_bin9.err
#	deleted:    ../../../../combination/full_datacards/condor/impacts/Test/logs/impacts_CMS_HWW_boosted_CR1_mcstat_bin9.log
#	deleted:    ../../../../combination/full_datacards/condor/impacts/Test/logs/impacts_CMS_HWW_boosted_CR1_mcstat_bin9.out
#	deleted:    ../../../../combination/full_datacards/condor/impacts/Test/logs/impacts_CMS_HWW_boosted_CR2_mcstat_bin0.err
#	deleted:    ../../../../combination/full_datacards/condor/impacts/Test/logs/impacts_CMS_HWW_boosted_CR2_mcstat_bin0.log
#	deleted:    ../../../../combination/full_datacards/condor/impacts/Test/logs/impacts_CMS_HWW_boosted_CR2_mcstat_bin0.out
#	deleted:    ../../../../combination/full_datacards/condor/impacts/Test/logs/impacts_CMS_HWW_boosted_CR2_mcstat_bin1.err
#	deleted:    ../../../../combination/full_datacards/condor/impacts/Test/logs/impacts_CMS_HWW_boosted_CR2_mcstat_bin1.log
#	deleted:    ../../../../combination/full_datacards/condor/impacts/Test/logs/impacts_CMS_HWW_boosted_CR2_mcstat_bin1.out
#	deleted:    ../../../../combination/full_datacards/condor/impacts/Test/logs/impacts_CMS_HWW_boosted_CR2_mcstat_bin10.err
#	deleted:    ../../../../combination/full_datacards/condor/impacts/Test/logs/impacts_CMS_HWW_boosted_CR2_mcstat_bin10.log
#	deleted:    ../../../../combination/full_datacards/condor/impacts/Test/logs/impacts_CMS_HWW_boosted_CR2_mcstat_bin10.out
#	deleted:    ../../../../combination/full_datacards/condor/impacts/Test/logs/impacts_CMS_HWW_boosted_CR2_mcstat_bin11.err
#	deleted:    ../../../../combination/full_datacards/condor/impacts/Test/logs/impacts_CMS_HWW_boosted_CR2_mcstat_bin11.log
#	deleted:    ../../../../combination/full_datacards/condor/impacts/Test/logs/impacts_CMS_HWW_boosted_CR2_mcstat_bin11.out
#	deleted:    ../../../../combination/full_datacards/condor/impacts/Test/logs/impacts_CMS_HWW_boosted_CR2_mcstat_bin12.err
#	deleted:    ../../../../combination/full_datacards/condor/impacts/Test/logs/impacts_CMS_HWW_boosted_CR2_mcstat_bin12.log
#	deleted:    ../../../../combination/full_datacards/condor/impacts/Test/logs/impacts_CMS_HWW_boosted_CR2_mcstat_bin12.out
#	deleted:    ../../../../combination/full_datacards/condor/impacts/Test/logs/impacts_CMS_HWW_boosted_CR2_mcstat_bin13.err
#	deleted:    ../../../../combination/full_datacards/condor/impacts/Test/logs/impacts_CMS_HWW_boosted_CR2_mcstat_bin13.log
#	deleted:    ../../../../combination/full_datacards/condor/impacts/Test/logs/impacts_CMS_HWW_boosted_CR2_mcstat_bin13.out
#	deleted:    ../../../../combination/full_datacards/condor/impacts/Test/logs/impacts_CMS_HWW_boosted_CR2_mcstat_bin14.err
#	deleted:    ../../../../combination/full_datacards/condor/impacts/Test/logs/impacts_CMS_HWW_boosted_CR2_mcstat_bin14.log
#	deleted:    ../../../../combination/full_datacards/condor/impacts/Test/logs/impacts_CMS_HWW_boosted_CR2_mcstat_bin14.out
#	deleted:    ../../../../combination/full_datacards/condor/impacts/Test/logs/impacts_CMS_HWW_boosted_CR2_mcstat_bin15.err
#	deleted:    ../../../../combination/full_datacards/condor/impacts/Test/logs/impacts_CMS_HWW_boosted_CR2_mcstat_bin15.log
#	deleted:    ../../../../combination/full_datacards/condor/impacts/Test/logs/impacts_CMS_HWW_boosted_CR2_mcstat_bin15.out
#	deleted:    ../../../../combination/full_datacards/condor/impacts/Test/logs/impacts_CMS_HWW_boosted_CR2_mcstat_bin16.err
#	deleted:    ../../../../combination/full_datacards/condor/impacts/Test/logs/impacts_CMS_HWW_boosted_CR2_mcstat_bin16.log
#	deleted:    ../../../../combination/full_datacards/condor/impacts/Test/logs/impacts_CMS_HWW_boosted_CR2_mcstat_bin16.out
#	deleted:    ../../../../combination/full_datacards/condor/impacts/Test/logs/impacts_CMS_HWW_boosted_CR2_mcstat_bin17.err
#	deleted:    ../../../../combination/full_datacards/condor/impacts/Test/logs/impacts_CMS_HWW_boosted_CR2_mcstat_bin17.log
#	deleted:    ../../../../combination/full_datacards/condor/impacts/Test/logs/impacts_CMS_HWW_boosted_CR2_mcstat_bin17.out
#	deleted:    ../../../../combination/full_datacards/condor/impacts/Test/logs/impacts_CMS_HWW_boosted_CR2_mcstat_bin18.err
#	deleted:    ../../../../combination/full_datacards/condor/impacts/Test/logs/impacts_CMS_HWW_boosted_CR2_mcstat_bin18.log
#	deleted:    ../../../../combination/full_datacards/condor/impacts/Test/logs/impacts_CMS_HWW_boosted_CR2_mcstat_bin18.out
#	deleted:    ../../../../combination/full_datacards/condor/impacts/Test/logs/impacts_CMS_HWW_boosted_CR2_mcstat_bin19.err
#	deleted:    ../../../../combination/full_datacards/condor/impacts/Test/logs/impacts_CMS_HWW_boosted_CR2_mcstat_bin19.log
#	deleted:    ../../../../combination/full_datacards/condor/impacts/Test/logs/impacts_CMS_HWW_boosted_CR2_mcstat_bin19.out
#	deleted:    ../../../../combination/full_datacards/condor/impacts/Test/logs/impacts_CMS_HWW_boosted_CR2_mcstat_bin2.err
#	deleted:    ../../../../combination/full_datacards/condor/impacts/Test/logs/impacts_CMS_HWW_boosted_CR2_mcstat_bin2.log
#	deleted:    ../../../../combination/full_datacards/condor/impacts/Test/logs/impacts_CMS_HWW_boosted_CR2_mcstat_bin2.out
#	deleted:    ../../../../combination/full_datacards/condor/impacts/Test/logs/impacts_CMS_HWW_boosted_CR2_mcstat_bin3.err
#	deleted:    ../../../../combination/full_datacards/condor/impacts/Test/logs/impacts_CMS_HWW_boosted_CR2_mcstat_bin3.log
#	deleted:    ../../../../combination/full_datacards/condor/impacts/Test/logs/impacts_CMS_HWW_boosted_CR2_mcstat_bin3.out
#	deleted:    ../../../../combination/full_datacards/condor/impacts/Test/logs/impacts_CMS_HWW_boosted_CR2_mcstat_bin4.err
#	deleted:    ../../../../combination/full_datacards/condor/impacts/Test/logs/impacts_CMS_HWW_boosted_CR2_mcstat_bin4.log
#	deleted:    ../../../../combination/full_datacards/condor/impacts/Test/logs/impacts_CMS_HWW_boosted_CR2_mcstat_bin4.out
#	deleted:    ../../../../combination/full_datacards/condor/impacts/Test/logs/impacts_CMS_HWW_boosted_CR2_mcstat_bin5.err
#	deleted:    ../../../../combination/full_datacards/condor/impacts/Test/logs/impacts_CMS_HWW_boosted_CR2_mcstat_bin5.log
#	deleted:    ../../../../combination/full_datacards/condor/impacts/Test/logs/impacts_CMS_HWW_boosted_CR2_mcstat_bin5.out
#	deleted:    ../../../../combination/full_datacards/condor/impacts/Test/logs/impacts_CMS_HWW_boosted_CR2_mcstat_bin6.err
#	deleted:    ../../../../combination/full_datacards/condor/impacts/Test/logs/impacts_CMS_HWW_boosted_CR2_mcstat_bin6.log
#	deleted:    ../../../../combination/full_datacards/condor/impacts/Test/logs/impacts_CMS_HWW_boosted_CR2_mcstat_bin6.out
#	deleted:    ../../../../combination/full_datacards/condor/impacts/Test/logs/impacts_CMS_HWW_boosted_CR2_mcstat_bin7.err
#	deleted:    ../../../../combination/full_datacards/condor/impacts/Test/logs/impacts_CMS_HWW_boosted_CR2_mcstat_bin7.log
#	deleted:    ../../../../combination/full_datacards/condor/impacts/Test/logs/impacts_CMS_HWW_boosted_CR2_mcstat_bin7.out
#	deleted:    ../../../../combination/full_datacards/condor/impacts/Test/logs/impacts_CMS_HWW_boosted_CR2_mcstat_bin8.err
#	deleted:    ../../../../combination/full_datacards/condor/impacts/Test/logs/impacts_CMS_HWW_boosted_CR2_mcstat_bin8.log
#	deleted:    ../../../../combination/full_datacards/condor/impacts/Test/logs/impacts_CMS_HWW_boosted_CR2_mcstat_bin8.out
#	deleted:    ../../../../combination/full_datacards/condor/impacts/Test/logs/impacts_CMS_HWW_boosted_CR2_mcstat_bin9.err
#	deleted:    ../../../../combination/full_datacards/condor/impacts/Test/logs/impacts_CMS_HWW_boosted_CR2_mcstat_bin9.log
#	deleted:    ../../../../combination/full_datacards/condor/impacts/Test/logs/impacts_CMS_HWW_boosted_CR2_mcstat_bin9.out
#	deleted:    ../../../../combination/full_datacards/condor/impacts/Test/logs/impacts_CMS_HWW_boosted_PUIDSF_Run2.err
#	deleted:    ../../../../combination/full_datacards/condor/impacts/Test/logs/impacts_CMS_HWW_boosted_PUIDSF_Run2.log
#	deleted:    ../../../../combination/full_datacards/condor/impacts/Test/logs/impacts_CMS_HWW_boosted_PUIDSF_Run2.out
#	deleted:    ../../../../combination/full_datacards/condor/impacts/Test/logs/impacts_CMS_HWW_boosted_SR1a_mcstat_bin0.err
#	deleted:    ../../../../combination/full_datacards/condor/impacts/Test/logs/impacts_CMS_HWW_boosted_SR1a_mcstat_bin0.log
#	deleted:    ../../../../combination/full_datacards/condor/impacts/Test/logs/impacts_CMS_HWW_boosted_SR1a_mcstat_bin0.out
#	deleted:    ../../../../combination/full_datacards/condor/impacts/Test/logs/impacts_CMS_HWW_boosted_SR1a_mcstat_bin1.err
#	deleted:    ../../../../combination/full_datacards/condor/impacts/Test/logs/impacts_CMS_HWW_boosted_SR1a_mcstat_bin1.log
#	deleted:    ../../../../combination/full_datacards/condor/impacts/Test/logs/impacts_CMS_HWW_boosted_SR1a_mcstat_bin1.out
#	deleted:    ../../../../combination/full_datacards/condor/impacts/Test/logs/impacts_CMS_HWW_boosted_SR1a_mcstat_bin10.err
#	deleted:    ../../../../combination/full_datacards/condor/impacts/Test/logs/impacts_CMS_HWW_boosted_SR1a_mcstat_bin10.log
#	deleted:    ../../../../combination/full_datacards/condor/impacts/Test/logs/impacts_CMS_HWW_boosted_SR1a_mcstat_bin10.out
#	deleted:    ../../../../combination/full_datacards/condor/impacts/Test/logs/impacts_CMS_HWW_boosted_SR1a_mcstat_bin11.err
#	deleted:    ../../../../combination/full_datacards/condor/impacts/Test/logs/impacts_CMS_HWW_boosted_SR1a_mcstat_bin11.log
#	deleted:    ../../../../combination/full_datacards/condor/impacts/Test/logs/impacts_CMS_HWW_boosted_SR1a_mcstat_bin11.out
#	deleted:    ../../../../combination/full_datacards/condor/impacts/Test/logs/impacts_CMS_HWW_boosted_SR1a_mcstat_bin12.err
#	deleted:    ../../../../combination/full_datacards/condor/impacts/Test/logs/impacts_CMS_HWW_boosted_SR1a_mcstat_bin12.log
#	deleted:    ../../../../combination/full_datacards/condor/impacts/Test/logs/impacts_CMS_HWW_boosted_SR1a_mcstat_bin12.out
#	deleted:    ../../../../combination/full_datacards/condor/impacts/Test/logs/impacts_CMS_HWW_boosted_SR1a_mcstat_bin13.err
#	deleted:    ../../../../combination/full_datacards/condor/impacts/Test/logs/impacts_CMS_HWW_boosted_SR1a_mcstat_bin13.log
#	deleted:    ../../../../combination/full_datacards/condor/impacts/Test/logs/impacts_CMS_HWW_boosted_SR1a_mcstat_bin13.out
#	deleted:    ../../../../combination/full_datacards/condor/impacts/Test/logs/impacts_CMS_HWW_boosted_SR1a_mcstat_bin14.err
#	deleted:    ../../../../combination/full_datacards/condor/impacts/Test/logs/impacts_CMS_HWW_boosted_SR1a_mcstat_bin14.log
#	deleted:    ../../../../combination/full_datacards/condor/impacts/Test/logs/impacts_CMS_HWW_boosted_SR1a_mcstat_bin14.out
#	deleted:    ../../../../combination/full_datacards/condor/impacts/Test/logs/impacts_CMS_HWW_boosted_SR1a_mcstat_bin15.err
#	deleted:    ../../../../combination/full_datacards/condor/impacts/Test/logs/impacts_CMS_HWW_boosted_SR1a_mcstat_bin15.log
#	deleted:    ../../../../combination/full_datacards/condor/impacts/Test/logs/impacts_CMS_HWW_boosted_SR1a_mcstat_bin15.out
#	deleted:    ../../../../combination/full_datacards/condor/impacts/Test/logs/impacts_CMS_HWW_boosted_SR1a_mcstat_bin16.err
#	deleted:    ../../../../combination/full_datacards/condor/impacts/Test/logs/impacts_CMS_HWW_boosted_SR1a_mcstat_bin16.log
#	deleted:    ../../../../combination/full_datacards/condor/impacts/Test/logs/impacts_CMS_HWW_boosted_SR1a_mcstat_bin16.out
#	deleted:    ../../../../combination/full_datacards/condor/impacts/Test/logs/impacts_CMS_HWW_boosted_SR1a_mcstat_bin17.err
#	deleted:    ../../../../combination/full_datacards/condor/impacts/Test/logs/impacts_CMS_HWW_boosted_SR1a_mcstat_bin17.log
#	deleted:    ../../../../combination/full_datacards/condor/impacts/Test/logs/impacts_CMS_HWW_boosted_SR1a_mcstat_bin17.out
#	deleted:    ../../../../combination/full_datacards/condor/impacts/Test/logs/impacts_CMS_HWW_boosted_SR1a_mcstat_bin18.err
#	deleted:    ../../../../combination/full_datacards/condor/impacts/Test/logs/impacts_CMS_HWW_boosted_SR1a_mcstat_bin18.log
#	deleted:    ../../../../combination/full_datacards/condor/impacts/Test/logs/impacts_CMS_HWW_boosted_SR1a_mcstat_bin18.out
#	deleted:    ../../../../combination/full_datacards/condor/impacts/Test/logs/impacts_CMS_HWW_boosted_SR1a_mcstat_bin19.err
#	deleted:    ../../../../combination/full_datacards/condor/impacts/Test/logs/impacts_CMS_HWW_boosted_SR1a_mcstat_bin19.log
#	deleted:    ../../../../combination/full_datacards/condor/impacts/Test/logs/impacts_CMS_HWW_boosted_SR1a_mcstat_bin19.out
#	deleted:    ../../../../combination/full_datacards/condor/impacts/Test/logs/impacts_CMS_HWW_boosted_SR1a_mcstat_bin2.err
#	deleted:    ../../../../combination/full_datacards/condor/impacts/Test/logs/impacts_CMS_HWW_boosted_SR1a_mcstat_bin2.log
#	deleted:    ../../../../combination/full_datacards/condor/impacts/Test/logs/impacts_CMS_HWW_boosted_SR1a_mcstat_bin2.out
#	deleted:    ../../../../combination/full_datacards/condor/impacts/Test/logs/impacts_CMS_HWW_boosted_SR1a_mcstat_bin3.err
#	deleted:    ../../../../combination/full_datacards/condor/impacts/Test/logs/impacts_CMS_HWW_boosted_SR1a_mcstat_bin3.log
#	deleted:    ../../../../combination/full_datacards/condor/impacts/Test/logs/impacts_CMS_HWW_boosted_SR1a_mcstat_bin3.out
#	deleted:    ../../../../combination/full_datacards/condor/impacts/Test/logs/impacts_CMS_HWW_boosted_SR1a_mcstat_bin4.err
#	deleted:    ../../../../combination/full_datacards/condor/impacts/Test/logs/impacts_CMS_HWW_boosted_SR1a_mcstat_bin4.log
#	deleted:    ../../../../combination/full_datacards/condor/impacts/Test/logs/impacts_CMS_HWW_boosted_SR1a_mcstat_bin4.out
#	deleted:    ../../../../combination/full_datacards/condor/impacts/Test/logs/impacts_CMS_HWW_boosted_SR1a_mcstat_bin5.err
#	deleted:    ../../../../combination/full_datacards/condor/impacts/Test/logs/impacts_CMS_HWW_boosted_SR1a_mcstat_bin5.log
#	deleted:    ../../../../combination/full_datacards/condor/impacts/Test/logs/impacts_CMS_HWW_boosted_SR1a_mcstat_bin5.out
#	deleted:    ../../../../combination/full_datacards/condor/impacts/Test/logs/impacts_CMS_HWW_boosted_SR1a_mcstat_bin6.err
#	deleted:    ../../../../combination/full_datacards/condor/impacts/Test/logs/impacts_CMS_HWW_boosted_SR1a_mcstat_bin6.log
#	deleted:    ../../../../combination/full_datacards/condor/impacts/Test/logs/impacts_CMS_HWW_boosted_SR1a_mcstat_bin6.out
#	deleted:    ../../../../combination/full_datacards/condor/impacts/Test/logs/impacts_CMS_HWW_boosted_SR1a_mcstat_bin7.err
#	deleted:    ../../../../combination/full_datacards/condor/impacts/Test/logs/impacts_CMS_HWW_boosted_SR1a_mcstat_bin7.log
#	deleted:    ../../../../combination/full_datacards/condor/impacts/Test/logs/impacts_CMS_HWW_boosted_SR1a_mcstat_bin7.out
#	deleted:    ../../../../combination/full_datacards/condor/impacts/Test/logs/impacts_CMS_HWW_boosted_SR1a_mcstat_bin8.err
#	deleted:    ../../../../combination/full_datacards/condor/impacts/Test/logs/impacts_CMS_HWW_boosted_SR1a_mcstat_bin8.log
#	deleted:    ../../../../combination/full_datacards/condor/impacts/Test/logs/impacts_CMS_HWW_boosted_SR1a_mcstat_bin8.out
#	deleted:    ../../../../combination/full_datacards/condor/impacts/Test/logs/impacts_CMS_HWW_boosted_SR1a_mcstat_bin9.err
#	deleted:    ../../../../combination/full_datacards/condor/impacts/Test/logs/impacts_CMS_HWW_boosted_SR1a_mcstat_bin9.log
#	deleted:    ../../../../combination/full_datacards/condor/impacts/Test/logs/impacts_CMS_HWW_boosted_SR1a_mcstat_bin9.out
#	deleted:    ../../../../combination/full_datacards/condor/impacts/Test/logs/impacts_CMS_HWW_boosted_SR1b_mcstat_bin0.err
#	deleted:    ../../../../combination/full_datacards/condor/impacts/Test/logs/impacts_CMS_HWW_boosted_SR1b_mcstat_bin0.log
#	deleted:    ../../../../combination/full_datacards/condor/impacts/Test/logs/impacts_CMS_HWW_boosted_SR1b_mcstat_bin0.out
#	deleted:    ../../../../combination/full_datacards/condor/impacts/Test/logs/impacts_CMS_HWW_boosted_SR1b_mcstat_bin1.err
#	deleted:    ../../../../combination/full_datacards/condor/impacts/Test/logs/impacts_CMS_HWW_boosted_SR1b_mcstat_bin1.log
#	deleted:    ../../../../combination/full_datacards/condor/impacts/Test/logs/impacts_CMS_HWW_boosted_SR1b_mcstat_bin1.out
#	deleted:    ../../../../combination/full_datacards/condor/impacts/Test/logs/impacts_CMS_HWW_boosted_SR1b_mcstat_bin10.err
#	deleted:    ../../../../combination/full_datacards/condor/impacts/Test/logs/impacts_CMS_HWW_boosted_SR1b_mcstat_bin10.log
#	deleted:    ../../../../combination/full_datacards/condor/impacts/Test/logs/impacts_CMS_HWW_boosted_SR1b_mcstat_bin10.out
#	deleted:    ../../../../combination/full_datacards/condor/impacts/Test/logs/impacts_CMS_HWW_boosted_SR1b_mcstat_bin11.err
#	deleted:    ../../../../combination/full_datacards/condor/impacts/Test/logs/impacts_CMS_HWW_boosted_SR1b_mcstat_bin11.log
#	deleted:    ../../../../combination/full_datacards/condor/impacts/Test/logs/impacts_CMS_HWW_boosted_SR1b_mcstat_bin11.out
#	deleted:    ../../../../combination/full_datacards/condor/impacts/Test/logs/impacts_CMS_HWW_boosted_SR1b_mcstat_bin12.err
#	deleted:    ../../../../combination/full_datacards/condor/impacts/Test/logs/impacts_CMS_HWW_boosted_SR1b_mcstat_bin12.log
#	deleted:    ../../../../combination/full_datacards/condor/impacts/Test/logs/impacts_CMS_HWW_boosted_SR1b_mcstat_bin12.out
#	deleted:    ../../../../combination/full_datacards/condor/impacts/Test/logs/impacts_CMS_HWW_boosted_SR1b_mcstat_bin13.err
#	deleted:    ../../../../combination/full_datacards/condor/impacts/Test/logs/impacts_CMS_HWW_boosted_SR1b_mcstat_bin13.log
#	deleted:    ../../../../combination/full_datacards/condor/impacts/Test/logs/impacts_CMS_HWW_boosted_SR1b_mcstat_bin13.out
#	deleted:    ../../../../combination/full_datacards/condor/impacts/Test/logs/impacts_CMS_HWW_boosted_SR1b_mcstat_bin14.err
#	deleted:    ../../../../combination/full_datacards/condor/impacts/Test/logs/impacts_CMS_HWW_boosted_SR1b_mcstat_bin14.log
#	deleted:    ../../../../combination/full_datacards/condor/impacts/Test/logs/impacts_CMS_HWW_boosted_SR1b_mcstat_bin14.out
#	deleted:    ../../../../combination/full_datacards/condor/impacts/Test/logs/impacts_CMS_HWW_boosted_SR1b_mcstat_bin15.err
#	deleted:    ../../../../combination/full_datacards/condor/impacts/Test/logs/impacts_CMS_HWW_boosted_SR1b_mcstat_bin15.log
#	deleted:    ../../../../combination/full_datacards/condor/impacts/Test/logs/impacts_CMS_HWW_boosted_SR1b_mcstat_bin15.out
#	deleted:    ../../../../combination/full_datacards/condor/impacts/Test/logs/impacts_CMS_HWW_boosted_SR1b_mcstat_bin16.err
#	deleted:    ../../../../combination/full_datacards/condor/impacts/Test/logs/impacts_CMS_HWW_boosted_SR1b_mcstat_bin16.log
#	deleted:    ../../../../combination/full_datacards/condor/impacts/Test/logs/impacts_CMS_HWW_boosted_SR1b_mcstat_bin16.out
#	deleted:    ../../../../combination/full_datacards/condor/impacts/Test/logs/impacts_CMS_HWW_boosted_SR1b_mcstat_bin17.err
#	deleted:    ../../../../combination/full_datacards/condor/impacts/Test/logs/impacts_CMS_HWW_boosted_SR1b_mcstat_bin17.log
#	deleted:    ../../../../combination/full_datacards/condor/impacts/Test/logs/impacts_CMS_HWW_boosted_SR1b_mcstat_bin17.out
#	deleted:    ../../../../combination/full_datacards/condor/impacts/Test/logs/impacts_CMS_HWW_boosted_SR1b_mcstat_bin18.err
#	deleted:    ../../../../combination/full_datacards/condor/impacts/Test/logs/impacts_CMS_HWW_boosted_SR1b_mcstat_bin18.log
#	deleted:    ../../../../combination/full_datacards/condor/impacts/Test/logs/impacts_CMS_HWW_boosted_SR1b_mcstat_bin18.out
#	deleted:    ../../../../combination/full_datacards/condor/impacts/Test/logs/impacts_CMS_HWW_boosted_SR1b_mcstat_bin19.err
#	deleted:    ../../../../combination/full_datacards/condor/impacts/Test/logs/impacts_CMS_HWW_boosted_SR1b_mcstat_bin19.log
#	deleted:    ../../../../combination/full_datacards/condor/impacts/Test/logs/impacts_CMS_HWW_boosted_SR1b_mcstat_bin19.out
#	deleted:    ../../../../combination/full_datacards/condor/impacts/Test/logs/impacts_CMS_HWW_boosted_SR1b_mcstat_bin2.err
#	deleted:    ../../../../combination/full_datacards/condor/impacts/Test/logs/impacts_CMS_HWW_boosted_SR1b_mcstat_bin2.log
#	deleted:    ../../../../combination/full_datacards/condor/impacts/Test/logs/impacts_CMS_HWW_boosted_SR1b_mcstat_bin2.out
#	deleted:    ../../../../combination/full_datacards/condor/impacts/Test/logs/impacts_CMS_HWW_boosted_SR1b_mcstat_bin3.err
#	deleted:    ../../../../combination/full_datacards/condor/impacts/Test/logs/impacts_CMS_HWW_boosted_SR1b_mcstat_bin3.log
#	deleted:    ../../../../combination/full_datacards/condor/impacts/Test/logs/impacts_CMS_HWW_boosted_SR1b_mcstat_bin3.out
#	deleted:    ../../../../combination/full_datacards/condor/impacts/Test/logs/impacts_CMS_HWW_boosted_SR1b_mcstat_bin4.err
#	deleted:    ../../../../combination/full_datacards/condor/impacts/Test/logs/impacts_CMS_HWW_boosted_SR1b_mcstat_bin4.log
#	deleted:    ../../../../combination/full_datacards/condor/impacts/Test/logs/impacts_CMS_HWW_boosted_SR1b_mcstat_bin4.out
#	deleted:    ../../../../combination/full_datacards/condor/impacts/Test/logs/impacts_CMS_HWW_boosted_SR1b_mcstat_bin5.err
#	deleted:    ../../../../combination/full_datacards/condor/impacts/Test/logs/impacts_CMS_HWW_boosted_SR1b_mcstat_bin5.log
#	deleted:    ../../../../combination/full_datacards/condor/impacts/Test/logs/impacts_CMS_HWW_boosted_SR1b_mcstat_bin5.out
#	deleted:    ../../../../combination/full_datacards/condor/impacts/Test/logs/impacts_CMS_HWW_boosted_SR1b_mcstat_bin6.err
#	deleted:    ../../../../combination/full_datacards/condor/impacts/Test/logs/impacts_CMS_HWW_boosted_SR1b_mcstat_bin6.log
#	deleted:    ../../../../combination/full_datacards/condor/impacts/Test/logs/impacts_CMS_HWW_boosted_SR1b_mcstat_bin6.out
#	deleted:    ../../../../combination/full_datacards/condor/impacts/Test/logs/impacts_CMS_HWW_boosted_SR1b_mcstat_bin7.err
#	deleted:    ../../../../combination/full_datacards/condor/impacts/Test/logs/impacts_CMS_HWW_boosted_SR1b_mcstat_bin7.log
#	deleted:    ../../../../combination/full_datacards/condor/impacts/Test/logs/impacts_CMS_HWW_boosted_SR1b_mcstat_bin7.out
#	deleted:    ../../../../combination/full_datacards/condor/impacts/Test/logs/impacts_CMS_HWW_boosted_SR1b_mcstat_bin8.err
#	deleted:    ../../../../combination/full_datacards/condor/impacts/Test/logs/impacts_CMS_HWW_boosted_SR1b_mcstat_bin8.log
#	deleted:    ../../../../combination/full_datacards/condor/impacts/Test/logs/impacts_CMS_HWW_boosted_SR1b_mcstat_bin8.out
#	deleted:    ../../../../combination/full_datacards/condor/impacts/Test/logs/impacts_CMS_HWW_boosted_SR1b_mcstat_bin9.err
#	deleted:    ../../../../combination/full_datacards/condor/impacts/Test/logs/impacts_CMS_HWW_boosted_SR1b_mcstat_bin9.log
#	deleted:    ../../../../combination/full_datacards/condor/impacts/Test/logs/impacts_CMS_HWW_boosted_SR1b_mcstat_bin9.out
#	deleted:    ../../../../combination/full_datacards/condor/impacts/Test/logs/impacts_CMS_HWW_boosted_SR2a_VBF_mcstat_bin0.err
#	deleted:    ../../../../combination/full_datacards/condor/impacts/Test/logs/impacts_CMS_HWW_boosted_SR2a_VBF_mcstat_bin0.log
#	deleted:    ../../../../combination/full_datacards/condor/impacts/Test/logs/impacts_CMS_HWW_boosted_SR2a_VBF_mcstat_bin0.out
#	deleted:    ../../../../combination/full_datacards/condor/impacts/Test/logs/impacts_CMS_HWW_boosted_SR2a_VBF_mcstat_bin4.err
#	deleted:    ../../../../combination/full_datacards/condor/impacts/Test/logs/impacts_CMS_HWW_boosted_SR2a_VBF_mcstat_bin4.log
#	deleted:    ../../../../combination/full_datacards/condor/impacts/Test/logs/impacts_CMS_HWW_boosted_SR2a_VBF_mcstat_bin4.out
#	deleted:    ../../../../combination/full_datacards/condor/impacts/Test/logs/impacts_CMS_HWW_boosted_SR2a_WH_mcstat_bin0.err
#	deleted:    ../../../../combination/full_datacards/condor/impacts/Test/logs/impacts_CMS_HWW_boosted_SR2a_WH_mcstat_bin0.log
#	deleted:    ../../../../combination/full_datacards/condor/impacts/Test/logs/impacts_CMS_HWW_boosted_SR2a_WH_mcstat_bin0.out
#	deleted:    ../../../../combination/full_datacards/condor/impacts/Test/logs/impacts_CMS_HWW_boosted_SR2a_WH_mcstat_bin4.err
#	deleted:    ../../../../combination/full_datacards/condor/impacts/Test/logs/impacts_CMS_HWW_boosted_SR2a_WH_mcstat_bin4.log
#	deleted:    ../../../../combination/full_datacards/condor/impacts/Test/logs/impacts_CMS_HWW_boosted_SR2a_WH_mcstat_bin4.out
#	deleted:    ../../../../combination/full_datacards/condor/impacts/Test/logs/impacts_CMS_HWW_boosted_SR2a_ZH_mcstat_bin0.err
#	deleted:    ../../../../combination/full_datacards/condor/impacts/Test/logs/impacts_CMS_HWW_boosted_SR2a_ZH_mcstat_bin0.log
#	deleted:    ../../../../combination/full_datacards/condor/impacts/Test/logs/impacts_CMS_HWW_boosted_SR2a_ZH_mcstat_bin0.out
#	deleted:    ../../../../combination/full_datacards/condor/impacts/Test/logs/impacts_CMS_HWW_boosted_SR2a_ZH_mcstat_bin4.err
#	deleted:    ../../../../combination/full_datacards/condor/impacts/Test/logs/impacts_CMS_HWW_boosted_SR2a_ZH_mcstat_bin4.log
#	deleted:    ../../../../combination/full_datacards/condor/impacts/Test/logs/impacts_CMS_HWW_boosted_SR2a_ZH_mcstat_bin4.out
#	deleted:    ../../../../combination/full_datacards/condor/impacts/Test/logs/impacts_CMS_HWW_boosted_SR2a_ggF_mcstat_bin0.err
#	deleted:    ../../../../combination/full_datacards/condor/impacts/Test/logs/impacts_CMS_HWW_boosted_SR2a_ggF_mcstat_bin0.log
#	deleted:    ../../../../combination/full_datacards/condor/impacts/Test/logs/impacts_CMS_HWW_boosted_SR2a_ggF_mcstat_bin0.out
#	deleted:    ../../../../combination/full_datacards/condor/impacts/Test/logs/impacts_CMS_HWW_boosted_SR2a_ggF_mcstat_bin4.err
#	deleted:    ../../../../combination/full_datacards/condor/impacts/Test/logs/impacts_CMS_HWW_boosted_SR2a_ggF_mcstat_bin4.log
#	deleted:    ../../../../combination/full_datacards/condor/impacts/Test/logs/impacts_CMS_HWW_boosted_SR2a_ggF_mcstat_bin4.out
#	deleted:    ../../../../combination/full_datacards/condor/impacts/Test/logs/impacts_CMS_HWW_boosted_SR2a_mcstat_bin1.err
#	deleted:    ../../../../combination/full_datacards/condor/impacts/Test/logs/impacts_CMS_HWW_boosted_SR2a_mcstat_bin1.log
#	deleted:    ../../../../combination/full_datacards/condor/impacts/Test/logs/impacts_CMS_HWW_boosted_SR2a_mcstat_bin1.out
#	deleted:    ../../../../combination/full_datacards/condor/impacts/Test/logs/impacts_CMS_HWW_boosted_SR2a_mcstat_bin10.err
#	deleted:    ../../../../combination/full_datacards/condor/impacts/Test/logs/impacts_CMS_HWW_boosted_SR2a_mcstat_bin10.log
#	deleted:    ../../../../combination/full_datacards/condor/impacts/Test/logs/impacts_CMS_HWW_boosted_SR2a_mcstat_bin10.out
#	deleted:    ../../../../combination/full_datacards/condor/impacts/Test/logs/impacts_CMS_HWW_boosted_SR2a_mcstat_bin11.err
#	deleted:    ../../../../combination/full_datacards/condor/impacts/Test/logs/impacts_CMS_HWW_boosted_SR2a_mcstat_bin11.log
#	deleted:    ../../../../combination/full_datacards/condor/impacts/Test/logs/impacts_CMS_HWW_boosted_SR2a_mcstat_bin11.out
#	deleted:    ../../../../combination/full_datacards/condor/impacts/Test/logs/impacts_CMS_HWW_boosted_SR2a_mcstat_bin12.err
#	deleted:    ../../../../combination/full_datacards/condor/impacts/Test/logs/impacts_CMS_HWW_boosted_SR2a_mcstat_bin12.log
#	deleted:    ../../../../combination/full_datacards/condor/impacts/Test/logs/impacts_CMS_HWW_boosted_SR2a_mcstat_bin12.out
#	deleted:    ../../../../combination/full_datacards/condor/impacts/Test/logs/impacts_CMS_HWW_boosted_SR2a_mcstat_bin13.err
#	deleted:    ../../../../combination/full_datacards/condor/impacts/Test/logs/impacts_CMS_HWW_boosted_SR2a_mcstat_bin13.log
#	deleted:    ../../../../combination/full_datacards/condor/impacts/Test/logs/impacts_CMS_HWW_boosted_SR2a_mcstat_bin13.out
#	deleted:    ../../../../combination/full_datacards/condor/impacts/Test/logs/impacts_CMS_HWW_boosted_SR2a_mcstat_bin14.err
#	deleted:    ../../../../combination/full_datacards/condor/impacts/Test/logs/impacts_CMS_HWW_boosted_SR2a_mcstat_bin14.log
#	deleted:    ../../../../combination/full_datacards/condor/impacts/Test/logs/impacts_CMS_HWW_boosted_SR2a_mcstat_bin14.out
#	deleted:    ../../../../combination/full_datacards/condor/impacts/Test/logs/impacts_CMS_HWW_boosted_SR2a_mcstat_bin15.err
#	deleted:    ../../../../combination/full_datacards/condor/impacts/Test/logs/impacts_CMS_HWW_boosted_SR2a_mcstat_bin15.log
#	deleted:    ../../../../combination/full_datacards/condor/impacts/Test/logs/impacts_CMS_HWW_boosted_SR2a_mcstat_bin15.out
#	deleted:    ../../../../combination/full_datacards/condor/impacts/Test/logs/impacts_CMS_HWW_boosted_SR2a_mcstat_bin16.err
#	deleted:    ../../../../combination/full_datacards/condor/impacts/Test/logs/impacts_CMS_HWW_boosted_SR2a_mcstat_bin16.log
#	deleted:    ../../../../combination/full_datacards/condor/impacts/Test/logs/impacts_CMS_HWW_boosted_SR2a_mcstat_bin16.out
#	deleted:    ../../../../combination/full_datacards/condor/impacts/Test/logs/impacts_CMS_HWW_boosted_SR2a_mcstat_bin17.err
#	deleted:    ../../../../combination/full_datacards/condor/impacts/Test/logs/impacts_CMS_HWW_boosted_SR2a_mcstat_bin17.log
#	deleted:    ../../../../combination/full_datacards/condor/impacts/Test/logs/impacts_CMS_HWW_boosted_SR2a_mcstat_bin17.out
#	deleted:    ../../../../combination/full_datacards/condor/impacts/Test/logs/impacts_CMS_HWW_boosted_SR2a_mcstat_bin18.err
#	deleted:    ../../../../combination/full_datacards/condor/impacts/Test/logs/impacts_CMS_HWW_boosted_SR2a_mcstat_bin18.log
#	deleted:    ../../../../combination/full_datacards/condor/impacts/Test/logs/impacts_CMS_HWW_boosted_SR2a_mcstat_bin18.out
#	deleted:    ../../../../combination/full_datacards/condor/impacts/Test/logs/impacts_CMS_HWW_boosted_SR2a_mcstat_bin19.err
#	deleted:    ../../../../combination/full_datacards/condor/impacts/Test/logs/impacts_CMS_HWW_boosted_SR2a_mcstat_bin19.log
#	deleted:    ../../../../combination/full_datacards/condor/impacts/Test/logs/impacts_CMS_HWW_boosted_SR2a_mcstat_bin19.out
#	deleted:    ../../../../combination/full_datacards/condor/impacts/Test/logs/impacts_CMS_HWW_boosted_SR2a_mcstat_bin2.err
#	deleted:    ../../../../combination/full_datacards/condor/impacts/Test/logs/impacts_CMS_HWW_boosted_SR2a_mcstat_bin2.log
#	deleted:    ../../../../combination/full_datacards/condor/impacts/Test/logs/impacts_CMS_HWW_boosted_SR2a_mcstat_bin2.out
#	deleted:    ../../../../combination/full_datacards/condor/impacts/Test/logs/impacts_CMS_HWW_boosted_SR2a_mcstat_bin3.err
#	deleted:    ../../../../combination/full_datacards/condor/impacts/Test/logs/impacts_CMS_HWW_boosted_SR2a_mcstat_bin3.log
#	deleted:    ../../../../combination/full_datacards/condor/impacts/Test/logs/impacts_CMS_HWW_boosted_SR2a_mcstat_bin3.out
#	deleted:    ../../../../combination/full_datacards/condor/impacts/Test/logs/impacts_CMS_HWW_boosted_SR2a_mcstat_bin5.err
#	deleted:    ../../../../combination/full_datacards/condor/impacts/Test/logs/impacts_CMS_HWW_boosted_SR2a_mcstat_bin5.log
#	deleted:    ../../../../combination/full_datacards/condor/impacts/Test/logs/impacts_CMS_HWW_boosted_SR2a_mcstat_bin5.out
#	deleted:    ../../../../combination/full_datacards/condor/impacts/Test/logs/impacts_CMS_HWW_boosted_SR2a_mcstat_bin6.err
#	deleted:    ../../../../combination/full_datacards/condor/impacts/Test/logs/impacts_CMS_HWW_boosted_SR2a_mcstat_bin6.log
#	deleted:    ../../../../combination/full_datacards/condor/impacts/Test/logs/impacts_CMS_HWW_boosted_SR2a_mcstat_bin6.out
#	deleted:    ../../../../combination/full_datacards/condor/impacts/Test/logs/impacts_CMS_HWW_boosted_SR2a_mcstat_bin7.err
#	deleted:    ../../../../combination/full_datacards/condor/impacts/Test/logs/impacts_CMS_HWW_boosted_SR2a_mcstat_bin7.log
#	deleted:    ../../../../combination/full_datacards/condor/impacts/Test/logs/impacts_CMS_HWW_boosted_SR2a_mcstat_bin7.out
#	deleted:    ../../../../combination/full_datacards/condor/impacts/Test/logs/impacts_CMS_HWW_boosted_SR2a_mcstat_bin8.err
#	deleted:    ../../../../combination/full_datacards/condor/impacts/Test/logs/impacts_CMS_HWW_boosted_SR2a_mcstat_bin8.log
#	deleted:    ../../../../combination/full_datacards/condor/impacts/Test/logs/impacts_CMS_HWW_boosted_SR2a_mcstat_bin8.out
#	deleted:    ../../../../combination/full_datacards/condor/impacts/Test/logs/impacts_CMS_HWW_boosted_SR2a_mcstat_bin9.err
#	deleted:    ../../../../combination/full_datacards/condor/impacts/Test/logs/impacts_CMS_HWW_boosted_SR2a_mcstat_bin9.log
#	deleted:    ../../../../combination/full_datacards/condor/impacts/Test/logs/impacts_CMS_HWW_boosted_SR2a_mcstat_bin9.out
#	deleted:    ../../../../combination/full_datacards/condor/impacts/Test/logs/impacts_CMS_HWW_boosted_SR2a_rest_bkg_mcstat_bin4.err
#	deleted:    ../../../../combination/full_datacards/condor/impacts/Test/logs/impacts_CMS_HWW_boosted_SR2a_rest_bkg_mcstat_bin4.log
#	deleted:    ../../../../combination/full_datacards/condor/impacts/Test/logs/impacts_CMS_HWW_boosted_SR2a_rest_bkg_mcstat_bin4.out
#	deleted:    ../../../../combination/full_datacards/condor/impacts/Test/logs/impacts_CMS_HWW_boosted_SR2a_single_top_mcstat_bin4.err
#	deleted:    ../../../../combination/full_datacards/condor/impacts/Test/logs/impacts_CMS_HWW_boosted_SR2a_single_top_mcstat_bin4.log
#	deleted:    ../../../../combination/full_datacards/condor/impacts/Test/logs/impacts_CMS_HWW_boosted_SR2a_single_top_mcstat_bin4.out
#	deleted:    ../../../../combination/full_datacards/condor/impacts/Test/logs/impacts_CMS_HWW_boosted_SR2a_ttH_mcstat_bin0.err
#	deleted:    ../../../../combination/full_datacards/condor/impacts/Test/logs/impacts_CMS_HWW_boosted_SR2a_ttH_mcstat_bin0.log
#	deleted:    ../../../../combination/full_datacards/condor/impacts/Test/logs/impacts_CMS_HWW_boosted_SR2a_ttH_mcstat_bin0.out
#	deleted:    ../../../../combination/full_datacards/condor/impacts/Test/logs/impacts_CMS_HWW_boosted_SR2a_ttH_mcstat_bin4.err
#	deleted:    ../../../../combination/full_datacards/condor/impacts/Test/logs/impacts_CMS_HWW_boosted_SR2a_ttH_mcstat_bin4.log
#	deleted:    ../../../../combination/full_datacards/condor/impacts/Test/logs/impacts_CMS_HWW_boosted_SR2a_ttH_mcstat_bin4.out
#	deleted:    ../../../../combination/full_datacards/condor/impacts/Test/logs/impacts_CMS_HWW_boosted_SR2a_ttbar_mcstat_bin0.err
#	deleted:    ../../../../combination/full_datacards/condor/impacts/Test/logs/impacts_CMS_HWW_boosted_SR2a_ttbar_mcstat_bin0.log
#	deleted:    ../../../../combination/full_datacards/condor/impacts/Test/logs/impacts_CMS_HWW_boosted_SR2a_ttbar_mcstat_bin0.out
#	deleted:    ../../../../combination/full_datacards/condor/impacts/Test/logs/impacts_CMS_HWW_boosted_SR2a_ttbar_mcstat_bin4.err
#	deleted:    ../../../../combination/full_datacards/condor/impacts/Test/logs/impacts_CMS_HWW_boosted_SR2a_ttbar_mcstat_bin4.log
#	deleted:    ../../../../combination/full_datacards/condor/impacts/Test/logs/impacts_CMS_HWW_boosted_SR2a_ttbar_mcstat_bin4.out
#	deleted:    ../../../../combination/full_datacards/condor/impacts/Test/logs/impacts_CMS_HWW_boosted_SR2a_wjets_mcstat_bin0.err
#	deleted:    ../../../../combination/full_datacards/condor/impacts/Test/logs/impacts_CMS_HWW_boosted_SR2a_wjets_mcstat_bin0.log
#	deleted:    ../../../../combination/full_datacards/condor/impacts/Test/logs/impacts_CMS_HWW_boosted_SR2a_wjets_mcstat_bin0.out
#	deleted:    ../../../../combination/full_datacards/condor/impacts/Test/logs/impacts_CMS_HWW_boosted_SR2a_wjets_mcstat_bin4.err
#	deleted:    ../../../../combination/full_datacards/condor/impacts/Test/logs/impacts_CMS_HWW_boosted_SR2a_wjets_mcstat_bin4.log
#	deleted:    ../../../../combination/full_datacards/condor/impacts/Test/logs/impacts_CMS_HWW_boosted_SR2a_wjets_mcstat_bin4.out
#	deleted:    ../../../../combination/full_datacards/condor/impacts/Test/logs/impacts_CMS_HWW_boosted_SR2b_mcstat_bin0.err
#	deleted:    ../../../../combination/full_datacards/condor/impacts/Test/logs/impacts_CMS_HWW_boosted_SR2b_mcstat_bin0.log
#	deleted:    ../../../../combination/full_datacards/condor/impacts/Test/logs/impacts_CMS_HWW_boosted_SR2b_mcstat_bin0.out
#	deleted:    ../../../../combination/full_datacards/condor/impacts/Test/logs/impacts_CMS_HWW_boosted_SR2b_mcstat_bin1.err
#	deleted:    ../../../../combination/full_datacards/condor/impacts/Test/logs/impacts_CMS_HWW_boosted_SR2b_mcstat_bin1.log
#	deleted:    ../../../../combination/full_datacards/condor/impacts/Test/logs/impacts_CMS_HWW_boosted_SR2b_mcstat_bin1.out
#	deleted:    ../../../../combination/full_datacards/condor/impacts/Test/logs/impacts_CMS_HWW_boosted_SR2b_mcstat_bin10.err
#	deleted:    ../../../../combination/full_datacards/condor/impacts/Test/logs/impacts_CMS_HWW_boosted_SR2b_mcstat_bin10.log
#	deleted:    ../../../../combination/full_datacards/condor/impacts/Test/logs/impacts_CMS_HWW_boosted_SR2b_mcstat_bin10.out
#	deleted:    ../../../../combination/full_datacards/condor/impacts/Test/logs/impacts_CMS_HWW_boosted_SR2b_mcstat_bin11.err
#	deleted:    ../../../../combination/full_datacards/condor/impacts/Test/logs/impacts_CMS_HWW_boosted_SR2b_mcstat_bin11.log
#	deleted:    ../../../../combination/full_datacards/condor/impacts/Test/logs/impacts_CMS_HWW_boosted_SR2b_mcstat_bin11.out
#	deleted:    ../../../../combination/full_datacards/condor/impacts/Test/logs/impacts_CMS_HWW_boosted_SR2b_mcstat_bin12.err
#	deleted:    ../../../../combination/full_datacards/condor/impacts/Test/logs/impacts_CMS_HWW_boosted_SR2b_mcstat_bin12.log
#	deleted:    ../../../../combination/full_datacards/condor/impacts/Test/logs/impacts_CMS_HWW_boosted_SR2b_mcstat_bin12.out
#	deleted:    ../../../../combination/full_datacards/condor/impacts/Test/logs/impacts_CMS_HWW_boosted_SR2b_mcstat_bin13.err
#	deleted:    ../../../../combination/full_datacards/condor/impacts/Test/logs/impacts_CMS_HWW_boosted_SR2b_mcstat_bin13.log
#	deleted:    ../../../../combination/full_datacards/condor/impacts/Test/logs/impacts_CMS_HWW_boosted_SR2b_mcstat_bin13.out
#	deleted:    ../../../../combination/full_datacards/condor/impacts/Test/logs/impacts_CMS_HWW_boosted_SR2b_mcstat_bin14.err
#	deleted:    ../../../../combination/full_datacards/condor/impacts/Test/logs/impacts_CMS_HWW_boosted_SR2b_mcstat_bin14.log
#	deleted:    ../../../../combination/full_datacards/condor/impacts/Test/logs/impacts_CMS_HWW_boosted_SR2b_mcstat_bin14.out
#	deleted:    ../../../../combination/full_datacards/condor/impacts/Test/logs/impacts_CMS_HWW_boosted_SR2b_mcstat_bin15.err
#	deleted:    ../../../../combination/full_datacards/condor/impacts/Test/logs/impacts_CMS_HWW_boosted_SR2b_mcstat_bin15.log
#	deleted:    ../../../../combination/full_datacards/condor/impacts/Test/logs/impacts_CMS_HWW_boosted_SR2b_mcstat_bin15.out
#	deleted:    ../../../../combination/full_datacards/condor/impacts/Test/logs/impacts_CMS_HWW_boosted_SR2b_mcstat_bin16.err
#	deleted:    ../../../../combination/full_datacards/condor/impacts/Test/logs/impacts_CMS_HWW_boosted_SR2b_mcstat_bin16.log
#	deleted:    ../../../../combination/full_datacards/condor/impacts/Test/logs/impacts_CMS_HWW_boosted_SR2b_mcstat_bin16.out
#	deleted:    ../../../../combination/full_datacards/condor/impacts/Test/logs/impacts_CMS_HWW_boosted_SR2b_mcstat_bin17.err
#	deleted:    ../../../../combination/full_datacards/condor/impacts/Test/logs/impacts_CMS_HWW_boosted_SR2b_mcstat_bin17.log
#	deleted:    ../../../../combination/full_datacards/condor/impacts/Test/logs/impacts_CMS_HWW_boosted_SR2b_mcstat_bin17.out
#	deleted:    ../../../../combination/full_datacards/condor/impacts/Test/logs/impacts_CMS_HWW_boosted_SR2b_mcstat_bin18.err
#	deleted:    ../../../../combination/full_datacards/condor/impacts/Test/logs/impacts_CMS_HWW_boosted_SR2b_mcstat_bin18.log
#	deleted:    ../../../../combination/full_datacards/condor/impacts/Test/logs/impacts_CMS_HWW_boosted_SR2b_mcstat_bin18.out
#	deleted:    ../../../../combination/full_datacards/condor/impacts/Test/logs/impacts_CMS_HWW_boosted_SR2b_mcstat_bin19.err
#	deleted:    ../../../../combination/full_datacards/condor/impacts/Test/logs/impacts_CMS_HWW_boosted_SR2b_mcstat_bin19.log
#	deleted:    ../../../../combination/full_datacards/condor/impacts/Test/logs/impacts_CMS_HWW_boosted_SR2b_mcstat_bin19.out
#	deleted:    ../../../../combination/full_datacards/condor/impacts/Test/logs/impacts_CMS_HWW_boosted_SR2b_mcstat_bin2.err
#	deleted:    ../../../../combination/full_datacards/condor/impacts/Test/logs/impacts_CMS_HWW_boosted_SR2b_mcstat_bin2.log
#	deleted:    ../../../../combination/full_datacards/condor/impacts/Test/logs/impacts_CMS_HWW_boosted_SR2b_mcstat_bin2.out
#	deleted:    ../../../../combination/full_datacards/condor/impacts/Test/logs/impacts_CMS_HWW_boosted_SR2b_mcstat_bin3.err
#	deleted:    ../../../../combination/full_datacards/condor/impacts/Test/logs/impacts_CMS_HWW_boosted_SR2b_mcstat_bin3.log
#	deleted:    ../../../../combination/full_datacards/condor/impacts/Test/logs/impacts_CMS_HWW_boosted_SR2b_mcstat_bin3.out
#	deleted:    ../../../../combination/full_datacards/condor/impacts/Test/logs/impacts_CMS_HWW_boosted_SR2b_mcstat_bin4.err
#	deleted:    ../../../../combination/full_datacards/condor/impacts/Test/logs/impacts_CMS_HWW_boosted_SR2b_mcstat_bin4.log
#	deleted:    ../../../../combination/full_datacards/condor/impacts/Test/logs/impacts_CMS_HWW_boosted_SR2b_mcstat_bin4.out
#	deleted:    ../../../../combination/full_datacards/condor/impacts/Test/logs/impacts_CMS_HWW_boosted_SR2b_mcstat_bin5.err
#	deleted:    ../../../../combination/full_datacards/condor/impacts/Test/logs/impacts_CMS_HWW_boosted_SR2b_mcstat_bin5.log
#	deleted:    ../../../../combination/full_datacards/condor/impacts/Test/logs/impacts_CMS_HWW_boosted_SR2b_mcstat_bin5.out
#	deleted:    ../../../../combination/full_datacards/condor/impacts/Test/logs/impacts_CMS_HWW_boosted_SR2b_mcstat_bin6.err
#	deleted:    ../../../../combination/full_datacards/condor/impacts/Test/logs/impacts_CMS_HWW_boosted_SR2b_mcstat_bin6.log
#	deleted:    ../../../../combination/full_datacards/condor/impacts/Test/logs/impacts_CMS_HWW_boosted_SR2b_mcstat_bin6.out
#	deleted:    ../../../../combination/full_datacards/condor/impacts/Test/logs/impacts_CMS_HWW_boosted_SR2b_mcstat_bin7.err
#	deleted:    ../../../../combination/full_datacards/condor/impacts/Test/logs/impacts_CMS_HWW_boosted_SR2b_mcstat_bin7.log
#	deleted:    ../../../../combination/full_datacards/condor/impacts/Test/logs/impacts_CMS_HWW_boosted_SR2b_mcstat_bin7.out
#	deleted:    ../../../../combination/full_datacards/condor/impacts/Test/logs/impacts_CMS_HWW_boosted_SR2b_mcstat_bin8.err
#	deleted:    ../../../../combination/full_datacards/condor/impacts/Test/logs/impacts_CMS_HWW_boosted_SR2b_mcstat_bin8.log
#	deleted:    ../../../../combination/full_datacards/condor/impacts/Test/logs/impacts_CMS_HWW_boosted_SR2b_mcstat_bin8.out
#	deleted:    ../../../../combination/full_datacards/condor/impacts/Test/logs/impacts_CMS_HWW_boosted_SR2b_mcstat_bin9.err
#	deleted:    ../../../../combination/full_datacards/condor/impacts/Test/logs/impacts_CMS_HWW_boosted_SR2b_mcstat_bin9.log
#	deleted:    ../../../../combination/full_datacards/condor/impacts/Test/logs/impacts_CMS_HWW_boosted_SR2b_mcstat_bin9.out
#	deleted:    ../../../../combination/full_datacards/condor/impacts/Test/logs/impacts_CMS_HWW_boosted_W_d1kappa_EW_Run2.err
#	deleted:    ../../../../combination/full_datacards/condor/impacts/Test/logs/impacts_CMS_HWW_boosted_W_d1kappa_EW_Run2.log
#	deleted:    ../../../../combination/full_datacards/condor/impacts/Test/logs/impacts_CMS_HWW_boosted_W_d1kappa_EW_Run2.out
#	deleted:    ../../../../combination/full_datacards/condor/impacts/Test/logs/impacts_CMS_HWW_boosted_W_d2kappa_EW_Run2.err
#	deleted:    ../../../../combination/full_datacards/condor/impacts/Test/logs/impacts_CMS_HWW_boosted_W_d2kappa_EW_Run2.log
#	deleted:    ../../../../combination/full_datacards/condor/impacts/Test/logs/impacts_CMS_HWW_boosted_W_d2kappa_EW_Run2.out
#	deleted:    ../../../../combination/full_datacards/condor/impacts/Test/logs/impacts_CMS_HWW_boosted_W_d3kappa_EW_Run2.err
#	deleted:    ../../../../combination/full_datacards/condor/impacts/Test/logs/impacts_CMS_HWW_boosted_W_d3kappa_EW_Run2.log
#	deleted:    ../../../../combination/full_datacards/condor/impacts/Test/logs/impacts_CMS_HWW_boosted_W_d3kappa_EW_Run2.out
#	deleted:    ../../../../combination/full_datacards/condor/impacts/Test/logs/impacts_CMS_HWW_boosted_btagSFbcCorrelated.err
#	deleted:    ../../../../combination/full_datacards/condor/impacts/Test/logs/impacts_CMS_HWW_boosted_btagSFbcCorrelated.log
#	deleted:    ../../../../combination/full_datacards/condor/impacts/Test/logs/impacts_CMS_HWW_boosted_btagSFbcCorrelated.out
#	deleted:    ../../../../combination/full_datacards/condor/impacts/Test/logs/impacts_CMS_HWW_boosted_btagSFbc_2016.err
#	deleted:    ../../../../combination/full_datacards/condor/impacts/Test/logs/impacts_CMS_HWW_boosted_btagSFbc_2016.log
#	deleted:    ../../../../combination/full_datacards/condor/impacts/Test/logs/impacts_CMS_HWW_boosted_btagSFbc_2016.out
#	deleted:    ../../../../combination/full_datacards/condor/impacts/Test/logs/impacts_CMS_HWW_boosted_btagSFbc_2017.err
#	deleted:    ../../../../combination/full_datacards/condor/impacts/Test/logs/impacts_CMS_HWW_boosted_btagSFbc_2017.log
#	deleted:    ../../../../combination/full_datacards/condor/impacts/Test/logs/impacts_CMS_HWW_boosted_btagSFbc_2017.out
#	deleted:    ../../../../combination/full_datacards/condor/impacts/Test/logs/impacts_CMS_HWW_boosted_btagSFbc_2018.err
#	deleted:    ../../../../combination/full_datacards/condor/impacts/Test/logs/impacts_CMS_HWW_boosted_btagSFbc_2018.log
#	deleted:    ../../../../combination/full_datacards/condor/impacts/Test/logs/impacts_CMS_HWW_boosted_btagSFbc_2018.out
#	deleted:    ../../../../combination/full_datacards/condor/impacts/Test/logs/impacts_CMS_HWW_boosted_btagSFlightCorrelated.err
#	deleted:    ../../../../combination/full_datacards/condor/impacts/Test/logs/impacts_CMS_HWW_boosted_btagSFlightCorrelated.log
#	deleted:    ../../../../combination/full_datacards/condor/impacts/Test/logs/impacts_CMS_HWW_boosted_btagSFlightCorrelated.out
#	deleted:    ../../../../combination/full_datacards/condor/impacts/Test/logs/impacts_CMS_HWW_boosted_btagSFlight_2016.err
#	deleted:    ../../../../combination/full_datacards/condor/impacts/Test/logs/impacts_CMS_HWW_boosted_btagSFlight_2016.log
#	deleted:    ../../../../combination/full_datacards/condor/impacts/Test/logs/impacts_CMS_HWW_boosted_btagSFlight_2016.out
#	deleted:    ../../../../combination/full_datacards/condor/impacts/Test/logs/impacts_CMS_HWW_boosted_btagSFlight_2017.err
#	deleted:    ../../../../combination/full_datacards/condor/impacts/Test/logs/impacts_CMS_HWW_boosted_btagSFlight_2017.log
#	deleted:    ../../../../combination/full_datacards/condor/impacts/Test/logs/impacts_CMS_HWW_boosted_btagSFlight_2017.out
#	deleted:    ../../../../combination/full_datacards/condor/impacts/Test/logs/impacts_CMS_HWW_boosted_btagSFlight_2018.err
#	deleted:    ../../../../combination/full_datacards/condor/impacts/Test/logs/impacts_CMS_HWW_boosted_btagSFlight_2018.log
#	deleted:    ../../../../combination/full_datacards/condor/impacts/Test/logs/impacts_CMS_HWW_boosted_btagSFlight_2018.out
#	deleted:    ../../../../combination/full_datacards/condor/impacts/Test/logs/impacts_CMS_HWW_boosted_d1K_NLO_Run2.err
#	deleted:    ../../../../combination/full_datacards/condor/impacts/Test/logs/impacts_CMS_HWW_boosted_d1K_NLO_Run2.log
#	deleted:    ../../../../combination/full_datacards/condor/impacts/Test/logs/impacts_CMS_HWW_boosted_d1K_NLO_Run2.out
#	deleted:    ../../../../combination/full_datacards/condor/impacts/Test/logs/impacts_CMS_HWW_boosted_d2K_NLO_Run2.err
#	deleted:    ../../../../combination/full_datacards/condor/impacts/Test/logs/impacts_CMS_HWW_boosted_d2K_NLO_Run2.log
#	deleted:    ../../../../combination/full_datacards/condor/impacts/Test/logs/impacts_CMS_HWW_boosted_d2K_NLO_Run2.out
#	deleted:    ../../../../combination/full_datacards/condor/impacts/Test/logs/impacts_CMS_HWW_boosted_d3K_NLO_Run2.err
#	deleted:    ../../../../combination/full_datacards/condor/impacts/Test/logs/impacts_CMS_HWW_boosted_d3K_NLO_Run2.log
#	deleted:    ../../../../combination/full_datacards/condor/impacts/Test/logs/impacts_CMS_HWW_boosted_d3K_NLO_Run2.out
#	deleted:    ../../../../combination/full_datacards/condor/impacts/Test/logs/impacts_CMS_HWW_boosted_ele_identification_Run2.err
#	deleted:    ../../../../combination/full_datacards/condor/impacts/Test/logs/impacts_CMS_HWW_boosted_ele_identification_Run2.log
#	deleted:    ../../../../combination/full_datacards/condor/impacts/Test/logs/impacts_CMS_HWW_boosted_ele_identification_Run2.out
#	deleted:    ../../../../combination/full_datacards/condor/impacts/Test/logs/impacts_CMS_HWW_boosted_ele_isolation_Run2.err
#	deleted:    ../../../../combination/full_datacards/condor/impacts/Test/logs/impacts_CMS_HWW_boosted_ele_isolation_Run2.log
#	deleted:    ../../../../combination/full_datacards/condor/impacts/Test/logs/impacts_CMS_HWW_boosted_ele_isolation_Run2.out
#	deleted:    ../../../../combination/full_datacards/condor/impacts/Test/logs/impacts_CMS_HWW_boosted_ele_reconstruction_Run2.err
#	deleted:    ../../../../combination/full_datacards/condor/impacts/Test/logs/impacts_CMS_HWW_boosted_ele_reconstruction_Run2.log
#	deleted:    ../../../../combination/full_datacards/condor/impacts/Test/logs/impacts_CMS_HWW_boosted_ele_reconstruction_Run2.out
#	deleted:    ../../../../combination/full_datacards/condor/impacts/Test/logs/impacts_CMS_HWW_boosted_ele_trigger_Run2.err
#	deleted:    ../../../../combination/full_datacards/condor/impacts/Test/logs/impacts_CMS_HWW_boosted_ele_trigger_Run2.log
#	deleted:    ../../../../combination/full_datacards/condor/impacts/Test/logs/impacts_CMS_HWW_boosted_ele_trigger_Run2.out
#	deleted:    ../../../../combination/full_datacards/condor/impacts/Test/logs/impacts_CMS_HWW_boosted_lp_sf_region_a.err
#	deleted:    ../../../../combination/full_datacards/condor/impacts/Test/logs/impacts_CMS_HWW_boosted_lp_sf_region_a.log
#	deleted:    ../../../../combination/full_datacards/condor/impacts/Test/logs/impacts_CMS_HWW_boosted_lp_sf_region_a.out
#	deleted:    ../../../../combination/full_datacards/condor/impacts/Test/logs/impacts_CMS_HWW_boosted_lp_sf_region_b.err
#	deleted:    ../../../../combination/full_datacards/condor/impacts/Test/logs/impacts_CMS_HWW_boosted_lp_sf_region_b.log
#	deleted:    ../../../../combination/full_datacards/condor/impacts/Test/logs/impacts_CMS_HWW_boosted_lp_sf_region_b.out
#	deleted:    ../../../../combination/full_datacards/condor/impacts/Test/logs/impacts_CMS_HWW_boosted_mu_identification_Run2.err
#	deleted:    ../../../../combination/full_datacards/condor/impacts/Test/logs/impacts_CMS_HWW_boosted_mu_identification_Run2.log
#	deleted:    ../../../../combination/full_datacards/condor/impacts/Test/logs/impacts_CMS_HWW_boosted_mu_identification_Run2.out
#	deleted:    ../../../../combination/full_datacards/condor/impacts/Test/logs/impacts_CMS_HWW_boosted_mu_isolation_Run2.err
#	deleted:    ../../../../combination/full_datacards/condor/impacts/Test/logs/impacts_CMS_HWW_boosted_mu_isolation_Run2.log
#	deleted:    ../../../../combination/full_datacards/condor/impacts/Test/logs/impacts_CMS_HWW_boosted_mu_isolation_Run2.out
#	deleted:    ../../../../combination/full_datacards/condor/impacts/Test/logs/impacts_CMS_HWW_boosted_mu_trigger_Run2.err
#	deleted:    ../../../../combination/full_datacards/condor/impacts/Test/logs/impacts_CMS_HWW_boosted_mu_trigger_Run2.log
#	deleted:    ../../../../combination/full_datacards/condor/impacts/Test/logs/impacts_CMS_HWW_boosted_mu_trigger_Run2.out
#	deleted:    ../../../../combination/full_datacards/condor/impacts/Test/logs/impacts_CMS_HWW_boosted_mu_trigger_iso_Run2.err
#	deleted:    ../../../../combination/full_datacards/condor/impacts/Test/logs/impacts_CMS_HWW_boosted_mu_trigger_iso_Run2.log
#	deleted:    ../../../../combination/full_datacards/condor/impacts/Test/logs/impacts_CMS_HWW_boosted_mu_trigger_iso_Run2.out
#	deleted:    ../../../../combination/full_datacards/condor/impacts/Test/logs/impacts_CMS_HWW_boosted_tf_dataResidual_CR1_Bin0.err
#	deleted:    ../../../../combination/full_datacards/condor/impacts/Test/logs/impacts_CMS_HWW_boosted_tf_dataResidual_CR1_Bin0.log
#	deleted:    ../../../../combination/full_datacards/condor/impacts/Test/logs/impacts_CMS_HWW_boosted_tf_dataResidual_CR1_Bin0.out
#	deleted:    ../../../../combination/full_datacards/condor/impacts/Test/logs/impacts_CMS_HWW_boosted_tf_dataResidual_CR1_Bin1.err
#	deleted:    ../../../../combination/full_datacards/condor/impacts/Test/logs/impacts_CMS_HWW_boosted_tf_dataResidual_CR1_Bin1.log
#	deleted:    ../../../../combination/full_datacards/condor/impacts/Test/logs/impacts_CMS_HWW_boosted_tf_dataResidual_CR1_Bin1.out
#	deleted:    ../../../../combination/full_datacards/condor/impacts/Test/logs/impacts_CMS_HWW_boosted_tf_dataResidual_CR1_Bin10.err
#	deleted:    ../../../../combination/full_datacards/condor/impacts/Test/logs/impacts_CMS_HWW_boosted_tf_dataResidual_CR1_Bin10.log
#	deleted:    ../../../../combination/full_datacards/condor/impacts/Test/logs/impacts_CMS_HWW_boosted_tf_dataResidual_CR1_Bin10.out
#	deleted:    ../../../../combination/full_datacards/condor/impacts/Test/logs/impacts_CMS_HWW_boosted_tf_dataResidual_CR1_Bin11.err
#	deleted:    ../../../../combination/full_datacards/condor/impacts/Test/logs/impacts_CMS_HWW_boosted_tf_dataResidual_CR1_Bin11.log
#	deleted:    ../../../../combination/full_datacards/condor/impacts/Test/logs/impacts_CMS_HWW_boosted_tf_dataResidual_CR1_Bin11.out
#	deleted:    ../../../../combination/full_datacards/condor/impacts/Test/logs/impacts_CMS_HWW_boosted_tf_dataResidual_CR1_Bin12.err
#	deleted:    ../../../../combination/full_datacards/condor/impacts/Test/logs/impacts_CMS_HWW_boosted_tf_dataResidual_CR1_Bin12.log
#	deleted:    ../../../../combination/full_datacards/condor/impacts/Test/logs/impacts_CMS_HWW_boosted_tf_dataResidual_CR1_Bin12.out
#	deleted:    ../../../../combination/full_datacards/condor/impacts/Test/logs/impacts_CMS_HWW_boosted_tf_dataResidual_CR1_Bin13.err
#	deleted:    ../../../../combination/full_datacards/condor/impacts/Test/logs/impacts_CMS_HWW_boosted_tf_dataResidual_CR1_Bin13.log
#	deleted:    ../../../../combination/full_datacards/condor/impacts/Test/logs/impacts_CMS_HWW_boosted_tf_dataResidual_CR1_Bin13.out
#	deleted:    ../../../../combination/full_datacards/condor/impacts/Test/logs/impacts_CMS_HWW_boosted_tf_dataResidual_CR1_Bin14.err
#	deleted:    ../../../../combination/full_datacards/condor/impacts/Test/logs/impacts_CMS_HWW_boosted_tf_dataResidual_CR1_Bin14.log
#	deleted:    ../../../../combination/full_datacards/condor/impacts/Test/logs/impacts_CMS_HWW_boosted_tf_dataResidual_CR1_Bin14.out
#	deleted:    ../../../../combination/full_datacards/condor/impacts/Test/logs/impacts_CMS_HWW_boosted_tf_dataResidual_CR1_Bin15.err
#	deleted:    ../../../../combination/full_datacards/condor/impacts/Test/logs/impacts_CMS_HWW_boosted_tf_dataResidual_CR1_Bin15.log
#	deleted:    ../../../../combination/full_datacards/condor/impacts/Test/logs/impacts_CMS_HWW_boosted_tf_dataResidual_CR1_Bin15.out
#	deleted:    ../../../../combination/full_datacards/condor/impacts/Test/logs/impacts_CMS_HWW_boosted_tf_dataResidual_CR1_Bin16.err
#	deleted:    ../../../../combination/full_datacards/condor/impacts/Test/logs/impacts_CMS_HWW_boosted_tf_dataResidual_CR1_Bin16.log
#	deleted:    ../../../../combination/full_datacards/condor/impacts/Test/logs/impacts_CMS_HWW_boosted_tf_dataResidual_CR1_Bin16.out
#	deleted:    ../../../../combination/full_datacards/condor/impacts/Test/logs/impacts_CMS_HWW_boosted_tf_dataResidual_CR1_Bin17.err
#	deleted:    ../../../../combination/full_datacards/condor/impacts/Test/logs/impacts_CMS_HWW_boosted_tf_dataResidual_CR1_Bin17.log
#	deleted:    ../../../../combination/full_datacards/condor/impacts/Test/logs/impacts_CMS_HWW_boosted_tf_dataResidual_CR1_Bin17.out
#	deleted:    ../../../../combination/full_datacards/condor/impacts/Test/logs/impacts_CMS_HWW_boosted_tf_dataResidual_CR1_Bin18.err
#	deleted:    ../../../../combination/full_datacards/condor/impacts/Test/logs/impacts_CMS_HWW_boosted_tf_dataResidual_CR1_Bin18.log
#	deleted:    ../../../../combination/full_datacards/condor/impacts/Test/logs/impacts_CMS_HWW_boosted_tf_dataResidual_CR1_Bin18.out
#	deleted:    ../../../../combination/full_datacards/condor/impacts/Test/logs/impacts_CMS_HWW_boosted_tf_dataResidual_CR1_Bin19.err
#	deleted:    ../../../../combination/full_datacards/condor/impacts/Test/logs/impacts_CMS_HWW_boosted_tf_dataResidual_CR1_Bin19.log
#	deleted:    ../../../../combination/full_datacards/condor/impacts/Test/logs/impacts_CMS_HWW_boosted_tf_dataResidual_CR1_Bin19.out
#	deleted:    ../../../../combination/full_datacards/condor/impacts/Test/logs/impacts_CMS_HWW_boosted_tf_dataResidual_CR1_Bin2.err
#	deleted:    ../../../../combination/full_datacards/condor/impacts/Test/logs/impacts_CMS_HWW_boosted_tf_dataResidual_CR1_Bin2.log
#	deleted:    ../../../../combination/full_datacards/condor/impacts/Test/logs/impacts_CMS_HWW_boosted_tf_dataResidual_CR1_Bin2.out
#	deleted:    ../../../../combination/full_datacards/condor/impacts/Test/logs/impacts_CMS_HWW_boosted_tf_dataResidual_CR1_Bin3.err
#	deleted:    ../../../../combination/full_datacards/condor/impacts/Test/logs/impacts_CMS_HWW_boosted_tf_dataResidual_CR1_Bin3.log
#	deleted:    ../../../../combination/full_datacards/condor/impacts/Test/logs/impacts_CMS_HWW_boosted_tf_dataResidual_CR1_Bin3.out
#	deleted:    ../../../../combination/full_datacards/condor/impacts/Test/logs/impacts_CMS_HWW_boosted_tf_dataResidual_CR1_Bin4.err
#	deleted:    ../../../../combination/full_datacards/condor/impacts/Test/logs/impacts_CMS_HWW_boosted_tf_dataResidual_CR1_Bin4.log
#	deleted:    ../../../../combination/full_datacards/condor/impacts/Test/logs/impacts_CMS_HWW_boosted_tf_dataResidual_CR1_Bin4.out
#	deleted:    ../../../../combination/full_datacards/condor/impacts/Test/logs/impacts_CMS_HWW_boosted_tf_dataResidual_CR1_Bin5.err
#	deleted:    ../../../../combination/full_datacards/condor/impacts/Test/logs/impacts_CMS_HWW_boosted_tf_dataResidual_CR1_Bin5.log
#	deleted:    ../../../../combination/full_datacards/condor/impacts/Test/logs/impacts_CMS_HWW_boosted_tf_dataResidual_CR1_Bin5.out
#	deleted:    ../../../../combination/full_datacards/condor/impacts/Test/logs/impacts_CMS_HWW_boosted_tf_dataResidual_CR1_Bin6.err
#	deleted:    ../../../../combination/full_datacards/condor/impacts/Test/logs/impacts_CMS_HWW_boosted_tf_dataResidual_CR1_Bin6.log
#	deleted:    ../../../../combination/full_datacards/condor/impacts/Test/logs/impacts_CMS_HWW_boosted_tf_dataResidual_CR1_Bin6.out
#	deleted:    ../../../../combination/full_datacards/condor/impacts/Test/logs/impacts_CMS_HWW_boosted_tf_dataResidual_CR1_Bin7.err
#	deleted:    ../../../../combination/full_datacards/condor/impacts/Test/logs/impacts_CMS_HWW_boosted_tf_dataResidual_CR1_Bin7.log
#	deleted:    ../../../../combination/full_datacards/condor/impacts/Test/logs/impacts_CMS_HWW_boosted_tf_dataResidual_CR1_Bin7.out
#	deleted:    ../../../../combination/full_datacards/condor/impacts/Test/logs/impacts_CMS_HWW_boosted_tf_dataResidual_CR1_Bin8.err
#	deleted:    ../../../../combination/full_datacards/condor/impacts/Test/logs/impacts_CMS_HWW_boosted_tf_dataResidual_CR1_Bin8.log
#	deleted:    ../../../../combination/full_datacards/condor/impacts/Test/logs/impacts_CMS_HWW_boosted_tf_dataResidual_CR1_Bin8.out
#	deleted:    ../../../../combination/full_datacards/condor/impacts/Test/logs/impacts_CMS_HWW_boosted_tf_dataResidual_CR1_Bin9.err
#	deleted:    ../../../../combination/full_datacards/condor/impacts/Test/logs/impacts_CMS_HWW_boosted_tf_dataResidual_CR1_Bin9.log
#	deleted:    ../../../../combination/full_datacards/condor/impacts/Test/logs/impacts_CMS_HWW_boosted_tf_dataResidual_CR1_Bin9.out
#	deleted:    ../../../../combination/full_datacards/condor/impacts/Test/logs/impacts_CMS_HWW_boosted_tf_dataResidual_CR2_Bin0.err
#	deleted:    ../../../../combination/full_datacards/condor/impacts/Test/logs/impacts_CMS_HWW_boosted_tf_dataResidual_CR2_Bin0.log
#	deleted:    ../../../../combination/full_datacards/condor/impacts/Test/logs/impacts_CMS_HWW_boosted_tf_dataResidual_CR2_Bin0.out
#	deleted:    ../../../../combination/full_datacards/condor/impacts/Test/logs/impacts_CMS_HWW_boosted_tf_dataResidual_CR2_Bin1.err
#	deleted:    ../../../../combination/full_datacards/condor/impacts/Test/logs/impacts_CMS_HWW_boosted_tf_dataResidual_CR2_Bin1.log
#	deleted:    ../../../../combination/full_datacards/condor/impacts/Test/logs/impacts_CMS_HWW_boosted_tf_dataResidual_CR2_Bin1.out
#	deleted:    ../../../../combination/full_datacards/condor/impacts/Test/logs/impacts_CMS_HWW_boosted_tf_dataResidual_CR2_Bin10.err
#	deleted:    ../../../../combination/full_datacards/condor/impacts/Test/logs/impacts_CMS_HWW_boosted_tf_dataResidual_CR2_Bin10.log
#	deleted:    ../../../../combination/full_datacards/condor/impacts/Test/logs/impacts_CMS_HWW_boosted_tf_dataResidual_CR2_Bin10.out
#	deleted:    ../../../../combination/full_datacards/condor/impacts/Test/logs/impacts_CMS_HWW_boosted_tf_dataResidual_CR2_Bin11.err
#	deleted:    ../../../../combination/full_datacards/condor/impacts/Test/logs/impacts_CMS_HWW_boosted_tf_dataResidual_CR2_Bin11.log
#	deleted:    ../../../../combination/full_datacards/condor/impacts/Test/logs/impacts_CMS_HWW_boosted_tf_dataResidual_CR2_Bin11.out
#	deleted:    ../../../../combination/full_datacards/condor/impacts/Test/logs/impacts_CMS_HWW_boosted_tf_dataResidual_CR2_Bin12.err
#	deleted:    ../../../../combination/full_datacards/condor/impacts/Test/logs/impacts_CMS_HWW_boosted_tf_dataResidual_CR2_Bin12.log
#	deleted:    ../../../../combination/full_datacards/condor/impacts/Test/logs/impacts_CMS_HWW_boosted_tf_dataResidual_CR2_Bin12.out
#	deleted:    ../../../../combination/full_datacards/condor/impacts/Test/logs/impacts_CMS_HWW_boosted_tf_dataResidual_CR2_Bin13.err
#	deleted:    ../../../../combination/full_datacards/condor/impacts/Test/logs/impacts_CMS_HWW_boosted_tf_dataResidual_CR2_Bin13.log
#	deleted:    ../../../../combination/full_datacards/condor/impacts/Test/logs/impacts_CMS_HWW_boosted_tf_dataResidual_CR2_Bin13.out
#	deleted:    ../../../../combination/full_datacards/condor/impacts/Test/logs/impacts_CMS_HWW_boosted_tf_dataResidual_CR2_Bin14.err
#	deleted:    ../../../../combination/full_datacards/condor/impacts/Test/logs/impacts_CMS_HWW_boosted_tf_dataResidual_CR2_Bin14.log
#	deleted:    ../../../../combination/full_datacards/condor/impacts/Test/logs/impacts_CMS_HWW_boosted_tf_dataResidual_CR2_Bin14.out
#	deleted:    ../../../../combination/full_datacards/condor/impacts/Test/logs/impacts_CMS_HWW_boosted_tf_dataResidual_CR2_Bin15.err
#	deleted:    ../../../../combination/full_datacards/condor/impacts/Test/logs/impacts_CMS_HWW_boosted_tf_dataResidual_CR2_Bin15.log
#	deleted:    ../../../../combination/full_datacards/condor/impacts/Test/logs/impacts_CMS_HWW_boosted_tf_dataResidual_CR2_Bin15.out
#	deleted:    ../../../../combination/full_datacards/condor/impacts/Test/logs/impacts_CMS_HWW_boosted_tf_dataResidual_CR2_Bin16.err
#	deleted:    ../../../../combination/full_datacards/condor/impacts/Test/logs/impacts_CMS_HWW_boosted_tf_dataResidual_CR2_Bin16.log
#	deleted:    ../../../../combination/full_datacards/condor/impacts/Test/logs/impacts_CMS_HWW_boosted_tf_dataResidual_CR2_Bin16.out
#	deleted:    ../../../../combination/full_datacards/condor/impacts/Test/logs/impacts_CMS_HWW_boosted_tf_dataResidual_CR2_Bin17.err
#	deleted:    ../../../../combination/full_datacards/condor/impacts/Test/logs/impacts_CMS_HWW_boosted_tf_dataResidual_CR2_Bin17.log
#	deleted:    ../../../../combination/full_datacards/condor/impacts/Test/logs/impacts_CMS_HWW_boosted_tf_dataResidual_CR2_Bin17.out
#	deleted:    ../../../../combination/full_datacards/condor/impacts/Test/logs/impacts_CMS_HWW_boosted_tf_dataResidual_CR2_Bin18.err
#	deleted:    ../../../../combination/full_datacards/condor/impacts/Test/logs/impacts_CMS_HWW_boosted_tf_dataResidual_CR2_Bin18.log
#	deleted:    ../../../../combination/full_datacards/condor/impacts/Test/logs/impacts_CMS_HWW_boosted_tf_dataResidual_CR2_Bin18.out
#	deleted:    ../../../../combination/full_datacards/condor/impacts/Test/logs/impacts_CMS_HWW_boosted_tf_dataResidual_CR2_Bin19.err
#	deleted:    ../../../../combination/full_datacards/condor/impacts/Test/logs/impacts_CMS_HWW_boosted_tf_dataResidual_CR2_Bin19.log
#	deleted:    ../../../../combination/full_datacards/condor/impacts/Test/logs/impacts_CMS_HWW_boosted_tf_dataResidual_CR2_Bin19.out
#	deleted:    ../../../../combination/full_datacards/condor/impacts/Test/logs/impacts_CMS_HWW_boosted_tf_dataResidual_CR2_Bin2.err
#	deleted:    ../../../../combination/full_datacards/condor/impacts/Test/logs/impacts_CMS_HWW_boosted_tf_dataResidual_CR2_Bin2.log
#	deleted:    ../../../../combination/full_datacards/condor/impacts/Test/logs/impacts_CMS_HWW_boosted_tf_dataResidual_CR2_Bin2.out
#	deleted:    ../../../../combination/full_datacards/condor/impacts/Test/logs/impacts_CMS_HWW_boosted_tf_dataResidual_CR2_Bin3.err
#	deleted:    ../../../../combination/full_datacards/condor/impacts/Test/logs/impacts_CMS_HWW_boosted_tf_dataResidual_CR2_Bin3.log
#	deleted:    ../../../../combination/full_datacards/condor/impacts/Test/logs/impacts_CMS_HWW_boosted_tf_dataResidual_CR2_Bin3.out
#	deleted:    ../../../../combination/full_datacards/condor/impacts/Test/logs/impacts_CMS_HWW_boosted_tf_dataResidual_CR2_Bin4.err
#	deleted:    ../../../../combination/full_datacards/condor/impacts/Test/logs/impacts_CMS_HWW_boosted_tf_dataResidual_CR2_Bin4.log
#	deleted:    ../../../../combination/full_datacards/condor/impacts/Test/logs/impacts_CMS_HWW_boosted_tf_dataResidual_CR2_Bin4.out
#	deleted:    ../../../../combination/full_datacards/condor/impacts/Test/logs/impacts_CMS_HWW_boosted_tf_dataResidual_CR2_Bin5.err
#	deleted:    ../../../../combination/full_datacards/condor/impacts/Test/logs/impacts_CMS_HWW_boosted_tf_dataResidual_CR2_Bin5.log
#	deleted:    ../../../../combination/full_datacards/condor/impacts/Test/logs/impacts_CMS_HWW_boosted_tf_dataResidual_CR2_Bin5.out
#	deleted:    ../../../../combination/full_datacards/condor/impacts/Test/logs/impacts_CMS_HWW_boosted_tf_dataResidual_CR2_Bin6.err
#	deleted:    ../../../../combination/full_datacards/condor/impacts/Test/logs/impacts_CMS_HWW_boosted_tf_dataResidual_CR2_Bin6.log
#	deleted:    ../../../../combination/full_datacards/condor/impacts/Test/logs/impacts_CMS_HWW_boosted_tf_dataResidual_CR2_Bin6.out
#	deleted:    ../../../../combination/full_datacards/condor/impacts/Test/logs/impacts_CMS_HWW_boosted_tf_dataResidual_CR2_Bin7.err
#	deleted:    ../../../../combination/full_datacards/condor/impacts/Test/logs/impacts_CMS_HWW_boosted_tf_dataResidual_CR2_Bin7.log
#	deleted:    ../../../../combination/full_datacards/condor/impacts/Test/logs/impacts_CMS_HWW_boosted_tf_dataResidual_CR2_Bin7.out
#	deleted:    ../../../../combination/full_datacards/condor/impacts/Test/logs/impacts_CMS_HWW_boosted_tf_dataResidual_CR2_Bin8.err
#	deleted:    ../../../../combination/full_datacards/condor/impacts/Test/logs/impacts_CMS_HWW_boosted_tf_dataResidual_CR2_Bin8.log
#	deleted:    ../../../../combination/full_datacards/condor/impacts/Test/logs/impacts_CMS_HWW_boosted_tf_dataResidual_CR2_Bin8.out
#	deleted:    ../../../../combination/full_datacards/condor/impacts/Test/logs/impacts_CMS_HWW_boosted_tf_dataResidual_CR2_Bin9.err
#	deleted:    ../../../../combination/full_datacards/condor/impacts/Test/logs/impacts_CMS_HWW_boosted_tf_dataResidual_CR2_Bin9.log
#	deleted:    ../../../../combination/full_datacards/condor/impacts/Test/logs/impacts_CMS_HWW_boosted_tf_dataResidual_CR2_Bin9.out
#	deleted:    ../../../../combination/full_datacards/condor/impacts/Test/logs/impacts_CMS_HWW_boosted_tf_dataResidual_a_MH_Reco_par0.err
#	deleted:    ../../../../combination/full_datacards/condor/impacts/Test/logs/impacts_CMS_HWW_boosted_tf_dataResidual_a_MH_Reco_par0.log
#	deleted:    ../../../../combination/full_datacards/condor/impacts/Test/logs/impacts_CMS_HWW_boosted_tf_dataResidual_a_MH_Reco_par0.out
#	deleted:    ../../../../combination/full_datacards/condor/impacts/Test/logs/impacts_CMS_HWW_boosted_tf_dataResidual_a_MH_Reco_par1.err
#	deleted:    ../../../../combination/full_datacards/condor/impacts/Test/logs/impacts_CMS_HWW_boosted_tf_dataResidual_a_MH_Reco_par1.log
#	deleted:    ../../../../combination/full_datacards/condor/impacts/Test/logs/impacts_CMS_HWW_boosted_tf_dataResidual_a_MH_Reco_par1.out
#	deleted:    ../../../../combination/full_datacards/condor/impacts/Test/logs/impacts_CMS_HWW_boosted_tf_dataResidual_a_MH_Reco_par2.err
#	deleted:    ../../../../combination/full_datacards/condor/impacts/Test/logs/impacts_CMS_HWW_boosted_tf_dataResidual_a_MH_Reco_par2.log
#	deleted:    ../../../../combination/full_datacards/condor/impacts/Test/logs/impacts_CMS_HWW_boosted_tf_dataResidual_a_MH_Reco_par2.out
#	deleted:    ../../../../combination/full_datacards/condor/impacts/Test/logs/impacts_CMS_HWW_boosted_tf_dataResidual_a_MH_Reco_par3.err
#	deleted:    ../../../../combination/full_datacards/condor/impacts/Test/logs/impacts_CMS_HWW_boosted_tf_dataResidual_a_MH_Reco_par3.log
#	deleted:    ../../../../combination/full_datacards/condor/impacts/Test/logs/impacts_CMS_HWW_boosted_tf_dataResidual_a_MH_Reco_par3.out
#	deleted:    ../../../../combination/full_datacards/condor/impacts/Test/logs/impacts_CMS_HWW_boosted_tf_dataResidual_b_MH_Reco_par0.err
#	deleted:    ../../../../combination/full_datacards/condor/impacts/Test/logs/impacts_CMS_HWW_boosted_tf_dataResidual_b_MH_Reco_par0.log
#	deleted:    ../../../../combination/full_datacards/condor/impacts/Test/logs/impacts_CMS_HWW_boosted_tf_dataResidual_b_MH_Reco_par0.out
#	deleted:    ../../../../combination/full_datacards/condor/impacts/Test/logs/impacts_CMS_HWW_boosted_tf_dataResidual_b_MH_Reco_par1.err
#	deleted:    ../../../../combination/full_datacards/condor/impacts/Test/logs/impacts_CMS_HWW_boosted_tf_dataResidual_b_MH_Reco_par1.log
#	deleted:    ../../../../combination/full_datacards/condor/impacts/Test/logs/impacts_CMS_HWW_boosted_tf_dataResidual_b_MH_Reco_par1.out
#	deleted:    ../../../../combination/full_datacards/condor/impacts/Test/logs/impacts_CMS_HWW_boosted_tf_dataResidual_b_MH_Reco_par2.err
#	deleted:    ../../../../combination/full_datacards/condor/impacts/Test/logs/impacts_CMS_HWW_boosted_tf_dataResidual_b_MH_Reco_par2.log
#	deleted:    ../../../../combination/full_datacards/condor/impacts/Test/logs/impacts_CMS_HWW_boosted_tf_dataResidual_b_MH_Reco_par2.out
#	deleted:    ../../../../combination/full_datacards/condor/impacts/Test/logs/impacts_CMS_HWW_boosted_tf_dataResidual_b_MH_Reco_par3.err
#	deleted:    ../../../../combination/full_datacards/condor/impacts/Test/logs/impacts_CMS_HWW_boosted_tf_dataResidual_b_MH_Reco_par3.log
#	deleted:    ../../../../combination/full_datacards/condor/impacts/Test/logs/impacts_CMS_HWW_boosted_tf_dataResidual_b_MH_Reco_par3.out
#	deleted:    ../../../../combination/full_datacards/condor/impacts/Test/logs/impacts_CMS_HWW_boosted_tf_dataResidual_b_MH_Reco_par4.err
#	deleted:    ../../../../combination/full_datacards/condor/impacts/Test/logs/impacts_CMS_HWW_boosted_tf_dataResidual_b_MH_Reco_par4.log
#	deleted:    ../../../../combination/full_datacards/condor/impacts/Test/logs/impacts_CMS_HWW_boosted_tf_dataResidual_b_MH_Reco_par4.out
#	deleted:    ../../../../combination/full_datacards/condor/impacts/Test/logs/impacts_CMS_HWW_boosted_tf_dataResidual_b_MH_Reco_par5.err
#	deleted:    ../../../../combination/full_datacards/condor/impacts/Test/logs/impacts_CMS_HWW_boosted_tf_dataResidual_b_MH_Reco_par5.log
#	deleted:    ../../../../combination/full_datacards/condor/impacts/Test/logs/impacts_CMS_HWW_boosted_tf_dataResidual_b_MH_Reco_par5.out
#	deleted:    ../../../../combination/full_datacards/condor/impacts/Test/logs/impacts_CMS_HWW_boosted_tf_dataResidual_b_MH_Reco_par6.err
#	deleted:    ../../../../combination/full_datacards/condor/impacts/Test/logs/impacts_CMS_HWW_boosted_tf_dataResidual_b_MH_Reco_par6.log
#	deleted:    ../../../../combination/full_datacards/condor/impacts/Test/logs/impacts_CMS_HWW_boosted_tf_dataResidual_b_MH_Reco_par6.out
#	deleted:    ../../../../combination/full_datacards/condor/impacts/Test/logs/impacts_CMS_lumi_13TeV_1718.err
#	deleted:    ../../../../combination/full_datacards/condor/impacts/Test/logs/impacts_CMS_lumi_13TeV_1718.log
#	deleted:    ../../../../combination/full_datacards/condor/impacts/Test/logs/impacts_CMS_lumi_13TeV_1718.out
#	deleted:    ../../../../combination/full_datacards/condor/impacts/Test/logs/impacts_CMS_lumi_13TeV_2016.err
#	deleted:    ../../../../combination/full_datacards/condor/impacts/Test/logs/impacts_CMS_lumi_13TeV_2016.log
#	deleted:    ../../../../combination/full_datacards/condor/impacts/Test/logs/impacts_CMS_lumi_13TeV_2016.out
#	deleted:    ../../../../combination/full_datacards/condor/impacts/Test/logs/impacts_CMS_lumi_13TeV_2017.err
#	deleted:    ../../../../combination/full_datacards/condor/impacts/Test/logs/impacts_CMS_lumi_13TeV_2017.log
#	deleted:    ../../../../combination/full_datacards/condor/impacts/Test/logs/impacts_CMS_lumi_13TeV_2017.out
#	deleted:    ../../../../combination/full_datacards/condor/impacts/Test/logs/impacts_CMS_lumi_13TeV_2018.err
#	deleted:    ../../../../combination/full_datacards/condor/impacts/Test/logs/impacts_CMS_lumi_13TeV_2018.log
#	deleted:    ../../../../combination/full_datacards/condor/impacts/Test/logs/impacts_CMS_lumi_13TeV_2018.out
#	deleted:    ../../../../combination/full_datacards/condor/impacts/Test/logs/impacts_CMS_lumi_13TeV_corelated.err
#	deleted:    ../../../../combination/full_datacards/condor/impacts/Test/logs/impacts_CMS_lumi_13TeV_corelated.log
#	deleted:    ../../../../combination/full_datacards/condor/impacts/Test/logs/impacts_CMS_lumi_13TeV_corelated.out
#	deleted:    ../../../../combination/full_datacards/condor/impacts/Test/logs/impacts_CMS_pileup_2016.err
#	deleted:    ../../../../combination/full_datacards/condor/impacts/Test/logs/impacts_CMS_pileup_2016.log
#	deleted:    ../../../../combination/full_datacards/condor/impacts/Test/logs/impacts_CMS_pileup_2016.out
#	deleted:    ../../../../combination/full_datacards/condor/impacts/Test/logs/impacts_CMS_pileup_2016APV.err
#	deleted:    ../../../../combination/full_datacards/condor/impacts/Test/logs/impacts_CMS_pileup_2016APV.log
#	deleted:    ../../../../combination/full_datacards/condor/impacts/Test/logs/impacts_CMS_pileup_2016APV.out
#	deleted:    ../../../../combination/full_datacards/condor/impacts/Test/logs/impacts_CMS_pileup_2017.err
#	deleted:    ../../../../combination/full_datacards/condor/impacts/Test/logs/impacts_CMS_pileup_2017.log
#	deleted:    ../../../../combination/full_datacards/condor/impacts/Test/logs/impacts_CMS_pileup_2017.out
#	deleted:    ../../../../combination/full_datacards/condor/impacts/Test/logs/impacts_CMS_pileup_2018.err
#	deleted:    ../../../../combination/full_datacards/condor/impacts/Test/logs/impacts_CMS_pileup_2018.log
#	deleted:    ../../../../combination/full_datacards/condor/impacts/Test/logs/impacts_CMS_pileup_2018.out
#	deleted:    ../../../../combination/full_datacards/condor/impacts/Test/logs/impacts_CMS_res_j_2016.err
#	deleted:    ../../../../combination/full_datacards/condor/impacts/Test/logs/impacts_CMS_res_j_2016.log
#	deleted:    ../../../../combination/full_datacards/condor/impacts/Test/logs/impacts_CMS_res_j_2016.out
#	deleted:    ../../../../combination/full_datacards/condor/impacts/Test/logs/impacts_CMS_res_j_2016APV.err
#	deleted:    ../../../../combination/full_datacards/condor/impacts/Test/logs/impacts_CMS_res_j_2016APV.log
#	deleted:    ../../../../combination/full_datacards/condor/impacts/Test/logs/impacts_CMS_res_j_2016APV.out
#	deleted:    ../../../../combination/full_datacards/condor/impacts/Test/logs/impacts_CMS_res_j_2017.err
#	deleted:    ../../../../combination/full_datacards/condor/impacts/Test/logs/impacts_CMS_res_j_2017.log
#	deleted:    ../../../../combination/full_datacards/condor/impacts/Test/logs/impacts_CMS_res_j_2017.out
#	deleted:    ../../../../combination/full_datacards/condor/impacts/Test/logs/impacts_CMS_res_j_2018.err
#	deleted:    ../../../../combination/full_datacards/condor/impacts/Test/logs/impacts_CMS_res_j_2018.log
#	deleted:    ../../../../combination/full_datacards/condor/impacts/Test/logs/impacts_CMS_res_j_2018.out
#	deleted:    ../../../../combination/full_datacards/condor/impacts/Test/logs/impacts_CMS_scale_j.err
#	deleted:    ../../../../combination/full_datacards/condor/impacts/Test/logs/impacts_CMS_scale_j.log
#	deleted:    ../../../../combination/full_datacards/condor/impacts/Test/logs/impacts_CMS_scale_j.out
#	deleted:    ../../../../combination/full_datacards/condor/impacts/Test/logs/impacts_PDF_scale.err
#	deleted:    ../../../../combination/full_datacards/condor/impacts/Test/logs/impacts_PDF_scale.log
#	deleted:    ../../../../combination/full_datacards/condor/impacts/Test/logs/impacts_PDF_scale.out
#	deleted:    ../../../../combination/full_datacards/condor/impacts/Test/logs/impacts_PSFSR_VBF.err
#	deleted:    ../../../../combination/full_datacards/condor/impacts/Test/logs/impacts_PSFSR_VBF.log
#	deleted:    ../../../../combination/full_datacards/condor/impacts/Test/logs/impacts_PSFSR_VBF.out
#	deleted:    ../../../../combination/full_datacards/condor/impacts/Test/logs/impacts_PSFSR_ggF.err
#	deleted:    ../../../../combination/full_datacards/condor/impacts/Test/logs/impacts_PSFSR_ggF.log
#	deleted:    ../../../../combination/full_datacards/condor/impacts/Test/logs/impacts_PSFSR_ggF.out
#	deleted:    ../../../../combination/full_datacards/condor/impacts/Test/logs/impacts_PSISR_VBF.err
#	deleted:    ../../../../combination/full_datacards/condor/impacts/Test/logs/impacts_PSISR_VBF.log
#	deleted:    ../../../../combination/full_datacards/condor/impacts/Test/logs/impacts_PSISR_VBF.out
#	deleted:    ../../../../combination/full_datacards/condor/impacts/Test/logs/impacts_PSISR_ggF.err
#	deleted:    ../../../../combination/full_datacards/condor/impacts/Test/logs/impacts_PSISR_ggF.log
#	deleted:    ../../../../combination/full_datacards/condor/impacts/Test/logs/impacts_PSISR_ggF.out
#	deleted:    ../../../../combination/full_datacards/condor/impacts/Test/logs/impacts_QCD_rate.err
#	deleted:    ../../../../combination/full_datacards/condor/impacts/Test/logs/impacts_QCD_rate.log
#	deleted:    ../../../../combination/full_datacards/condor/impacts/Test/logs/impacts_QCD_rate.out
#	deleted:    ../../../../combination/full_datacards/condor/impacts/Test/logs/impacts_QCD_scale.err
#	deleted:    ../../../../combination/full_datacards/condor/impacts/Test/logs/impacts_QCD_scale.log
#	deleted:    ../../../../combination/full_datacards/condor/impacts/Test/logs/impacts_QCD_scale.out
#	deleted:    ../../../../combination/full_datacards/condor/impacts/Test/logs/impacts_QCDscale_VH.err
#	deleted:    ../../../../combination/full_datacards/condor/impacts/Test/logs/impacts_QCDscale_VH.log
#	deleted:    ../../../../combination/full_datacards/condor/impacts/Test/logs/impacts_QCDscale_VH.out
#	deleted:    ../../../../combination/full_datacards/condor/impacts/Test/logs/impacts_QCDscale_ggH.err
#	deleted:    ../../../../combination/full_datacards/condor/impacts/Test/logs/impacts_QCDscale_ggH.log
#	deleted:    ../../../../combination/full_datacards/condor/impacts/Test/logs/impacts_QCDscale_ggH.out
#	deleted:    ../../../../combination/full_datacards/condor/impacts/Test/logs/impacts_QCDscale_qqH.err
#	deleted:    ../../../../combination/full_datacards/condor/impacts/Test/logs/impacts_QCDscale_qqH.log
#	deleted:    ../../../../combination/full_datacards/condor/impacts/Test/logs/impacts_QCDscale_qqH.out
#	deleted:    ../../../../combination/full_datacards/condor/impacts/Test/logs/impacts_QCDscale_ttH.err
#	deleted:    ../../../../combination/full_datacards/condor/impacts/Test/logs/impacts_QCDscale_ttH.log
#	deleted:    ../../../../combination/full_datacards/condor/impacts/Test/logs/impacts_QCDscale_ttH.out
#	deleted:    ../../../../combination/full_datacards/condor/impacts/Test/logs/impacts_QCDscale_ttbar.err
#	deleted:    ../../../../combination/full_datacards/condor/impacts/Test/logs/impacts_QCDscale_ttbar.log
#	deleted:    ../../../../combination/full_datacards/condor/impacts/Test/logs/impacts_QCDscale_ttbar.out
#	deleted:    ../../../../combination/full_datacards/condor/impacts/Test/logs/impacts_TopCR_diboson_mcstat.err
#	deleted:    ../../../../combination/full_datacards/condor/impacts/Test/logs/impacts_TopCR_diboson_mcstat.log
#	deleted:    ../../../../combination/full_datacards/condor/impacts/Test/logs/impacts_TopCR_diboson_mcstat.out
#	deleted:    ../../../../combination/full_datacards/condor/impacts/Test/logs/impacts_TopCR_ewkvjets_mcstat.err
#	deleted:    ../../../../combination/full_datacards/condor/impacts/Test/logs/impacts_TopCR_ewkvjets_mcstat.log
#	deleted:    ../../../../combination/full_datacards/condor/impacts/Test/logs/impacts_TopCR_ewkvjets_mcstat.out
#	deleted:    ../../../../combination/full_datacards/condor/impacts/Test/logs/impacts_TopCR_qcd_mcstat.err
#	deleted:    ../../../../combination/full_datacards/condor/impacts/Test/logs/impacts_TopCR_qcd_mcstat.log
#	deleted:    ../../../../combination/full_datacards/condor/impacts/Test/logs/impacts_TopCR_qcd_mcstat.out
#	deleted:    ../../../../combination/full_datacards/condor/impacts/Test/logs/impacts_TopCR_singletop_mcstat.err
#	deleted:    ../../../../combination/full_datacards/condor/impacts/Test/logs/impacts_TopCR_singletop_mcstat.log
#	deleted:    ../../../../combination/full_datacards/condor/impacts/Test/logs/impacts_TopCR_singletop_mcstat.out
#	deleted:    ../../../../combination/full_datacards/condor/impacts/Test/logs/impacts_TopCR_ttbar_mcstat.err
#	deleted:    ../../../../combination/full_datacards/condor/impacts/Test/logs/impacts_TopCR_ttbar_mcstat.log
#	deleted:    ../../../../combination/full_datacards/condor/impacts/Test/logs/impacts_TopCR_ttbar_mcstat.out
#	deleted:    ../../../../combination/full_datacards/condor/impacts/Test/logs/impacts_TopCR_vjets_mcstat.err
#	deleted:    ../../../../combination/full_datacards/condor/impacts/Test/logs/impacts_TopCR_vjets_mcstat.log
#	deleted:    ../../../../combination/full_datacards/condor/impacts/Test/logs/impacts_TopCR_vjets_mcstat.out
#	deleted:    ../../../../combination/full_datacards/condor/impacts/Test/logs/impacts_TopCR_wjets_mcstat.err
#	deleted:    ../../../../combination/full_datacards/condor/impacts/Test/logs/impacts_TopCR_wjets_mcstat.log
#	deleted:    ../../../../combination/full_datacards/condor/impacts/Test/logs/impacts_TopCR_wjets_mcstat.out
#	deleted:    ../../../../combination/full_datacards/condor/impacts/Test/logs/impacts_VBF_mcstat_bin0.err
#	deleted:    ../../../../combination/full_datacards/condor/impacts/Test/logs/impacts_VBF_mcstat_bin0.log
#	deleted:    ../../../../combination/full_datacards/condor/impacts/Test/logs/impacts_VBF_mcstat_bin0.out
#	deleted:    ../../../../combination/full_datacards/condor/impacts/Test/logs/impacts_VBF_mcstat_bin1.err
#	deleted:    ../../../../combination/full_datacards/condor/impacts/Test/logs/impacts_VBF_mcstat_bin1.log
#	deleted:    ../../../../combination/full_datacards/condor/impacts/Test/logs/impacts_VBF_mcstat_bin1.out
#	deleted:    ../../../../combination/full_datacards/condor/impacts/Test/logs/impacts_VBF_mcstat_bin2.err
#	deleted:    ../../../../combination/full_datacards/condor/impacts/Test/logs/impacts_VBF_mcstat_bin2.log
#	deleted:    ../../../../combination/full_datacards/condor/impacts/Test/logs/impacts_VBF_mcstat_bin2.out
#	deleted:    ../../../../combination/full_datacards/condor/impacts/Test/logs/impacts_VBF_mcstat_bin3.err
#	deleted:    ../../../../combination/full_datacards/condor/impacts/Test/logs/impacts_VBF_mcstat_bin3.log
#	deleted:    ../../../../combination/full_datacards/condor/impacts/Test/logs/impacts_VBF_mcstat_bin3.out
#	deleted:    ../../../../combination/full_datacards/condor/impacts/Test/logs/impacts_VBF_mcstat_bin4.err
#	deleted:    ../../../../combination/full_datacards/condor/impacts/Test/logs/impacts_VBF_mcstat_bin4.log
#	deleted:    ../../../../combination/full_datacards/condor/impacts/Test/logs/impacts_VBF_mcstat_bin4.out
#	deleted:    ../../../../combination/full_datacards/condor/impacts/Test/logs/impacts_VBF_mcstat_bin5.err
#	deleted:    ../../../../combination/full_datacards/condor/impacts/Test/logs/impacts_VBF_mcstat_bin5.log
#	deleted:    ../../../../combination/full_datacards/condor/impacts/Test/logs/impacts_VBF_mcstat_bin5.out
#	deleted:    ../../../../combination/full_datacards/condor/impacts/Test/logs/impacts_VBF_mcstat_bin6.err
#	deleted:    ../../../../combination/full_datacards/condor/impacts/Test/logs/impacts_VBF_mcstat_bin6.log
#	deleted:    ../../../../combination/full_datacards/condor/impacts/Test/logs/impacts_VBF_mcstat_bin6.out
#	deleted:    ../../../../combination/full_datacards/condor/impacts/Test/logs/impacts_VBF_mcstat_bin7.err
#	deleted:    ../../../../combination/full_datacards/condor/impacts/Test/logs/impacts_VBF_mcstat_bin7.log
#	deleted:    ../../../../combination/full_datacards/condor/impacts/Test/logs/impacts_VBF_mcstat_bin7.out
#	deleted:    ../../../../combination/full_datacards/condor/impacts/Test/logs/impacts_VBF_mcstat_bin8.err
#	deleted:    ../../../../combination/full_datacards/condor/impacts/Test/logs/impacts_VBF_mcstat_bin8.log
#	deleted:    ../../../../combination/full_datacards/condor/impacts/Test/logs/impacts_VBF_mcstat_bin8.out
#	deleted:    ../../../../combination/full_datacards/condor/impacts/Test/logs/impacts_WJetsCR_diboson_mcstat.err
#	deleted:    ../../../../combination/full_datacards/condor/impacts/Test/logs/impacts_WJetsCR_diboson_mcstat.log
#	deleted:    ../../../../combination/full_datacards/condor/impacts/Test/logs/impacts_WJetsCR_diboson_mcstat.out
#	deleted:    ../../../../combination/full_datacards/condor/impacts/Test/logs/impacts_WJetsCR_ewkvjets_mcstat.err
#	deleted:    ../../../../combination/full_datacards/condor/impacts/Test/logs/impacts_WJetsCR_ewkvjets_mcstat.log
#	deleted:    ../../../../combination/full_datacards/condor/impacts/Test/logs/impacts_WJetsCR_ewkvjets_mcstat.out
#	deleted:    ../../../../combination/full_datacards/condor/impacts/Test/logs/impacts_WJetsCR_qcd_mcstat.err
#	deleted:    ../../../../combination/full_datacards/condor/impacts/Test/logs/impacts_WJetsCR_qcd_mcstat.log
#	deleted:    ../../../../combination/full_datacards/condor/impacts/Test/logs/impacts_WJetsCR_qcd_mcstat.out
#	deleted:    ../../../../combination/full_datacards/condor/impacts/Test/logs/impacts_WJetsCR_singletop_mcstat.err
#	deleted:    ../../../../combination/full_datacards/condor/impacts/Test/logs/impacts_WJetsCR_singletop_mcstat.log
#	deleted:    ../../../../combination/full_datacards/condor/impacts/Test/logs/impacts_WJetsCR_singletop_mcstat.out
#	deleted:    ../../../../combination/full_datacards/condor/impacts/Test/logs/impacts_WJetsCR_ttbar_mcstat.err
#	deleted:    ../../../../combination/full_datacards/condor/impacts/Test/logs/impacts_WJetsCR_ttbar_mcstat.log
#	deleted:    ../../../../combination/full_datacards/condor/impacts/Test/logs/impacts_WJetsCR_ttbar_mcstat.out
#	deleted:    ../../../../combination/full_datacards/condor/impacts/Test/logs/impacts_WJetsCR_vjets_mcstat.err
#	deleted:    ../../../../combination/full_datacards/condor/impacts/Test/logs/impacts_WJetsCR_vjets_mcstat.log
#	deleted:    ../../../../combination/full_datacards/condor/impacts/Test/logs/impacts_WJetsCR_vjets_mcstat.out
#	deleted:    ../../../../combination/full_datacards/condor/impacts/Test/logs/impacts_WJetsCR_wjets_mcstat.err
#	deleted:    ../../../../combination/full_datacards/condor/impacts/Test/logs/impacts_WJetsCR_wjets_mcstat.log
#	deleted:    ../../../../combination/full_datacards/condor/impacts/Test/logs/impacts_WJetsCR_wjets_mcstat.out
#	deleted:    ../../../../combination/full_datacards/condor/impacts/Test/logs/impacts_ggFpt250to300_mcstat_bin0.err
#	deleted:    ../../../../combination/full_datacards/condor/impacts/Test/logs/impacts_ggFpt250to300_mcstat_bin0.log
#	deleted:    ../../../../combination/full_datacards/condor/impacts/Test/logs/impacts_ggFpt250to300_mcstat_bin0.out
#	deleted:    ../../../../combination/full_datacards/condor/impacts/Test/logs/impacts_ggFpt250to300_mcstat_bin1.err
#	deleted:    ../../../../combination/full_datacards/condor/impacts/Test/logs/impacts_ggFpt250to300_mcstat_bin1.log
#	deleted:    ../../../../combination/full_datacards/condor/impacts/Test/logs/impacts_ggFpt250to300_mcstat_bin1.out
#	deleted:    ../../../../combination/full_datacards/condor/impacts/Test/logs/impacts_ggFpt250to300_mcstat_bin2.err
#	deleted:    ../../../../combination/full_datacards/condor/impacts/Test/logs/impacts_ggFpt250to300_mcstat_bin2.log
#	deleted:    ../../../../combination/full_datacards/condor/impacts/Test/logs/impacts_ggFpt250to300_mcstat_bin2.out
#	deleted:    ../../../../combination/full_datacards/condor/impacts/Test/logs/impacts_ggFpt250to300_mcstat_bin3.err
#	deleted:    ../../../../combination/full_datacards/condor/impacts/Test/logs/impacts_ggFpt250to300_mcstat_bin3.log
#	deleted:    ../../../../combination/full_datacards/condor/impacts/Test/logs/impacts_ggFpt250to300_mcstat_bin3.out
#	deleted:    ../../../../combination/full_datacards/condor/impacts/Test/logs/impacts_ggFpt250to300_mcstat_bin4.err
#	deleted:    ../../../../combination/full_datacards/condor/impacts/Test/logs/impacts_ggFpt250to300_mcstat_bin4.log
#	deleted:    ../../../../combination/full_datacards/condor/impacts/Test/logs/impacts_ggFpt250to300_mcstat_bin4.out
#	deleted:    ../../../../combination/full_datacards/condor/impacts/Test/logs/impacts_ggFpt250to300_mcstat_bin5.err
#	deleted:    ../../../../combination/full_datacards/condor/impacts/Test/logs/impacts_ggFpt250to300_mcstat_bin5.log
#	deleted:    ../../../../combination/full_datacards/condor/impacts/Test/logs/impacts_ggFpt250to300_mcstat_bin5.out
#	deleted:    ../../../../combination/full_datacards/condor/impacts/Test/logs/impacts_ggFpt250to300_mcstat_bin6.err
#	deleted:    ../../../../combination/full_datacards/condor/impacts/Test/logs/impacts_ggFpt250to300_mcstat_bin6.log
#	deleted:    ../../../../combination/full_datacards/condor/impacts/Test/logs/impacts_ggFpt250to300_mcstat_bin6.out
#	deleted:    ../../../../combination/full_datacards/condor/impacts/Test/logs/impacts_ggFpt250to300_mcstat_bin7.err
#	deleted:    ../../../../combination/full_datacards/condor/impacts/Test/logs/impacts_ggFpt250to300_mcstat_bin7.log
#	deleted:    ../../../../combination/full_datacards/condor/impacts/Test/logs/impacts_ggFpt250to300_mcstat_bin7.out
#	deleted:    ../../../../combination/full_datacards/condor/impacts/Test/logs/impacts_ggFpt250to300_mcstat_bin8.err
#	deleted:    ../../../../combination/full_datacards/condor/impacts/Test/logs/impacts_ggFpt250to300_mcstat_bin8.log
#	deleted:    ../../../../combination/full_datacards/condor/impacts/Test/logs/impacts_ggFpt250to300_mcstat_bin8.out
#	deleted:    ../../../../combination/full_datacards/condor/impacts/Test/logs/impacts_ggFpt300to450_mcstat_bin0.err
#	deleted:    ../../../../combination/full_datacards/condor/impacts/Test/logs/impacts_ggFpt300to450_mcstat_bin0.log
#	deleted:    ../../../../combination/full_datacards/condor/impacts/Test/logs/impacts_ggFpt300to450_mcstat_bin0.out
#	deleted:    ../../../../combination/full_datacards/condor/impacts/Test/logs/impacts_ggFpt300to450_mcstat_bin1.err
#	deleted:    ../../../../combination/full_datacards/condor/impacts/Test/logs/impacts_ggFpt300to450_mcstat_bin1.log
#	deleted:    ../../../../combination/full_datacards/condor/impacts/Test/logs/impacts_ggFpt300to450_mcstat_bin1.out
#	deleted:    ../../../../combination/full_datacards/condor/impacts/Test/logs/impacts_ggFpt300to450_mcstat_bin2.err
#	deleted:    ../../../../combination/full_datacards/condor/impacts/Test/logs/impacts_ggFpt300to450_mcstat_bin2.log
#	deleted:    ../../../../combination/full_datacards/condor/impacts/Test/logs/impacts_ggFpt300to450_mcstat_bin2.out
#	deleted:    ../../../../combination/full_datacards/condor/impacts/Test/logs/impacts_ggFpt300to450_mcstat_bin3.err
#	deleted:    ../../../../combination/full_datacards/condor/impacts/Test/logs/impacts_ggFpt300to450_mcstat_bin3.log
#	deleted:    ../../../../combination/full_datacards/condor/impacts/Test/logs/impacts_ggFpt300to450_mcstat_bin3.out
#	deleted:    ../../../../combination/full_datacards/condor/impacts/Test/logs/impacts_ggFpt300to450_mcstat_bin4.err
#	deleted:    ../../../../combination/full_datacards/condor/impacts/Test/logs/impacts_ggFpt300to450_mcstat_bin4.log
#	deleted:    ../../../../combination/full_datacards/condor/impacts/Test/logs/impacts_ggFpt300to450_mcstat_bin4.out
#	deleted:    ../../../../combination/full_datacards/condor/impacts/Test/logs/impacts_ggFpt300to450_mcstat_bin5.err
#	deleted:    ../../../../combination/full_datacards/condor/impacts/Test/logs/impacts_ggFpt300to450_mcstat_bin5.log
#	deleted:    ../../../../combination/full_datacards/condor/impacts/Test/logs/impacts_ggFpt300to450_mcstat_bin5.out
#	deleted:    ../../../../combination/full_datacards/condor/impacts/Test/logs/impacts_ggFpt300to450_mcstat_bin6.err
#	deleted:    ../../../../combination/full_datacards/condor/impacts/Test/logs/impacts_ggFpt300to450_mcstat_bin6.log
#	deleted:    ../../../../combination/full_datacards/condor/impacts/Test/logs/impacts_ggFpt300to450_mcstat_bin6.out
#	deleted:    ../../../../combination/full_datacards/condor/impacts/Test/logs/impacts_ggFpt300to450_mcstat_bin7.err
#	deleted:    ../../../../combination/full_datacards/condor/impacts/Test/logs/impacts_ggFpt300to450_mcstat_bin7.log
#	deleted:    ../../../../combination/full_datacards/condor/impacts/Test/logs/impacts_ggFpt300to450_mcstat_bin7.out
#	deleted:    ../../../../combination/full_datacards/condor/impacts/Test/logs/impacts_ggFpt300to450_mcstat_bin8.err
#	deleted:    ../../../../combination/full_datacards/condor/impacts/Test/logs/impacts_ggFpt300to450_mcstat_bin8.log
#	deleted:    ../../../../combination/full_datacards/condor/impacts/Test/logs/impacts_ggFpt300to450_mcstat_bin8.out
#	deleted:    ../../../../combination/full_datacards/condor/impacts/Test/logs/impacts_ggFpt450toInf_mcstat_bin0.err
#	deleted:    ../../../../combination/full_datacards/condor/impacts/Test/logs/impacts_ggFpt450toInf_mcstat_bin0.log
#	deleted:    ../../../../combination/full_datacards/condor/impacts/Test/logs/impacts_ggFpt450toInf_mcstat_bin0.out
#	deleted:    ../../../../combination/full_datacards/condor/impacts/Test/logs/impacts_ggFpt450toInf_mcstat_bin1.err
#	deleted:    ../../../../combination/full_datacards/condor/impacts/Test/logs/impacts_ggFpt450toInf_mcstat_bin1.log
#	deleted:    ../../../../combination/full_datacards/condor/impacts/Test/logs/impacts_ggFpt450toInf_mcstat_bin1.out
#	deleted:    ../../../../combination/full_datacards/condor/impacts/Test/logs/impacts_ggFpt450toInf_mcstat_bin2.err
#	deleted:    ../../../../combination/full_datacards/condor/impacts/Test/logs/impacts_ggFpt450toInf_mcstat_bin2.log
#	deleted:    ../../../../combination/full_datacards/condor/impacts/Test/logs/impacts_ggFpt450toInf_mcstat_bin2.out
#	deleted:    ../../../../combination/full_datacards/condor/impacts/Test/logs/impacts_ggFpt450toInf_mcstat_bin3.err
#	deleted:    ../../../../combination/full_datacards/condor/impacts/Test/logs/impacts_ggFpt450toInf_mcstat_bin3.log
#	deleted:    ../../../../combination/full_datacards/condor/impacts/Test/logs/impacts_ggFpt450toInf_mcstat_bin3.out
#	deleted:    ../../../../combination/full_datacards/condor/impacts/Test/logs/impacts_ggFpt450toInf_mcstat_bin4.err
#	deleted:    ../../../../combination/full_datacards/condor/impacts/Test/logs/impacts_ggFpt450toInf_mcstat_bin4.log
#	deleted:    ../../../../combination/full_datacards/condor/impacts/Test/logs/impacts_ggFpt450toInf_mcstat_bin4.out
#	deleted:    ../../../../combination/full_datacards/condor/impacts/Test/logs/impacts_ggFpt450toInf_mcstat_bin5.err
#	deleted:    ../../../../combination/full_datacards/condor/impacts/Test/logs/impacts_ggFpt450toInf_mcstat_bin5.log
#	deleted:    ../../../../combination/full_datacards/condor/impacts/Test/logs/impacts_ggFpt450toInf_mcstat_bin5.out
#	deleted:    ../../../../combination/full_datacards/condor/impacts/Test/logs/impacts_ggFpt450toInf_mcstat_bin6.err
#	deleted:    ../../../../combination/full_datacards/condor/impacts/Test/logs/impacts_ggFpt450toInf_mcstat_bin6.log
#	deleted:    ../../../../combination/full_datacards/condor/impacts/Test/logs/impacts_ggFpt450toInf_mcstat_bin6.out
#	deleted:    ../../../../combination/full_datacards/condor/impacts/Test/logs/impacts_ggFpt450toInf_mcstat_bin7.err
#	deleted:    ../../../../combination/full_datacards/condor/impacts/Test/logs/impacts_ggFpt450toInf_mcstat_bin7.log
#	deleted:    ../../../../combination/full_datacards/condor/impacts/Test/logs/impacts_ggFpt450toInf_mcstat_bin7.out
#	deleted:    ../../../../combination/full_datacards/condor/impacts/Test/logs/impacts_ggFpt450toInf_mcstat_bin8.err
#	deleted:    ../../../../combination/full_datacards/condor/impacts/Test/logs/impacts_ggFpt450toInf_mcstat_bin8.log
#	deleted:    ../../../../combination/full_datacards/condor/impacts/Test/logs/impacts_ggFpt450toInf_mcstat_bin8.out
#	deleted:    ../../../../combination/full_datacards/condor/impacts/Test/logs/impacts_init.err
#	deleted:    ../../../../combination/full_datacards/condor/impacts/Test/logs/impacts_init.log
#	deleted:    ../../../../combination/full_datacards/condor/impacts/Test/logs/impacts_init.out
#	deleted:    ../../../../combination/full_datacards/condor/impacts/Test/logs/impacts_lumi_13TeV_1718.err
#	deleted:    ../../../../combination/full_datacards/condor/impacts/Test/logs/impacts_lumi_13TeV_1718.log
#	deleted:    ../../../../combination/full_datacards/condor/impacts/Test/logs/impacts_lumi_13TeV_1718.out
#	deleted:    ../../../../combination/full_datacards/condor/impacts/Test/logs/impacts_lumi_13TeV_2016.err
#	deleted:    ../../../../combination/full_datacards/condor/impacts/Test/logs/impacts_lumi_13TeV_2016.log
#	deleted:    ../../../../combination/full_datacards/condor/impacts/Test/logs/impacts_lumi_13TeV_2016.out
#	deleted:    ../../../../combination/full_datacards/condor/impacts/Test/logs/impacts_lumi_13TeV_2017.err
#	deleted:    ../../../../combination/full_datacards/condor/impacts/Test/logs/impacts_lumi_13TeV_2017.log
#	deleted:    ../../../../combination/full_datacards/condor/impacts/Test/logs/impacts_lumi_13TeV_2017.out
#	deleted:    ../../../../combination/full_datacards/condor/impacts/Test/logs/impacts_lumi_13TeV_2018.err
#	deleted:    ../../../../combination/full_datacards/condor/impacts/Test/logs/impacts_lumi_13TeV_2018.log
#	deleted:    ../../../../combination/full_datacards/condor/impacts/Test/logs/impacts_lumi_13TeV_2018.out
#	deleted:    ../../../../combination/full_datacards/condor/impacts/Test/logs/impacts_lumi_13TeV_correlated.err
#	deleted:    ../../../../combination/full_datacards/condor/impacts/Test/logs/impacts_lumi_13TeV_correlated.log
#	deleted:    ../../../../combination/full_datacards/condor/impacts/Test/logs/impacts_lumi_13TeV_correlated.out
#	deleted:    ../../../../combination/full_datacards/condor/impacts/Test/logs/impacts_muon_mini-isolation_SF.err
#	deleted:    ../../../../combination/full_datacards/condor/impacts/Test/logs/impacts_muon_mini-isolation_SF.log
#	deleted:    ../../../../combination/full_datacards/condor/impacts/Test/logs/impacts_muon_mini-isolation_SF.out
#	deleted:    ../../../../combination/full_datacards/condor/impacts/Test/logs/impacts_pdf_Higgs_gg.err
#	deleted:    ../../../../combination/full_datacards/condor/impacts/Test/logs/impacts_pdf_Higgs_gg.log
#	deleted:    ../../../../combination/full_datacards/condor/impacts/Test/logs/impacts_pdf_Higgs_gg.out
#	deleted:    ../../../../combination/full_datacards/condor/impacts/Test/logs/impacts_pdf_Higgs_qqbar.err
#	deleted:    ../../../../combination/full_datacards/condor/impacts/Test/logs/impacts_pdf_Higgs_qqbar.log
#	deleted:    ../../../../combination/full_datacards/condor/impacts/Test/logs/impacts_pdf_Higgs_qqbar.out
#	deleted:    ../../../../combination/full_datacards/condor/impacts/Test/logs/impacts_pdf_Higgs_ttH.err
#	deleted:    ../../../../combination/full_datacards/condor/impacts/Test/logs/impacts_pdf_Higgs_ttH.log
#	deleted:    ../../../../combination/full_datacards/condor/impacts/Test/logs/impacts_pdf_Higgs_ttH.out
#	deleted:    ../../../../combination/full_datacards/condor/impacts/Test/logs/impacts_pdf_gg.err
#	deleted:    ../../../../combination/full_datacards/condor/impacts/Test/logs/impacts_pdf_gg.log
#	deleted:    ../../../../combination/full_datacards/condor/impacts/Test/logs/impacts_pdf_gg.out
#	deleted:    ../../../../combination/full_datacards/condor/impacts/Test/logs/impacts_pdf_qqbar.err
#	deleted:    ../../../../combination/full_datacards/condor/impacts/Test/logs/impacts_pdf_qqbar.log
#	deleted:    ../../../../combination/full_datacards/condor/impacts/Test/logs/impacts_pdf_qqbar.out
#	deleted:    ../../../../combination/full_datacards/condor/impacts/Test/logs/impacts_ps_fsr.err
#	deleted:    ../../../../combination/full_datacards/condor/impacts/Test/logs/impacts_ps_fsr.log
#	deleted:    ../../../../combination/full_datacards/condor/impacts/Test/logs/impacts_ps_fsr.out
#	deleted:    ../../../../combination/full_datacards/condor/impacts/Test/logs/impacts_ps_isr.err
#	deleted:    ../../../../combination/full_datacards/condor/impacts/Test/logs/impacts_ps_isr.log
#	deleted:    ../../../../combination/full_datacards/condor/impacts/Test/logs/impacts_ps_isr.out
#	deleted:    ../../../../combination/full_datacards/condor/impacts/Test/logs/impacts_taggereff.err
#	deleted:    ../../../../combination/full_datacards/condor/impacts/Test/logs/impacts_taggereff.log
#	deleted:    ../../../../combination/full_datacards/condor/impacts/Test/logs/impacts_taggereff.out
#	deleted:    ../../../../combination/full_datacards/condor/impacts/Test/logs/impacts_triggerEffSF_uncorrelated.err
#	deleted:    ../../../../combination/full_datacards/condor/impacts/Test/logs/impacts_triggerEffSF_uncorrelated.log
#	deleted:    ../../../../combination/full_datacards/condor/impacts/Test/logs/impacts_triggerEffSF_uncorrelated.out
#	deleted:    ../../../../combination/full_datacards/condor/impacts/Test/logs/impacts_ttbarnormSF.err
#	deleted:    ../../../../combination/full_datacards/condor/impacts/Test/logs/impacts_ttbarnormSF.log
#	deleted:    ../../../../combination/full_datacards/condor/impacts/Test/logs/impacts_ttbarnormSF.out
#	deleted:    ../../../../combination/full_datacards/condor/impacts/Test/logs/impacts_unclustered_Energy.err
#	deleted:    ../../../../combination/full_datacards/condor/impacts/Test/logs/impacts_unclustered_Energy.log
#	deleted:    ../../../../combination/full_datacards/condor/impacts/Test/logs/impacts_unclustered_Energy.out
#	deleted:    ../../../../combination/full_datacards/condor/impacts/Test/logs/impacts_wjetsnormSF.err
#	deleted:    ../../../../combination/full_datacards/condor/impacts/Test/logs/impacts_wjetsnormSF.log
#	deleted:    ../../../../combination/full_datacards/condor/impacts/Test/logs/impacts_wjetsnormSF.out
#	deleted:    ../../../../combination/full_datacards/ggFpt250to300.txt
#	modified:   ../../../../combination/full_datacards/ggFpt250to350.txt
#	deleted:    ../../../../combination/full_datacards/ggFpt300to450.txt
#	modified:   ../../../../combination/full_datacards/ggFpt350to500.txt
#	deleted:    ../../../../combination/full_datacards/ggFpt450toInf.txt
#	modified:   ../../../../combination/full_datacards/ggFpt500toInf.txt
#	modified:   ../../../../combination/full_datacards/higgsCombine.AsymptoticLimits.mH125.44.root
#	modified:   ../../../../combination/full_datacards/higgsCombine.Significance.mH125.123456.root
#	deleted:    ../../../../combination/full_datacards/higgsCombineHWW.ChannelCompatibilityCheck.mH125.root
#	modified:   ../../../../combination/full_datacards/higgsCombineSnapshot.MultiDimFit.mH125.root
#	modified:   ../../../../combination/full_datacards/higgsCombineTest.AsymptoticLimits.mH120.root
#	deleted:    ../../../../combination/full_datacards/higgsCombineTest.ChannelCompatibilityCheck.mH120.root
#	modified:   ../../../../combination/full_datacards/higgsCombineTest.Significance.mH120.root
#	deleted:    ../../../../combination/full_datacards/higgsCombine_initialFit_Test.MultiDimFit.mH125.root
#	modified:   ../../../../combination/full_datacards/higgsCombine_initialFit_impacts.MultiDimFit.mH125.root
#	modified:   ../../../../combination/full_datacards/higgsCombine_paramFit_impacts_BR_hww.MultiDimFit.mH125.root
#	deleted:    ../../../../combination/full_datacards/higgsCombine_paramFit_impacts_CMS_HWW_FakeRate_EWK_SF_flavor_uncertainty.MultiDimFit.mH125.root
#	modified:   ../../../../combination/full_datacards/higgsCombine_paramFit_impacts_CMS_HWW_boosted_CR1_mcstat_bin0.MultiDimFit.mH125.root
#	modified:   ../../../../combination/full_datacards/higgsCombine_paramFit_impacts_CMS_HWW_boosted_CR1_mcstat_bin1.MultiDimFit.mH125.root
#	modified:   ../../../../combination/full_datacards/higgsCombine_paramFit_impacts_CMS_HWW_boosted_CR1_mcstat_bin10.MultiDimFit.mH125.root
#	modified:   ../../../../combination/full_datacards/higgsCombine_paramFit_impacts_CMS_HWW_boosted_CR1_mcstat_bin11.MultiDimFit.mH125.root
#	modified:   ../../../../combination/full_datacards/higgsCombine_paramFit_impacts_CMS_HWW_boosted_CR1_mcstat_bin12.MultiDimFit.mH125.root
#	modified:   ../../../../combination/full_datacards/higgsCombine_paramFit_impacts_CMS_HWW_boosted_CR1_mcstat_bin13.MultiDimFit.mH125.root
#	modified:   ../../../../combination/full_datacards/higgsCombine_paramFit_impacts_CMS_HWW_boosted_CR1_mcstat_bin14.MultiDimFit.mH125.root
#	modified:   ../../../../combination/full_datacards/higgsCombine_paramFit_impacts_CMS_HWW_boosted_CR1_mcstat_bin15.MultiDimFit.mH125.root
#	modified:   ../../../../combination/full_datacards/higgsCombine_paramFit_impacts_CMS_HWW_boosted_CR1_mcstat_bin16.MultiDimFit.mH125.root
#	modified:   ../../../../combination/full_datacards/higgsCombine_paramFit_impacts_CMS_HWW_boosted_CR1_mcstat_bin17.MultiDimFit.mH125.root
#	modified:   ../../../../combination/full_datacards/higgsCombine_paramFit_impacts_CMS_HWW_boosted_CR1_mcstat_bin18.MultiDimFit.mH125.root
#	modified:   ../../../../combination/full_datacards/higgsCombine_paramFit_impacts_CMS_HWW_boosted_CR1_mcstat_bin19.MultiDimFit.mH125.root
#	modified:   ../../../../combination/full_datacards/higgsCombine_paramFit_impacts_CMS_HWW_boosted_CR1_mcstat_bin2.MultiDimFit.mH125.root
#	modified:   ../../../../combination/full_datacards/higgsCombine_paramFit_impacts_CMS_HWW_boosted_CR1_mcstat_bin3.MultiDimFit.mH125.root
#	modified:   ../../../../combination/full_datacards/higgsCombine_paramFit_impacts_CMS_HWW_boosted_CR1_mcstat_bin4.MultiDimFit.mH125.root
#	modified:   ../../../../combination/full_datacards/higgsCombine_paramFit_impacts_CMS_HWW_boosted_CR1_mcstat_bin5.MultiDimFit.mH125.root
#	modified:   ../../../../combination/full_datacards/higgsCombine_paramFit_impacts_CMS_HWW_boosted_CR1_mcstat_bin6.MultiDimFit.mH125.root
#	modified:   ../../../../combination/full_datacards/higgsCombine_paramFit_impacts_CMS_HWW_boosted_CR1_mcstat_bin7.MultiDimFit.mH125.root
#	modified:   ../../../../combination/full_datacards/higgsCombine_paramFit_impacts_CMS_HWW_boosted_CR1_mcstat_bin8.MultiDimFit.mH125.root
#	modified:   ../../../../combination/full_datacards/higgsCombine_paramFit_impacts_CMS_HWW_boosted_CR1_mcstat_bin9.MultiDimFit.mH125.root
#	modified:   ../../../../combination/full_datacards/higgsCombine_paramFit_impacts_CMS_HWW_boosted_CR2_mcstat_bin0.MultiDimFit.mH125.root
#	modified:   ../../../../combination/full_datacards/higgsCombine_paramFit_impacts_CMS_HWW_boosted_CR2_mcstat_bin1.MultiDimFit.mH125.root
#	modified:   ../../../../combination/full_datacards/higgsCombine_paramFit_impacts_CMS_HWW_boosted_CR2_mcstat_bin10.MultiDimFit.mH125.root
#	modified:   ../../../../combination/full_datacards/higgsCombine_paramFit_impacts_CMS_HWW_boosted_CR2_mcstat_bin11.MultiDimFit.mH125.root
#	modified:   ../../../../combination/full_datacards/higgsCombine_paramFit_impacts_CMS_HWW_boosted_CR2_mcstat_bin12.MultiDimFit.mH125.root
#	modified:   ../../../../combination/full_datacards/higgsCombine_paramFit_impacts_CMS_HWW_boosted_CR2_mcstat_bin13.MultiDimFit.mH125.root
#	modified:   ../../../../combination/full_datacards/higgsCombine_paramFit_impacts_CMS_HWW_boosted_CR2_mcstat_bin14.MultiDimFit.mH125.root
#	modified:   ../../../../combination/full_datacards/higgsCombine_paramFit_impacts_CMS_HWW_boosted_CR2_mcstat_bin15.MultiDimFit.mH125.root
#	modified:   ../../../../combination/full_datacards/higgsCombine_paramFit_impacts_CMS_HWW_boosted_CR2_mcstat_bin16.MultiDimFit.mH125.root
#	modified:   ../../../../combination/full_datacards/higgsCombine_paramFit_impacts_CMS_HWW_boosted_CR2_mcstat_bin17.MultiDimFit.mH125.root
#	modified:   ../../../../combination/full_datacards/higgsCombine_paramFit_impacts_CMS_HWW_boosted_CR2_mcstat_bin18.MultiDimFit.mH125.root
#	modified:   ../../../../combination/full_datacards/higgsCombine_paramFit_impacts_CMS_HWW_boosted_CR2_mcstat_bin19.MultiDimFit.mH125.root
#	modified:   ../../../../combination/full_datacards/higgsCombine_paramFit_impacts_CMS_HWW_boosted_CR2_mcstat_bin2.MultiDimFit.mH125.root
#	modified:   ../../../../combination/full_datacards/higgsCombine_paramFit_impacts_CMS_HWW_boosted_CR2_mcstat_bin3.MultiDimFit.mH125.root
#	modified:   ../../../../combination/full_datacards/higgsCombine_paramFit_impacts_CMS_HWW_boosted_CR2_mcstat_bin4.MultiDimFit.mH125.root
#	modified:   ../../../../combination/full_datacards/higgsCombine_paramFit_impacts_CMS_HWW_boosted_CR2_mcstat_bin5.MultiDimFit.mH125.root
#	modified:   ../../../../combination/full_datacards/higgsCombine_paramFit_impacts_CMS_HWW_boosted_CR2_mcstat_bin6.MultiDimFit.mH125.root
#	modified:   ../../../../combination/full_datacards/higgsCombine_paramFit_impacts_CMS_HWW_boosted_CR2_mcstat_bin7.MultiDimFit.mH125.root
#	modified:   ../../../../combination/full_datacards/higgsCombine_paramFit_impacts_CMS_HWW_boosted_CR2_mcstat_bin8.MultiDimFit.mH125.root
#	modified:   ../../../../combination/full_datacards/higgsCombine_paramFit_impacts_CMS_HWW_boosted_CR2_mcstat_bin9.MultiDimFit.mH125.root
#	modified:   ../../../../combination/full_datacards/higgsCombine_paramFit_impacts_CMS_HWW_boosted_EW_unc.MultiDimFit.mH125.root
#	modified:   ../../../../combination/full_datacards/higgsCombine_paramFit_impacts_CMS_HWW_boosted_FakeRate_EWK_SF_statistical_uncertainty.MultiDimFit.mH125.root
#	modified:   ../../../../combination/full_datacards/higgsCombine_paramFit_impacts_CMS_HWW_boosted_FakeRate_statistical_uncertainty.MultiDimFit.mH125.root
#	modified:   ../../../../combination/full_datacards/higgsCombine_paramFit_impacts_CMS_HWW_boosted_Fake_SF_uncertainty.MultiDimFit.mH125.root
#	modified:   ../../../../combination/full_datacards/higgsCombine_paramFit_impacts_CMS_HWW_boosted_SR1_fail_mcstat_bin0.MultiDimFit.mH125.root
#	modified:   ../../../../combination/full_datacards/higgsCombine_paramFit_impacts_CMS_HWW_boosted_SR1_fail_mcstat_bin1.MultiDimFit.mH125.root
#	modified:   ../../../../combination/full_datacards/higgsCombine_paramFit_impacts_CMS_HWW_boosted_SR1_fail_mcstat_bin2.MultiDimFit.mH125.root
#	modified:   ../../../../combination/full_datacards/higgsCombine_paramFit_impacts_CMS_HWW_boosted_SR1_fail_mcstat_bin3.MultiDimFit.mH125.root
#	deleted:    ../../../../combination/full_datacards/higgsCombine_paramFit_impacts_CMS_HWW_boosted_SR1_fail_mcstat_bin4.MultiDimFit.mH125.root
#	deleted:    ../../../../combination/full_datacards/higgsCombine_paramFit_impacts_CMS_HWW_boosted_SR1_fail_mcstat_bin5.MultiDimFit.mH125.root
#	modified:   ../../../../combination/full_datacards/higgsCombine_paramFit_impacts_CMS_HWW_boosted_SR1_pass_mcstat_bin0.MultiDimFit.mH125.root
#	modified:   ../../../../combination/full_datacards/higgsCombine_paramFit_impacts_CMS_HWW_boosted_SR1_pass_mcstat_bin1.MultiDimFit.mH125.root
#	modified:   ../../../../combination/full_datacards/higgsCombine_paramFit_impacts_CMS_HWW_boosted_SR1_pass_mcstat_bin2.MultiDimFit.mH125.root
#	modified:   ../../../../combination/full_datacards/higgsCombine_paramFit_impacts_CMS_HWW_boosted_SR1_pass_mcstat_bin3.MultiDimFit.mH125.root
#	deleted:    ../../../../combination/full_datacards/higgsCombine_paramFit_impacts_CMS_HWW_boosted_SR1_pass_mcstat_bin4.MultiDimFit.mH125.root
#	deleted:    ../../../../combination/full_datacards/higgsCombine_paramFit_impacts_CMS_HWW_boosted_SR1_pass_mcstat_bin5.MultiDimFit.mH125.root
#	modified:   ../../../../combination/full_datacards/higgsCombine_paramFit_impacts_CMS_HWW_boosted_SR1a_mcstat_bin0.MultiDimFit.mH125.root
#	modified:   ../../../../combination/full_datacards/higgsCombine_paramFit_impacts_CMS_HWW_boosted_SR1a_mcstat_bin1.MultiDimFit.mH125.root
#	modified:   ../../../../combination/full_datacards/higgsCombine_paramFit_impacts_CMS_HWW_boosted_SR1a_mcstat_bin10.MultiDimFit.mH125.root
#	modified:   ../../../../combination/full_datacards/higgsCombine_paramFit_impacts_CMS_HWW_boosted_SR1a_mcstat_bin11.MultiDimFit.mH125.root
#	modified:   ../../../../combination/full_datacards/higgsCombine_paramFit_impacts_CMS_HWW_boosted_SR1a_mcstat_bin12.MultiDimFit.mH125.root
#	modified:   ../../../../combination/full_datacards/higgsCombine_paramFit_impacts_CMS_HWW_boosted_SR1a_mcstat_bin13.MultiDimFit.mH125.root
#	modified:   ../../../../combination/full_datacards/higgsCombine_paramFit_impacts_CMS_HWW_boosted_SR1a_mcstat_bin14.MultiDimFit.mH125.root
#	modified:   ../../../../combination/full_datacards/higgsCombine_paramFit_impacts_CMS_HWW_boosted_SR1a_mcstat_bin15.MultiDimFit.mH125.root
#	modified:   ../../../../combination/full_datacards/higgsCombine_paramFit_impacts_CMS_HWW_boosted_SR1a_mcstat_bin16.MultiDimFit.mH125.root
#	modified:   ../../../../combination/full_datacards/higgsCombine_paramFit_impacts_CMS_HWW_boosted_SR1a_mcstat_bin17.MultiDimFit.mH125.root
#	modified:   ../../../../combination/full_datacards/higgsCombine_paramFit_impacts_CMS_HWW_boosted_SR1a_mcstat_bin18.MultiDimFit.mH125.root
#	modified:   ../../../../combination/full_datacards/higgsCombine_paramFit_impacts_CMS_HWW_boosted_SR1a_mcstat_bin19.MultiDimFit.mH125.root
#	modified:   ../../../../combination/full_datacards/higgsCombine_paramFit_impacts_CMS_HWW_boosted_SR1a_mcstat_bin2.MultiDimFit.mH125.root
#	modified:   ../../../../combination/full_datacards/higgsCombine_paramFit_impacts_CMS_HWW_boosted_SR1a_mcstat_bin3.MultiDimFit.mH125.root
#	modified:   ../../../../combination/full_datacards/higgsCombine_paramFit_impacts_CMS_HWW_boosted_SR1a_mcstat_bin4.MultiDimFit.mH125.root
#	modified:   ../../../../combination/full_datacards/higgsCombine_paramFit_impacts_CMS_HWW_boosted_SR1a_mcstat_bin5.MultiDimFit.mH125.root
#	modified:   ../../../../combination/full_datacards/higgsCombine_paramFit_impacts_CMS_HWW_boosted_SR1a_mcstat_bin6.MultiDimFit.mH125.root
#	modified:   ../../../../combination/full_datacards/higgsCombine_paramFit_impacts_CMS_HWW_boosted_SR1a_mcstat_bin7.MultiDimFit.mH125.root
#	modified:   ../../../../combination/full_datacards/higgsCombine_paramFit_impacts_CMS_HWW_boosted_SR1a_mcstat_bin8.MultiDimFit.mH125.root
#	modified:   ../../../../combination/full_datacards/higgsCombine_paramFit_impacts_CMS_HWW_boosted_SR1a_mcstat_bin9.MultiDimFit.mH125.root
#	modified:   ../../../../combination/full_datacards/higgsCombine_paramFit_impacts_CMS_HWW_boosted_SR1b_mcstat_bin0.MultiDimFit.mH125.root
#	modified:   ../../../../combination/full_datacards/higgsCombine_paramFit_impacts_CMS_HWW_boosted_SR1b_mcstat_bin1.MultiDimFit.mH125.root
#	modified:   ../../../../combination/full_datacards/higgsCombine_paramFit_impacts_CMS_HWW_boosted_SR1b_mcstat_bin10.MultiDimFit.mH125.root
#	modified:   ../../../../combination/full_datacards/higgsCombine_paramFit_impacts_CMS_HWW_boosted_SR1b_mcstat_bin11.MultiDimFit.mH125.root
#	modified:   ../../../../combination/full_datacards/higgsCombine_paramFit_impacts_CMS_HWW_boosted_SR1b_mcstat_bin12.MultiDimFit.mH125.root
#	modified:   ../../../../combination/full_datacards/higgsCombine_paramFit_impacts_CMS_HWW_boosted_SR1b_mcstat_bin13.MultiDimFit.mH125.root
#	modified:   ../../../../combination/full_datacards/higgsCombine_paramFit_impacts_CMS_HWW_boosted_SR1b_mcstat_bin14.MultiDimFit.mH125.root
#	modified:   ../../../../combination/full_datacards/higgsCombine_paramFit_impacts_CMS_HWW_boosted_SR1b_mcstat_bin15.MultiDimFit.mH125.root
#	modified:   ../../../../combination/full_datacards/higgsCombine_paramFit_impacts_CMS_HWW_boosted_SR1b_mcstat_bin16.MultiDimFit.mH125.root
#	modified:   ../../../../combination/full_datacards/higgsCombine_paramFit_impacts_CMS_HWW_boosted_SR1b_mcstat_bin17.MultiDimFit.mH125.root
#	modified:   ../../../../combination/full_datacards/higgsCombine_paramFit_impacts_CMS_HWW_boosted_SR1b_mcstat_bin18.MultiDimFit.mH125.root
#	modified:   ../../../../combination/full_datacards/higgsCombine_paramFit_impacts_CMS_HWW_boosted_SR1b_mcstat_bin19.MultiDimFit.mH125.root
#	modified:   ../../../../combination/full_datacards/higgsCombine_paramFit_impacts_CMS_HWW_boosted_SR1b_mcstat_bin2.MultiDimFit.mH125.root
#	modified:   ../../../../combination/full_datacards/higgsCombine_paramFit_impacts_CMS_HWW_boosted_SR1b_mcstat_bin3.MultiDimFit.mH125.root
#	modified:   ../../../../combination/full_datacards/higgsCombine_paramFit_impacts_CMS_HWW_boosted_SR1b_mcstat_bin4.MultiDimFit.mH125.root
#	modified:   ../../../../combination/full_datacards/higgsCombine_paramFit_impacts_CMS_HWW_boosted_SR1b_mcstat_bin5.MultiDimFit.mH125.root
#	modified:   ../../../../combination/full_datacards/higgsCombine_paramFit_impacts_CMS_HWW_boosted_SR1b_mcstat_bin6.MultiDimFit.mH125.root
#	modified:   ../../../../combination/full_datacards/higgsCombine_paramFit_impacts_CMS_HWW_boosted_SR1b_mcstat_bin7.MultiDimFit.mH125.root
#	modified:   ../../../../combination/full_datacards/higgsCombine_paramFit_impacts_CMS_HWW_boosted_SR1b_mcstat_bin8.MultiDimFit.mH125.root
#	modified:   ../../../../combination/full_datacards/higgsCombine_paramFit_impacts_CMS_HWW_boosted_SR1b_mcstat_bin9.MultiDimFit.mH125.root
#	modified:   ../../../../combination/full_datacards/higgsCombine_paramFit_impacts_CMS_HWW_boosted_SR2a_WH_hww_mcstat_bin0.MultiDimFit.mH125.root
#	modified:   ../../../../combination/full_datacards/higgsCombine_paramFit_impacts_CMS_HWW_boosted_SR2a_WH_hww_mcstat_bin1.MultiDimFit.mH125.root
#	modified:   ../../../../combination/full_datacards/higgsCombine_paramFit_impacts_CMS_HWW_boosted_SR2a_WH_hww_mcstat_bin18.MultiDimFit.mH125.root
#	modified:   ../../../../combination/full_datacards/higgsCombine_paramFit_impacts_CMS_HWW_boosted_SR2a_ZH_hww_mcstat_bin0.MultiDimFit.mH125.root
#	modified:   ../../../../combination/full_datacards/higgsCombine_paramFit_impacts_CMS_HWW_boosted_SR2a_ZH_hww_mcstat_bin1.MultiDimFit.mH125.root
#	modified:   ../../../../combination/full_datacards/higgsCombine_paramFit_impacts_CMS_HWW_boosted_SR2a_ZH_hww_mcstat_bin18.MultiDimFit.mH125.root
#	modified:   ../../../../combination/full_datacards/higgsCombine_paramFit_impacts_CMS_HWW_boosted_SR2a_ggH_hww_mcstat_bin0.MultiDimFit.mH125.root
#	modified:   ../../../../combination/full_datacards/higgsCombine_paramFit_impacts_CMS_HWW_boosted_SR2a_ggH_hww_mcstat_bin1.MultiDimFit.mH125.root
#	modified:   ../../../../combination/full_datacards/higgsCombine_paramFit_impacts_CMS_HWW_boosted_SR2a_mcstat_bin10.MultiDimFit.mH125.root
#	modified:   ../../../../combination/full_datacards/higgsCombine_paramFit_impacts_CMS_HWW_boosted_SR2a_mcstat_bin11.MultiDimFit.mH125.root
#	modified:   ../../../../combination/full_datacards/higgsCombine_paramFit_impacts_CMS_HWW_boosted_SR2a_mcstat_bin12.MultiDimFit.mH125.root
#	modified:   ../../../../combination/full_datacards/higgsCombine_paramFit_impacts_CMS_HWW_boosted_SR2a_mcstat_bin13.MultiDimFit.mH125.root
#	modified:   ../../../../combination/full_datacards/higgsCombine_paramFit_impacts_CMS_HWW_boosted_SR2a_mcstat_bin14.MultiDimFit.mH125.root
#	modified:   ../../../../combination/full_datacards/higgsCombine_paramFit_impacts_CMS_HWW_boosted_SR2a_mcstat_bin15.MultiDimFit.mH125.root
#	modified:   ../../../../combination/full_datacards/higgsCombine_paramFit_impacts_CMS_HWW_boosted_SR2a_mcstat_bin16.MultiDimFit.mH125.root
#	modified:   ../../../../combination/full_datacards/higgsCombine_paramFit_impacts_CMS_HWW_boosted_SR2a_mcstat_bin17.MultiDimFit.mH125.root
#	modified:   ../../../../combination/full_datacards/higgsCombine_paramFit_impacts_CMS_HWW_boosted_SR2a_mcstat_bin19.MultiDimFit.mH125.root
#	modified:   ../../../../combination/full_datacards/higgsCombine_paramFit_impacts_CMS_HWW_boosted_SR2a_mcstat_bin2.MultiDimFit.mH125.root
#	modified:   ../../../../combination/full_datacards/higgsCombine_paramFit_impacts_CMS_HWW_boosted_SR2a_mcstat_bin3.MultiDimFit.mH125.root
#	modified:   ../../../../combination/full_datacards/higgsCombine_paramFit_impacts_CMS_HWW_boosted_SR2a_mcstat_bin4.MultiDimFit.mH125.root
#	deleted:    ../../../../combination/full_datacards/higgsCombine_paramFit_impacts_CMS_HWW_boosted_SR2a_mcstat_bin5.MultiDimFit.mH125.root
#	modified:   ../../../../combination/full_datacards/higgsCombine_paramFit_impacts_CMS_HWW_boosted_SR2a_mcstat_bin6.MultiDimFit.mH125.root
#	modified:   ../../../../combination/full_datacards/higgsCombine_paramFit_impacts_CMS_HWW_boosted_SR2a_mcstat_bin7.MultiDimFit.mH125.root
#	modified:   ../../../../combination/full_datacards/higgsCombine_paramFit_impacts_CMS_HWW_boosted_SR2a_mcstat_bin8.MultiDimFit.mH125.root
#	modified:   ../../../../combination/full_datacards/higgsCombine_paramFit_impacts_CMS_HWW_boosted_SR2a_mcstat_bin9.MultiDimFit.mH125.root
#	modified:   ../../../../combination/full_datacards/higgsCombine_paramFit_impacts_CMS_HWW_boosted_SR2a_qqH_hww_mcstat_bin0.MultiDimFit.mH125.root
#	modified:   ../../../../combination/full_datacards/higgsCombine_paramFit_impacts_CMS_HWW_boosted_SR2a_qqH_hww_mcstat_bin1.MultiDimFit.mH125.root
#	modified:   ../../../../combination/full_datacards/higgsCombine_paramFit_impacts_CMS_HWW_boosted_SR2a_rest_bkg_mcstat_bin1.MultiDimFit.mH125.root
#	modified:   ../../../../combination/full_datacards/higgsCombine_paramFit_impacts_CMS_HWW_boosted_SR2a_rest_bkg_mcstat_bin18.MultiDimFit.mH125.root
#	modified:   ../../../../combination/full_datacards/higgsCombine_paramFit_impacts_CMS_HWW_boosted_SR2a_single_top_mcstat_bin18.MultiDimFit.mH125.root
#	modified:   ../../../../combination/full_datacards/higgsCombine_paramFit_impacts_CMS_HWW_boosted_SR2a_ttH_hww_mcstat_bin0.MultiDimFit.mH125.root
#	modified:   ../../../../combination/full_datacards/higgsCombine_paramFit_impacts_CMS_HWW_boosted_SR2a_ttH_hww_mcstat_bin1.MultiDimFit.mH125.root
#	modified:   ../../../../combination/full_datacards/higgsCombine_paramFit_impacts_CMS_HWW_boosted_SR2a_ttH_hww_mcstat_bin18.MultiDimFit.mH125.root
#	modified:   ../../../../combination/full_datacards/higgsCombine_paramFit_impacts_CMS_HWW_boosted_SR2a_ttbar_mcstat_bin0.MultiDimFit.mH125.root
#	modified:   ../../../../combination/full_datacards/higgsCombine_paramFit_impacts_CMS_HWW_boosted_SR2a_ttbar_mcstat_bin1.MultiDimFit.mH125.root
#	modified:   ../../../../combination/full_datacards/higgsCombine_paramFit_impacts_CMS_HWW_boosted_SR2a_ttbar_mcstat_bin18.MultiDimFit.mH125.root
#	modified:   ../../../../combination/full_datacards/higgsCombine_paramFit_impacts_CMS_HWW_boosted_SR2a_wjets_mcstat_bin0.MultiDimFit.mH125.root
#	modified:   ../../../../combination/full_datacards/higgsCombine_paramFit_impacts_CMS_HWW_boosted_SR2a_wjets_mcstat_bin1.MultiDimFit.mH125.root
#	modified:   ../../../../combination/full_datacards/higgsCombine_paramFit_impacts_CMS_HWW_boosted_SR2a_wjets_mcstat_bin18.MultiDimFit.mH125.root
#	modified:   ../../../../combination/full_datacards/higgsCombine_paramFit_impacts_CMS_HWW_boosted_SR2b_mcstat_bin0.MultiDimFit.mH125.root
#	modified:   ../../../../combination/full_datacards/higgsCombine_paramFit_impacts_CMS_HWW_boosted_SR2b_mcstat_bin1.MultiDimFit.mH125.root
#	modified:   ../../../../combination/full_datacards/higgsCombine_paramFit_impacts_CMS_HWW_boosted_SR2b_mcstat_bin10.MultiDimFit.mH125.root
#	modified:   ../../../../combination/full_datacards/higgsCombine_paramFit_impacts_CMS_HWW_boosted_SR2b_mcstat_bin11.MultiDimFit.mH125.root
#	modified:   ../../../../combination/full_datacards/higgsCombine_paramFit_impacts_CMS_HWW_boosted_SR2b_mcstat_bin12.MultiDimFit.mH125.root
#	modified:   ../../../../combination/full_datacards/higgsCombine_paramFit_impacts_CMS_HWW_boosted_SR2b_mcstat_bin13.MultiDimFit.mH125.root
#	modified:   ../../../../combination/full_datacards/higgsCombine_paramFit_impacts_CMS_HWW_boosted_SR2b_mcstat_bin14.MultiDimFit.mH125.root
#	modified:   ../../../../combination/full_datacards/higgsCombine_paramFit_impacts_CMS_HWW_boosted_SR2b_mcstat_bin15.MultiDimFit.mH125.root
#	modified:   ../../../../combination/full_datacards/higgsCombine_paramFit_impacts_CMS_HWW_boosted_SR2b_mcstat_bin16.MultiDimFit.mH125.root
#	modified:   ../../../../combination/full_datacards/higgsCombine_paramFit_impacts_CMS_HWW_boosted_SR2b_mcstat_bin17.MultiDimFit.mH125.root
#	modified:   ../../../../combination/full_datacards/higgsCombine_paramFit_impacts_CMS_HWW_boosted_SR2b_mcstat_bin18.MultiDimFit.mH125.root
#	modified:   ../../../../combination/full_datacards/higgsCombine_paramFit_impacts_CMS_HWW_boosted_SR2b_mcstat_bin19.MultiDimFit.mH125.root
#	modified:   ../../../../combination/full_datacards/higgsCombine_paramFit_impacts_CMS_HWW_boosted_SR2b_mcstat_bin2.MultiDimFit.mH125.root
#	modified:   ../../../../combination/full_datacards/higgsCombine_paramFit_impacts_CMS_HWW_boosted_SR2b_mcstat_bin3.MultiDimFit.mH125.root
#	modified:   ../../../../combination/full_datacards/higgsCombine_paramFit_impacts_CMS_HWW_boosted_SR2b_mcstat_bin4.MultiDimFit.mH125.root
#	modified:   ../../../../combination/full_datacards/higgsCombine_paramFit_impacts_CMS_HWW_boosted_SR2b_mcstat_bin5.MultiDimFit.mH125.root
#	modified:   ../../../../combination/full_datacards/higgsCombine_paramFit_impacts_CMS_HWW_boosted_SR2b_mcstat_bin6.MultiDimFit.mH125.root
#	modified:   ../../../../combination/full_datacards/higgsCombine_paramFit_impacts_CMS_HWW_boosted_SR2b_mcstat_bin7.MultiDimFit.mH125.root
#	modified:   ../../../../combination/full_datacards/higgsCombine_paramFit_impacts_CMS_HWW_boosted_SR2b_mcstat_bin8.MultiDimFit.mH125.root
#	modified:   ../../../../combination/full_datacards/higgsCombine_paramFit_impacts_CMS_HWW_boosted_SR2b_mcstat_bin9.MultiDimFit.mH125.root
#	modified:   ../../../../combination/full_datacards/higgsCombine_paramFit_impacts_CMS_HWW_boosted_TopCR_fail_mcstat_bin0.MultiDimFit.mH125.root
#	modified:   ../../../../combination/full_datacards/higgsCombine_paramFit_impacts_CMS_HWW_boosted_TopCR_fail_mcstat_bin1.MultiDimFit.mH125.root
#	modified:   ../../../../combination/full_datacards/higgsCombine_paramFit_impacts_CMS_HWW_boosted_TopCR_fail_mcstat_bin2.MultiDimFit.mH125.root
#	modified:   ../../../../combination/full_datacards/higgsCombine_paramFit_impacts_CMS_HWW_boosted_TopCR_fail_mcstat_bin3.MultiDimFit.mH125.root
#	deleted:    ../../../../combination/full_datacards/higgsCombine_paramFit_impacts_CMS_HWW_boosted_TopCR_fail_mcstat_bin4.MultiDimFit.mH125.root
#	deleted:    ../../../../combination/full_datacards/higgsCombine_paramFit_impacts_CMS_HWW_boosted_TopCR_fail_mcstat_bin5.MultiDimFit.mH125.root
#	modified:   ../../../../combination/full_datacards/higgsCombine_paramFit_impacts_CMS_HWW_boosted_TopCR_mcstat_bin0.MultiDimFit.mH125.root
#	modified:   ../../../../combination/full_datacards/higgsCombine_paramFit_impacts_CMS_HWW_boosted_TopCR_mcstat_bin1.MultiDimFit.mH125.root
#	modified:   ../../../../combination/full_datacards/higgsCombine_paramFit_impacts_CMS_HWW_boosted_TopCR_mcstat_bin2.MultiDimFit.mH125.root
#	modified:   ../../../../combination/full_datacards/higgsCombine_paramFit_impacts_CMS_HWW_boosted_TopCR_mcstat_bin3.MultiDimFit.mH125.root
#	modified:   ../../../../combination/full_datacards/higgsCombine_paramFit_impacts_CMS_HWW_boosted_TopCR_mcstat_bin4.MultiDimFit.mH125.root
#	modified:   ../../../../combination/full_datacards/higgsCombine_paramFit_impacts_CMS_HWW_boosted_TopCR_mcstat_bin5.MultiDimFit.mH125.root
#	modified:   ../../../../combination/full_datacards/higgsCombine_paramFit_impacts_CMS_HWW_boosted_TopCR_mcstat_bin6.MultiDimFit.mH125.root
#	modified:   ../../../../combination/full_datacards/higgsCombine_paramFit_impacts_CMS_HWW_boosted_TopCR_mcstat_bin7.MultiDimFit.mH125.root
#	deleted:    ../../../../combination/full_datacards/higgsCombine_paramFit_impacts_CMS_HWW_boosted_TopCR_mcstat_bin8.MultiDimFit.mH125.root
#	modified:   ../../../../combination/full_datacards/higgsCombine_paramFit_impacts_CMS_HWW_boosted_TopCR_pass_mcstat_bin0.MultiDimFit.mH125.root
#	modified:   ../../../../combination/full_datacards/higgsCombine_paramFit_impacts_CMS_HWW_boosted_TopCR_pass_mcstat_bin1.MultiDimFit.mH125.root
#	modified:   ../../../../combination/full_datacards/higgsCombine_paramFit_impacts_CMS_HWW_boosted_TopCR_pass_mcstat_bin2.MultiDimFit.mH125.root
#	modified:   ../../../../combination/full_datacards/higgsCombine_paramFit_impacts_CMS_HWW_boosted_TopCR_pass_mcstat_bin3.MultiDimFit.mH125.root
#	deleted:    ../../../../combination/full_datacards/higgsCombine_paramFit_impacts_CMS_HWW_boosted_TopCR_pass_mcstat_bin4.MultiDimFit.mH125.root
#	deleted:    ../../../../combination/full_datacards/higgsCombine_paramFit_impacts_CMS_HWW_boosted_TopCR_pass_mcstat_bin5.MultiDimFit.mH125.root
#	modified:   ../../../../combination/full_datacards/higgsCombine_paramFit_impacts_CMS_HWW_boosted_TopPtReweight.MultiDimFit.mH125.root
#	modified:   ../../../../combination/full_datacards/higgsCombine_paramFit_impacts_CMS_HWW_boosted_VBF_mcstat_bin0.MultiDimFit.mH125.root
#	modified:   ../../../../combination/full_datacards/higgsCombine_paramFit_impacts_CMS_HWW_boosted_VBF_mcstat_bin1.MultiDimFit.mH125.root
#	modified:   ../../../../combination/full_datacards/higgsCombine_paramFit_impacts_CMS_HWW_boosted_VBF_mcstat_bin2.MultiDimFit.mH125.root
#	modified:   ../../../../combination/full_datacards/higgsCombine_paramFit_impacts_CMS_HWW_boosted_VBF_mcstat_bin3.MultiDimFit.mH125.root
#	modified:   ../../../../combination/full_datacards/higgsCombine_paramFit_impacts_CMS_HWW_boosted_VBF_mcstat_bin4.MultiDimFit.mH125.root
#	modified:   ../../../../combination/full_datacards/higgsCombine_paramFit_impacts_CMS_HWW_boosted_VBF_mcstat_bin5.MultiDimFit.mH125.root
#	modified:   ../../../../combination/full_datacards/higgsCombine_paramFit_impacts_CMS_HWW_boosted_VBF_mcstat_bin6.MultiDimFit.mH125.root
#	modified:   ../../../../combination/full_datacards/higgsCombine_paramFit_impacts_CMS_HWW_boosted_VBF_mcstat_bin7.MultiDimFit.mH125.root
#	deleted:    ../../../../combination/full_datacards/higgsCombine_paramFit_impacts_CMS_HWW_boosted_VBF_mcstat_bin8.MultiDimFit.mH125.root
#	modified:   ../../../../combination/full_datacards/higgsCombine_paramFit_impacts_CMS_HWW_boosted_WJetsCR_mcstat_bin0.MultiDimFit.mH125.root
#	modified:   ../../../../combination/full_datacards/higgsCombine_paramFit_impacts_CMS_HWW_boosted_WJetsCR_mcstat_bin1.MultiDimFit.mH125.root
#	modified:   ../../../../combination/full_datacards/higgsCombine_paramFit_impacts_CMS_HWW_boosted_WJetsCR_mcstat_bin2.MultiDimFit.mH125.root
#	modified:   ../../../../combination/full_datacards/higgsCombine_paramFit_impacts_CMS_HWW_boosted_WJetsCR_mcstat_bin3.MultiDimFit.mH125.root
#	modified:   ../../../../combination/full_datacards/higgsCombine_paramFit_impacts_CMS_HWW_boosted_WJetsCR_mcstat_bin4.MultiDimFit.mH125.root
#	modified:   ../../../../combination/full_datacards/higgsCombine_paramFit_impacts_CMS_HWW_boosted_WJetsCR_mcstat_bin5.MultiDimFit.mH125.root
#	modified:   ../../../../combination/full_datacards/higgsCombine_paramFit_impacts_CMS_HWW_boosted_WJetsCR_mcstat_bin6.MultiDimFit.mH125.root
#	modified:   ../../../../combination/full_datacards/higgsCombine_paramFit_impacts_CMS_HWW_boosted_WJetsCR_mcstat_bin7.MultiDimFit.mH125.root
#	deleted:    ../../../../combination/full_datacards/higgsCombine_paramFit_impacts_CMS_HWW_boosted_WJetsCR_mcstat_bin8.MultiDimFit.mH125.root
#	modified:   ../../../../combination/full_datacards/higgsCombine_paramFit_impacts_CMS_HWW_boosted_W_d1kappa_EW.MultiDimFit.mH125.root
#	modified:   ../../../../combination/full_datacards/higgsCombine_paramFit_impacts_CMS_HWW_boosted_W_d2kappa_EW.MultiDimFit.mH125.root
#	modified:   ../../../../combination/full_datacards/higgsCombine_paramFit_impacts_CMS_HWW_boosted_W_d3kappa_EW.MultiDimFit.mH125.root
#	modified:   ../../../../combination/full_datacards/higgsCombine_paramFit_impacts_CMS_HWW_boosted_Z_d2kappa_EW.MultiDimFit.mH125.root
#	modified:   ../../../../combination/full_datacards/higgsCombine_paramFit_impacts_CMS_HWW_boosted_Z_d3kappa_EW.MultiDimFit.mH125.root
#	modified:   ../../../../combination/full_datacards/higgsCombine_paramFit_impacts_CMS_HWW_boosted_btagSFbcCorrelated.MultiDimFit.mH125.root
#	modified:   ../../../../combination/full_datacards/higgsCombine_paramFit_impacts_CMS_HWW_boosted_btagSFbcCorrelated_2016.MultiDimFit.mH125.root
#	modified:   ../../../../combination/full_datacards/higgsCombine_paramFit_impacts_CMS_HWW_boosted_btagSFbcCorrelated_2016APV.MultiDimFit.mH125.root
#	modified:   ../../../../combination/full_datacards/higgsCombine_paramFit_impacts_CMS_HWW_boosted_btagSFbcCorrelated_2017.MultiDimFit.mH125.root
#	modified:   ../../../../combination/full_datacards/higgsCombine_paramFit_impacts_CMS_HWW_boosted_btagSFbcCorrelated_2018.MultiDimFit.mH125.root
#	modified:   ../../../../combination/full_datacards/higgsCombine_paramFit_impacts_CMS_HWW_boosted_btagSFbc_2016.MultiDimFit.mH125.root
#	modified:   ../../../../combination/full_datacards/higgsCombine_paramFit_impacts_CMS_HWW_boosted_btagSFbc_2016APV.MultiDimFit.mH125.root
#	modified:   ../../../../combination/full_datacards/higgsCombine_paramFit_impacts_CMS_HWW_boosted_btagSFbc_2017.MultiDimFit.mH125.root
#	modified:   ../../../../combination/full_datacards/higgsCombine_paramFit_impacts_CMS_HWW_boosted_btagSFbc_2018.MultiDimFit.mH125.root
#	modified:   ../../../../combination/full_datacards/higgsCombine_paramFit_impacts_CMS_HWW_boosted_btagSFlightCorrelated.MultiDimFit.mH125.root
#	modified:   ../../../../combination/full_datacards/higgsCombine_paramFit_impacts_CMS_HWW_boosted_btagSFlightCorrelated_2016.MultiDimFit.mH125.root
#	modified:   ../../../../combination/full_datacards/higgsCombine_paramFit_impacts_CMS_HWW_boosted_btagSFlightCorrelated_2016APV.MultiDimFit.mH125.root
#	modified:   ../../../../combination/full_datacards/higgsCombine_paramFit_impacts_CMS_HWW_boosted_btagSFlightCorrelated_2017.MultiDimFit.mH125.root
#	modified:   ../../../../combination/full_datacards/higgsCombine_paramFit_impacts_CMS_HWW_boosted_btagSFlightCorrelated_2018.MultiDimFit.mH125.root
#	modified:   ../../../../combination/full_datacards/higgsCombine_paramFit_impacts_CMS_HWW_boosted_btagSFlight_2016.MultiDimFit.mH125.root
#	modified:   ../../../../combination/full_datacards/higgsCombine_paramFit_impacts_CMS_HWW_boosted_btagSFlight_2016APV.MultiDimFit.mH125.root
#	modified:   ../../../../combination/full_datacards/higgsCombine_paramFit_impacts_CMS_HWW_boosted_btagSFlight_2017.MultiDimFit.mH125.root
#	modified:   ../../../../combination/full_datacards/higgsCombine_paramFit_impacts_CMS_HWW_boosted_btagSFlight_2018.MultiDimFit.mH125.root
#	modified:   ../../../../combination/full_datacards/higgsCombine_paramFit_impacts_CMS_HWW_boosted_d1K_NLO.MultiDimFit.mH125.root
#	modified:   ../../../../combination/full_datacards/higgsCombine_paramFit_impacts_CMS_HWW_boosted_d2K_NLO.MultiDimFit.mH125.root
#	modified:   ../../../../combination/full_datacards/higgsCombine_paramFit_impacts_CMS_HWW_boosted_d3K_NLO.MultiDimFit.mH125.root
#	modified:   ../../../../combination/full_datacards/higgsCombine_paramFit_impacts_CMS_HWW_boosted_ele_identification.MultiDimFit.mH125.root
#	modified:   ../../../../combination/full_datacards/higgsCombine_paramFit_impacts_CMS_HWW_boosted_ele_identification_2016.MultiDimFit.mH125.root
#	modified:   ../../../../combination/full_datacards/higgsCombine_paramFit_impacts_CMS_HWW_boosted_ele_identification_2016APV.MultiDimFit.mH125.root
#	modified:   ../../../../combination/full_datacards/higgsCombine_paramFit_impacts_CMS_HWW_boosted_ele_identification_2017.MultiDimFit.mH125.root
#	modified:   ../../../../combination/full_datacards/higgsCombine_paramFit_impacts_CMS_HWW_boosted_ele_identification_2018.MultiDimFit.mH125.root
#	modified:   ../../../../combination/full_datacards/higgsCombine_paramFit_impacts_CMS_HWW_boosted_ele_reconstruction.MultiDimFit.mH125.root
#	modified:   ../../../../combination/full_datacards/higgsCombine_paramFit_impacts_CMS_HWW_boosted_ele_reconstruction_2016.MultiDimFit.mH125.root
#	modified:   ../../../../combination/full_datacards/higgsCombine_paramFit_impacts_CMS_HWW_boosted_ele_reconstruction_2016APV.MultiDimFit.mH125.root
#	modified:   ../../../../combination/full_datacards/higgsCombine_paramFit_impacts_CMS_HWW_boosted_ele_reconstruction_2017.MultiDimFit.mH125.root
#	modified:   ../../../../combination/full_datacards/higgsCombine_paramFit_impacts_CMS_HWW_boosted_ele_reconstruction_2018.MultiDimFit.mH125.root
#	modified:   ../../../../combination/full_datacards/higgsCombine_paramFit_impacts_CMS_HWW_boosted_ele_trigger_stat_unc_2016.MultiDimFit.mH125.root
#	modified:   ../../../../combination/full_datacards/higgsCombine_paramFit_impacts_CMS_HWW_boosted_ele_trigger_stat_unc_2016APV.MultiDimFit.mH125.root
#	modified:   ../../../../combination/full_datacards/higgsCombine_paramFit_impacts_CMS_HWW_boosted_ele_trigger_stat_unc_2017.MultiDimFit.mH125.root
#	modified:   ../../../../combination/full_datacards/higgsCombine_paramFit_impacts_CMS_HWW_boosted_ele_trigger_stat_unc_2018.MultiDimFit.mH125.root
#	modified:   ../../../../combination/full_datacards/higgsCombine_paramFit_impacts_CMS_HWW_boosted_ele_trigger_syst_unc.MultiDimFit.mH125.root
#	modified:   ../../../../combination/full_datacards/higgsCombine_paramFit_impacts_CMS_HWW_boosted_electron_veto.MultiDimFit.mH125.root
#	modified:   ../../../../combination/full_datacards/higgsCombine_paramFit_impacts_CMS_HWW_boosted_ggFpt250to350_mcstat_bin0.MultiDimFit.mH125.root
#	modified:   ../../../../combination/full_datacards/higgsCombine_paramFit_impacts_CMS_HWW_boosted_ggFpt250to350_mcstat_bin1.MultiDimFit.mH125.root
#	modified:   ../../../../combination/full_datacards/higgsCombine_paramFit_impacts_CMS_HWW_boosted_ggFpt250to350_mcstat_bin2.MultiDimFit.mH125.root
#	modified:   ../../../../combination/full_datacards/higgsCombine_paramFit_impacts_CMS_HWW_boosted_ggFpt250to350_mcstat_bin3.MultiDimFit.mH125.root
#	modified:   ../../../../combination/full_datacards/higgsCombine_paramFit_impacts_CMS_HWW_boosted_ggFpt250to350_mcstat_bin4.MultiDimFit.mH125.root
#	modified:   ../../../../combination/full_datacards/higgsCombine_paramFit_impacts_CMS_HWW_boosted_ggFpt250to350_mcstat_bin5.MultiDimFit.mH125.root
#	modified:   ../../../../combination/full_datacards/higgsCombine_paramFit_impacts_CMS_HWW_boosted_ggFpt250to350_mcstat_bin6.MultiDimFit.mH125.root
#	modified:   ../../../../combination/full_datacards/higgsCombine_paramFit_impacts_CMS_HWW_boosted_ggFpt250to350_mcstat_bin7.MultiDimFit.mH125.root
#	deleted:    ../../../../combination/full_datacards/higgsCombine_paramFit_impacts_CMS_HWW_boosted_ggFpt250to350_mcstat_bin8.MultiDimFit.mH125.root
#	modified:   ../../../../combination/full_datacards/higgsCombine_paramFit_impacts_CMS_HWW_boosted_ggFpt350to500_mcstat_bin0.MultiDimFit.mH125.root
#	modified:   ../../../../combination/full_datacards/higgsCombine_paramFit_impacts_CMS_HWW_boosted_ggFpt350to500_mcstat_bin1.MultiDimFit.mH125.root
#	modified:   ../../../../combination/full_datacards/higgsCombine_paramFit_impacts_CMS_HWW_boosted_ggFpt350to500_mcstat_bin2.MultiDimFit.mH125.root
#	modified:   ../../../../combination/full_datacards/higgsCombine_paramFit_impacts_CMS_HWW_boosted_ggFpt350to500_mcstat_bin3.MultiDimFit.mH125.root
#	modified:   ../../../../combination/full_datacards/higgsCombine_paramFit_impacts_CMS_HWW_boosted_ggFpt350to500_mcstat_bin4.MultiDimFit.mH125.root
#	modified:   ../../../../combination/full_datacards/higgsCombine_paramFit_impacts_CMS_HWW_boosted_ggFpt350to500_mcstat_bin5.MultiDimFit.mH125.root
#	modified:   ../../../../combination/full_datacards/higgsCombine_paramFit_impacts_CMS_HWW_boosted_ggFpt350to500_mcstat_bin6.MultiDimFit.mH125.root
#	modified:   ../../../../combination/full_datacards/higgsCombine_paramFit_impacts_CMS_HWW_boosted_ggFpt350to500_mcstat_bin7.MultiDimFit.mH125.root
#	deleted:    ../../../../combination/full_datacards/higgsCombine_paramFit_impacts_CMS_HWW_boosted_ggFpt350to500_mcstat_bin8.MultiDimFit.mH125.root
#	modified:   ../../../../combination/full_datacards/higgsCombine_paramFit_impacts_CMS_HWW_boosted_ggFpt500toInf_mcstat_bin0.MultiDimFit.mH125.root
#	modified:   ../../../../combination/full_datacards/higgsCombine_paramFit_impacts_CMS_HWW_boosted_ggFpt500toInf_mcstat_bin1.MultiDimFit.mH125.root
#	modified:   ../../../../combination/full_datacards/higgsCombine_paramFit_impacts_CMS_HWW_boosted_ggFpt500toInf_mcstat_bin2.MultiDimFit.mH125.root
#	modified:   ../../../../combination/full_datacards/higgsCombine_paramFit_impacts_CMS_HWW_boosted_ggFpt500toInf_mcstat_bin3.MultiDimFit.mH125.root
#	modified:   ../../../../combination/full_datacards/higgsCombine_paramFit_impacts_CMS_HWW_boosted_ggFpt500toInf_mcstat_bin4.MultiDimFit.mH125.root
#	modified:   ../../../../combination/full_datacards/higgsCombine_paramFit_impacts_CMS_HWW_boosted_ggFpt500toInf_mcstat_bin5.MultiDimFit.mH125.root
#	modified:   ../../../../combination/full_datacards/higgsCombine_paramFit_impacts_CMS_HWW_boosted_ggFpt500toInf_mcstat_bin6.MultiDimFit.mH125.root
#	modified:   ../../../../combination/full_datacards/higgsCombine_paramFit_impacts_CMS_HWW_boosted_ggFpt500toInf_mcstat_bin7.MultiDimFit.mH125.root
#	deleted:    ../../../../combination/full_datacards/higgsCombine_paramFit_impacts_CMS_HWW_boosted_ggFpt500toInf_mcstat_bin8.MultiDimFit.mH125.root
#	modified:   ../../../../combination/full_datacards/higgsCombine_paramFit_impacts_CMS_HWW_boosted_jmr_2016.MultiDimFit.mH125.root
#	modified:   ../../../../combination/full_datacards/higgsCombine_paramFit_impacts_CMS_HWW_boosted_jmr_2016APV.MultiDimFit.mH125.root
#	modified:   ../../../../combination/full_datacards/higgsCombine_paramFit_impacts_CMS_HWW_boosted_jmr_2017.MultiDimFit.mH125.root
#	modified:   ../../../../combination/full_datacards/higgsCombine_paramFit_impacts_CMS_HWW_boosted_jmr_2018.MultiDimFit.mH125.root
#	modified:   ../../../../combination/full_datacards/higgsCombine_paramFit_impacts_CMS_HWW_boosted_jms_2016.MultiDimFit.mH125.root
#	modified:   ../../../../combination/full_datacards/higgsCombine_paramFit_impacts_CMS_HWW_boosted_jms_2016APV.MultiDimFit.mH125.root
#	modified:   ../../../../combination/full_datacards/higgsCombine_paramFit_impacts_CMS_HWW_boosted_jms_2017.MultiDimFit.mH125.root
#	modified:   ../../../../combination/full_datacards/higgsCombine_paramFit_impacts_CMS_HWW_boosted_jms_2018.MultiDimFit.mH125.root
#	modified:   ../../../../combination/full_datacards/higgsCombine_paramFit_impacts_CMS_HWW_boosted_lp_sf_region_a.MultiDimFit.mH125.root
#	modified:   ../../../../combination/full_datacards/higgsCombine_paramFit_impacts_CMS_HWW_boosted_lp_sf_region_b.MultiDimFit.mH125.root
#	modified:   ../../../../combination/full_datacards/higgsCombine_paramFit_impacts_CMS_HWW_boosted_miniisolation_SF_unc.MultiDimFit.mH125.root
#	modified:   ../../../../combination/full_datacards/higgsCombine_paramFit_impacts_CMS_HWW_boosted_mu_identification_stat_2016.MultiDimFit.mH125.root
#	modified:   ../../../../combination/full_datacards/higgsCombine_paramFit_impacts_CMS_HWW_boosted_mu_identification_stat_2016APV.MultiDimFit.mH125.root
#	modified:   ../../../../combination/full_datacards/higgsCombine_paramFit_impacts_CMS_HWW_boosted_mu_identification_stat_2017.MultiDimFit.mH125.root
#	modified:   ../../../../combination/full_datacards/higgsCombine_paramFit_impacts_CMS_HWW_boosted_mu_identification_stat_2018.MultiDimFit.mH125.root
#	modified:   ../../../../combination/full_datacards/higgsCombine_paramFit_impacts_CMS_HWW_boosted_mu_identification_syst.MultiDimFit.mH125.root
#	modified:   ../../../../combination/full_datacards/higgsCombine_paramFit_impacts_CMS_HWW_boosted_mu_isolation.MultiDimFit.mH125.root
#	modified:   ../../../../combination/full_datacards/higgsCombine_paramFit_impacts_CMS_HWW_boosted_mu_trigger.MultiDimFit.mH125.root
#	modified:   ../../../../combination/full_datacards/higgsCombine_paramFit_impacts_CMS_HWW_boosted_mu_trigger_iso.MultiDimFit.mH125.root
#	modified:   ../../../../combination/full_datacards/higgsCombine_paramFit_impacts_CMS_HWW_boosted_rest_bkg_rate.MultiDimFit.mH125.root
#	modified:   ../../../../combination/full_datacards/higgsCombine_paramFit_impacts_CMS_HWW_boosted_single_top_rate.MultiDimFit.mH125.root
#	modified:   ../../../../combination/full_datacards/higgsCombine_paramFit_impacts_CMS_HWW_boosted_tagger.MultiDimFit.mH125.root
#	modified:   ../../../../combination/full_datacards/higgsCombine_paramFit_impacts_CMS_HWW_boosted_taggereff.MultiDimFit.mH125.root
#	modified:   ../../../../combination/full_datacards/higgsCombine_paramFit_impacts_CMS_HWW_boosted_tf_dataResidual_CR1_Bin0.MultiDimFit.mH125.root
#	modified:   ../../../../combination/full_datacards/higgsCombine_paramFit_impacts_CMS_HWW_boosted_tf_dataResidual_CR1_Bin1.MultiDimFit.mH125.root
#	modified:   ../../../../combination/full_datacards/higgsCombine_paramFit_impacts_CMS_HWW_boosted_tf_dataResidual_CR1_Bin10.MultiDimFit.mH125.root
#	modified:   ../../../../combination/full_datacards/higgsCombine_paramFit_impacts_CMS_HWW_boosted_tf_dataResidual_CR1_Bin11.MultiDimFit.mH125.root
#	modified:   ../../../../combination/full_datacards/higgsCombine_paramFit_impacts_CMS_HWW_boosted_tf_dataResidual_CR1_Bin12.MultiDimFit.mH125.root
#	modified:   ../../../../combination/full_datacards/higgsCombine_paramFit_impacts_CMS_HWW_boosted_tf_dataResidual_CR1_Bin13.MultiDimFit.mH125.root
#	modified:   ../../../../combination/full_datacards/higgsCombine_paramFit_impacts_CMS_HWW_boosted_tf_dataResidual_CR1_Bin14.MultiDimFit.mH125.root
#	modified:   ../../../../combination/full_datacards/higgsCombine_paramFit_impacts_CMS_HWW_boosted_tf_dataResidual_CR1_Bin15.MultiDimFit.mH125.root
#	modified:   ../../../../combination/full_datacards/higgsCombine_paramFit_impacts_CMS_HWW_boosted_tf_dataResidual_CR1_Bin16.MultiDimFit.mH125.root
#	modified:   ../../../../combination/full_datacards/higgsCombine_paramFit_impacts_CMS_HWW_boosted_tf_dataResidual_CR1_Bin17.MultiDimFit.mH125.root
#	modified:   ../../../../combination/full_datacards/higgsCombine_paramFit_impacts_CMS_HWW_boosted_tf_dataResidual_CR1_Bin18.MultiDimFit.mH125.root
#	modified:   ../../../../combination/full_datacards/higgsCombine_paramFit_impacts_CMS_HWW_boosted_tf_dataResidual_CR1_Bin19.MultiDimFit.mH125.root
#	modified:   ../../../../combination/full_datacards/higgsCombine_paramFit_impacts_CMS_HWW_boosted_tf_dataResidual_CR1_Bin2.MultiDimFit.mH125.root
#	modified:   ../../../../combination/full_datacards/higgsCombine_paramFit_impacts_CMS_HWW_boosted_tf_dataResidual_CR1_Bin3.MultiDimFit.mH125.root
#	modified:   ../../../../combination/full_datacards/higgsCombine_paramFit_impacts_CMS_HWW_boosted_tf_dataResidual_CR1_Bin4.MultiDimFit.mH125.root
#	modified:   ../../../../combination/full_datacards/higgsCombine_paramFit_impacts_CMS_HWW_boosted_tf_dataResidual_CR1_Bin5.MultiDimFit.mH125.root
#	modified:   ../../../../combination/full_datacards/higgsCombine_paramFit_impacts_CMS_HWW_boosted_tf_dataResidual_CR1_Bin6.MultiDimFit.mH125.root
#	modified:   ../../../../combination/full_datacards/higgsCombine_paramFit_impacts_CMS_HWW_boosted_tf_dataResidual_CR1_Bin7.MultiDimFit.mH125.root
#	modified:   ../../../../combination/full_datacards/higgsCombine_paramFit_impacts_CMS_HWW_boosted_tf_dataResidual_CR1_Bin8.MultiDimFit.mH125.root
#	modified:   ../../../../combination/full_datacards/higgsCombine_paramFit_impacts_CMS_HWW_boosted_tf_dataResidual_CR1_Bin9.MultiDimFit.mH125.root
#	modified:   ../../../../combination/full_datacards/higgsCombine_paramFit_impacts_CMS_HWW_boosted_tf_dataResidual_CR2_Bin0.MultiDimFit.mH125.root
#	modified:   ../../../../combination/full_datacards/higgsCombine_paramFit_impacts_CMS_HWW_boosted_tf_dataResidual_CR2_Bin1.MultiDimFit.mH125.root
#	modified:   ../../../../combination/full_datacards/higgsCombine_paramFit_impacts_CMS_HWW_boosted_tf_dataResidual_CR2_Bin10.MultiDimFit.mH125.root
#	modified:   ../../../../combination/full_datacards/higgsCombine_paramFit_impacts_CMS_HWW_boosted_tf_dataResidual_CR2_Bin11.MultiDimFit.mH125.root
#	modified:   ../../../../combination/full_datacards/higgsCombine_paramFit_impacts_CMS_HWW_boosted_tf_dataResidual_CR2_Bin12.MultiDimFit.mH125.root
#	modified:   ../../../../combination/full_datacards/higgsCombine_paramFit_impacts_CMS_HWW_boosted_tf_dataResidual_CR2_Bin13.MultiDimFit.mH125.root
#	modified:   ../../../../combination/full_datacards/higgsCombine_paramFit_impacts_CMS_HWW_boosted_tf_dataResidual_CR2_Bin14.MultiDimFit.mH125.root
#	modified:   ../../../../combination/full_datacards/higgsCombine_paramFit_impacts_CMS_HWW_boosted_tf_dataResidual_CR2_Bin15.MultiDimFit.mH125.root
#	modified:   ../../../../combination/full_datacards/higgsCombine_paramFit_impacts_CMS_HWW_boosted_tf_dataResidual_CR2_Bin16.MultiDimFit.mH125.root
#	modified:   ../../../../combination/full_datacards/higgsCombine_paramFit_impacts_CMS_HWW_boosted_tf_dataResidual_CR2_Bin17.MultiDimFit.mH125.root
#	modified:   ../../../../combination/full_datacards/higgsCombine_paramFit_impacts_CMS_HWW_boosted_tf_dataResidual_CR2_Bin18.MultiDimFit.mH125.root
#	modified:   ../../../../combination/full_datacards/higgsCombine_paramFit_impacts_CMS_HWW_boosted_tf_dataResidual_CR2_Bin19.MultiDimFit.mH125.root
#	modified:   ../../../../combination/full_datacards/higgsCombine_paramFit_impacts_CMS_HWW_boosted_tf_dataResidual_CR2_Bin2.MultiDimFit.mH125.root
#	modified:   ../../../../combination/full_datacards/higgsCombine_paramFit_impacts_CMS_HWW_boosted_tf_dataResidual_CR2_Bin3.MultiDimFit.mH125.root
#	modified:   ../../../../combination/full_datacards/higgsCombine_paramFit_impacts_CMS_HWW_boosted_tf_dataResidual_CR2_Bin4.MultiDimFit.mH125.root
#	modified:   ../../../../combination/full_datacards/higgsCombine_paramFit_impacts_CMS_HWW_boosted_tf_dataResidual_CR2_Bin5.MultiDimFit.mH125.root
#	modified:   ../../../../combination/full_datacards/higgsCombine_paramFit_impacts_CMS_HWW_boosted_tf_dataResidual_CR2_Bin6.MultiDimFit.mH125.root
#	modified:   ../../../../combination/full_datacards/higgsCombine_paramFit_impacts_CMS_HWW_boosted_tf_dataResidual_CR2_Bin7.MultiDimFit.mH125.root
#	modified:   ../../../../combination/full_datacards/higgsCombine_paramFit_impacts_CMS_HWW_boosted_tf_dataResidual_CR2_Bin8.MultiDimFit.mH125.root
#	modified:   ../../../../combination/full_datacards/higgsCombine_paramFit_impacts_CMS_HWW_boosted_tf_dataResidual_CR2_Bin9.MultiDimFit.mH125.root
#	modified:   ../../../../combination/full_datacards/higgsCombine_paramFit_impacts_CMS_HWW_boosted_tf_dataResidual_a_MH_Reco_par0.MultiDimFit.mH125.root
#	modified:   ../../../../combination/full_datacards/higgsCombine_paramFit_impacts_CMS_HWW_boosted_tf_dataResidual_a_MH_Reco_par1.MultiDimFit.mH125.root
#	modified:   ../../../../combination/full_datacards/higgsCombine_paramFit_impacts_CMS_HWW_boosted_tf_dataResidual_a_MH_Reco_par2.MultiDimFit.mH125.root
#	modified:   ../../../../combination/full_datacards/higgsCombine_paramFit_impacts_CMS_HWW_boosted_tf_dataResidual_a_MH_Reco_par3.MultiDimFit.mH125.root
#	modified:   ../../../../combination/full_datacards/higgsCombine_paramFit_impacts_CMS_HWW_boosted_tf_dataResidual_b_MH_Reco_par0.MultiDimFit.mH125.root
#	modified:   ../../../../combination/full_datacards/higgsCombine_paramFit_impacts_CMS_HWW_boosted_tf_dataResidual_b_MH_Reco_par1.MultiDimFit.mH125.root
#	modified:   ../../../../combination/full_datacards/higgsCombine_paramFit_impacts_CMS_HWW_boosted_tf_dataResidual_b_MH_Reco_par2.MultiDimFit.mH125.root
#	modified:   ../../../../combination/full_datacards/higgsCombine_paramFit_impacts_CMS_HWW_boosted_tf_dataResidual_b_MH_Reco_par3.MultiDimFit.mH125.root
#	modified:   ../../../../combination/full_datacards/higgsCombine_paramFit_impacts_CMS_HWW_boosted_tf_dataResidual_b_MH_Reco_par4.MultiDimFit.mH125.root
#	modified:   ../../../../combination/full_datacards/higgsCombine_paramFit_impacts_CMS_HWW_boosted_tf_dataResidual_b_MH_Reco_par5.MultiDimFit.mH125.root
#	modified:   ../../../../combination/full_datacards/higgsCombine_paramFit_impacts_CMS_HWW_boosted_tf_dataResidual_b_MH_Reco_par6.MultiDimFit.mH125.root
#	modified:   ../../../../combination/full_datacards/higgsCombine_paramFit_impacts_CMS_HWW_boosted_top_reweighting.MultiDimFit.mH125.root
#	modified:   ../../../../combination/full_datacards/higgsCombine_paramFit_impacts_CMS_HWW_boosted_triggerEffSF_uncorrelated.MultiDimFit.mH125.root
#	modified:   ../../../../combination/full_datacards/higgsCombine_paramFit_impacts_CMS_HWW_boosted_ttbar_rate.MultiDimFit.mH125.root
#	modified:   ../../../../combination/full_datacards/higgsCombine_paramFit_impacts_CMS_HWW_boosted_veff_2016.MultiDimFit.mH125.root
#	modified:   ../../../../combination/full_datacards/higgsCombine_paramFit_impacts_CMS_HWW_boosted_veff_2016APV.MultiDimFit.mH125.root
#	modified:   ../../../../combination/full_datacards/higgsCombine_paramFit_impacts_CMS_HWW_boosted_veff_2017.MultiDimFit.mH125.root
#	modified:   ../../../../combination/full_datacards/higgsCombine_paramFit_impacts_CMS_HWW_boosted_veff_2018.MultiDimFit.mH125.root
#	modified:   ../../../../combination/full_datacards/higgsCombine_paramFit_impacts_CMS_HWW_boosted_wjets_rate.MultiDimFit.mH125.root
#	modified:   ../../../../combination/full_datacards/higgsCombine_paramFit_impacts_CMS_l1_ecal_prefiring_2016.MultiDimFit.mH125.root
#	modified:   ../../../../combination/full_datacards/higgsCombine_paramFit_impacts_CMS_l1_ecal_prefiring_2016APV.MultiDimFit.mH125.root
#	modified:   ../../../../combination/full_datacards/higgsCombine_paramFit_impacts_CMS_l1_ecal_prefiring_2017.MultiDimFit.mH125.root
#	modified:   ../../../../combination/full_datacards/higgsCombine_paramFit_impacts_CMS_lumi_13TeV_1718.MultiDimFit.mH125.root
#	modified:   ../../../../combination/full_datacards/higgsCombine_paramFit_impacts_CMS_lumi_13TeV_2016.MultiDimFit.mH125.root
#	modified:   ../../../../combination/full_datacards/higgsCombine_paramFit_impacts_CMS_lumi_13TeV_2016APV.MultiDimFit.mH125.root
#	modified:   ../../../../combination/full_datacards/higgsCombine_paramFit_impacts_CMS_lumi_13TeV_2017.MultiDimFit.mH125.root
#	modified:   ../../../../combination/full_datacards/higgsCombine_paramFit_impacts_CMS_lumi_13TeV_2018.MultiDimFit.mH125.root
#	modified:   ../../../../combination/full_datacards/higgsCombine_paramFit_impacts_CMS_lumi_13TeV_correlated.MultiDimFit.mH125.root
#	modified:   ../../../../combination/full_datacards/higgsCombine_paramFit_impacts_CMS_pileup_2016.MultiDimFit.mH125.root
#	modified:   ../../../../combination/full_datacards/higgsCombine_paramFit_impacts_CMS_pileup_2016APV.MultiDimFit.mH125.root
#	modified:   ../../../../combination/full_datacards/higgsCombine_paramFit_impacts_CMS_pileup_2017.MultiDimFit.mH125.root
#	modified:   ../../../../combination/full_datacards/higgsCombine_paramFit_impacts_CMS_pileup_2018.MultiDimFit.mH125.root
#	modified:   ../../../../combination/full_datacards/higgsCombine_paramFit_impacts_CMS_pileup_id.MultiDimFit.mH125.root
#	modified:   ../../../../combination/full_datacards/higgsCombine_paramFit_impacts_CMS_res_j_2016.MultiDimFit.mH125.root
#	modified:   ../../../../combination/full_datacards/higgsCombine_paramFit_impacts_CMS_res_j_2016APV.MultiDimFit.mH125.root
#	modified:   ../../../../combination/full_datacards/higgsCombine_paramFit_impacts_CMS_res_j_2017.MultiDimFit.mH125.root
#	modified:   ../../../../combination/full_datacards/higgsCombine_paramFit_impacts_CMS_res_j_2018.MultiDimFit.mH125.root
#	modified:   ../../../../combination/full_datacards/higgsCombine_paramFit_impacts_CMS_scale_j_Abs.MultiDimFit.mH125.root
#	modified:   ../../../../combination/full_datacards/higgsCombine_paramFit_impacts_CMS_scale_j_Abs_2016.MultiDimFit.mH125.root
#	modified:   ../../../../combination/full_datacards/higgsCombine_paramFit_impacts_CMS_scale_j_Abs_2016APV.MultiDimFit.mH125.root
#	modified:   ../../../../combination/full_datacards/higgsCombine_paramFit_impacts_CMS_scale_j_Abs_2017.MultiDimFit.mH125.root
#	modified:   ../../../../combination/full_datacards/higgsCombine_paramFit_impacts_CMS_scale_j_Abs_2018.MultiDimFit.mH125.root
#	modified:   ../../../../combination/full_datacards/higgsCombine_paramFit_impacts_CMS_scale_j_BBEC1.MultiDimFit.mH125.root
#	modified:   ../../../../combination/full_datacards/higgsCombine_paramFit_impacts_CMS_scale_j_BBEC1_2016.MultiDimFit.mH125.root
#	modified:   ../../../../combination/full_datacards/higgsCombine_paramFit_impacts_CMS_scale_j_BBEC1_2016APV.MultiDimFit.mH125.root
#	modified:   ../../../../combination/full_datacards/higgsCombine_paramFit_impacts_CMS_scale_j_BBEC1_2017.MultiDimFit.mH125.root
#	modified:   ../../../../combination/full_datacards/higgsCombine_paramFit_impacts_CMS_scale_j_BBEC1_2018.MultiDimFit.mH125.root
#	modified:   ../../../../combination/full_datacards/higgsCombine_paramFit_impacts_CMS_scale_j_EC2.MultiDimFit.mH125.root
#	modified:   ../../../../combination/full_datacards/higgsCombine_paramFit_impacts_CMS_scale_j_EC2_2016.MultiDimFit.mH125.root
#	modified:   ../../../../combination/full_datacards/higgsCombine_paramFit_impacts_CMS_scale_j_EC2_2016APV.MultiDimFit.mH125.root
#	modified:   ../../../../combination/full_datacards/higgsCombine_paramFit_impacts_CMS_scale_j_EC2_2017.MultiDimFit.mH125.root
#	modified:   ../../../../combination/full_datacards/higgsCombine_paramFit_impacts_CMS_scale_j_EC2_2018.MultiDimFit.mH125.root
#	modified:   ../../../../combination/full_datacards/higgsCombine_paramFit_impacts_CMS_scale_j_FlavQCD.MultiDimFit.mH125.root
#	modified:   ../../../../combination/full_datacards/higgsCombine_paramFit_impacts_CMS_scale_j_HF.MultiDimFit.mH125.root
#	modified:   ../../../../combination/full_datacards/higgsCombine_paramFit_impacts_CMS_scale_j_HF_2016.MultiDimFit.mH125.root
#	modified:   ../../../../combination/full_datacards/higgsCombine_paramFit_impacts_CMS_scale_j_HF_2016APV.MultiDimFit.mH125.root
#	modified:   ../../../../combination/full_datacards/higgsCombine_paramFit_impacts_CMS_scale_j_HF_2017.MultiDimFit.mH125.root
#	modified:   ../../../../combination/full_datacards/higgsCombine_paramFit_impacts_CMS_scale_j_HF_2018.MultiDimFit.mH125.root
#	modified:   ../../../../combination/full_datacards/higgsCombine_paramFit_impacts_CMS_scale_j_RelBal.MultiDimFit.mH125.root
#	modified:   ../../../../combination/full_datacards/higgsCombine_paramFit_impacts_CMS_scale_j_RelSample_2016.MultiDimFit.mH125.root
#	modified:   ../../../../combination/full_datacards/higgsCombine_paramFit_impacts_CMS_scale_j_RelSample_2016APV.MultiDimFit.mH125.root
#	modified:   ../../../../combination/full_datacards/higgsCombine_paramFit_impacts_CMS_scale_j_RelSample_2017.MultiDimFit.mH125.root
#	modified:   ../../../../combination/full_datacards/higgsCombine_paramFit_impacts_CMS_scale_j_RelSample_2018.MultiDimFit.mH125.root
#	modified:   ../../../../combination/full_datacards/higgsCombine_paramFit_impacts_PDF_WH_ACCEPT_CMS_HWW_boosted.MultiDimFit.mH125.root
#	modified:   ../../../../combination/full_datacards/higgsCombine_paramFit_impacts_PDF_ZH_ACCEPT_CMS_HWW_boosted.MultiDimFit.mH125.root
#	modified:   ../../../../combination/full_datacards/higgsCombine_paramFit_impacts_PDF_ggH_ACCEPT_CMS_HWW_boosted.MultiDimFit.mH125.root
#	modified:   ../../../../combination/full_datacards/higgsCombine_paramFit_impacts_PDF_qqH_ACCEPT_CMS_HWW_boosted.MultiDimFit.mH125.root
#	modified:   ../../../../combination/full_datacards/higgsCombine_paramFit_impacts_PDF_single_top_ACCEPT_CMS_HWW_boosted.MultiDimFit.mH125.root
#	modified:   ../../../../combination/full_datacards/higgsCombine_paramFit_impacts_PDF_singletop_ACCEPT_CMS_HWW_boosted.MultiDimFit.mH125.root
#	modified:   ../../../../combination/full_datacards/higgsCombine_paramFit_impacts_PDF_ttH_ACCEPT_CMS_HWW_boosted.MultiDimFit.mH125.root
#	modified:   ../../../../combination/full_datacards/higgsCombine_paramFit_impacts_PDF_ttbar_ACCEPT_CMS_HWW_boosted.MultiDimFit.mH125.root
#	modified:   ../../../../combination/full_datacards/higgsCombine_paramFit_impacts_PDF_wjets_ACCEPT_CMS_HWW_boosted.MultiDimFit.mH125.root
#	modified:   ../../../../combination/full_datacards/higgsCombine_paramFit_impacts_QCDscale_VBF.MultiDimFit.mH125.root
#	modified:   ../../../../combination/full_datacards/higgsCombine_paramFit_impacts_QCDscale_WH.MultiDimFit.mH125.root
#	modified:   ../../../../combination/full_datacards/higgsCombine_paramFit_impacts_QCDscale_WH_ACCEPT_CMS_HWW_boosted.MultiDimFit.mH125.root
#	modified:   ../../../../combination/full_datacards/higgsCombine_paramFit_impacts_QCDscale_ZH.MultiDimFit.mH125.root
#	modified:   ../../../../combination/full_datacards/higgsCombine_paramFit_impacts_QCDscale_ZH_ACCEPT_CMS_HWW_boosted.MultiDimFit.mH125.root
#	modified:   ../../../../combination/full_datacards/higgsCombine_paramFit_impacts_QCDscale_ggF.MultiDimFit.mH125.root
#	modified:   ../../../../combination/full_datacards/higgsCombine_paramFit_impacts_QCDscale_ggH.MultiDimFit.mH125.root
#	modified:   ../../../../combination/full_datacards/higgsCombine_paramFit_impacts_QCDscale_ggH_ACCEPT_CMS_HWW_boosted.MultiDimFit.mH125.root
#	modified:   ../../../../combination/full_datacards/higgsCombine_paramFit_impacts_QCDscale_qqH.MultiDimFit.mH125.root
#	modified:   ../../../../combination/full_datacards/higgsCombine_paramFit_impacts_QCDscale_qqH_ACCEPT_CMS_HWW_boosted.MultiDimFit.mH125.root
#	modified:   ../../../../combination/full_datacards/higgsCombine_paramFit_impacts_QCDscale_rest_bkg.MultiDimFit.mH125.root
#	modified:   ../../../../combination/full_datacards/higgsCombine_paramFit_impacts_QCDscale_single_top.MultiDimFit.mH125.root
#	modified:   ../../../../combination/full_datacards/higgsCombine_paramFit_impacts_QCDscale_single_top_ACCEPT_CMS_HWW_boosted.MultiDimFit.mH125.root
#	modified:   ../../../../combination/full_datacards/higgsCombine_paramFit_impacts_QCDscale_singletop_ACCEPT_CMS_HWW_boosted.MultiDimFit.mH125.root
#	modified:   ../../../../combination/full_datacards/higgsCombine_paramFit_impacts_QCDscale_ttH.MultiDimFit.mH125.root
#	modified:   ../../../../combination/full_datacards/higgsCombine_paramFit_impacts_QCDscale_ttH_ACCEPT_CMS_HWW_boosted.MultiDimFit.mH125.root
#	modified:   ../../../../combination/full_datacards/higgsCombine_paramFit_impacts_QCDscale_ttbar.MultiDimFit.mH125.root
#	modified:   ../../../../combination/full_datacards/higgsCombine_paramFit_impacts_QCDscale_ttbar_ACCEPT_CMS_HWW_boosted.MultiDimFit.mH125.root
#	modified:   ../../../../combination/full_datacards/higgsCombine_paramFit_impacts_QCDscale_wjets.MultiDimFit.mH125.root
#	modified:   ../../../../combination/full_datacards/higgsCombine_paramFit_impacts_QCDscale_wjets_ACCEPT_CMS_HWW_boosted.MultiDimFit.mH125.root
#	modified:   ../../../../combination/full_datacards/higgsCombine_paramFit_impacts_alpha_s.MultiDimFit.mH125.root
#	modified:   ../../../../combination/full_datacards/higgsCombine_paramFit_impacts_lumi_13TeV_1718.MultiDimFit.mH125.root
#	modified:   ../../../../combination/full_datacards/higgsCombine_paramFit_impacts_lumi_13TeV_2016.MultiDimFit.mH125.root
#	modified:   ../../../../combination/full_datacards/higgsCombine_paramFit_impacts_lumi_13TeV_2017.MultiDimFit.mH125.root
#	modified:   ../../../../combination/full_datacards/higgsCombine_paramFit_impacts_lumi_13TeV_2018.MultiDimFit.mH125.root
#	modified:   ../../../../combination/full_datacards/higgsCombine_paramFit_impacts_lumi_13TeV_correlated.MultiDimFit.mH125.root
#	modified:   ../../../../combination/full_datacards/higgsCombine_paramFit_impacts_pdf_Higgs_WH.MultiDimFit.mH125.root
#	modified:   ../../../../combination/full_datacards/higgsCombine_paramFit_impacts_pdf_Higgs_ZH.MultiDimFit.mH125.root
#	modified:   ../../../../combination/full_datacards/higgsCombine_paramFit_impacts_pdf_Higgs_ggH.MultiDimFit.mH125.root
#	modified:   ../../../../combination/full_datacards/higgsCombine_paramFit_impacts_pdf_Higgs_qqH.MultiDimFit.mH125.root
#	modified:   ../../../../combination/full_datacards/higgsCombine_paramFit_impacts_pdf_Higgs_ttH.MultiDimFit.mH125.root
#	modified:   ../../../../combination/full_datacards/higgsCombine_paramFit_impacts_pdf_rest_bkg.MultiDimFit.mH125.root
#	modified:   ../../../../combination/full_datacards/higgsCombine_paramFit_impacts_pdf_single_top.MultiDimFit.mH125.root
#	modified:   ../../../../combination/full_datacards/higgsCombine_paramFit_impacts_pdf_ttbar.MultiDimFit.mH125.root
#	modified:   ../../../../combination/full_datacards/higgsCombine_paramFit_impacts_pdf_wjets.MultiDimFit.mH125.root
#	modified:   ../../../../combination/full_datacards/higgsCombine_paramFit_impacts_ps_fsr_WH.MultiDimFit.mH125.root
#	modified:   ../../../../combination/full_datacards/higgsCombine_paramFit_impacts_ps_fsr_ZH.MultiDimFit.mH125.root
#	modified:   ../../../../combination/full_datacards/higgsCombine_paramFit_impacts_ps_fsr_ggH.MultiDimFit.mH125.root
#	modified:   ../../../../combination/full_datacards/higgsCombine_paramFit_impacts_ps_fsr_qqH.MultiDimFit.mH125.root
#	modified:   ../../../../combination/full_datacards/higgsCombine_paramFit_impacts_ps_fsr_rest_bkg.MultiDimFit.mH125.root
#	modified:   ../../../../combination/full_datacards/higgsCombine_paramFit_impacts_ps_fsr_single_top.MultiDimFit.mH125.root
#	modified:   ../../../../combination/full_datacards/higgsCombine_paramFit_impacts_ps_fsr_singletop.MultiDimFit.mH125.root
#	modified:   ../../../../combination/full_datacards/higgsCombine_paramFit_impacts_ps_fsr_ttH.MultiDimFit.mH125.root
#	modified:   ../../../../combination/full_datacards/higgsCombine_paramFit_impacts_ps_fsr_ttbar.MultiDimFit.mH125.root
#	modified:   ../../../../combination/full_datacards/higgsCombine_paramFit_impacts_ps_fsr_wjets.MultiDimFit.mH125.root
#	modified:   ../../../../combination/full_datacards/higgsCombine_paramFit_impacts_ps_isr_WH.MultiDimFit.mH125.root
#	modified:   ../../../../combination/full_datacards/higgsCombine_paramFit_impacts_ps_isr_ZH.MultiDimFit.mH125.root
#	modified:   ../../../../combination/full_datacards/higgsCombine_paramFit_impacts_ps_isr_ggH.MultiDimFit.mH125.root
#	modified:   ../../../../combination/full_datacards/higgsCombine_paramFit_impacts_ps_isr_qqH.MultiDimFit.mH125.root
#	modified:   ../../../../combination/full_datacards/higgsCombine_paramFit_impacts_ps_isr_rest_bkg.MultiDimFit.mH125.root
#	modified:   ../../../../combination/full_datacards/higgsCombine_paramFit_impacts_ps_isr_single_top.MultiDimFit.mH125.root
#	modified:   ../../../../combination/full_datacards/higgsCombine_paramFit_impacts_ps_isr_singletop.MultiDimFit.mH125.root
#	modified:   ../../../../combination/full_datacards/higgsCombine_paramFit_impacts_ps_isr_ttH.MultiDimFit.mH125.root
#	modified:   ../../../../combination/full_datacards/higgsCombine_paramFit_impacts_ps_isr_ttbar.MultiDimFit.mH125.root
#	modified:   ../../../../combination/full_datacards/higgsCombine_paramFit_impacts_ps_isr_wjets.MultiDimFit.mH125.root
#	modified:   ../../../../combination/full_datacards/higgsCombine_paramFit_impacts_tqqeffSF_2016.MultiDimFit.mH125.root
#	modified:   ../../../../combination/full_datacards/higgsCombine_paramFit_impacts_tqqeffSF_2016APV.MultiDimFit.mH125.root
#	modified:   ../../../../combination/full_datacards/higgsCombine_paramFit_impacts_tqqeffSF_2017.MultiDimFit.mH125.root
#	modified:   ../../../../combination/full_datacards/higgsCombine_paramFit_impacts_tqqeffSF_2018.MultiDimFit.mH125.root
#	modified:   ../../../../combination/full_datacards/higgsCombine_paramFit_impacts_tqqnormSF_2016.MultiDimFit.mH125.root
#	modified:   ../../../../combination/full_datacards/higgsCombine_paramFit_impacts_tqqnormSF_2016APV.MultiDimFit.mH125.root
#	modified:   ../../../../combination/full_datacards/higgsCombine_paramFit_impacts_tqqnormSF_2017.MultiDimFit.mH125.root
#	modified:   ../../../../combination/full_datacards/higgsCombine_paramFit_impacts_tqqnormSF_2018.MultiDimFit.mH125.root
#	modified:   ../../../../combination/full_datacards/higgsCombine_paramFit_impacts_ttbarnormSF.MultiDimFit.mH125.root
#	modified:   ../../../../combination/full_datacards/higgsCombine_paramFit_impacts_unclustered_Energy.MultiDimFit.mH125.root
#	modified:   ../../../../combination/full_datacards/higgsCombine_paramFit_impacts_wjetsnormSF.MultiDimFit.mH125.root
#	modified:   ../../../../combination/full_datacards/impacts.json
#	modified:   ../../../../combination/full_datacards/impacts.pdf
#	deleted:    ../../../../combination/full_datacards/impacts_v1.pdf
#	modified:   ../../../../combination/full_datacards/model.pkl
#	modified:   ../../../../combination/full_datacards/outs/AsymptoticLimits.txt
#	deleted:    ../../../../combination/full_datacards/outs/BR_hww.log
#	deleted:    ../../../../combination/full_datacards/outs/CMS_HWW_FakeRate_EWK_SF_flavor_uncertainty.log
#	deleted:    ../../../../combination/full_datacards/outs/CMS_HWW_boosted_CR1_mcstat_bin0.log
#	deleted:    ../../../../combination/full_datacards/outs/CMS_HWW_boosted_CR1_mcstat_bin1.log
#	deleted:    ../../../../combination/full_datacards/outs/CMS_HWW_boosted_CR1_mcstat_bin10.log
#	deleted:    ../../../../combination/full_datacards/outs/CMS_HWW_boosted_CR1_mcstat_bin11.log
#	deleted:    ../../../../combination/full_datacards/outs/CMS_HWW_boosted_CR1_mcstat_bin12.log
#	deleted:    ../../../../combination/full_datacards/outs/CMS_HWW_boosted_CR1_mcstat_bin13.log
#	deleted:    ../../../../combination/full_datacards/outs/CMS_HWW_boosted_CR1_mcstat_bin14.log
#	deleted:    ../../../../combination/full_datacards/outs/CMS_HWW_boosted_CR1_mcstat_bin15.log
#	deleted:    ../../../../combination/full_datacards/outs/CMS_HWW_boosted_CR1_mcstat_bin16.log
#	deleted:    ../../../../combination/full_datacards/outs/CMS_HWW_boosted_CR1_mcstat_bin17.log
#	deleted:    ../../../../combination/full_datacards/outs/CMS_HWW_boosted_CR1_mcstat_bin18.log
#	deleted:    ../../../../combination/full_datacards/outs/CMS_HWW_boosted_CR1_mcstat_bin19.log
#	deleted:    ../../../../combination/full_datacards/outs/CMS_HWW_boosted_CR1_mcstat_bin2.log
#	deleted:    ../../../../combination/full_datacards/outs/CMS_HWW_boosted_CR1_mcstat_bin3.log
#	deleted:    ../../../../combination/full_datacards/outs/CMS_HWW_boosted_CR1_mcstat_bin4.log
#	deleted:    ../../../../combination/full_datacards/outs/CMS_HWW_boosted_CR1_mcstat_bin5.log
#	deleted:    ../../../../combination/full_datacards/outs/CMS_HWW_boosted_CR1_mcstat_bin6.log
#	deleted:    ../../../../combination/full_datacards/outs/CMS_HWW_boosted_CR1_mcstat_bin7.log
#	deleted:    ../../../../combination/full_datacards/outs/CMS_HWW_boosted_CR1_mcstat_bin8.log
#	deleted:    ../../../../combination/full_datacards/outs/CMS_HWW_boosted_CR1_mcstat_bin9.log
#	deleted:    ../../../../combination/full_datacards/outs/CMS_HWW_boosted_CR2_mcstat_bin0.log
#	deleted:    ../../../../combination/full_datacards/outs/CMS_HWW_boosted_CR2_mcstat_bin1.log
#	deleted:    ../../../../combination/full_datacards/outs/CMS_HWW_boosted_CR2_mcstat_bin10.log
#	deleted:    ../../../../combination/full_datacards/outs/CMS_HWW_boosted_CR2_mcstat_bin11.log
#	deleted:    ../../../../combination/full_datacards/outs/CMS_HWW_boosted_CR2_mcstat_bin12.log
#	deleted:    ../../../../combination/full_datacards/outs/CMS_HWW_boosted_CR2_mcstat_bin13.log
#	deleted:    ../../../../combination/full_datacards/outs/CMS_HWW_boosted_CR2_mcstat_bin14.log
#	deleted:    ../../../../combination/full_datacards/outs/CMS_HWW_boosted_CR2_mcstat_bin15.log
#	deleted:    ../../../../combination/full_datacards/outs/CMS_HWW_boosted_CR2_mcstat_bin16.log
#	deleted:    ../../../../combination/full_datacards/outs/CMS_HWW_boosted_CR2_mcstat_bin17.log
#	deleted:    ../../../../combination/full_datacards/outs/CMS_HWW_boosted_CR2_mcstat_bin18.log
#	deleted:    ../../../../combination/full_datacards/outs/CMS_HWW_boosted_CR2_mcstat_bin19.log
#	deleted:    ../../../../combination/full_datacards/outs/CMS_HWW_boosted_CR2_mcstat_bin2.log
#	deleted:    ../../../../combination/full_datacards/outs/CMS_HWW_boosted_CR2_mcstat_bin3.log
#	deleted:    ../../../../combination/full_datacards/outs/CMS_HWW_boosted_CR2_mcstat_bin4.log
#	deleted:    ../../../../combination/full_datacards/outs/CMS_HWW_boosted_CR2_mcstat_bin5.log
#	deleted:    ../../../../combination/full_datacards/outs/CMS_HWW_boosted_CR2_mcstat_bin6.log
#	deleted:    ../../../../combination/full_datacards/outs/CMS_HWW_boosted_CR2_mcstat_bin7.log
#	deleted:    ../../../../combination/full_datacards/outs/CMS_HWW_boosted_CR2_mcstat_bin8.log
#	deleted:    ../../../../combination/full_datacards/outs/CMS_HWW_boosted_CR2_mcstat_bin9.log
#	deleted:    ../../../../combination/full_datacards/outs/CMS_HWW_boosted_FakeRate_EWK_SF_statistical_uncertainty.log
#	deleted:    ../../../../combination/full_datacards/outs/CMS_HWW_boosted_FakeRate_statistical_uncertainty.log
#	deleted:    ../../../../combination/full_datacards/outs/CMS_HWW_boosted_Fake_SF_uncertainty.log
#	deleted:    ../../../../combination/full_datacards/outs/CMS_HWW_boosted_SR1_fail_mcstat_bin0.log
#	deleted:    ../../../../combination/full_datacards/outs/CMS_HWW_boosted_SR1_fail_mcstat_bin1.log
#	deleted:    ../../../../combination/full_datacards/outs/CMS_HWW_boosted_SR1_fail_mcstat_bin2.log
#	deleted:    ../../../../combination/full_datacards/outs/CMS_HWW_boosted_SR1_fail_mcstat_bin3.log
#	deleted:    ../../../../combination/full_datacards/outs/CMS_HWW_boosted_tf_dataResidual_CR1_Bin0.log
#	deleted:    ../../../../combination/full_datacards/outs/CMS_HWW_boosted_tf_dataResidual_CR1_Bin1.log
#	deleted:    ../../../../combination/full_datacards/outs/CMS_HWW_boosted_tf_dataResidual_CR1_Bin10.log
#	deleted:    ../../../../combination/full_datacards/outs/CMS_HWW_boosted_tf_dataResidual_CR1_Bin11.log
#	deleted:    ../../../../combination/full_datacards/outs/CMS_HWW_boosted_tf_dataResidual_CR1_Bin12.log
#	deleted:    ../../../../combination/full_datacards/outs/CMS_HWW_boosted_tf_dataResidual_CR1_Bin13.log
#	deleted:    ../../../../combination/full_datacards/outs/CMS_HWW_boosted_tf_dataResidual_CR1_Bin14.log
#	deleted:    ../../../../combination/full_datacards/outs/CMS_HWW_boosted_tf_dataResidual_CR1_Bin15.log
#	deleted:    ../../../../combination/full_datacards/outs/CMS_HWW_boosted_tf_dataResidual_CR1_Bin16.log
#	deleted:    ../../../../combination/full_datacards/outs/CMS_HWW_boosted_tf_dataResidual_CR1_Bin17.log
#	deleted:    ../../../../combination/full_datacards/outs/CMS_HWW_boosted_tf_dataResidual_CR1_Bin18.log
#	deleted:    ../../../../combination/full_datacards/outs/CMS_HWW_boosted_tf_dataResidual_CR1_Bin19.log
#	deleted:    ../../../../combination/full_datacards/outs/CMS_HWW_boosted_tf_dataResidual_CR1_Bin2.log
#	deleted:    ../../../../combination/full_datacards/outs/CMS_HWW_boosted_tf_dataResidual_CR1_Bin3.log
#	deleted:    ../../../../combination/full_datacards/outs/CMS_HWW_boosted_tf_dataResidual_CR1_Bin4.log
#	deleted:    ../../../../combination/full_datacards/outs/CMS_HWW_boosted_tf_dataResidual_CR1_Bin5.log
#	deleted:    ../../../../combination/full_datacards/outs/CMS_HWW_boosted_tf_dataResidual_CR1_Bin6.log
#	deleted:    ../../../../combination/full_datacards/outs/CMS_HWW_boosted_tf_dataResidual_CR1_Bin7.log
#	deleted:    ../../../../combination/full_datacards/outs/CMS_HWW_boosted_tf_dataResidual_CR1_Bin8.log
#	deleted:    ../../../../combination/full_datacards/outs/CMS_HWW_boosted_tf_dataResidual_CR1_Bin9.log
#	deleted:    ../../../../combination/full_datacards/outs/CMS_HWW_boosted_tf_dataResidual_CR2_Bin0.log
#	deleted:    ../../../../combination/full_datacards/outs/CMS_HWW_boosted_tf_dataResidual_CR2_Bin1.log
#	deleted:    ../../../../combination/full_datacards/outs/CMS_HWW_boosted_tf_dataResidual_CR2_Bin10.log
#	deleted:    ../../../../combination/full_datacards/outs/CMS_HWW_boosted_tf_dataResidual_CR2_Bin11.log
#	deleted:    ../../../../combination/full_datacards/outs/CMS_HWW_boosted_tf_dataResidual_CR2_Bin12.log
#	deleted:    ../../../../combination/full_datacards/outs/CMS_HWW_boosted_tf_dataResidual_CR2_Bin13.log
#	deleted:    ../../../../combination/full_datacards/outs/CMS_HWW_boosted_tf_dataResidual_CR2_Bin14.log
#	deleted:    ../../../../combination/full_datacards/outs/CMS_HWW_boosted_tf_dataResidual_CR2_Bin15.log
#	deleted:    ../../../../combination/full_datacards/outs/CMS_HWW_boosted_tf_dataResidual_CR2_Bin16.log
#	deleted:    ../../../../combination/full_datacards/outs/CMS_HWW_boosted_tf_dataResidual_CR2_Bin17.log
#	deleted:    ../../../../combination/full_datacards/outs/CMS_HWW_boosted_tf_dataResidual_CR2_Bin18.log
#	deleted:    ../../../../combination/full_datacards/outs/CMS_HWW_boosted_tf_dataResidual_CR2_Bin19.log
#	deleted:    ../../../../combination/full_datacards/outs/CMS_HWW_boosted_tf_dataResidual_CR2_Bin2.log
#	deleted:    ../../../../combination/full_datacards/outs/CMS_HWW_boosted_tf_dataResidual_CR2_Bin3.log
#	deleted:    ../../../../combination/full_datacards/outs/CMS_HWW_boosted_tf_dataResidual_CR2_Bin4.log
#	deleted:    ../../../../combination/full_datacards/outs/CMS_HWW_boosted_tf_dataResidual_CR2_Bin5.log
#	deleted:    ../../../../combination/full_datacards/outs/CMS_HWW_boosted_tf_dataResidual_CR2_Bin6.log
#	deleted:    ../../../../combination/full_datacards/outs/CMS_HWW_boosted_tf_dataResidual_CR2_Bin7.log
#	deleted:    ../../../../combination/full_datacards/outs/CMS_HWW_boosted_tf_dataResidual_CR2_Bin8.log
#	deleted:    ../../../../combination/full_datacards/outs/CMS_HWW_boosted_tf_dataResidual_CR2_Bin9.log
#	deleted:    ../../../../combination/full_datacards/outs/CMS_HWW_boosted_tf_dataResidual_a_MH_Reco_par0.log
#	deleted:    ../../../../combination/full_datacards/outs/CMS_HWW_boosted_tf_dataResidual_a_MH_Reco_par1.log
#	deleted:    ../../../../combination/full_datacards/outs/CMS_HWW_boosted_tf_dataResidual_a_MH_Reco_par2.log
#	deleted:    ../../../../combination/full_datacards/outs/CMS_HWW_boosted_tf_dataResidual_a_MH_Reco_par3.log
#	deleted:    ../../../../combination/full_datacards/outs/CMS_HWW_boosted_tf_dataResidual_b_MH_Reco_par0.log
#	deleted:    ../../../../combination/full_datacards/outs/CMS_HWW_boosted_tf_dataResidual_b_MH_Reco_par1.log
#	deleted:    ../../../../combination/full_datacards/outs/CMS_HWW_boosted_tf_dataResidual_b_MH_Reco_par2.log
#	deleted:    ../../../../combination/full_datacards/outs/CMS_HWW_boosted_tf_dataResidual_b_MH_Reco_par3.log
#	deleted:    ../../../../combination/full_datacards/outs/CMS_HWW_boosted_tf_dataResidual_b_MH_Reco_par4.log
#	deleted:    ../../../../combination/full_datacards/outs/CMS_HWW_boosted_tf_dataResidual_b_MH_Reco_par5.log
#	deleted:    ../../../../combination/full_datacards/outs/CMS_HWW_boosted_tf_dataResidual_b_MH_Reco_par6.log
#	modified:   ../../../../combination/full_datacards/outs/Impacts_BR_hww.txt
#	deleted:    ../../../../combination/full_datacards/outs/Impacts_CMS_HWW_FakeRate_EWK_SF_flavor_uncertainty.txt
#	modified:   ../../../../combination/full_datacards/outs/Impacts_CMS_HWW_boosted_CR1_mcstat_bin0.txt
#	modified:   ../../../../combination/full_datacards/outs/Impacts_CMS_HWW_boosted_CR1_mcstat_bin1.txt
#	modified:   ../../../../combination/full_datacards/outs/Impacts_CMS_HWW_boosted_CR1_mcstat_bin10.txt
#	modified:   ../../../../combination/full_datacards/outs/Impacts_CMS_HWW_boosted_CR1_mcstat_bin11.txt
#	modified:   ../../../../combination/full_datacards/outs/Impacts_CMS_HWW_boosted_CR1_mcstat_bin12.txt
#	modified:   ../../../../combination/full_datacards/outs/Impacts_CMS_HWW_boosted_CR1_mcstat_bin13.txt
#	modified:   ../../../../combination/full_datacards/outs/Impacts_CMS_HWW_boosted_CR1_mcstat_bin14.txt
#	modified:   ../../../../combination/full_datacards/outs/Impacts_CMS_HWW_boosted_CR1_mcstat_bin15.txt
#	modified:   ../../../../combination/full_datacards/outs/Impacts_CMS_HWW_boosted_CR1_mcstat_bin16.txt
#	modified:   ../../../../combination/full_datacards/outs/Impacts_CMS_HWW_boosted_CR1_mcstat_bin17.txt
#	modified:   ../../../../combination/full_datacards/outs/Impacts_CMS_HWW_boosted_CR1_mcstat_bin18.txt
#	modified:   ../../../../combination/full_datacards/outs/Impacts_CMS_HWW_boosted_CR1_mcstat_bin19.txt
#	modified:   ../../../../combination/full_datacards/outs/Impacts_CMS_HWW_boosted_CR1_mcstat_bin2.txt
#	modified:   ../../../../combination/full_datacards/outs/Impacts_CMS_HWW_boosted_CR1_mcstat_bin3.txt
#	modified:   ../../../../combination/full_datacards/outs/Impacts_CMS_HWW_boosted_CR1_mcstat_bin4.txt
#	modified:   ../../../../combination/full_datacards/outs/Impacts_CMS_HWW_boosted_CR1_mcstat_bin5.txt
#	modified:   ../../../../combination/full_datacards/outs/Impacts_CMS_HWW_boosted_CR1_mcstat_bin6.txt
#	modified:   ../../../../combination/full_datacards/outs/Impacts_CMS_HWW_boosted_CR1_mcstat_bin7.txt
#	modified:   ../../../../combination/full_datacards/outs/Impacts_CMS_HWW_boosted_CR1_mcstat_bin8.txt
#	modified:   ../../../../combination/full_datacards/outs/Impacts_CMS_HWW_boosted_CR1_mcstat_bin9.txt
#	modified:   ../../../../combination/full_datacards/outs/Impacts_CMS_HWW_boosted_CR2_mcstat_bin0.txt
#	modified:   ../../../../combination/full_datacards/outs/Impacts_CMS_HWW_boosted_CR2_mcstat_bin1.txt
#	modified:   ../../../../combination/full_datacards/outs/Impacts_CMS_HWW_boosted_CR2_mcstat_bin10.txt
#	modified:   ../../../../combination/full_datacards/outs/Impacts_CMS_HWW_boosted_CR2_mcstat_bin11.txt
#	modified:   ../../../../combination/full_datacards/outs/Impacts_CMS_HWW_boosted_CR2_mcstat_bin12.txt
#	modified:   ../../../../combination/full_datacards/outs/Impacts_CMS_HWW_boosted_CR2_mcstat_bin13.txt
#	modified:   ../../../../combination/full_datacards/outs/Impacts_CMS_HWW_boosted_CR2_mcstat_bin14.txt
#	modified:   ../../../../combination/full_datacards/outs/Impacts_CMS_HWW_boosted_CR2_mcstat_bin15.txt
#	modified:   ../../../../combination/full_datacards/outs/Impacts_CMS_HWW_boosted_CR2_mcstat_bin16.txt
#	modified:   ../../../../combination/full_datacards/outs/Impacts_CMS_HWW_boosted_CR2_mcstat_bin17.txt
#	modified:   ../../../../combination/full_datacards/outs/Impacts_CMS_HWW_boosted_CR2_mcstat_bin18.txt
#	modified:   ../../../../combination/full_datacards/outs/Impacts_CMS_HWW_boosted_CR2_mcstat_bin19.txt
#	modified:   ../../../../combination/full_datacards/outs/Impacts_CMS_HWW_boosted_CR2_mcstat_bin2.txt
#	modified:   ../../../../combination/full_datacards/outs/Impacts_CMS_HWW_boosted_CR2_mcstat_bin3.txt
#	modified:   ../../../../combination/full_datacards/outs/Impacts_CMS_HWW_boosted_CR2_mcstat_bin4.txt
#	modified:   ../../../../combination/full_datacards/outs/Impacts_CMS_HWW_boosted_CR2_mcstat_bin5.txt
#	modified:   ../../../../combination/full_datacards/outs/Impacts_CMS_HWW_boosted_CR2_mcstat_bin6.txt
#	modified:   ../../../../combination/full_datacards/outs/Impacts_CMS_HWW_boosted_CR2_mcstat_bin7.txt
#	modified:   ../../../../combination/full_datacards/outs/Impacts_CMS_HWW_boosted_CR2_mcstat_bin8.txt
#	modified:   ../../../../combination/full_datacards/outs/Impacts_CMS_HWW_boosted_CR2_mcstat_bin9.txt
#	modified:   ../../../../combination/full_datacards/outs/Impacts_CMS_HWW_boosted_EW_unc.txt
#	modified:   ../../../../combination/full_datacards/outs/Impacts_CMS_HWW_boosted_FakeRate_EWK_SF_statistical_uncertainty.txt
#	modified:   ../../../../combination/full_datacards/outs/Impacts_CMS_HWW_boosted_FakeRate_statistical_uncertainty.txt
#	modified:   ../../../../combination/full_datacards/outs/Impacts_CMS_HWW_boosted_Fake_SF_uncertainty.txt
#	modified:   ../../../../combination/full_datacards/outs/Impacts_CMS_HWW_boosted_SR1_fail_mcstat_bin0.txt
#	modified:   ../../../../combination/full_datacards/outs/Impacts_CMS_HWW_boosted_SR1_fail_mcstat_bin1.txt
#	modified:   ../../../../combination/full_datacards/outs/Impacts_CMS_HWW_boosted_SR1_fail_mcstat_bin2.txt
#	modified:   ../../../../combination/full_datacards/outs/Impacts_CMS_HWW_boosted_SR1_fail_mcstat_bin3.txt
#	deleted:    ../../../../combination/full_datacards/outs/Impacts_CMS_HWW_boosted_SR1_fail_mcstat_bin4.txt
#	deleted:    ../../../../combination/full_datacards/outs/Impacts_CMS_HWW_boosted_SR1_fail_mcstat_bin5.txt
#	modified:   ../../../../combination/full_datacards/outs/Impacts_CMS_HWW_boosted_SR1_pass_mcstat_bin0.txt
#	modified:   ../../../../combination/full_datacards/outs/Impacts_CMS_HWW_boosted_SR1_pass_mcstat_bin1.txt
#	modified:   ../../../../combination/full_datacards/outs/Impacts_CMS_HWW_boosted_SR1_pass_mcstat_bin2.txt
#	modified:   ../../../../combination/full_datacards/outs/Impacts_CMS_HWW_boosted_SR1_pass_mcstat_bin3.txt
#	deleted:    ../../../../combination/full_datacards/outs/Impacts_CMS_HWW_boosted_SR1_pass_mcstat_bin4.txt
#	deleted:    ../../../../combination/full_datacards/outs/Impacts_CMS_HWW_boosted_SR1_pass_mcstat_bin5.txt
#	modified:   ../../../../combination/full_datacards/outs/Impacts_CMS_HWW_boosted_SR1a_mcstat_bin0.txt
#	modified:   ../../../../combination/full_datacards/outs/Impacts_CMS_HWW_boosted_SR1a_mcstat_bin1.txt
#	modified:   ../../../../combination/full_datacards/outs/Impacts_CMS_HWW_boosted_SR1a_mcstat_bin10.txt
#	modified:   ../../../../combination/full_datacards/outs/Impacts_CMS_HWW_boosted_SR1a_mcstat_bin11.txt
#	modified:   ../../../../combination/full_datacards/outs/Impacts_CMS_HWW_boosted_SR1a_mcstat_bin12.txt
#	modified:   ../../../../combination/full_datacards/outs/Impacts_CMS_HWW_boosted_SR1a_mcstat_bin13.txt
#	modified:   ../../../../combination/full_datacards/outs/Impacts_CMS_HWW_boosted_SR1a_mcstat_bin14.txt
#	modified:   ../../../../combination/full_datacards/outs/Impacts_CMS_HWW_boosted_SR1a_mcstat_bin15.txt
#	modified:   ../../../../combination/full_datacards/outs/Impacts_CMS_HWW_boosted_SR1a_mcstat_bin16.txt
#	modified:   ../../../../combination/full_datacards/outs/Impacts_CMS_HWW_boosted_SR1a_mcstat_bin17.txt
#	modified:   ../../../../combination/full_datacards/outs/Impacts_CMS_HWW_boosted_SR1a_mcstat_bin18.txt
#	modified:   ../../../../combination/full_datacards/outs/Impacts_CMS_HWW_boosted_SR1a_mcstat_bin19.txt
#	modified:   ../../../../combination/full_datacards/outs/Impacts_CMS_HWW_boosted_SR1a_mcstat_bin2.txt
#	modified:   ../../../../combination/full_datacards/outs/Impacts_CMS_HWW_boosted_SR1a_mcstat_bin3.txt
#	modified:   ../../../../combination/full_datacards/outs/Impacts_CMS_HWW_boosted_SR1a_mcstat_bin4.txt
#	modified:   ../../../../combination/full_datacards/outs/Impacts_CMS_HWW_boosted_SR1a_mcstat_bin5.txt
#	modified:   ../../../../combination/full_datacards/outs/Impacts_CMS_HWW_boosted_SR1a_mcstat_bin6.txt
#	modified:   ../../../../combination/full_datacards/outs/Impacts_CMS_HWW_boosted_SR1a_mcstat_bin7.txt
#	modified:   ../../../../combination/full_datacards/outs/Impacts_CMS_HWW_boosted_SR1a_mcstat_bin8.txt
#	modified:   ../../../../combination/full_datacards/outs/Impacts_CMS_HWW_boosted_SR1a_mcstat_bin9.txt
#	modified:   ../../../../combination/full_datacards/outs/Impacts_CMS_HWW_boosted_SR1b_mcstat_bin0.txt
#	modified:   ../../../../combination/full_datacards/outs/Impacts_CMS_HWW_boosted_SR1b_mcstat_bin1.txt
#	modified:   ../../../../combination/full_datacards/outs/Impacts_CMS_HWW_boosted_SR1b_mcstat_bin10.txt
#	modified:   ../../../../combination/full_datacards/outs/Impacts_CMS_HWW_boosted_SR1b_mcstat_bin11.txt
#	modified:   ../../../../combination/full_datacards/outs/Impacts_CMS_HWW_boosted_SR1b_mcstat_bin12.txt
#	modified:   ../../../../combination/full_datacards/outs/Impacts_CMS_HWW_boosted_SR1b_mcstat_bin13.txt
#	modified:   ../../../../combination/full_datacards/outs/Impacts_CMS_HWW_boosted_SR1b_mcstat_bin14.txt
#	modified:   ../../../../combination/full_datacards/outs/Impacts_CMS_HWW_boosted_SR1b_mcstat_bin15.txt
#	modified:   ../../../../combination/full_datacards/outs/Impacts_CMS_HWW_boosted_SR1b_mcstat_bin16.txt
#	modified:   ../../../../combination/full_datacards/outs/Impacts_CMS_HWW_boosted_SR1b_mcstat_bin17.txt
#	modified:   ../../../../combination/full_datacards/outs/Impacts_CMS_HWW_boosted_SR1b_mcstat_bin18.txt
#	modified:   ../../../../combination/full_datacards/outs/Impacts_CMS_HWW_boosted_SR1b_mcstat_bin19.txt
#	modified:   ../../../../combination/full_datacards/outs/Impacts_CMS_HWW_boosted_SR1b_mcstat_bin2.txt
#	modified:   ../../../../combination/full_datacards/outs/Impacts_CMS_HWW_boosted_SR1b_mcstat_bin3.txt
#	modified:   ../../../../combination/full_datacards/outs/Impacts_CMS_HWW_boosted_SR1b_mcstat_bin4.txt
#	modified:   ../../../../combination/full_datacards/outs/Impacts_CMS_HWW_boosted_SR1b_mcstat_bin5.txt
#	modified:   ../../../../combination/full_datacards/outs/Impacts_CMS_HWW_boosted_SR1b_mcstat_bin6.txt
#	modified:   ../../../../combination/full_datacards/outs/Impacts_CMS_HWW_boosted_SR1b_mcstat_bin7.txt
#	modified:   ../../../../combination/full_datacards/outs/Impacts_CMS_HWW_boosted_SR1b_mcstat_bin8.txt
#	modified:   ../../../../combination/full_datacards/outs/Impacts_CMS_HWW_boosted_SR1b_mcstat_bin9.txt
#	modified:   ../../../../combination/full_datacards/outs/Impacts_CMS_HWW_boosted_SR2a_WH_hww_mcstat_bin0.txt
#	modified:   ../../../../combination/full_datacards/outs/Impacts_CMS_HWW_boosted_SR2a_WH_hww_mcstat_bin1.txt
#	modified:   ../../../../combination/full_datacards/outs/Impacts_CMS_HWW_boosted_SR2a_WH_hww_mcstat_bin18.txt
#	modified:   ../../../../combination/full_datacards/outs/Impacts_CMS_HWW_boosted_SR2a_ZH_hww_mcstat_bin0.txt
#	modified:   ../../../../combination/full_datacards/outs/Impacts_CMS_HWW_boosted_SR2a_ZH_hww_mcstat_bin1.txt
#	modified:   ../../../../combination/full_datacards/outs/Impacts_CMS_HWW_boosted_SR2a_ZH_hww_mcstat_bin18.txt
#	modified:   ../../../../combination/full_datacards/outs/Impacts_CMS_HWW_boosted_SR2a_ggH_hww_mcstat_bin0.txt
#	modified:   ../../../../combination/full_datacards/outs/Impacts_CMS_HWW_boosted_SR2a_ggH_hww_mcstat_bin1.txt
#	modified:   ../../../../combination/full_datacards/outs/Impacts_CMS_HWW_boosted_SR2a_mcstat_bin10.txt
#	modified:   ../../../../combination/full_datacards/outs/Impacts_CMS_HWW_boosted_SR2a_mcstat_bin11.txt
#	modified:   ../../../../combination/full_datacards/outs/Impacts_CMS_HWW_boosted_SR2a_mcstat_bin12.txt
#	modified:   ../../../../combination/full_datacards/outs/Impacts_CMS_HWW_boosted_SR2a_mcstat_bin13.txt
#	modified:   ../../../../combination/full_datacards/outs/Impacts_CMS_HWW_boosted_SR2a_mcstat_bin14.txt
#	modified:   ../../../../combination/full_datacards/outs/Impacts_CMS_HWW_boosted_SR2a_mcstat_bin15.txt
#	modified:   ../../../../combination/full_datacards/outs/Impacts_CMS_HWW_boosted_SR2a_mcstat_bin16.txt
#	modified:   ../../../../combination/full_datacards/outs/Impacts_CMS_HWW_boosted_SR2a_mcstat_bin17.txt
#	modified:   ../../../../combination/full_datacards/outs/Impacts_CMS_HWW_boosted_SR2a_mcstat_bin19.txt
#	modified:   ../../../../combination/full_datacards/outs/Impacts_CMS_HWW_boosted_SR2a_mcstat_bin2.txt
#	modified:   ../../../../combination/full_datacards/outs/Impacts_CMS_HWW_boosted_SR2a_mcstat_bin3.txt
#	modified:   ../../../../combination/full_datacards/outs/Impacts_CMS_HWW_boosted_SR2a_mcstat_bin4.txt
#	deleted:    ../../../../combination/full_datacards/outs/Impacts_CMS_HWW_boosted_SR2a_mcstat_bin5.txt
#	modified:   ../../../../combination/full_datacards/outs/Impacts_CMS_HWW_boosted_SR2a_mcstat_bin6.txt
#	modified:   ../../../../combination/full_datacards/outs/Impacts_CMS_HWW_boosted_SR2a_mcstat_bin7.txt
#	modified:   ../../../../combination/full_datacards/outs/Impacts_CMS_HWW_boosted_SR2a_mcstat_bin8.txt
#	modified:   ../../../../combination/full_datacards/outs/Impacts_CMS_HWW_boosted_SR2a_mcstat_bin9.txt
#	modified:   ../../../../combination/full_datacards/outs/Impacts_CMS_HWW_boosted_SR2a_qqH_hww_mcstat_bin0.txt
#	modified:   ../../../../combination/full_datacards/outs/Impacts_CMS_HWW_boosted_SR2a_qqH_hww_mcstat_bin1.txt
#	modified:   ../../../../combination/full_datacards/outs/Impacts_CMS_HWW_boosted_SR2a_rest_bkg_mcstat_bin1.txt
#	modified:   ../../../../combination/full_datacards/outs/Impacts_CMS_HWW_boosted_SR2a_rest_bkg_mcstat_bin18.txt
#	modified:   ../../../../combination/full_datacards/outs/Impacts_CMS_HWW_boosted_SR2a_single_top_mcstat_bin18.txt
#	modified:   ../../../../combination/full_datacards/outs/Impacts_CMS_HWW_boosted_SR2a_ttH_hww_mcstat_bin0.txt
#	modified:   ../../../../combination/full_datacards/outs/Impacts_CMS_HWW_boosted_SR2a_ttH_hww_mcstat_bin1.txt
#	modified:   ../../../../combination/full_datacards/outs/Impacts_CMS_HWW_boosted_SR2a_ttH_hww_mcstat_bin18.txt
#	modified:   ../../../../combination/full_datacards/outs/Impacts_CMS_HWW_boosted_SR2a_ttbar_mcstat_bin0.txt
#	modified:   ../../../../combination/full_datacards/outs/Impacts_CMS_HWW_boosted_SR2a_ttbar_mcstat_bin1.txt
#	modified:   ../../../../combination/full_datacards/outs/Impacts_CMS_HWW_boosted_SR2a_ttbar_mcstat_bin18.txt
#	modified:   ../../../../combination/full_datacards/outs/Impacts_CMS_HWW_boosted_SR2a_wjets_mcstat_bin0.txt
#	modified:   ../../../../combination/full_datacards/outs/Impacts_CMS_HWW_boosted_SR2a_wjets_mcstat_bin1.txt
#	modified:   ../../../../combination/full_datacards/outs/Impacts_CMS_HWW_boosted_SR2a_wjets_mcstat_bin18.txt
#	modified:   ../../../../combination/full_datacards/outs/Impacts_CMS_HWW_boosted_SR2b_mcstat_bin0.txt
#	modified:   ../../../../combination/full_datacards/outs/Impacts_CMS_HWW_boosted_SR2b_mcstat_bin1.txt
#	modified:   ../../../../combination/full_datacards/outs/Impacts_CMS_HWW_boosted_SR2b_mcstat_bin10.txt
#	modified:   ../../../../combination/full_datacards/outs/Impacts_CMS_HWW_boosted_SR2b_mcstat_bin11.txt
#	modified:   ../../../../combination/full_datacards/outs/Impacts_CMS_HWW_boosted_SR2b_mcstat_bin12.txt
#	modified:   ../../../../combination/full_datacards/outs/Impacts_CMS_HWW_boosted_SR2b_mcstat_bin13.txt
#	modified:   ../../../../combination/full_datacards/outs/Impacts_CMS_HWW_boosted_SR2b_mcstat_bin14.txt
#	modified:   ../../../../combination/full_datacards/outs/Impacts_CMS_HWW_boosted_SR2b_mcstat_bin15.txt
#	modified:   ../../../../combination/full_datacards/outs/Impacts_CMS_HWW_boosted_SR2b_mcstat_bin16.txt
#	modified:   ../../../../combination/full_datacards/outs/Impacts_CMS_HWW_boosted_SR2b_mcstat_bin17.txt
#	modified:   ../../../../combination/full_datacards/outs/Impacts_CMS_HWW_boosted_SR2b_mcstat_bin18.txt
#	modified:   ../../../../combination/full_datacards/outs/Impacts_CMS_HWW_boosted_SR2b_mcstat_bin19.txt
#	modified:   ../../../../combination/full_datacards/outs/Impacts_CMS_HWW_boosted_SR2b_mcstat_bin2.txt
#	modified:   ../../../../combination/full_datacards/outs/Impacts_CMS_HWW_boosted_SR2b_mcstat_bin3.txt
#	modified:   ../../../../combination/full_datacards/outs/Impacts_CMS_HWW_boosted_SR2b_mcstat_bin4.txt
#	modified:   ../../../../combination/full_datacards/outs/Impacts_CMS_HWW_boosted_SR2b_mcstat_bin5.txt
#	modified:   ../../../../combination/full_datacards/outs/Impacts_CMS_HWW_boosted_SR2b_mcstat_bin6.txt
#	modified:   ../../../../combination/full_datacards/outs/Impacts_CMS_HWW_boosted_SR2b_mcstat_bin7.txt
#	modified:   ../../../../combination/full_datacards/outs/Impacts_CMS_HWW_boosted_SR2b_mcstat_bin8.txt
#	modified:   ../../../../combination/full_datacards/outs/Impacts_CMS_HWW_boosted_SR2b_mcstat_bin9.txt
#	modified:   ../../../../combination/full_datacards/outs/Impacts_CMS_HWW_boosted_TopCR_fail_mcstat_bin0.txt
#	modified:   ../../../../combination/full_datacards/outs/Impacts_CMS_HWW_boosted_TopCR_fail_mcstat_bin1.txt
#	modified:   ../../../../combination/full_datacards/outs/Impacts_CMS_HWW_boosted_TopCR_fail_mcstat_bin2.txt
#	modified:   ../../../../combination/full_datacards/outs/Impacts_CMS_HWW_boosted_TopCR_fail_mcstat_bin3.txt
#	deleted:    ../../../../combination/full_datacards/outs/Impacts_CMS_HWW_boosted_TopCR_fail_mcstat_bin4.txt
#	deleted:    ../../../../combination/full_datacards/outs/Impacts_CMS_HWW_boosted_TopCR_fail_mcstat_bin5.txt
#	modified:   ../../../../combination/full_datacards/outs/Impacts_CMS_HWW_boosted_TopCR_mcstat_bin0.txt
#	modified:   ../../../../combination/full_datacards/outs/Impacts_CMS_HWW_boosted_TopCR_mcstat_bin1.txt
#	modified:   ../../../../combination/full_datacards/outs/Impacts_CMS_HWW_boosted_TopCR_mcstat_bin2.txt
#	modified:   ../../../../combination/full_datacards/outs/Impacts_CMS_HWW_boosted_TopCR_mcstat_bin3.txt
#	modified:   ../../../../combination/full_datacards/outs/Impacts_CMS_HWW_boosted_TopCR_mcstat_bin4.txt
#	modified:   ../../../../combination/full_datacards/outs/Impacts_CMS_HWW_boosted_TopCR_mcstat_bin5.txt
#	modified:   ../../../../combination/full_datacards/outs/Impacts_CMS_HWW_boosted_TopCR_mcstat_bin6.txt
#	modified:   ../../../../combination/full_datacards/outs/Impacts_CMS_HWW_boosted_TopCR_mcstat_bin7.txt
#	deleted:    ../../../../combination/full_datacards/outs/Impacts_CMS_HWW_boosted_TopCR_mcstat_bin8.txt
#	modified:   ../../../../combination/full_datacards/outs/Impacts_CMS_HWW_boosted_TopCR_pass_mcstat_bin0.txt
#	modified:   ../../../../combination/full_datacards/outs/Impacts_CMS_HWW_boosted_TopCR_pass_mcstat_bin1.txt
#	modified:   ../../../../combination/full_datacards/outs/Impacts_CMS_HWW_boosted_TopCR_pass_mcstat_bin2.txt
#	modified:   ../../../../combination/full_datacards/outs/Impacts_CMS_HWW_boosted_TopCR_pass_mcstat_bin3.txt
#	deleted:    ../../../../combination/full_datacards/outs/Impacts_CMS_HWW_boosted_TopCR_pass_mcstat_bin4.txt
#	deleted:    ../../../../combination/full_datacards/outs/Impacts_CMS_HWW_boosted_TopCR_pass_mcstat_bin5.txt
#	modified:   ../../../../combination/full_datacards/outs/Impacts_CMS_HWW_boosted_TopPtReweight.txt
#	modified:   ../../../../combination/full_datacards/outs/Impacts_CMS_HWW_boosted_VBF_mcstat_bin0.txt
#	modified:   ../../../../combination/full_datacards/outs/Impacts_CMS_HWW_boosted_VBF_mcstat_bin1.txt
#	modified:   ../../../../combination/full_datacards/outs/Impacts_CMS_HWW_boosted_VBF_mcstat_bin2.txt
#	modified:   ../../../../combination/full_datacards/outs/Impacts_CMS_HWW_boosted_VBF_mcstat_bin3.txt
#	modified:   ../../../../combination/full_datacards/outs/Impacts_CMS_HWW_boosted_VBF_mcstat_bin4.txt
#	modified:   ../../../../combination/full_datacards/outs/Impacts_CMS_HWW_boosted_VBF_mcstat_bin5.txt
#	modified:   ../../../../combination/full_datacards/outs/Impacts_CMS_HWW_boosted_VBF_mcstat_bin6.txt
#	modified:   ../../../../combination/full_datacards/outs/Impacts_CMS_HWW_boosted_VBF_mcstat_bin7.txt
#	deleted:    ../../../../combination/full_datacards/outs/Impacts_CMS_HWW_boosted_VBF_mcstat_bin8.txt
#	modified:   ../../../../combination/full_datacards/outs/Impacts_CMS_HWW_boosted_WJetsCR_mcstat_bin0.txt
#	modified:   ../../../../combination/full_datacards/outs/Impacts_CMS_HWW_boosted_WJetsCR_mcstat_bin1.txt
#	modified:   ../../../../combination/full_datacards/outs/Impacts_CMS_HWW_boosted_WJetsCR_mcstat_bin2.txt
#	modified:   ../../../../combination/full_datacards/outs/Impacts_CMS_HWW_boosted_WJetsCR_mcstat_bin3.txt
#	modified:   ../../../../combination/full_datacards/outs/Impacts_CMS_HWW_boosted_WJetsCR_mcstat_bin4.txt
#	modified:   ../../../../combination/full_datacards/outs/Impacts_CMS_HWW_boosted_WJetsCR_mcstat_bin5.txt
#	modified:   ../../../../combination/full_datacards/outs/Impacts_CMS_HWW_boosted_WJetsCR_mcstat_bin6.txt
#	modified:   ../../../../combination/full_datacards/outs/Impacts_CMS_HWW_boosted_WJetsCR_mcstat_bin7.txt
#	deleted:    ../../../../combination/full_datacards/outs/Impacts_CMS_HWW_boosted_WJetsCR_mcstat_bin8.txt
#	modified:   ../../../../combination/full_datacards/outs/Impacts_CMS_HWW_boosted_W_d1kappa_EW.txt
#	modified:   ../../../../combination/full_datacards/outs/Impacts_CMS_HWW_boosted_W_d2kappa_EW.txt
#	modified:   ../../../../combination/full_datacards/outs/Impacts_CMS_HWW_boosted_W_d3kappa_EW.txt
#	modified:   ../../../../combination/full_datacards/outs/Impacts_CMS_HWW_boosted_Z_d2kappa_EW.txt
#	modified:   ../../../../combination/full_datacards/outs/Impacts_CMS_HWW_boosted_Z_d3kappa_EW.txt
#	modified:   ../../../../combination/full_datacards/outs/Impacts_CMS_HWW_boosted_btagSFbcCorrelated.txt
#	modified:   ../../../../combination/full_datacards/outs/Impacts_CMS_HWW_boosted_btagSFbcCorrelated_2016.txt
#	modified:   ../../../../combination/full_datacards/outs/Impacts_CMS_HWW_boosted_btagSFbcCorrelated_2016APV.txt
#	modified:   ../../../../combination/full_datacards/outs/Impacts_CMS_HWW_boosted_btagSFbcCorrelated_2017.txt
#	modified:   ../../../../combination/full_datacards/outs/Impacts_CMS_HWW_boosted_btagSFbcCorrelated_2018.txt
#	modified:   ../../../../combination/full_datacards/outs/Impacts_CMS_HWW_boosted_btagSFbc_2016.txt
#	modified:   ../../../../combination/full_datacards/outs/Impacts_CMS_HWW_boosted_btagSFbc_2016APV.txt
#	modified:   ../../../../combination/full_datacards/outs/Impacts_CMS_HWW_boosted_btagSFbc_2017.txt
#	modified:   ../../../../combination/full_datacards/outs/Impacts_CMS_HWW_boosted_btagSFbc_2018.txt
#	modified:   ../../../../combination/full_datacards/outs/Impacts_CMS_HWW_boosted_btagSFlightCorrelated.txt
#	modified:   ../../../../combination/full_datacards/outs/Impacts_CMS_HWW_boosted_btagSFlightCorrelated_2016.txt
#	modified:   ../../../../combination/full_datacards/outs/Impacts_CMS_HWW_boosted_btagSFlightCorrelated_2016APV.txt
#	modified:   ../../../../combination/full_datacards/outs/Impacts_CMS_HWW_boosted_btagSFlightCorrelated_2017.txt
#	modified:   ../../../../combination/full_datacards/outs/Impacts_CMS_HWW_boosted_btagSFlightCorrelated_2018.txt
#	modified:   ../../../../combination/full_datacards/outs/Impacts_CMS_HWW_boosted_btagSFlight_2016.txt
#	modified:   ../../../../combination/full_datacards/outs/Impacts_CMS_HWW_boosted_btagSFlight_2016APV.txt
#	modified:   ../../../../combination/full_datacards/outs/Impacts_CMS_HWW_boosted_btagSFlight_2017.txt
#	modified:   ../../../../combination/full_datacards/outs/Impacts_CMS_HWW_boosted_btagSFlight_2018.txt
#	modified:   ../../../../combination/full_datacards/outs/Impacts_CMS_HWW_boosted_d1K_NLO.txt
#	modified:   ../../../../combination/full_datacards/outs/Impacts_CMS_HWW_boosted_d2K_NLO.txt
#	modified:   ../../../../combination/full_datacards/outs/Impacts_CMS_HWW_boosted_d3K_NLO.txt
#	modified:   ../../../../combination/full_datacards/outs/Impacts_CMS_HWW_boosted_ele_identification.txt
#	modified:   ../../../../combination/full_datacards/outs/Impacts_CMS_HWW_boosted_ele_identification_2016.txt
#	modified:   ../../../../combination/full_datacards/outs/Impacts_CMS_HWW_boosted_ele_identification_2016APV.txt
#	modified:   ../../../../combination/full_datacards/outs/Impacts_CMS_HWW_boosted_ele_identification_2017.txt
#	modified:   ../../../../combination/full_datacards/outs/Impacts_CMS_HWW_boosted_ele_identification_2018.txt
#	modified:   ../../../../combination/full_datacards/outs/Impacts_CMS_HWW_boosted_ele_reconstruction.txt
#	modified:   ../../../../combination/full_datacards/outs/Impacts_CMS_HWW_boosted_ele_reconstruction_2016.txt
#	modified:   ../../../../combination/full_datacards/outs/Impacts_CMS_HWW_boosted_ele_reconstruction_2016APV.txt
#	modified:   ../../../../combination/full_datacards/outs/Impacts_CMS_HWW_boosted_ele_reconstruction_2017.txt
#	modified:   ../../../../combination/full_datacards/outs/Impacts_CMS_HWW_boosted_ele_reconstruction_2018.txt
#	modified:   ../../../../combination/full_datacards/outs/Impacts_CMS_HWW_boosted_ele_trigger_stat_unc_2016.txt
#	modified:   ../../../../combination/full_datacards/outs/Impacts_CMS_HWW_boosted_ele_trigger_stat_unc_2016APV.txt
#	modified:   ../../../../combination/full_datacards/outs/Impacts_CMS_HWW_boosted_ele_trigger_stat_unc_2017.txt
#	modified:   ../../../../combination/full_datacards/outs/Impacts_CMS_HWW_boosted_ele_trigger_stat_unc_2018.txt
#	modified:   ../../../../combination/full_datacards/outs/Impacts_CMS_HWW_boosted_ele_trigger_syst_unc.txt
#	modified:   ../../../../combination/full_datacards/outs/Impacts_CMS_HWW_boosted_electron_veto.txt
#	modified:   ../../../../combination/full_datacards/outs/Impacts_CMS_HWW_boosted_ggFpt250to350_mcstat_bin0.txt
#	modified:   ../../../../combination/full_datacards/outs/Impacts_CMS_HWW_boosted_ggFpt250to350_mcstat_bin1.txt
#	modified:   ../../../../combination/full_datacards/outs/Impacts_CMS_HWW_boosted_ggFpt250to350_mcstat_bin2.txt
#	modified:   ../../../../combination/full_datacards/outs/Impacts_CMS_HWW_boosted_ggFpt250to350_mcstat_bin3.txt
#	modified:   ../../../../combination/full_datacards/outs/Impacts_CMS_HWW_boosted_ggFpt250to350_mcstat_bin4.txt
#	modified:   ../../../../combination/full_datacards/outs/Impacts_CMS_HWW_boosted_ggFpt250to350_mcstat_bin5.txt
#	modified:   ../../../../combination/full_datacards/outs/Impacts_CMS_HWW_boosted_ggFpt250to350_mcstat_bin6.txt
#	modified:   ../../../../combination/full_datacards/outs/Impacts_CMS_HWW_boosted_ggFpt250to350_mcstat_bin7.txt
#	deleted:    ../../../../combination/full_datacards/outs/Impacts_CMS_HWW_boosted_ggFpt250to350_mcstat_bin8.txt
#	modified:   ../../../../combination/full_datacards/outs/Impacts_CMS_HWW_boosted_ggFpt350to500_mcstat_bin0.txt
#	modified:   ../../../../combination/full_datacards/outs/Impacts_CMS_HWW_boosted_ggFpt350to500_mcstat_bin1.txt
#	modified:   ../../../../combination/full_datacards/outs/Impacts_CMS_HWW_boosted_ggFpt350to500_mcstat_bin2.txt
#	modified:   ../../../../combination/full_datacards/outs/Impacts_CMS_HWW_boosted_ggFpt350to500_mcstat_bin3.txt
#	modified:   ../../../../combination/full_datacards/outs/Impacts_CMS_HWW_boosted_ggFpt350to500_mcstat_bin4.txt
#	modified:   ../../../../combination/full_datacards/outs/Impacts_CMS_HWW_boosted_ggFpt350to500_mcstat_bin5.txt
#	modified:   ../../../../combination/full_datacards/outs/Impacts_CMS_HWW_boosted_ggFpt350to500_mcstat_bin6.txt
#	modified:   ../../../../combination/full_datacards/outs/Impacts_CMS_HWW_boosted_ggFpt350to500_mcstat_bin7.txt
#	deleted:    ../../../../combination/full_datacards/outs/Impacts_CMS_HWW_boosted_ggFpt350to500_mcstat_bin8.txt
#	modified:   ../../../../combination/full_datacards/outs/Impacts_CMS_HWW_boosted_ggFpt500toInf_mcstat_bin0.txt
#	modified:   ../../../../combination/full_datacards/outs/Impacts_CMS_HWW_boosted_ggFpt500toInf_mcstat_bin1.txt
#	modified:   ../../../../combination/full_datacards/outs/Impacts_CMS_HWW_boosted_ggFpt500toInf_mcstat_bin2.txt
#	modified:   ../../../../combination/full_datacards/outs/Impacts_CMS_HWW_boosted_ggFpt500toInf_mcstat_bin3.txt
#	modified:   ../../../../combination/full_datacards/outs/Impacts_CMS_HWW_boosted_ggFpt500toInf_mcstat_bin4.txt
#	modified:   ../../../../combination/full_datacards/outs/Impacts_CMS_HWW_boosted_ggFpt500toInf_mcstat_bin5.txt
#	modified:   ../../../../combination/full_datacards/outs/Impacts_CMS_HWW_boosted_ggFpt500toInf_mcstat_bin6.txt
#	modified:   ../../../../combination/full_datacards/outs/Impacts_CMS_HWW_boosted_ggFpt500toInf_mcstat_bin7.txt
#	deleted:    ../../../../combination/full_datacards/outs/Impacts_CMS_HWW_boosted_ggFpt500toInf_mcstat_bin8.txt
#	modified:   ../../../../combination/full_datacards/outs/Impacts_CMS_HWW_boosted_jmr_2016.txt
#	modified:   ../../../../combination/full_datacards/outs/Impacts_CMS_HWW_boosted_jmr_2016APV.txt
#	modified:   ../../../../combination/full_datacards/outs/Impacts_CMS_HWW_boosted_jmr_2017.txt
#	modified:   ../../../../combination/full_datacards/outs/Impacts_CMS_HWW_boosted_jmr_2018.txt
#	modified:   ../../../../combination/full_datacards/outs/Impacts_CMS_HWW_boosted_jms_2016.txt
#	modified:   ../../../../combination/full_datacards/outs/Impacts_CMS_HWW_boosted_jms_2016APV.txt
#	modified:   ../../../../combination/full_datacards/outs/Impacts_CMS_HWW_boosted_jms_2017.txt
#	modified:   ../../../../combination/full_datacards/outs/Impacts_CMS_HWW_boosted_jms_2018.txt
#	modified:   ../../../../combination/full_datacards/outs/Impacts_CMS_HWW_boosted_lp_sf_region_a.txt
#	modified:   ../../../../combination/full_datacards/outs/Impacts_CMS_HWW_boosted_lp_sf_region_b.txt
#	modified:   ../../../../combination/full_datacards/outs/Impacts_CMS_HWW_boosted_miniisolation_SF_unc.txt
#	modified:   ../../../../combination/full_datacards/outs/Impacts_CMS_HWW_boosted_mu_identification_stat_2016.txt
#	modified:   ../../../../combination/full_datacards/outs/Impacts_CMS_HWW_boosted_mu_identification_stat_2016APV.txt
#	modified:   ../../../../combination/full_datacards/outs/Impacts_CMS_HWW_boosted_mu_identification_stat_2017.txt
#	modified:   ../../../../combination/full_datacards/outs/Impacts_CMS_HWW_boosted_mu_identification_stat_2018.txt
#	modified:   ../../../../combination/full_datacards/outs/Impacts_CMS_HWW_boosted_mu_identification_syst.txt
#	modified:   ../../../../combination/full_datacards/outs/Impacts_CMS_HWW_boosted_mu_isolation.txt
#	modified:   ../../../../combination/full_datacards/outs/Impacts_CMS_HWW_boosted_mu_trigger.txt
#	modified:   ../../../../combination/full_datacards/outs/Impacts_CMS_HWW_boosted_mu_trigger_iso.txt
#	modified:   ../../../../combination/full_datacards/outs/Impacts_CMS_HWW_boosted_rest_bkg_rate.txt
#	modified:   ../../../../combination/full_datacards/outs/Impacts_CMS_HWW_boosted_single_top_rate.txt
#	modified:   ../../../../combination/full_datacards/outs/Impacts_CMS_HWW_boosted_tagger.txt
#	modified:   ../../../../combination/full_datacards/outs/Impacts_CMS_HWW_boosted_taggereff.txt
#	modified:   ../../../../combination/full_datacards/outs/Impacts_CMS_HWW_boosted_tf_dataResidual_CR1_Bin0.txt
#	modified:   ../../../../combination/full_datacards/outs/Impacts_CMS_HWW_boosted_tf_dataResidual_CR1_Bin1.txt
#	modified:   ../../../../combination/full_datacards/outs/Impacts_CMS_HWW_boosted_tf_dataResidual_CR1_Bin10.txt
#	modified:   ../../../../combination/full_datacards/outs/Impacts_CMS_HWW_boosted_tf_dataResidual_CR1_Bin11.txt
#	modified:   ../../../../combination/full_datacards/outs/Impacts_CMS_HWW_boosted_tf_dataResidual_CR1_Bin12.txt
#	modified:   ../../../../combination/full_datacards/outs/Impacts_CMS_HWW_boosted_tf_dataResidual_CR1_Bin13.txt
#	modified:   ../../../../combination/full_datacards/outs/Impacts_CMS_HWW_boosted_tf_dataResidual_CR1_Bin14.txt
#	modified:   ../../../../combination/full_datacards/outs/Impacts_CMS_HWW_boosted_tf_dataResidual_CR1_Bin15.txt
#	modified:   ../../../../combination/full_datacards/outs/Impacts_CMS_HWW_boosted_tf_dataResidual_CR1_Bin16.txt
#	modified:   ../../../../combination/full_datacards/outs/Impacts_CMS_HWW_boosted_tf_dataResidual_CR1_Bin17.txt
#	modified:   ../../../../combination/full_datacards/outs/Impacts_CMS_HWW_boosted_tf_dataResidual_CR1_Bin18.txt
#	modified:   ../../../../combination/full_datacards/outs/Impacts_CMS_HWW_boosted_tf_dataResidual_CR1_Bin19.txt
#	modified:   ../../../../combination/full_datacards/outs/Impacts_CMS_HWW_boosted_tf_dataResidual_CR1_Bin2.txt
#	modified:   ../../../../combination/full_datacards/outs/Impacts_CMS_HWW_boosted_tf_dataResidual_CR1_Bin3.txt
#	modified:   ../../../../combination/full_datacards/outs/Impacts_CMS_HWW_boosted_tf_dataResidual_CR1_Bin4.txt
#	modified:   ../../../../combination/full_datacards/outs/Impacts_CMS_HWW_boosted_tf_dataResidual_CR1_Bin5.txt
#	modified:   ../../../../combination/full_datacards/outs/Impacts_CMS_HWW_boosted_tf_dataResidual_CR1_Bin6.txt
#	modified:   ../../../../combination/full_datacards/outs/Impacts_CMS_HWW_boosted_tf_dataResidual_CR1_Bin7.txt
#	modified:   ../../../../combination/full_datacards/outs/Impacts_CMS_HWW_boosted_tf_dataResidual_CR1_Bin8.txt
#	modified:   ../../../../combination/full_datacards/outs/Impacts_CMS_HWW_boosted_tf_dataResidual_CR1_Bin9.txt
#	modified:   ../../../../combination/full_datacards/outs/Impacts_CMS_HWW_boosted_tf_dataResidual_CR2_Bin0.txt
#	modified:   ../../../../combination/full_datacards/outs/Impacts_CMS_HWW_boosted_tf_dataResidual_CR2_Bin1.txt
#	modified:   ../../../../combination/full_datacards/outs/Impacts_CMS_HWW_boosted_tf_dataResidual_CR2_Bin10.txt
#	modified:   ../../../../combination/full_datacards/outs/Impacts_CMS_HWW_boosted_tf_dataResidual_CR2_Bin11.txt
#	modified:   ../../../../combination/full_datacards/outs/Impacts_CMS_HWW_boosted_tf_dataResidual_CR2_Bin12.txt
#	modified:   ../../../../combination/full_datacards/outs/Impacts_CMS_HWW_boosted_tf_dataResidual_CR2_Bin13.txt
#	modified:   ../../../../combination/full_datacards/outs/Impacts_CMS_HWW_boosted_tf_dataResidual_CR2_Bin14.txt
#	modified:   ../../../../combination/full_datacards/outs/Impacts_CMS_HWW_boosted_tf_dataResidual_CR2_Bin15.txt
#	modified:   ../../../../combination/full_datacards/outs/Impacts_CMS_HWW_boosted_tf_dataResidual_CR2_Bin16.txt
#	modified:   ../../../../combination/full_datacards/outs/Impacts_CMS_HWW_boosted_tf_dataResidual_CR2_Bin17.txt
#	modified:   ../../../../combination/full_datacards/outs/Impacts_CMS_HWW_boosted_tf_dataResidual_CR2_Bin18.txt
#	modified:   ../../../../combination/full_datacards/outs/Impacts_CMS_HWW_boosted_tf_dataResidual_CR2_Bin19.txt
#	modified:   ../../../../combination/full_datacards/outs/Impacts_CMS_HWW_boosted_tf_dataResidual_CR2_Bin2.txt
#	modified:   ../../../../combination/full_datacards/outs/Impacts_CMS_HWW_boosted_tf_dataResidual_CR2_Bin3.txt
#	modified:   ../../../../combination/full_datacards/outs/Impacts_CMS_HWW_boosted_tf_dataResidual_CR2_Bin4.txt
#	modified:   ../../../../combination/full_datacards/outs/Impacts_CMS_HWW_boosted_tf_dataResidual_CR2_Bin5.txt
#	modified:   ../../../../combination/full_datacards/outs/Impacts_CMS_HWW_boosted_tf_dataResidual_CR2_Bin6.txt
#	modified:   ../../../../combination/full_datacards/outs/Impacts_CMS_HWW_boosted_tf_dataResidual_CR2_Bin7.txt
#	modified:   ../../../../combination/full_datacards/outs/Impacts_CMS_HWW_boosted_tf_dataResidual_CR2_Bin8.txt
#	modified:   ../../../../combination/full_datacards/outs/Impacts_CMS_HWW_boosted_tf_dataResidual_CR2_Bin9.txt
#	modified:   ../../../../combination/full_datacards/outs/Impacts_CMS_HWW_boosted_tf_dataResidual_a_MH_Reco_par0.txt
#	modified:   ../../../../combination/full_datacards/outs/Impacts_CMS_HWW_boosted_tf_dataResidual_a_MH_Reco_par1.txt
#	modified:   ../../../../combination/full_datacards/outs/Impacts_CMS_HWW_boosted_tf_dataResidual_a_MH_Reco_par2.txt
#	modified:   ../../../../combination/full_datacards/outs/Impacts_CMS_HWW_boosted_tf_dataResidual_a_MH_Reco_par3.txt
#	modified:   ../../../../combination/full_datacards/outs/Impacts_CMS_HWW_boosted_tf_dataResidual_b_MH_Reco_par0.txt
#	modified:   ../../../../combination/full_datacards/outs/Impacts_CMS_HWW_boosted_tf_dataResidual_b_MH_Reco_par1.txt
#	modified:   ../../../../combination/full_datacards/outs/Impacts_CMS_HWW_boosted_tf_dataResidual_b_MH_Reco_par2.txt
#	modified:   ../../../../combination/full_datacards/outs/Impacts_CMS_HWW_boosted_tf_dataResidual_b_MH_Reco_par3.txt
#	modified:   ../../../../combination/full_datacards/outs/Impacts_CMS_HWW_boosted_tf_dataResidual_b_MH_Reco_par4.txt
#	modified:   ../../../../combination/full_datacards/outs/Impacts_CMS_HWW_boosted_tf_dataResidual_b_MH_Reco_par5.txt
#	modified:   ../../../../combination/full_datacards/outs/Impacts_CMS_HWW_boosted_tf_dataResidual_b_MH_Reco_par6.txt
#	modified:   ../../../../combination/full_datacards/outs/Impacts_CMS_HWW_boosted_top_reweighting.txt
#	modified:   ../../../../combination/full_datacards/outs/Impacts_CMS_HWW_boosted_triggerEffSF_uncorrelated.txt
#	modified:   ../../../../combination/full_datacards/outs/Impacts_CMS_HWW_boosted_ttbar_rate.txt
#	modified:   ../../../../combination/full_datacards/outs/Impacts_CMS_HWW_boosted_veff_2016.txt
#	modified:   ../../../../combination/full_datacards/outs/Impacts_CMS_HWW_boosted_veff_2016APV.txt
#	modified:   ../../../../combination/full_datacards/outs/Impacts_CMS_HWW_boosted_veff_2017.txt
#	modified:   ../../../../combination/full_datacards/outs/Impacts_CMS_HWW_boosted_veff_2018.txt
#	modified:   ../../../../combination/full_datacards/outs/Impacts_CMS_HWW_boosted_wjets_rate.txt
#	modified:   ../../../../combination/full_datacards/outs/Impacts_CMS_l1_ecal_prefiring_2016.txt
#	modified:   ../../../../combination/full_datacards/outs/Impacts_CMS_l1_ecal_prefiring_2016APV.txt
#	modified:   ../../../../combination/full_datacards/outs/Impacts_CMS_l1_ecal_prefiring_2017.txt
#	modified:   ../../../../combination/full_datacards/outs/Impacts_CMS_lumi_13TeV_1718.txt
#	modified:   ../../../../combination/full_datacards/outs/Impacts_CMS_lumi_13TeV_2016.txt
#	modified:   ../../../../combination/full_datacards/outs/Impacts_CMS_lumi_13TeV_2016APV.txt
#	modified:   ../../../../combination/full_datacards/outs/Impacts_CMS_lumi_13TeV_2017.txt
#	modified:   ../../../../combination/full_datacards/outs/Impacts_CMS_lumi_13TeV_2018.txt
#	modified:   ../../../../combination/full_datacards/outs/Impacts_CMS_lumi_13TeV_correlated.txt
#	modified:   ../../../../combination/full_datacards/outs/Impacts_CMS_pileup_2016.txt
#	modified:   ../../../../combination/full_datacards/outs/Impacts_CMS_pileup_2016APV.txt
#	modified:   ../../../../combination/full_datacards/outs/Impacts_CMS_pileup_2017.txt
#	modified:   ../../../../combination/full_datacards/outs/Impacts_CMS_pileup_2018.txt
#	modified:   ../../../../combination/full_datacards/outs/Impacts_CMS_pileup_id.txt
#	modified:   ../../../../combination/full_datacards/outs/Impacts_CMS_res_j_2016.txt
#	modified:   ../../../../combination/full_datacards/outs/Impacts_CMS_res_j_2016APV.txt
#	modified:   ../../../../combination/full_datacards/outs/Impacts_CMS_res_j_2017.txt
#	modified:   ../../../../combination/full_datacards/outs/Impacts_CMS_res_j_2018.txt
#	modified:   ../../../../combination/full_datacards/outs/Impacts_CMS_scale_j_Abs.txt
#	modified:   ../../../../combination/full_datacards/outs/Impacts_CMS_scale_j_Abs_2016.txt
#	modified:   ../../../../combination/full_datacards/outs/Impacts_CMS_scale_j_Abs_2016APV.txt
#	modified:   ../../../../combination/full_datacards/outs/Impacts_CMS_scale_j_Abs_2017.txt
#	modified:   ../../../../combination/full_datacards/outs/Impacts_CMS_scale_j_Abs_2018.txt
#	modified:   ../../../../combination/full_datacards/outs/Impacts_CMS_scale_j_BBEC1.txt
#	modified:   ../../../../combination/full_datacards/outs/Impacts_CMS_scale_j_BBEC1_2016.txt
#	modified:   ../../../../combination/full_datacards/outs/Impacts_CMS_scale_j_BBEC1_2016APV.txt
#	modified:   ../../../../combination/full_datacards/outs/Impacts_CMS_scale_j_BBEC1_2017.txt
#	modified:   ../../../../combination/full_datacards/outs/Impacts_CMS_scale_j_BBEC1_2018.txt
#	modified:   ../../../../combination/full_datacards/outs/Impacts_CMS_scale_j_EC2.txt
#	modified:   ../../../../combination/full_datacards/outs/Impacts_CMS_scale_j_EC2_2016.txt
#	modified:   ../../../../combination/full_datacards/outs/Impacts_CMS_scale_j_EC2_2016APV.txt
#	modified:   ../../../../combination/full_datacards/outs/Impacts_CMS_scale_j_EC2_2017.txt
#	modified:   ../../../../combination/full_datacards/outs/Impacts_CMS_scale_j_EC2_2018.txt
#	modified:   ../../../../combination/full_datacards/outs/Impacts_CMS_scale_j_FlavQCD.txt
#	modified:   ../../../../combination/full_datacards/outs/Impacts_CMS_scale_j_HF.txt
#	modified:   ../../../../combination/full_datacards/outs/Impacts_CMS_scale_j_HF_2016.txt
#	modified:   ../../../../combination/full_datacards/outs/Impacts_CMS_scale_j_HF_2016APV.txt
#	modified:   ../../../../combination/full_datacards/outs/Impacts_CMS_scale_j_HF_2017.txt
#	modified:   ../../../../combination/full_datacards/outs/Impacts_CMS_scale_j_HF_2018.txt
#	modified:   ../../../../combination/full_datacards/outs/Impacts_CMS_scale_j_RelBal.txt
#	modified:   ../../../../combination/full_datacards/outs/Impacts_CMS_scale_j_RelSample_2016.txt
#	modified:   ../../../../combination/full_datacards/outs/Impacts_CMS_scale_j_RelSample_2016APV.txt
#	modified:   ../../../../combination/full_datacards/outs/Impacts_CMS_scale_j_RelSample_2017.txt
#	modified:   ../../../../combination/full_datacards/outs/Impacts_CMS_scale_j_RelSample_2018.txt
#	modified:   ../../../../combination/full_datacards/outs/Impacts_PDF_WH_ACCEPT_CMS_HWW_boosted.txt
#	modified:   ../../../../combination/full_datacards/outs/Impacts_PDF_ZH_ACCEPT_CMS_HWW_boosted.txt
#	modified:   ../../../../combination/full_datacards/outs/Impacts_PDF_ggH_ACCEPT_CMS_HWW_boosted.txt
#	modified:   ../../../../combination/full_datacards/outs/Impacts_PDF_qqH_ACCEPT_CMS_HWW_boosted.txt
#	modified:   ../../../../combination/full_datacards/outs/Impacts_PDF_single_top_ACCEPT_CMS_HWW_boosted.txt
#	modified:   ../../../../combination/full_datacards/outs/Impacts_PDF_singletop_ACCEPT_CMS_HWW_boosted.txt
#	modified:   ../../../../combination/full_datacards/outs/Impacts_PDF_ttH_ACCEPT_CMS_HWW_boosted.txt
#	modified:   ../../../../combination/full_datacards/outs/Impacts_PDF_ttbar_ACCEPT_CMS_HWW_boosted.txt
#	modified:   ../../../../combination/full_datacards/outs/Impacts_PDF_wjets_ACCEPT_CMS_HWW_boosted.txt
#	modified:   ../../../../combination/full_datacards/outs/Impacts_QCDscale_VBF.txt
#	modified:   ../../../../combination/full_datacards/outs/Impacts_QCDscale_WH.txt
#	modified:   ../../../../combination/full_datacards/outs/Impacts_QCDscale_WH_ACCEPT_CMS_HWW_boosted.txt
#	modified:   ../../../../combination/full_datacards/outs/Impacts_QCDscale_ZH.txt
#	modified:   ../../../../combination/full_datacards/outs/Impacts_QCDscale_ZH_ACCEPT_CMS_HWW_boosted.txt
#	modified:   ../../../../combination/full_datacards/outs/Impacts_QCDscale_ggF.txt
#	modified:   ../../../../combination/full_datacards/outs/Impacts_QCDscale_ggH.txt
#	modified:   ../../../../combination/full_datacards/outs/Impacts_QCDscale_ggH_ACCEPT_CMS_HWW_boosted.txt
#	modified:   ../../../../combination/full_datacards/outs/Impacts_QCDscale_qqH.txt
#	modified:   ../../../../combination/full_datacards/outs/Impacts_QCDscale_qqH_ACCEPT_CMS_HWW_boosted.txt
#	modified:   ../../../../combination/full_datacards/outs/Impacts_QCDscale_rest_bkg.txt
#	modified:   ../../../../combination/full_datacards/outs/Impacts_QCDscale_single_top.txt
#	modified:   ../../../../combination/full_datacards/outs/Impacts_QCDscale_single_top_ACCEPT_CMS_HWW_boosted.txt
#	modified:   ../../../../combination/full_datacards/outs/Impacts_QCDscale_singletop_ACCEPT_CMS_HWW_boosted.txt
#	modified:   ../../../../combination/full_datacards/outs/Impacts_QCDscale_ttH.txt
#	modified:   ../../../../combination/full_datacards/outs/Impacts_QCDscale_ttH_ACCEPT_CMS_HWW_boosted.txt
#	modified:   ../../../../combination/full_datacards/outs/Impacts_QCDscale_ttbar.txt
#	modified:   ../../../../combination/full_datacards/outs/Impacts_QCDscale_ttbar_ACCEPT_CMS_HWW_boosted.txt
#	modified:   ../../../../combination/full_datacards/outs/Impacts_QCDscale_wjets.txt
#	modified:   ../../../../combination/full_datacards/outs/Impacts_QCDscale_wjets_ACCEPT_CMS_HWW_boosted.txt
#	modified:   ../../../../combination/full_datacards/outs/Impacts_alpha_s.txt
#	modified:   ../../../../combination/full_datacards/outs/Impacts_collect.txt
#	modified:   ../../../../combination/full_datacards/outs/Impacts_init.txt
#	modified:   ../../../../combination/full_datacards/outs/Impacts_lumi_13TeV_1718.txt
#	modified:   ../../../../combination/full_datacards/outs/Impacts_lumi_13TeV_2016.txt
#	modified:   ../../../../combination/full_datacards/outs/Impacts_lumi_13TeV_2017.txt
#	modified:   ../../../../combination/full_datacards/outs/Impacts_lumi_13TeV_2018.txt
#	modified:   ../../../../combination/full_datacards/outs/Impacts_lumi_13TeV_correlated.txt
#	modified:   ../../../../combination/full_datacards/outs/Impacts_pdf_Higgs_WH.txt
#	modified:   ../../../../combination/full_datacards/outs/Impacts_pdf_Higgs_ZH.txt
#	modified:   ../../../../combination/full_datacards/outs/Impacts_pdf_Higgs_ggH.txt
#	modified:   ../../../../combination/full_datacards/outs/Impacts_pdf_Higgs_qqH.txt
#	modified:   ../../../../combination/full_datacards/outs/Impacts_pdf_Higgs_ttH.txt
#	modified:   ../../../../combination/full_datacards/outs/Impacts_pdf_rest_bkg.txt
#	modified:   ../../../../combination/full_datacards/outs/Impacts_pdf_single_top.txt
#	modified:   ../../../../combination/full_datacards/outs/Impacts_pdf_ttbar.txt
#	modified:   ../../../../combination/full_datacards/outs/Impacts_pdf_wjets.txt
#	modified:   ../../../../combination/full_datacards/outs/Impacts_ps_fsr_WH.txt
#	modified:   ../../../../combination/full_datacards/outs/Impacts_ps_fsr_ZH.txt
#	modified:   ../../../../combination/full_datacards/outs/Impacts_ps_fsr_ggH.txt
#	modified:   ../../../../combination/full_datacards/outs/Impacts_ps_fsr_qqH.txt
#	modified:   ../../../../combination/full_datacards/outs/Impacts_ps_fsr_rest_bkg.txt
#	modified:   ../../../../combination/full_datacards/outs/Impacts_ps_fsr_single_top.txt
#	modified:   ../../../../combination/full_datacards/outs/Impacts_ps_fsr_singletop.txt
#	modified:   ../../../../combination/full_datacards/outs/Impacts_ps_fsr_ttH.txt
#	modified:   ../../../../combination/full_datacards/outs/Impacts_ps_fsr_ttbar.txt
#	modified:   ../../../../combination/full_datacards/outs/Impacts_ps_fsr_wjets.txt
#	modified:   ../../../../combination/full_datacards/outs/Impacts_ps_isr_WH.txt
#	modified:   ../../../../combination/full_datacards/outs/Impacts_ps_isr_ZH.txt
#	modified:   ../../../../combination/full_datacards/outs/Impacts_ps_isr_ggH.txt
#	modified:   ../../../../combination/full_datacards/outs/Impacts_ps_isr_qqH.txt
#	modified:   ../../../../combination/full_datacards/outs/Impacts_ps_isr_rest_bkg.txt
#	modified:   ../../../../combination/full_datacards/outs/Impacts_ps_isr_single_top.txt
#	modified:   ../../../../combination/full_datacards/outs/Impacts_ps_isr_singletop.txt
#	modified:   ../../../../combination/full_datacards/outs/Impacts_ps_isr_ttH.txt
#	modified:   ../../../../combination/full_datacards/outs/Impacts_ps_isr_ttbar.txt
#	modified:   ../../../../combination/full_datacards/outs/Impacts_ps_isr_wjets.txt
#	modified:   ../../../../combination/full_datacards/outs/Impacts_tqqeffSF_2016.txt
#	modified:   ../../../../combination/full_datacards/outs/Impacts_tqqeffSF_2016APV.txt
#	modified:   ../../../../combination/full_datacards/outs/Impacts_tqqeffSF_2017.txt
#	modified:   ../../../../combination/full_datacards/outs/Impacts_tqqeffSF_2018.txt
#	modified:   ../../../../combination/full_datacards/outs/Impacts_tqqnormSF_2016.txt
#	modified:   ../../../../combination/full_datacards/outs/Impacts_tqqnormSF_2016APV.txt
#	modified:   ../../../../combination/full_datacards/outs/Impacts_tqqnormSF_2017.txt
#	modified:   ../../../../combination/full_datacards/outs/Impacts_tqqnormSF_2018.txt
#	modified:   ../../../../combination/full_datacards/outs/Impacts_ttbarnormSF.txt
#	modified:   ../../../../combination/full_datacards/outs/Impacts_unclustered_Energy.txt
#	modified:   ../../../../combination/full_datacards/outs/Impacts_wjetsnormSF.txt
#	modified:   ../../../../combination/full_datacards/outs/MultiDimFit.txt
#	modified:   ../../../../combination/full_datacards/outs/Significance.txt
#	deleted:    ../../../../combination/full_datacards/outs/init.log
#	modified:   ../../../../combination/full_datacards/outs/text2workspace.txt
#	modified:   ../../../../combination/full_datacards/shapes2016.root
#	modified:   ../../../../combination/full_datacards/shapes2016APV.root
#	modified:   ../../../../combination/full_datacards/shapes2016APV_TopCR.root
#	modified:   ../../../../combination/full_datacards/shapes2016_TopCR.root
#	modified:   ../../../../combination/full_datacards/shapes2017.root
#	modified:   ../../../../combination/full_datacards/shapes2017_TopCR.root
#	modified:   ../../../../combination/full_datacards/shapes2018.root
#	modified:   ../../../../combination/full_datacards/shapes2018_TopCR.root
#	modified:   ../../../../combination/full_datacards/testModel.root
#	deleted:    ../../../../combination/full_datacards_check/CR1.txt
#	deleted:    ../../../../combination/full_datacards_check/CR1Blinded.txt
#	deleted:    ../../../../combination/full_datacards_check/CR2.txt
#	deleted:    ../../../../combination/full_datacards_check/CR2Blinded.txt
#	deleted:    ../../../../combination/full_datacards_check/HWWfullhad.root
#	deleted:    ../../../../combination/full_datacards_check/README.md
#	deleted:    ../../../../combination/full_datacards_check/SR1a.txt
#	deleted:    ../../../../combination/full_datacards_check/SR1aBlinded.txt
#	deleted:    ../../../../combination/full_datacards_check/SR1b.txt
#	deleted:    ../../../../combination/full_datacards_check/SR1bBlinded.txt
#	deleted:    ../../../../combination/full_datacards_check/SR1fail2016.txt
#	deleted:    ../../../../combination/full_datacards_check/SR1fail2016APV.txt
#	deleted:    ../../../../combination/full_datacards_check/SR1fail2017.txt
#	deleted:    ../../../../combination/full_datacards_check/SR1fail2018.txt
#	deleted:    ../../../../combination/full_datacards_check/SR1pass2016.txt
#	deleted:    ../../../../combination/full_datacards_check/SR1pass2016APV.txt
#	deleted:    ../../../../combination/full_datacards_check/SR1pass2017.txt
#	deleted:    ../../../../combination/full_datacards_check/SR1pass2018.txt
#	deleted:    ../../../../combination/full_datacards_check/SR2a.txt
#	deleted:    ../../../../combination/full_datacards_check/SR2aBlinded.txt
#	deleted:    ../../../../combination/full_datacards_check/SR2b.txt
#	deleted:    ../../../../combination/full_datacards_check/SR2bBlinded.txt
#	deleted:    ../../../../combination/full_datacards_check/TopCR.txt
#	deleted:    ../../../../combination/full_datacards_check/TopCRfail2016.txt
#	deleted:    ../../../../combination/full_datacards_check/TopCRfail2016APV.txt
#	deleted:    ../../../../combination/full_datacards_check/TopCRfail2017.txt
#	deleted:    ../../../../combination/full_datacards_check/TopCRfail2018.txt
#	deleted:    ../../../../combination/full_datacards_check/TopCRpass2016.txt
#	deleted:    ../../../../combination/full_datacards_check/TopCRpass2016APV.txt
#	deleted:    ../../../../combination/full_datacards_check/TopCRpass2017.txt
#	deleted:    ../../../../combination/full_datacards_check/TopCRpass2018.txt
#	deleted:    ../../../../combination/full_datacards_check/VBF.txt
#	deleted:    ../../../../combination/full_datacards_check/WJetsCR.txt
#	deleted:    ../../../../combination/full_datacards_check/build.sh
#	deleted:    ../../../../combination/full_datacards_check/combine_logger.out
#	deleted:    ../../../../combination/full_datacards_check/combined.txt
#	deleted:    ../../../../combination/full_datacards_check/combined_withmasks.root
#	deleted:    ../../../../combination/full_datacards_check/ggFpt250to350.txt
#	deleted:    ../../../../combination/full_datacards_check/ggFpt350to500.txt
#	deleted:    ../../../../combination/full_datacards_check/ggFpt500toInf.txt
#	deleted:    ../../../../combination/full_datacards_check/higgsCombine.AsymptoticLimits.mH125.44.root
#	deleted:    ../../../../combination/full_datacards_check/higgsCombine.Significance.mH125.123456.root
#	deleted:    ../../../../combination/full_datacards_check/higgsCombineHWW.ChannelCompatibilityCheck.mH125.root
#	deleted:    ../../../../combination/full_datacards_check/higgsCombineSnapshot.MultiDimFit.mH125.root
#	deleted:    ../../../../combination/full_datacards_check/higgsCombineTest.AsymptoticLimits.mH120.root
#	deleted:    ../../../../combination/full_datacards_check/higgsCombineTest.ChannelCompatibilityCheck.mH120.root
#	deleted:    ../../../../combination/full_datacards_check/higgsCombineTest.Significance.mH120.root
#	deleted:    ../../../../combination/full_datacards_check/higgsCombine_initialFit_impacts.MultiDimFit.mH125.root
#	deleted:    ../../../../combination/full_datacards_check/higgsCombine_paramFit_impacts_BR_hww.MultiDimFit.mH125.root
#	deleted:    ../../../../combination/full_datacards_check/higgsCombine_paramFit_impacts_CMS_HWW_FakeRate_EWK_SF_flavor_uncertainty.MultiDimFit.mH125.root
#	deleted:    ../../../../combination/full_datacards_check/higgsCombine_paramFit_impacts_CMS_HWW_boosted_CR1_mcstat_bin0.MultiDimFit.mH125.root
#	deleted:    ../../../../combination/full_datacards_check/higgsCombine_paramFit_impacts_CMS_HWW_boosted_CR1_mcstat_bin1.MultiDimFit.mH125.root
#	deleted:    ../../../../combination/full_datacards_check/higgsCombine_paramFit_impacts_CMS_HWW_boosted_CR1_mcstat_bin10.MultiDimFit.mH125.root
#	deleted:    ../../../../combination/full_datacards_check/higgsCombine_paramFit_impacts_CMS_HWW_boosted_CR1_mcstat_bin11.MultiDimFit.mH125.root
#	deleted:    ../../../../combination/full_datacards_check/higgsCombine_paramFit_impacts_CMS_HWW_boosted_CR1_mcstat_bin12.MultiDimFit.mH125.root
#	deleted:    ../../../../combination/full_datacards_check/higgsCombine_paramFit_impacts_CMS_HWW_boosted_CR1_mcstat_bin13.MultiDimFit.mH125.root
#	deleted:    ../../../../combination/full_datacards_check/higgsCombine_paramFit_impacts_CMS_HWW_boosted_CR1_mcstat_bin14.MultiDimFit.mH125.root
#	deleted:    ../../../../combination/full_datacards_check/higgsCombine_paramFit_impacts_CMS_HWW_boosted_CR1_mcstat_bin15.MultiDimFit.mH125.root
#	deleted:    ../../../../combination/full_datacards_check/higgsCombine_paramFit_impacts_CMS_HWW_boosted_CR1_mcstat_bin16.MultiDimFit.mH125.root
#	deleted:    ../../../../combination/full_datacards_check/higgsCombine_paramFit_impacts_CMS_HWW_boosted_CR1_mcstat_bin17.MultiDimFit.mH125.root
#	deleted:    ../../../../combination/full_datacards_check/higgsCombine_paramFit_impacts_CMS_HWW_boosted_CR1_mcstat_bin18.MultiDimFit.mH125.root
#	deleted:    ../../../../combination/full_datacards_check/higgsCombine_paramFit_impacts_CMS_HWW_boosted_CR1_mcstat_bin19.MultiDimFit.mH125.root
#	deleted:    ../../../../combination/full_datacards_check/higgsCombine_paramFit_impacts_CMS_HWW_boosted_CR1_mcstat_bin2.MultiDimFit.mH125.root
#	deleted:    ../../../../combination/full_datacards_check/higgsCombine_paramFit_impacts_CMS_HWW_boosted_CR1_mcstat_bin3.MultiDimFit.mH125.root
#	deleted:    ../../../../combination/full_datacards_check/higgsCombine_paramFit_impacts_CMS_HWW_boosted_CR1_mcstat_bin4.MultiDimFit.mH125.root
#	deleted:    ../../../../combination/full_datacards_check/higgsCombine_paramFit_impacts_CMS_HWW_boosted_CR1_mcstat_bin5.MultiDimFit.mH125.root
#	deleted:    ../../../../combination/full_datacards_check/higgsCombine_paramFit_impacts_CMS_HWW_boosted_CR1_mcstat_bin6.MultiDimFit.mH125.root
#	deleted:    ../../../../combination/full_datacards_check/higgsCombine_paramFit_impacts_CMS_HWW_boosted_CR1_mcstat_bin7.MultiDimFit.mH125.root
#	deleted:    ../../../../combination/full_datacards_check/higgsCombine_paramFit_impacts_CMS_HWW_boosted_CR1_mcstat_bin8.MultiDimFit.mH125.root
#	deleted:    ../../../../combination/full_datacards_check/higgsCombine_paramFit_impacts_CMS_HWW_boosted_CR1_mcstat_bin9.MultiDimFit.mH125.root
#	deleted:    ../../../../combination/full_datacards_check/higgsCombine_paramFit_impacts_CMS_HWW_boosted_CR2_mcstat_bin0.MultiDimFit.mH125.root
#	deleted:    ../../../../combination/full_datacards_check/higgsCombine_paramFit_impacts_CMS_HWW_boosted_CR2_mcstat_bin1.MultiDimFit.mH125.root
#	deleted:    ../../../../combination/full_datacards_check/higgsCombine_paramFit_impacts_CMS_HWW_boosted_CR2_mcstat_bin10.MultiDimFit.mH125.root
#	deleted:    ../../../../combination/full_datacards_check/higgsCombine_paramFit_impacts_CMS_HWW_boosted_CR2_mcstat_bin11.MultiDimFit.mH125.root
#	deleted:    ../../../../combination/full_datacards_check/higgsCombine_paramFit_impacts_CMS_HWW_boosted_CR2_mcstat_bin12.MultiDimFit.mH125.root
#	deleted:    ../../../../combination/full_datacards_check/higgsCombine_paramFit_impacts_CMS_HWW_boosted_CR2_mcstat_bin13.MultiDimFit.mH125.root
#	deleted:    ../../../../combination/full_datacards_check/higgsCombine_paramFit_impacts_CMS_HWW_boosted_CR2_mcstat_bin14.MultiDimFit.mH125.root
#	deleted:    ../../../../combination/full_datacards_check/higgsCombine_paramFit_impacts_CMS_HWW_boosted_CR2_mcstat_bin15.MultiDimFit.mH125.root
#	deleted:    ../../../../combination/full_datacards_check/higgsCombine_paramFit_impacts_CMS_HWW_boosted_CR2_mcstat_bin16.MultiDimFit.mH125.root
#	deleted:    ../../../../combination/full_datacards_check/higgsCombine_paramFit_impacts_CMS_HWW_boosted_CR2_mcstat_bin17.MultiDimFit.mH125.root
#	deleted:    ../../../../combination/full_datacards_check/higgsCombine_paramFit_impacts_CMS_HWW_boosted_CR2_mcstat_bin18.MultiDimFit.mH125.root
#	deleted:    ../../../../combination/full_datacards_check/higgsCombine_paramFit_impacts_CMS_HWW_boosted_CR2_mcstat_bin19.MultiDimFit.mH125.root
#	deleted:    ../../../../combination/full_datacards_check/higgsCombine_paramFit_impacts_CMS_HWW_boosted_CR2_mcstat_bin2.MultiDimFit.mH125.root
#	deleted:    ../../../../combination/full_datacards_check/higgsCombine_paramFit_impacts_CMS_HWW_boosted_CR2_mcstat_bin3.MultiDimFit.mH125.root
#	deleted:    ../../../../combination/full_datacards_check/higgsCombine_paramFit_impacts_CMS_HWW_boosted_CR2_mcstat_bin4.MultiDimFit.mH125.root
#	deleted:    ../../../../combination/full_datacards_check/higgsCombine_paramFit_impacts_CMS_HWW_boosted_CR2_mcstat_bin5.MultiDimFit.mH125.root
#	deleted:    ../../../../combination/full_datacards_check/higgsCombine_paramFit_impacts_CMS_HWW_boosted_CR2_mcstat_bin6.MultiDimFit.mH125.root
#	deleted:    ../../../../combination/full_datacards_check/higgsCombine_paramFit_impacts_CMS_HWW_boosted_CR2_mcstat_bin7.MultiDimFit.mH125.root
#	deleted:    ../../../../combination/full_datacards_check/higgsCombine_paramFit_impacts_CMS_HWW_boosted_CR2_mcstat_bin8.MultiDimFit.mH125.root
#	deleted:    ../../../../combination/full_datacards_check/higgsCombine_paramFit_impacts_CMS_HWW_boosted_CR2_mcstat_bin9.MultiDimFit.mH125.root
#	deleted:    ../../../../combination/full_datacards_check/higgsCombine_paramFit_impacts_CMS_HWW_boosted_EW_unc.MultiDimFit.mH125.root
#	deleted:    ../../../../combination/full_datacards_check/higgsCombine_paramFit_impacts_CMS_HWW_boosted_FakeRate_EWK_SF_statistical_uncertainty.MultiDimFit.mH125.root
#	deleted:    ../../../../combination/full_datacards_check/higgsCombine_paramFit_impacts_CMS_HWW_boosted_FakeRate_statistical_uncertainty.MultiDimFit.mH125.root
#	deleted:    ../../../../combination/full_datacards_check/higgsCombine_paramFit_impacts_CMS_HWW_boosted_Fake_SF_uncertainty.MultiDimFit.mH125.root
#	deleted:    ../../../../combination/full_datacards_check/higgsCombine_paramFit_impacts_CMS_HWW_boosted_SR1_fail_mcstat_bin0.MultiDimFit.mH125.root
#	deleted:    ../../../../combination/full_datacards_check/higgsCombine_paramFit_impacts_CMS_HWW_boosted_SR1_fail_mcstat_bin1.MultiDimFit.mH125.root
#	deleted:    ../../../../combination/full_datacards_check/higgsCombine_paramFit_impacts_CMS_HWW_boosted_SR1_fail_mcstat_bin2.MultiDimFit.mH125.root
#	deleted:    ../../../../combination/full_datacards_check/higgsCombine_paramFit_impacts_CMS_HWW_boosted_SR1_fail_mcstat_bin3.MultiDimFit.mH125.root
#	deleted:    ../../../../combination/full_datacards_check/higgsCombine_paramFit_impacts_CMS_HWW_boosted_SR1_fail_mcstat_bin4.MultiDimFit.mH125.root
#	deleted:    ../../../../combination/full_datacards_check/higgsCombine_paramFit_impacts_CMS_HWW_boosted_SR1_fail_mcstat_bin5.MultiDimFit.mH125.root
#	deleted:    ../../../../combination/full_datacards_check/higgsCombine_paramFit_impacts_CMS_HWW_boosted_SR1_pass_mcstat_bin0.MultiDimFit.mH125.root
#	deleted:    ../../../../combination/full_datacards_check/higgsCombine_paramFit_impacts_CMS_HWW_boosted_SR1_pass_mcstat_bin1.MultiDimFit.mH125.root
#	deleted:    ../../../../combination/full_datacards_check/higgsCombine_paramFit_impacts_CMS_HWW_boosted_SR1_pass_mcstat_bin2.MultiDimFit.mH125.root
#	deleted:    ../../../../combination/full_datacards_check/higgsCombine_paramFit_impacts_CMS_HWW_boosted_SR1_pass_mcstat_bin3.MultiDimFit.mH125.root
#	deleted:    ../../../../combination/full_datacards_check/higgsCombine_paramFit_impacts_CMS_HWW_boosted_SR1_pass_mcstat_bin4.MultiDimFit.mH125.root
#	deleted:    ../../../../combination/full_datacards_check/higgsCombine_paramFit_impacts_CMS_HWW_boosted_SR1_pass_mcstat_bin5.MultiDimFit.mH125.root
#	deleted:    ../../../../combination/full_datacards_check/higgsCombine_paramFit_impacts_CMS_HWW_boosted_SR1a_mcstat_bin0.MultiDimFit.mH125.root
#	deleted:    ../../../../combination/full_datacards_check/higgsCombine_paramFit_impacts_CMS_HWW_boosted_SR1a_mcstat_bin1.MultiDimFit.mH125.root
#	deleted:    ../../../../combination/full_datacards_check/higgsCombine_paramFit_impacts_CMS_HWW_boosted_SR1a_mcstat_bin10.MultiDimFit.mH125.root
#	deleted:    ../../../../combination/full_datacards_check/higgsCombine_paramFit_impacts_CMS_HWW_boosted_SR1a_mcstat_bin11.MultiDimFit.mH125.root
#	deleted:    ../../../../combination/full_datacards_check/higgsCombine_paramFit_impacts_CMS_HWW_boosted_SR1a_mcstat_bin12.MultiDimFit.mH125.root
#	deleted:    ../../../../combination/full_datacards_check/higgsCombine_paramFit_impacts_CMS_HWW_boosted_SR1a_mcstat_bin13.MultiDimFit.mH125.root
#	deleted:    ../../../../combination/full_datacards_check/higgsCombine_paramFit_impacts_CMS_HWW_boosted_SR1a_mcstat_bin14.MultiDimFit.mH125.root
#	deleted:    ../../../../combination/full_datacards_check/higgsCombine_paramFit_impacts_CMS_HWW_boosted_SR1a_mcstat_bin15.MultiDimFit.mH125.root
#	deleted:    ../../../../combination/full_datacards_check/higgsCombine_paramFit_impacts_CMS_HWW_boosted_SR1a_mcstat_bin16.MultiDimFit.mH125.root
#	deleted:    ../../../../combination/full_datacards_check/higgsCombine_paramFit_impacts_CMS_HWW_boosted_SR1a_mcstat_bin17.MultiDimFit.mH125.root
#	deleted:    ../../../../combination/full_datacards_check/higgsCombine_paramFit_impacts_CMS_HWW_boosted_SR1a_mcstat_bin18.MultiDimFit.mH125.root
#	deleted:    ../../../../combination/full_datacards_check/higgsCombine_paramFit_impacts_CMS_HWW_boosted_SR1a_mcstat_bin19.MultiDimFit.mH125.root
#	deleted:    ../../../../combination/full_datacards_check/higgsCombine_paramFit_impacts_CMS_HWW_boosted_SR1a_mcstat_bin2.MultiDimFit.mH125.root
#	deleted:    ../../../../combination/full_datacards_check/higgsCombine_paramFit_impacts_CMS_HWW_boosted_SR1a_mcstat_bin3.MultiDimFit.mH125.root
#	deleted:    ../../../../combination/full_datacards_check/higgsCombine_paramFit_impacts_CMS_HWW_boosted_SR1a_mcstat_bin4.MultiDimFit.mH125.root
#	deleted:    ../../../../combination/full_datacards_check/higgsCombine_paramFit_impacts_CMS_HWW_boosted_SR1a_mcstat_bin5.MultiDimFit.mH125.root
#	deleted:    ../../../../combination/full_datacards_check/higgsCombine_paramFit_impacts_CMS_HWW_boosted_SR1a_mcstat_bin6.MultiDimFit.mH125.root
#	deleted:    ../../../../combination/full_datacards_check/higgsCombine_paramFit_impacts_CMS_HWW_boosted_SR1a_mcstat_bin7.MultiDimFit.mH125.root
#	deleted:    ../../../../combination/full_datacards_check/higgsCombine_paramFit_impacts_CMS_HWW_boosted_SR1a_mcstat_bin8.MultiDimFit.mH125.root
#	deleted:    ../../../../combination/full_datacards_check/higgsCombine_paramFit_impacts_CMS_HWW_boosted_SR1a_mcstat_bin9.MultiDimFit.mH125.root
#	deleted:    ../../../../combination/full_datacards_check/higgsCombine_paramFit_impacts_CMS_HWW_boosted_SR1b_mcstat_bin0.MultiDimFit.mH125.root
#	deleted:    ../../../../combination/full_datacards_check/higgsCombine_paramFit_impacts_CMS_HWW_boosted_SR1b_mcstat_bin1.MultiDimFit.mH125.root
#	deleted:    ../../../../combination/full_datacards_check/higgsCombine_paramFit_impacts_CMS_HWW_boosted_SR1b_mcstat_bin10.MultiDimFit.mH125.root
#	deleted:    ../../../../combination/full_datacards_check/higgsCombine_paramFit_impacts_CMS_HWW_boosted_SR1b_mcstat_bin11.MultiDimFit.mH125.root
#	deleted:    ../../../../combination/full_datacards_check/higgsCombine_paramFit_impacts_CMS_HWW_boosted_SR1b_mcstat_bin12.MultiDimFit.mH125.root
#	deleted:    ../../../../combination/full_datacards_check/higgsCombine_paramFit_impacts_CMS_HWW_boosted_SR1b_mcstat_bin13.MultiDimFit.mH125.root
#	deleted:    ../../../../combination/full_datacards_check/higgsCombine_paramFit_impacts_CMS_HWW_boosted_SR1b_mcstat_bin14.MultiDimFit.mH125.root
#	deleted:    ../../../../combination/full_datacards_check/higgsCombine_paramFit_impacts_CMS_HWW_boosted_SR1b_mcstat_bin15.MultiDimFit.mH125.root
#	deleted:    ../../../../combination/full_datacards_check/higgsCombine_paramFit_impacts_CMS_HWW_boosted_SR1b_mcstat_bin16.MultiDimFit.mH125.root
#	deleted:    ../../../../combination/full_datacards_check/higgsCombine_paramFit_impacts_CMS_HWW_boosted_SR1b_mcstat_bin17.MultiDimFit.mH125.root
#	deleted:    ../../../../combination/full_datacards_check/higgsCombine_paramFit_impacts_CMS_HWW_boosted_SR1b_mcstat_bin18.MultiDimFit.mH125.root
#	deleted:    ../../../../combination/full_datacards_check/higgsCombine_paramFit_impacts_CMS_HWW_boosted_SR1b_mcstat_bin19.MultiDimFit.mH125.root
#	deleted:    ../../../../combination/full_datacards_check/higgsCombine_paramFit_impacts_CMS_HWW_boosted_SR1b_mcstat_bin2.MultiDimFit.mH125.root
#	deleted:    ../../../../combination/full_datacards_check/higgsCombine_paramFit_impacts_CMS_HWW_boosted_SR1b_mcstat_bin3.MultiDimFit.mH125.root
#	deleted:    ../../../../combination/full_datacards_check/higgsCombine_paramFit_impacts_CMS_HWW_boosted_SR1b_mcstat_bin4.MultiDimFit.mH125.root
#	deleted:    ../../../../combination/full_datacards_check/higgsCombine_paramFit_impacts_CMS_HWW_boosted_SR1b_mcstat_bin5.MultiDimFit.mH125.root
#	deleted:    ../../../../combination/full_datacards_check/higgsCombine_paramFit_impacts_CMS_HWW_boosted_SR1b_mcstat_bin6.MultiDimFit.mH125.root
#	deleted:    ../../../../combination/full_datacards_check/higgsCombine_paramFit_impacts_CMS_HWW_boosted_SR1b_mcstat_bin7.MultiDimFit.mH125.root
#	deleted:    ../../../../combination/full_datacards_check/higgsCombine_paramFit_impacts_CMS_HWW_boosted_SR1b_mcstat_bin8.MultiDimFit.mH125.root
#	deleted:    ../../../../combination/full_datacards_check/higgsCombine_paramFit_impacts_CMS_HWW_boosted_SR1b_mcstat_bin9.MultiDimFit.mH125.root
#	deleted:    ../../../../combination/full_datacards_check/higgsCombine_paramFit_impacts_CMS_HWW_boosted_SR2a_WH_hww_mcstat_bin0.MultiDimFit.mH125.root
#	deleted:    ../../../../combination/full_datacards_check/higgsCombine_paramFit_impacts_CMS_HWW_boosted_SR2a_WH_hww_mcstat_bin1.MultiDimFit.mH125.root
#	deleted:    ../../../../combination/full_datacards_check/higgsCombine_paramFit_impacts_CMS_HWW_boosted_SR2a_WH_hww_mcstat_bin18.MultiDimFit.mH125.root
#	deleted:    ../../../../combination/full_datacards_check/higgsCombine_paramFit_impacts_CMS_HWW_boosted_SR2a_ZH_hww_mcstat_bin0.MultiDimFit.mH125.root
#	deleted:    ../../../../combination/full_datacards_check/higgsCombine_paramFit_impacts_CMS_HWW_boosted_SR2a_ZH_hww_mcstat_bin1.MultiDimFit.mH125.root
#	deleted:    ../../../../combination/full_datacards_check/higgsCombine_paramFit_impacts_CMS_HWW_boosted_SR2a_ZH_hww_mcstat_bin18.MultiDimFit.mH125.root
#	deleted:    ../../../../combination/full_datacards_check/higgsCombine_paramFit_impacts_CMS_HWW_boosted_SR2a_ggH_hww_mcstat_bin0.MultiDimFit.mH125.root
#	deleted:    ../../../../combination/full_datacards_check/higgsCombine_paramFit_impacts_CMS_HWW_boosted_SR2a_ggH_hww_mcstat_bin1.MultiDimFit.mH125.root
#	deleted:    ../../../../combination/full_datacards_check/higgsCombine_paramFit_impacts_CMS_HWW_boosted_SR2a_mcstat_bin10.MultiDimFit.mH125.root
#	deleted:    ../../../../combination/full_datacards_check/higgsCombine_paramFit_impacts_CMS_HWW_boosted_SR2a_mcstat_bin11.MultiDimFit.mH125.root
#	deleted:    ../../../../combination/full_datacards_check/higgsCombine_paramFit_impacts_CMS_HWW_boosted_SR2a_mcstat_bin12.MultiDimFit.mH125.root
#	deleted:    ../../../../combination/full_datacards_check/higgsCombine_paramFit_impacts_CMS_HWW_boosted_SR2a_mcstat_bin13.MultiDimFit.mH125.root
#	deleted:    ../../../../combination/full_datacards_check/higgsCombine_paramFit_impacts_CMS_HWW_boosted_SR2a_mcstat_bin14.MultiDimFit.mH125.root
#	deleted:    ../../../../combination/full_datacards_check/higgsCombine_paramFit_impacts_CMS_HWW_boosted_SR2a_mcstat_bin15.MultiDimFit.mH125.root
#	deleted:    ../../../../combination/full_datacards_check/higgsCombine_paramFit_impacts_CMS_HWW_boosted_SR2a_mcstat_bin16.MultiDimFit.mH125.root
#	deleted:    ../../../../combination/full_datacards_check/higgsCombine_paramFit_impacts_CMS_HWW_boosted_SR2a_mcstat_bin17.MultiDimFit.mH125.root
#	deleted:    ../../../../combination/full_datacards_check/higgsCombine_paramFit_impacts_CMS_HWW_boosted_SR2a_mcstat_bin19.MultiDimFit.mH125.root
#	deleted:    ../../../../combination/full_datacards_check/higgsCombine_paramFit_impacts_CMS_HWW_boosted_SR2a_mcstat_bin2.MultiDimFit.mH125.root
#	deleted:    ../../../../combination/full_datacards_check/higgsCombine_paramFit_impacts_CMS_HWW_boosted_SR2a_mcstat_bin3.MultiDimFit.mH125.root
#	deleted:    ../../../../combination/full_datacards_check/higgsCombine_paramFit_impacts_CMS_HWW_boosted_SR2a_mcstat_bin4.MultiDimFit.mH125.root
#	deleted:    ../../../../combination/full_datacards_check/higgsCombine_paramFit_impacts_CMS_HWW_boosted_SR2a_mcstat_bin5.MultiDimFit.mH125.root
#	deleted:    ../../../../combination/full_datacards_check/higgsCombine_paramFit_impacts_CMS_HWW_boosted_SR2a_mcstat_bin6.MultiDimFit.mH125.root
#	deleted:    ../../../../combination/full_datacards_check/higgsCombine_paramFit_impacts_CMS_HWW_boosted_SR2a_mcstat_bin7.MultiDimFit.mH125.root
#	deleted:    ../../../../combination/full_datacards_check/higgsCombine_paramFit_impacts_CMS_HWW_boosted_SR2a_mcstat_bin8.MultiDimFit.mH125.root
#	deleted:    ../../../../combination/full_datacards_check/higgsCombine_paramFit_impacts_CMS_HWW_boosted_SR2a_mcstat_bin9.MultiDimFit.mH125.root
#	deleted:    ../../../../combination/full_datacards_check/higgsCombine_paramFit_impacts_CMS_HWW_boosted_SR2a_qqH_hww_mcstat_bin0.MultiDimFit.mH125.root
#	deleted:    ../../../../combination/full_datacards_check/higgsCombine_paramFit_impacts_CMS_HWW_boosted_SR2a_qqH_hww_mcstat_bin1.MultiDimFit.mH125.root
#	deleted:    ../../../../combination/full_datacards_check/higgsCombine_paramFit_impacts_CMS_HWW_boosted_SR2a_rest_bkg_mcstat_bin1.MultiDimFit.mH125.root
#	deleted:    ../../../../combination/full_datacards_check/higgsCombine_paramFit_impacts_CMS_HWW_boosted_SR2a_rest_bkg_mcstat_bin18.MultiDimFit.mH125.root
#	deleted:    ../../../../combination/full_datacards_check/higgsCombine_paramFit_impacts_CMS_HWW_boosted_SR2a_single_top_mcstat_bin18.MultiDimFit.mH125.root
#	deleted:    ../../../../combination/full_datacards_check/higgsCombine_paramFit_impacts_CMS_HWW_boosted_SR2a_ttH_hww_mcstat_bin0.MultiDimFit.mH125.root
#	deleted:    ../../../../combination/full_datacards_check/higgsCombine_paramFit_impacts_CMS_HWW_boosted_SR2a_ttH_hww_mcstat_bin1.MultiDimFit.mH125.root
#	deleted:    ../../../../combination/full_datacards_check/higgsCombine_paramFit_impacts_CMS_HWW_boosted_SR2a_ttH_hww_mcstat_bin18.MultiDimFit.mH125.root
#	deleted:    ../../../../combination/full_datacards_check/higgsCombine_paramFit_impacts_CMS_HWW_boosted_SR2a_ttbar_mcstat_bin0.MultiDimFit.mH125.root
#	deleted:    ../../../../combination/full_datacards_check/higgsCombine_paramFit_impacts_CMS_HWW_boosted_SR2a_ttbar_mcstat_bin1.MultiDimFit.mH125.root
#	deleted:    ../../../../combination/full_datacards_check/higgsCombine_paramFit_impacts_CMS_HWW_boosted_SR2a_ttbar_mcstat_bin18.MultiDimFit.mH125.root
#	deleted:    ../../../../combination/full_datacards_check/higgsCombine_paramFit_impacts_CMS_HWW_boosted_SR2a_wjets_mcstat_bin0.MultiDimFit.mH125.root
#	deleted:    ../../../../combination/full_datacards_check/higgsCombine_paramFit_impacts_CMS_HWW_boosted_SR2a_wjets_mcstat_bin1.MultiDimFit.mH125.root
#	deleted:    ../../../../combination/full_datacards_check/higgsCombine_paramFit_impacts_CMS_HWW_boosted_SR2a_wjets_mcstat_bin18.MultiDimFit.mH125.root
#	deleted:    ../../../../combination/full_datacards_check/higgsCombine_paramFit_impacts_CMS_HWW_boosted_SR2b_mcstat_bin0.MultiDimFit.mH125.root
#	deleted:    ../../../../combination/full_datacards_check/higgsCombine_paramFit_impacts_CMS_HWW_boosted_SR2b_mcstat_bin1.MultiDimFit.mH125.root
#	deleted:    ../../../../combination/full_datacards_check/higgsCombine_paramFit_impacts_CMS_HWW_boosted_SR2b_mcstat_bin10.MultiDimFit.mH125.root
#	deleted:    ../../../../combination/full_datacards_check/higgsCombine_paramFit_impacts_CMS_HWW_boosted_SR2b_mcstat_bin11.MultiDimFit.mH125.root
#	deleted:    ../../../../combination/full_datacards_check/higgsCombine_paramFit_impacts_CMS_HWW_boosted_SR2b_mcstat_bin12.MultiDimFit.mH125.root
#	deleted:    ../../../../combination/full_datacards_check/higgsCombine_paramFit_impacts_CMS_HWW_boosted_SR2b_mcstat_bin13.MultiDimFit.mH125.root
#	deleted:    ../../../../combination/full_datacards_check/higgsCombine_paramFit_impacts_CMS_HWW_boosted_SR2b_mcstat_bin14.MultiDimFit.mH125.root
#	deleted:    ../../../../combination/full_datacards_check/higgsCombine_paramFit_impacts_CMS_HWW_boosted_SR2b_mcstat_bin15.MultiDimFit.mH125.root
#	deleted:    ../../../../combination/full_datacards_check/higgsCombine_paramFit_impacts_CMS_HWW_boosted_SR2b_mcstat_bin16.MultiDimFit.mH125.root
#	deleted:    ../../../../combination/full_datacards_check/higgsCombine_paramFit_impacts_CMS_HWW_boosted_SR2b_mcstat_bin17.MultiDimFit.mH125.root
#	deleted:    ../../../../combination/full_datacards_check/higgsCombine_paramFit_impacts_CMS_HWW_boosted_SR2b_mcstat_bin18.MultiDimFit.mH125.root
#	deleted:    ../../../../combination/full_datacards_check/higgsCombine_paramFit_impacts_CMS_HWW_boosted_SR2b_mcstat_bin19.MultiDimFit.mH125.root
#	deleted:    ../../../../combination/full_datacards_check/higgsCombine_paramFit_impacts_CMS_HWW_boosted_SR2b_mcstat_bin2.MultiDimFit.mH125.root
#	deleted:    ../../../../combination/full_datacards_check/higgsCombine_paramFit_impacts_CMS_HWW_boosted_SR2b_mcstat_bin3.MultiDimFit.mH125.root
#	deleted:    ../../../../combination/full_datacards_check/higgsCombine_paramFit_impacts_CMS_HWW_boosted_SR2b_mcstat_bin4.MultiDimFit.mH125.root
#	deleted:    ../../../../combination/full_datacards_check/higgsCombine_paramFit_impacts_CMS_HWW_boosted_SR2b_mcstat_bin5.MultiDimFit.mH125.root
#	deleted:    ../../../../combination/full_datacards_check/higgsCombine_paramFit_impacts_CMS_HWW_boosted_SR2b_mcstat_bin6.MultiDimFit.mH125.root
#	deleted:    ../../../../combination/full_datacards_check/higgsCombine_paramFit_impacts_CMS_HWW_boosted_SR2b_mcstat_bin7.MultiDimFit.mH125.root
#	deleted:    ../../../../combination/full_datacards_check/higgsCombine_paramFit_impacts_CMS_HWW_boosted_SR2b_mcstat_bin8.MultiDimFit.mH125.root
#	deleted:    ../../../../combination/full_datacards_check/higgsCombine_paramFit_impacts_CMS_HWW_boosted_SR2b_mcstat_bin9.MultiDimFit.mH125.root
#	deleted:    ../../../../combination/full_datacards_check/higgsCombine_paramFit_impacts_CMS_HWW_boosted_TopCR_fail_mcstat_bin0.MultiDimFit.mH125.root
#	deleted:    ../../../../combination/full_datacards_check/higgsCombine_paramFit_impacts_CMS_HWW_boosted_TopCR_fail_mcstat_bin1.MultiDimFit.mH125.root
#	deleted:    ../../../../combination/full_datacards_check/higgsCombine_paramFit_impacts_CMS_HWW_boosted_TopCR_fail_mcstat_bin2.MultiDimFit.mH125.root
#	deleted:    ../../../../combination/full_datacards_check/higgsCombine_paramFit_impacts_CMS_HWW_boosted_TopCR_fail_mcstat_bin3.MultiDimFit.mH125.root
#	deleted:    ../../../../combination/full_datacards_check/higgsCombine_paramFit_impacts_CMS_HWW_boosted_TopCR_fail_mcstat_bin4.MultiDimFit.mH125.root
#	deleted:    ../../../../combination/full_datacards_check/higgsCombine_paramFit_impacts_CMS_HWW_boosted_TopCR_fail_mcstat_bin5.MultiDimFit.mH125.root
#	deleted:    ../../../../combination/full_datacards_check/higgsCombine_paramFit_impacts_CMS_HWW_boosted_TopCR_mcstat_bin0.MultiDimFit.mH125.root
#	deleted:    ../../../../combination/full_datacards_check/higgsCombine_paramFit_impacts_CMS_HWW_boosted_TopCR_mcstat_bin1.MultiDimFit.mH125.root
#	deleted:    ../../../../combination/full_datacards_check/higgsCombine_paramFit_impacts_CMS_HWW_boosted_TopCR_mcstat_bin2.MultiDimFit.mH125.root
#	deleted:    ../../../../combination/full_datacards_check/higgsCombine_paramFit_impacts_CMS_HWW_boosted_TopCR_mcstat_bin3.MultiDimFit.mH125.root
#	deleted:    ../../../../combination/full_datacards_check/higgsCombine_paramFit_impacts_CMS_HWW_boosted_TopCR_mcstat_bin4.MultiDimFit.mH125.root
#	deleted:    ../../../../combination/full_datacards_check/higgsCombine_paramFit_impacts_CMS_HWW_boosted_TopCR_mcstat_bin5.MultiDimFit.mH125.root
#	deleted:    ../../../../combination/full_datacards_check/higgsCombine_paramFit_impacts_CMS_HWW_boosted_TopCR_mcstat_bin6.MultiDimFit.mH125.root
#	deleted:    ../../../../combination/full_datacards_check/higgsCombine_paramFit_impacts_CMS_HWW_boosted_TopCR_mcstat_bin7.MultiDimFit.mH125.root
#	deleted:    ../../../../combination/full_datacards_check/higgsCombine_paramFit_impacts_CMS_HWW_boosted_TopCR_mcstat_bin8.MultiDimFit.mH125.root
#	deleted:    ../../../../combination/full_datacards_check/higgsCombine_paramFit_impacts_CMS_HWW_boosted_TopCR_pass_mcstat_bin0.MultiDimFit.mH125.root
#	deleted:    ../../../../combination/full_datacards_check/higgsCombine_paramFit_impacts_CMS_HWW_boosted_TopCR_pass_mcstat_bin1.MultiDimFit.mH125.root
#	deleted:    ../../../../combination/full_datacards_check/higgsCombine_paramFit_impacts_CMS_HWW_boosted_TopCR_pass_mcstat_bin2.MultiDimFit.mH125.root
#	deleted:    ../../../../combination/full_datacards_check/higgsCombine_paramFit_impacts_CMS_HWW_boosted_TopCR_pass_mcstat_bin3.MultiDimFit.mH125.root
#	deleted:    ../../../../combination/full_datacards_check/higgsCombine_paramFit_impacts_CMS_HWW_boosted_TopCR_pass_mcstat_bin4.MultiDimFit.mH125.root
#	deleted:    ../../../../combination/full_datacards_check/higgsCombine_paramFit_impacts_CMS_HWW_boosted_TopCR_pass_mcstat_bin5.MultiDimFit.mH125.root
#	deleted:    ../../../../combination/full_datacards_check/higgsCombine_paramFit_impacts_CMS_HWW_boosted_TopPtReweight.MultiDimFit.mH125.root
#	deleted:    ../../../../combination/full_datacards_check/higgsCombine_paramFit_impacts_CMS_HWW_boosted_VBF_mcstat_bin0.MultiDimFit.mH125.root
#	deleted:    ../../../../combination/full_datacards_check/higgsCombine_paramFit_impacts_CMS_HWW_boosted_VBF_mcstat_bin1.MultiDimFit.mH125.root
#	deleted:    ../../../../combination/full_datacards_check/higgsCombine_paramFit_impacts_CMS_HWW_boosted_VBF_mcstat_bin2.MultiDimFit.mH125.root
#	deleted:    ../../../../combination/full_datacards_check/higgsCombine_paramFit_impacts_CMS_HWW_boosted_VBF_mcstat_bin3.MultiDimFit.mH125.root
#	deleted:    ../../../../combination/full_datacards_check/higgsCombine_paramFit_impacts_CMS_HWW_boosted_VBF_mcstat_bin4.MultiDimFit.mH125.root
#	deleted:    ../../../../combination/full_datacards_check/higgsCombine_paramFit_impacts_CMS_HWW_boosted_VBF_mcstat_bin5.MultiDimFit.mH125.root
#	deleted:    ../../../../combination/full_datacards_check/higgsCombine_paramFit_impacts_CMS_HWW_boosted_VBF_mcstat_bin6.MultiDimFit.mH125.root
#	deleted:    ../../../../combination/full_datacards_check/higgsCombine_paramFit_impacts_CMS_HWW_boosted_VBF_mcstat_bin7.MultiDimFit.mH125.root
#	deleted:    ../../../../combination/full_datacards_check/higgsCombine_paramFit_impacts_CMS_HWW_boosted_VBF_mcstat_bin8.MultiDimFit.mH125.root
#	deleted:    ../../../../combination/full_datacards_check/higgsCombine_paramFit_impacts_CMS_HWW_boosted_WJetsCR_mcstat_bin0.MultiDimFit.mH125.root
#	deleted:    ../../../../combination/full_datacards_check/higgsCombine_paramFit_impacts_CMS_HWW_boosted_WJetsCR_mcstat_bin1.MultiDimFit.mH125.root
#	deleted:    ../../../../combination/full_datacards_check/higgsCombine_paramFit_impacts_CMS_HWW_boosted_WJetsCR_mcstat_bin2.MultiDimFit.mH125.root
#	deleted:    ../../../../combination/full_datacards_check/higgsCombine_paramFit_impacts_CMS_HWW_boosted_WJetsCR_mcstat_bin3.MultiDimFit.mH125.root
#	deleted:    ../../../../combination/full_datacards_check/higgsCombine_paramFit_impacts_CMS_HWW_boosted_WJetsCR_mcstat_bin4.MultiDimFit.mH125.root
#	deleted:    ../../../../combination/full_datacards_check/higgsCombine_paramFit_impacts_CMS_HWW_boosted_WJetsCR_mcstat_bin5.MultiDimFit.mH125.root
#	deleted:    ../../../../combination/full_datacards_check/higgsCombine_paramFit_impacts_CMS_HWW_boosted_WJetsCR_mcstat_bin6.MultiDimFit.mH125.root
#	deleted:    ../../../../combination/full_datacards_check/higgsCombine_paramFit_impacts_CMS_HWW_boosted_WJetsCR_mcstat_bin7.MultiDimFit.mH125.root
#	deleted:    ../../../../combination/full_datacards_check/higgsCombine_paramFit_impacts_CMS_HWW_boosted_WJetsCR_mcstat_bin8.MultiDimFit.mH125.root
#	deleted:    ../../../../combination/full_datacards_check/higgsCombine_paramFit_impacts_CMS_HWW_boosted_W_d1kappa_EW.MultiDimFit.mH125.root
#	deleted:    ../../../../combination/full_datacards_check/higgsCombine_paramFit_impacts_CMS_HWW_boosted_W_d2kappa_EW.MultiDimFit.mH125.root
#	deleted:    ../../../../combination/full_datacards_check/higgsCombine_paramFit_impacts_CMS_HWW_boosted_W_d3kappa_EW.MultiDimFit.mH125.root
#	deleted:    ../../../../combination/full_datacards_check/higgsCombine_paramFit_impacts_CMS_HWW_boosted_Z_d2kappa_EW.MultiDimFit.mH125.root
#	deleted:    ../../../../combination/full_datacards_check/higgsCombine_paramFit_impacts_CMS_HWW_boosted_Z_d3kappa_EW.MultiDimFit.mH125.root
#	deleted:    ../../../../combination/full_datacards_check/higgsCombine_paramFit_impacts_CMS_HWW_boosted_btagSFbcCorrelated.MultiDimFit.mH125.root
#	deleted:    ../../../../combination/full_datacards_check/higgsCombine_paramFit_impacts_CMS_HWW_boosted_btagSFbcCorrelated_2016.MultiDimFit.mH125.root
#	deleted:    ../../../../combination/full_datacards_check/higgsCombine_paramFit_impacts_CMS_HWW_boosted_btagSFbcCorrelated_2016APV.MultiDimFit.mH125.root
#	deleted:    ../../../../combination/full_datacards_check/higgsCombine_paramFit_impacts_CMS_HWW_boosted_btagSFbcCorrelated_2017.MultiDimFit.mH125.root
#	deleted:    ../../../../combination/full_datacards_check/higgsCombine_paramFit_impacts_CMS_HWW_boosted_btagSFbcCorrelated_2018.MultiDimFit.mH125.root
#	deleted:    ../../../../combination/full_datacards_check/higgsCombine_paramFit_impacts_CMS_HWW_boosted_btagSFbc_2016.MultiDimFit.mH125.root
#	deleted:    ../../../../combination/full_datacards_check/higgsCombine_paramFit_impacts_CMS_HWW_boosted_btagSFbc_2016APV.MultiDimFit.mH125.root
#	deleted:    ../../../../combination/full_datacards_check/higgsCombine_paramFit_impacts_CMS_HWW_boosted_btagSFbc_2017.MultiDimFit.mH125.root
#	deleted:    ../../../../combination/full_datacards_check/higgsCombine_paramFit_impacts_CMS_HWW_boosted_btagSFbc_2018.MultiDimFit.mH125.root
#	deleted:    ../../../../combination/full_datacards_check/higgsCombine_paramFit_impacts_CMS_HWW_boosted_btagSFlightCorrelated.MultiDimFit.mH125.root
#	deleted:    ../../../../combination/full_datacards_check/higgsCombine_paramFit_impacts_CMS_HWW_boosted_btagSFlightCorrelated_2016.MultiDimFit.mH125.root
#	deleted:    ../../../../combination/full_datacards_check/higgsCombine_paramFit_impacts_CMS_HWW_boosted_btagSFlightCorrelated_2016APV.MultiDimFit.mH125.root
#	deleted:    ../../../../combination/full_datacards_check/higgsCombine_paramFit_impacts_CMS_HWW_boosted_btagSFlightCorrelated_2017.MultiDimFit.mH125.root
#	deleted:    ../../../../combination/full_datacards_check/higgsCombine_paramFit_impacts_CMS_HWW_boosted_btagSFlightCorrelated_2018.MultiDimFit.mH125.root
#	deleted:    ../../../../combination/full_datacards_check/higgsCombine_paramFit_impacts_CMS_HWW_boosted_btagSFlight_2016.MultiDimFit.mH125.root
#	deleted:    ../../../../combination/full_datacards_check/higgsCombine_paramFit_impacts_CMS_HWW_boosted_btagSFlight_2016APV.MultiDimFit.mH125.root
#	deleted:    ../../../../combination/full_datacards_check/higgsCombine_paramFit_impacts_CMS_HWW_boosted_btagSFlight_2017.MultiDimFit.mH125.root
#	deleted:    ../../../../combination/full_datacards_check/higgsCombine_paramFit_impacts_CMS_HWW_boosted_btagSFlight_2018.MultiDimFit.mH125.root
#	deleted:    ../../../../combination/full_datacards_check/higgsCombine_paramFit_impacts_CMS_HWW_boosted_d1K_NLO.MultiDimFit.mH125.root
#	deleted:    ../../../../combination/full_datacards_check/higgsCombine_paramFit_impacts_CMS_HWW_boosted_d2K_NLO.MultiDimFit.mH125.root
#	deleted:    ../../../../combination/full_datacards_check/higgsCombine_paramFit_impacts_CMS_HWW_boosted_d3K_NLO.MultiDimFit.mH125.root
#	deleted:    ../../../../combination/full_datacards_check/higgsCombine_paramFit_impacts_CMS_HWW_boosted_ele_identification.MultiDimFit.mH125.root
#	deleted:    ../../../../combination/full_datacards_check/higgsCombine_paramFit_impacts_CMS_HWW_boosted_ele_identification_2016.MultiDimFit.mH125.root
#	deleted:    ../../../../combination/full_datacards_check/higgsCombine_paramFit_impacts_CMS_HWW_boosted_ele_identification_2016APV.MultiDimFit.mH125.root
#	deleted:    ../../../../combination/full_datacards_check/higgsCombine_paramFit_impacts_CMS_HWW_boosted_ele_identification_2017.MultiDimFit.mH125.root
#	deleted:    ../../../../combination/full_datacards_check/higgsCombine_paramFit_impacts_CMS_HWW_boosted_ele_identification_2018.MultiDimFit.mH125.root
#	deleted:    ../../../../combination/full_datacards_check/higgsCombine_paramFit_impacts_CMS_HWW_boosted_ele_reconstruction.MultiDimFit.mH125.root
#	deleted:    ../../../../combination/full_datacards_check/higgsCombine_paramFit_impacts_CMS_HWW_boosted_ele_reconstruction_2016.MultiDimFit.mH125.root
#	deleted:    ../../../../combination/full_datacards_check/higgsCombine_paramFit_impacts_CMS_HWW_boosted_ele_reconstruction_2016APV.MultiDimFit.mH125.root
#	deleted:    ../../../../combination/full_datacards_check/higgsCombine_paramFit_impacts_CMS_HWW_boosted_ele_reconstruction_2017.MultiDimFit.mH125.root
#	deleted:    ../../../../combination/full_datacards_check/higgsCombine_paramFit_impacts_CMS_HWW_boosted_ele_reconstruction_2018.MultiDimFit.mH125.root
#	deleted:    ../../../../combination/full_datacards_check/higgsCombine_paramFit_impacts_CMS_HWW_boosted_ele_trigger_stat_unc_2016.MultiDimFit.mH125.root
#	deleted:    ../../../../combination/full_datacards_check/higgsCombine_paramFit_impacts_CMS_HWW_boosted_ele_trigger_stat_unc_2016APV.MultiDimFit.mH125.root
#	deleted:    ../../../../combination/full_datacards_check/higgsCombine_paramFit_impacts_CMS_HWW_boosted_ele_trigger_stat_unc_2017.MultiDimFit.mH125.root
#	deleted:    ../../../../combination/full_datacards_check/higgsCombine_paramFit_impacts_CMS_HWW_boosted_ele_trigger_stat_unc_2018.MultiDimFit.mH125.root
#	deleted:    ../../../../combination/full_datacards_check/higgsCombine_paramFit_impacts_CMS_HWW_boosted_ele_trigger_syst_unc.MultiDimFit.mH125.root
#	deleted:    ../../../../combination/full_datacards_check/higgsCombine_paramFit_impacts_CMS_HWW_boosted_electron_veto.MultiDimFit.mH125.root
#	deleted:    ../../../../combination/full_datacards_check/higgsCombine_paramFit_impacts_CMS_HWW_boosted_ggFpt250to350_mcstat_bin0.MultiDimFit.mH125.root
#	deleted:    ../../../../combination/full_datacards_check/higgsCombine_paramFit_impacts_CMS_HWW_boosted_ggFpt250to350_mcstat_bin1.MultiDimFit.mH125.root
#	deleted:    ../../../../combination/full_datacards_check/higgsCombine_paramFit_impacts_CMS_HWW_boosted_ggFpt250to350_mcstat_bin2.MultiDimFit.mH125.root
#	deleted:    ../../../../combination/full_datacards_check/higgsCombine_paramFit_impacts_CMS_HWW_boosted_ggFpt250to350_mcstat_bin3.MultiDimFit.mH125.root
#	deleted:    ../../../../combination/full_datacards_check/higgsCombine_paramFit_impacts_CMS_HWW_boosted_ggFpt250to350_mcstat_bin4.MultiDimFit.mH125.root
#	deleted:    ../../../../combination/full_datacards_check/higgsCombine_paramFit_impacts_CMS_HWW_boosted_ggFpt250to350_mcstat_bin5.MultiDimFit.mH125.root
#	deleted:    ../../../../combination/full_datacards_check/higgsCombine_paramFit_impacts_CMS_HWW_boosted_ggFpt250to350_mcstat_bin6.MultiDimFit.mH125.root
#	deleted:    ../../../../combination/full_datacards_check/higgsCombine_paramFit_impacts_CMS_HWW_boosted_ggFpt250to350_mcstat_bin7.MultiDimFit.mH125.root
#	deleted:    ../../../../combination/full_datacards_check/higgsCombine_paramFit_impacts_CMS_HWW_boosted_ggFpt250to350_mcstat_bin8.MultiDimFit.mH125.root
#	deleted:    ../../../../combination/full_datacards_check/higgsCombine_paramFit_impacts_CMS_HWW_boosted_ggFpt350to500_mcstat_bin0.MultiDimFit.mH125.root
#	deleted:    ../../../../combination/full_datacards_check/higgsCombine_paramFit_impacts_CMS_HWW_boosted_ggFpt350to500_mcstat_bin1.MultiDimFit.mH125.root
#	deleted:    ../../../../combination/full_datacards_check/higgsCombine_paramFit_impacts_CMS_HWW_boosted_ggFpt350to500_mcstat_bin2.MultiDimFit.mH125.root
#	deleted:    ../../../../combination/full_datacards_check/higgsCombine_paramFit_impacts_CMS_HWW_boosted_ggFpt350to500_mcstat_bin3.MultiDimFit.mH125.root
#	deleted:    ../../../../combination/full_datacards_check/higgsCombine_paramFit_impacts_CMS_HWW_boosted_ggFpt350to500_mcstat_bin4.MultiDimFit.mH125.root
#	deleted:    ../../../../combination/full_datacards_check/higgsCombine_paramFit_impacts_CMS_HWW_boosted_ggFpt350to500_mcstat_bin5.MultiDimFit.mH125.root
#	deleted:    ../../../../combination/full_datacards_check/higgsCombine_paramFit_impacts_CMS_HWW_boosted_ggFpt350to500_mcstat_bin6.MultiDimFit.mH125.root
#	deleted:    ../../../../combination/full_datacards_check/higgsCombine_paramFit_impacts_CMS_HWW_boosted_ggFpt350to500_mcstat_bin7.MultiDimFit.mH125.root
#	deleted:    ../../../../combination/full_datacards_check/higgsCombine_paramFit_impacts_CMS_HWW_boosted_ggFpt350to500_mcstat_bin8.MultiDimFit.mH125.root
#	deleted:    ../../../../combination/full_datacards_check/higgsCombine_paramFit_impacts_CMS_HWW_boosted_ggFpt500toInf_mcstat_bin0.MultiDimFit.mH125.root
#	deleted:    ../../../../combination/full_datacards_check/higgsCombine_paramFit_impacts_CMS_HWW_boosted_ggFpt500toInf_mcstat_bin1.MultiDimFit.mH125.root
#	deleted:    ../../../../combination/full_datacards_check/higgsCombine_paramFit_impacts_CMS_HWW_boosted_ggFpt500toInf_mcstat_bin2.MultiDimFit.mH125.root
#	deleted:    ../../../../combination/full_datacards_check/higgsCombine_paramFit_impacts_CMS_HWW_boosted_ggFpt500toInf_mcstat_bin3.MultiDimFit.mH125.root
#	deleted:    ../../../../combination/full_datacards_check/higgsCombine_paramFit_impacts_CMS_HWW_boosted_ggFpt500toInf_mcstat_bin4.MultiDimFit.mH125.root
#	deleted:    ../../../../combination/full_datacards_check/higgsCombine_paramFit_impacts_CMS_HWW_boosted_ggFpt500toInf_mcstat_bin5.MultiDimFit.mH125.root
#	deleted:    ../../../../combination/full_datacards_check/higgsCombine_paramFit_impacts_CMS_HWW_boosted_ggFpt500toInf_mcstat_bin6.MultiDimFit.mH125.root
#	deleted:    ../../../../combination/full_datacards_check/higgsCombine_paramFit_impacts_CMS_HWW_boosted_ggFpt500toInf_mcstat_bin7.MultiDimFit.mH125.root
#	deleted:    ../../../../combination/full_datacards_check/higgsCombine_paramFit_impacts_CMS_HWW_boosted_ggFpt500toInf_mcstat_bin8.MultiDimFit.mH125.root
#	deleted:    ../../../../combination/full_datacards_check/higgsCombine_paramFit_impacts_CMS_HWW_boosted_jmr_2016.MultiDimFit.mH125.root
#	deleted:    ../../../../combination/full_datacards_check/higgsCombine_paramFit_impacts_CMS_HWW_boosted_jmr_2016APV.MultiDimFit.mH125.root
#	deleted:    ../../../../combination/full_datacards_check/higgsCombine_paramFit_impacts_CMS_HWW_boosted_jmr_2017.MultiDimFit.mH125.root
#	deleted:    ../../../../combination/full_datacards_check/higgsCombine_paramFit_impacts_CMS_HWW_boosted_jmr_2018.MultiDimFit.mH125.root
#	deleted:    ../../../../combination/full_datacards_check/higgsCombine_paramFit_impacts_CMS_HWW_boosted_jms_2016.MultiDimFit.mH125.root
#	deleted:    ../../../../combination/full_datacards_check/higgsCombine_paramFit_impacts_CMS_HWW_boosted_jms_2016APV.MultiDimFit.mH125.root
#	deleted:    ../../../../combination/full_datacards_check/higgsCombine_paramFit_impacts_CMS_HWW_boosted_jms_2017.MultiDimFit.mH125.root
#	deleted:    ../../../../combination/full_datacards_check/higgsCombine_paramFit_impacts_CMS_HWW_boosted_jms_2018.MultiDimFit.mH125.root
#	deleted:    ../../../../combination/full_datacards_check/higgsCombine_paramFit_impacts_CMS_HWW_boosted_lp_sf_region_a.MultiDimFit.mH125.root
#	deleted:    ../../../../combination/full_datacards_check/higgsCombine_paramFit_impacts_CMS_HWW_boosted_lp_sf_region_b.MultiDimFit.mH125.root
#	deleted:    ../../../../combination/full_datacards_check/higgsCombine_paramFit_impacts_CMS_HWW_boosted_miniisolation_SF_unc.MultiDimFit.mH125.root
#	deleted:    ../../../../combination/full_datacards_check/higgsCombine_paramFit_impacts_CMS_HWW_boosted_mu_identification_stat_2016.MultiDimFit.mH125.root
#	deleted:    ../../../../combination/full_datacards_check/higgsCombine_paramFit_impacts_CMS_HWW_boosted_mu_identification_stat_2016APV.MultiDimFit.mH125.root
#	deleted:    ../../../../combination/full_datacards_check/higgsCombine_paramFit_impacts_CMS_HWW_boosted_mu_identification_stat_2017.MultiDimFit.mH125.root
#	deleted:    ../../../../combination/full_datacards_check/higgsCombine_paramFit_impacts_CMS_HWW_boosted_mu_identification_stat_2018.MultiDimFit.mH125.root
#	deleted:    ../../../../combination/full_datacards_check/higgsCombine_paramFit_impacts_CMS_HWW_boosted_mu_identification_syst.MultiDimFit.mH125.root
#	deleted:    ../../../../combination/full_datacards_check/higgsCombine_paramFit_impacts_CMS_HWW_boosted_mu_isolation.MultiDimFit.mH125.root
#	deleted:    ../../../../combination/full_datacards_check/higgsCombine_paramFit_impacts_CMS_HWW_boosted_mu_trigger.MultiDimFit.mH125.root
#	deleted:    ../../../../combination/full_datacards_check/higgsCombine_paramFit_impacts_CMS_HWW_boosted_mu_trigger_iso.MultiDimFit.mH125.root
#	deleted:    ../../../../combination/full_datacards_check/higgsCombine_paramFit_impacts_CMS_HWW_boosted_rest_bkg_rate.MultiDimFit.mH125.root
#	deleted:    ../../../../combination/full_datacards_check/higgsCombine_paramFit_impacts_CMS_HWW_boosted_single_top_rate.MultiDimFit.mH125.root
#	deleted:    ../../../../combination/full_datacards_check/higgsCombine_paramFit_impacts_CMS_HWW_boosted_tagger.MultiDimFit.mH125.root
#	deleted:    ../../../../combination/full_datacards_check/higgsCombine_paramFit_impacts_CMS_HWW_boosted_taggereff.MultiDimFit.mH125.root
#	deleted:    ../../../../combination/full_datacards_check/higgsCombine_paramFit_impacts_CMS_HWW_boosted_tf_dataResidual_CR1_Bin0.MultiDimFit.mH125.root
#	deleted:    ../../../../combination/full_datacards_check/higgsCombine_paramFit_impacts_CMS_HWW_boosted_tf_dataResidual_CR1_Bin1.MultiDimFit.mH125.root
#	deleted:    ../../../../combination/full_datacards_check/higgsCombine_paramFit_impacts_CMS_HWW_boosted_tf_dataResidual_CR1_Bin10.MultiDimFit.mH125.root
#	deleted:    ../../../../combination/full_datacards_check/higgsCombine_paramFit_impacts_CMS_HWW_boosted_tf_dataResidual_CR1_Bin11.MultiDimFit.mH125.root
#	deleted:    ../../../../combination/full_datacards_check/higgsCombine_paramFit_impacts_CMS_HWW_boosted_tf_dataResidual_CR1_Bin12.MultiDimFit.mH125.root
#	deleted:    ../../../../combination/full_datacards_check/higgsCombine_paramFit_impacts_CMS_HWW_boosted_tf_dataResidual_CR1_Bin13.MultiDimFit.mH125.root
#	deleted:    ../../../../combination/full_datacards_check/higgsCombine_paramFit_impacts_CMS_HWW_boosted_tf_dataResidual_CR1_Bin14.MultiDimFit.mH125.root
#	deleted:    ../../../../combination/full_datacards_check/higgsCombine_paramFit_impacts_CMS_HWW_boosted_tf_dataResidual_CR1_Bin15.MultiDimFit.mH125.root
#	deleted:    ../../../../combination/full_datacards_check/higgsCombine_paramFit_impacts_CMS_HWW_boosted_tf_dataResidual_CR1_Bin16.MultiDimFit.mH125.root
#	deleted:    ../../../../combination/full_datacards_check/higgsCombine_paramFit_impacts_CMS_HWW_boosted_tf_dataResidual_CR1_Bin17.MultiDimFit.mH125.root
#	deleted:    ../../../../combination/full_datacards_check/higgsCombine_paramFit_impacts_CMS_HWW_boosted_tf_dataResidual_CR1_Bin18.MultiDimFit.mH125.root
#	deleted:    ../../../../combination/full_datacards_check/higgsCombine_paramFit_impacts_CMS_HWW_boosted_tf_dataResidual_CR1_Bin19.MultiDimFit.mH125.root
#	deleted:    ../../../../combination/full_datacards_check/higgsCombine_paramFit_impacts_CMS_HWW_boosted_tf_dataResidual_CR1_Bin2.MultiDimFit.mH125.root
#	deleted:    ../../../../combination/full_datacards_check/higgsCombine_paramFit_impacts_CMS_HWW_boosted_tf_dataResidual_CR1_Bin3.MultiDimFit.mH125.root
#	deleted:    ../../../../combination/full_datacards_check/higgsCombine_paramFit_impacts_CMS_HWW_boosted_tf_dataResidual_CR1_Bin4.MultiDimFit.mH125.root
#	deleted:    ../../../../combination/full_datacards_check/higgsCombine_paramFit_impacts_CMS_HWW_boosted_tf_dataResidual_CR1_Bin5.MultiDimFit.mH125.root
#	deleted:    ../../../../combination/full_datacards_check/higgsCombine_paramFit_impacts_CMS_HWW_boosted_tf_dataResidual_CR1_Bin6.MultiDimFit.mH125.root
#	deleted:    ../../../../combination/full_datacards_check/higgsCombine_paramFit_impacts_CMS_HWW_boosted_tf_dataResidual_CR1_Bin7.MultiDimFit.mH125.root
#	deleted:    ../../../../combination/full_datacards_check/higgsCombine_paramFit_impacts_CMS_HWW_boosted_tf_dataResidual_CR1_Bin8.MultiDimFit.mH125.root
#	deleted:    ../../../../combination/full_datacards_check/higgsCombine_paramFit_impacts_CMS_HWW_boosted_tf_dataResidual_CR1_Bin9.MultiDimFit.mH125.root
#	deleted:    ../../../../combination/full_datacards_check/higgsCombine_paramFit_impacts_CMS_HWW_boosted_tf_dataResidual_CR2_Bin0.MultiDimFit.mH125.root
#	deleted:    ../../../../combination/full_datacards_check/higgsCombine_paramFit_impacts_CMS_HWW_boosted_tf_dataResidual_CR2_Bin1.MultiDimFit.mH125.root
#	deleted:    ../../../../combination/full_datacards_check/higgsCombine_paramFit_impacts_CMS_HWW_boosted_tf_dataResidual_CR2_Bin10.MultiDimFit.mH125.root
#	deleted:    ../../../../combination/full_datacards_check/higgsCombine_paramFit_impacts_CMS_HWW_boosted_tf_dataResidual_CR2_Bin11.MultiDimFit.mH125.root
#	deleted:    ../../../../combination/full_datacards_check/higgsCombine_paramFit_impacts_CMS_HWW_boosted_tf_dataResidual_CR2_Bin12.MultiDimFit.mH125.root
#	deleted:    ../../../../combination/full_datacards_check/higgsCombine_paramFit_impacts_CMS_HWW_boosted_tf_dataResidual_CR2_Bin13.MultiDimFit.mH125.root
#	deleted:    ../../../../combination/full_datacards_check/higgsCombine_paramFit_impacts_CMS_HWW_boosted_tf_dataResidual_CR2_Bin14.MultiDimFit.mH125.root
#	deleted:    ../../../../combination/full_datacards_check/higgsCombine_paramFit_impacts_CMS_HWW_boosted_tf_dataResidual_CR2_Bin15.MultiDimFit.mH125.root
#	deleted:    ../../../../combination/full_datacards_check/higgsCombine_paramFit_impacts_CMS_HWW_boosted_tf_dataResidual_CR2_Bin16.MultiDimFit.mH125.root
#	deleted:    ../../../../combination/full_datacards_check/higgsCombine_paramFit_impacts_CMS_HWW_boosted_tf_dataResidual_CR2_Bin17.MultiDimFit.mH125.root
#	deleted:    ../../../../combination/full_datacards_check/higgsCombine_paramFit_impacts_CMS_HWW_boosted_tf_dataResidual_CR2_Bin18.MultiDimFit.mH125.root
#	deleted:    ../../../../combination/full_datacards_check/higgsCombine_paramFit_impacts_CMS_HWW_boosted_tf_dataResidual_CR2_Bin19.MultiDimFit.mH125.root
#	deleted:    ../../../../combination/full_datacards_check/higgsCombine_paramFit_impacts_CMS_HWW_boosted_tf_dataResidual_CR2_Bin2.MultiDimFit.mH125.root
#	deleted:    ../../../../combination/full_datacards_check/higgsCombine_paramFit_impacts_CMS_HWW_boosted_tf_dataResidual_CR2_Bin3.MultiDimFit.mH125.root
#	deleted:    ../../../../combination/full_datacards_check/higgsCombine_paramFit_impacts_CMS_HWW_boosted_tf_dataResidual_CR2_Bin4.MultiDimFit.mH125.root
#	deleted:    ../../../../combination/full_datacards_check/higgsCombine_paramFit_impacts_CMS_HWW_boosted_tf_dataResidual_CR2_Bin5.MultiDimFit.mH125.root
#	deleted:    ../../../../combination/full_datacards_check/higgsCombine_paramFit_impacts_CMS_HWW_boosted_tf_dataResidual_CR2_Bin6.MultiDimFit.mH125.root
#	deleted:    ../../../../combination/full_datacards_check/higgsCombine_paramFit_impacts_CMS_HWW_boosted_tf_dataResidual_CR2_Bin7.MultiDimFit.mH125.root
#	deleted:    ../../../../combination/full_datacards_check/higgsCombine_paramFit_impacts_CMS_HWW_boosted_tf_dataResidual_CR2_Bin8.MultiDimFit.mH125.root
#	deleted:    ../../../../combination/full_datacards_check/higgsCombine_paramFit_impacts_CMS_HWW_boosted_tf_dataResidual_CR2_Bin9.MultiDimFit.mH125.root
#	deleted:    ../../../../combination/full_datacards_check/higgsCombine_paramFit_impacts_CMS_HWW_boosted_tf_dataResidual_a_MH_Reco_par0.MultiDimFit.mH125.root
#	deleted:    ../../../../combination/full_datacards_check/higgsCombine_paramFit_impacts_CMS_HWW_boosted_tf_dataResidual_a_MH_Reco_par1.MultiDimFit.mH125.root
#	deleted:    ../../../../combination/full_datacards_check/higgsCombine_paramFit_impacts_CMS_HWW_boosted_tf_dataResidual_a_MH_Reco_par2.MultiDimFit.mH125.root
#	deleted:    ../../../../combination/full_datacards_check/higgsCombine_paramFit_impacts_CMS_HWW_boosted_tf_dataResidual_a_MH_Reco_par3.MultiDimFit.mH125.root
#	deleted:    ../../../../combination/full_datacards_check/higgsCombine_paramFit_impacts_CMS_HWW_boosted_tf_dataResidual_b_MH_Reco_par0.MultiDimFit.mH125.root
#	deleted:    ../../../../combination/full_datacards_check/higgsCombine_paramFit_impacts_CMS_HWW_boosted_tf_dataResidual_b_MH_Reco_par1.MultiDimFit.mH125.root
#	deleted:    ../../../../combination/full_datacards_check/higgsCombine_paramFit_impacts_CMS_HWW_boosted_tf_dataResidual_b_MH_Reco_par2.MultiDimFit.mH125.root
#	deleted:    ../../../../combination/full_datacards_check/higgsCombine_paramFit_impacts_CMS_HWW_boosted_tf_dataResidual_b_MH_Reco_par3.MultiDimFit.mH125.root
#	deleted:    ../../../../combination/full_datacards_check/higgsCombine_paramFit_impacts_CMS_HWW_boosted_tf_dataResidual_b_MH_Reco_par4.MultiDimFit.mH125.root
#	deleted:    ../../../../combination/full_datacards_check/higgsCombine_paramFit_impacts_CMS_HWW_boosted_tf_dataResidual_b_MH_Reco_par5.MultiDimFit.mH125.root
#	deleted:    ../../../../combination/full_datacards_check/higgsCombine_paramFit_impacts_CMS_HWW_boosted_tf_dataResidual_b_MH_Reco_par6.MultiDimFit.mH125.root
#	deleted:    ../../../../combination/full_datacards_check/higgsCombine_paramFit_impacts_CMS_HWW_boosted_top_reweighting.MultiDimFit.mH125.root
#	deleted:    ../../../../combination/full_datacards_check/higgsCombine_paramFit_impacts_CMS_HWW_boosted_triggerEffSF_uncorrelated.MultiDimFit.mH125.root
#	deleted:    ../../../../combination/full_datacards_check/higgsCombine_paramFit_impacts_CMS_HWW_boosted_ttbar_rate.MultiDimFit.mH125.root
#	deleted:    ../../../../combination/full_datacards_check/higgsCombine_paramFit_impacts_CMS_HWW_boosted_veff_2016.MultiDimFit.mH125.root
#	deleted:    ../../../../combination/full_datacards_check/higgsCombine_paramFit_impacts_CMS_HWW_boosted_veff_2016APV.MultiDimFit.mH125.root
#	deleted:    ../../../../combination/full_datacards_check/higgsCombine_paramFit_impacts_CMS_HWW_boosted_veff_2017.MultiDimFit.mH125.root
#	deleted:    ../../../../combination/full_datacards_check/higgsCombine_paramFit_impacts_CMS_HWW_boosted_veff_2018.MultiDimFit.mH125.root
#	deleted:    ../../../../combination/full_datacards_check/higgsCombine_paramFit_impacts_CMS_HWW_boosted_wjets_rate.MultiDimFit.mH125.root
#	deleted:    ../../../../combination/full_datacards_check/higgsCombine_paramFit_impacts_CMS_l1_ecal_prefiring_2016.MultiDimFit.mH125.root
#	deleted:    ../../../../combination/full_datacards_check/higgsCombine_paramFit_impacts_CMS_l1_ecal_prefiring_2016APV.MultiDimFit.mH125.root
#	deleted:    ../../../../combination/full_datacards_check/higgsCombine_paramFit_impacts_CMS_l1_ecal_prefiring_2017.MultiDimFit.mH125.root
#	deleted:    ../../../../combination/full_datacards_check/higgsCombine_paramFit_impacts_CMS_lumi_13TeV_1718.MultiDimFit.mH125.root
#	deleted:    ../../../../combination/full_datacards_check/higgsCombine_paramFit_impacts_CMS_lumi_13TeV_2016.MultiDimFit.mH125.root
#	deleted:    ../../../../combination/full_datacards_check/higgsCombine_paramFit_impacts_CMS_lumi_13TeV_2016APV.MultiDimFit.mH125.root
#	deleted:    ../../../../combination/full_datacards_check/higgsCombine_paramFit_impacts_CMS_lumi_13TeV_2017.MultiDimFit.mH125.root
#	deleted:    ../../../../combination/full_datacards_check/higgsCombine_paramFit_impacts_CMS_lumi_13TeV_2018.MultiDimFit.mH125.root
#	deleted:    ../../../../combination/full_datacards_check/higgsCombine_paramFit_impacts_CMS_lumi_13TeV_correlated.MultiDimFit.mH125.root
#	deleted:    ../../../../combination/full_datacards_check/higgsCombine_paramFit_impacts_CMS_pileup_2016.MultiDimFit.mH125.root
#	deleted:    ../../../../combination/full_datacards_check/higgsCombine_paramFit_impacts_CMS_pileup_2016APV.MultiDimFit.mH125.root
#	deleted:    ../../../../combination/full_datacards_check/higgsCombine_paramFit_impacts_CMS_pileup_2017.MultiDimFit.mH125.root
#	deleted:    ../../../../combination/full_datacards_check/higgsCombine_paramFit_impacts_CMS_pileup_2018.MultiDimFit.mH125.root
#	deleted:    ../../../../combination/full_datacards_check/higgsCombine_paramFit_impacts_CMS_pileup_id.MultiDimFit.mH125.root
#	deleted:    ../../../../combination/full_datacards_check/higgsCombine_paramFit_impacts_CMS_res_j_2016.MultiDimFit.mH125.root
#	deleted:    ../../../../combination/full_datacards_check/higgsCombine_paramFit_impacts_CMS_res_j_2016APV.MultiDimFit.mH125.root
#	deleted:    ../../../../combination/full_datacards_check/higgsCombine_paramFit_impacts_CMS_res_j_2017.MultiDimFit.mH125.root
#	deleted:    ../../../../combination/full_datacards_check/higgsCombine_paramFit_impacts_CMS_res_j_2018.MultiDimFit.mH125.root
#	deleted:    ../../../../combination/full_datacards_check/higgsCombine_paramFit_impacts_CMS_scale_j_Abs.MultiDimFit.mH125.root
#	deleted:    ../../../../combination/full_datacards_check/higgsCombine_paramFit_impacts_CMS_scale_j_Abs_2016.MultiDimFit.mH125.root
#	deleted:    ../../../../combination/full_datacards_check/higgsCombine_paramFit_impacts_CMS_scale_j_Abs_2016APV.MultiDimFit.mH125.root
#	deleted:    ../../../../combination/full_datacards_check/higgsCombine_paramFit_impacts_CMS_scale_j_Abs_2017.MultiDimFit.mH125.root
#	deleted:    ../../../../combination/full_datacards_check/higgsCombine_paramFit_impacts_CMS_scale_j_Abs_2018.MultiDimFit.mH125.root
#	deleted:    ../../../../combination/full_datacards_check/higgsCombine_paramFit_impacts_CMS_scale_j_BBEC1.MultiDimFit.mH125.root
#	deleted:    ../../../../combination/full_datacards_check/higgsCombine_paramFit_impacts_CMS_scale_j_BBEC1_2016.MultiDimFit.mH125.root
#	deleted:    ../../../../combination/full_datacards_check/higgsCombine_paramFit_impacts_CMS_scale_j_BBEC1_2016APV.MultiDimFit.mH125.root
#	deleted:    ../../../../combination/full_datacards_check/higgsCombine_paramFit_impacts_CMS_scale_j_BBEC1_2017.MultiDimFit.mH125.root
#	deleted:    ../../../../combination/full_datacards_check/higgsCombine_paramFit_impacts_CMS_scale_j_BBEC1_2018.MultiDimFit.mH125.root
#	deleted:    ../../../../combination/full_datacards_check/higgsCombine_paramFit_impacts_CMS_scale_j_EC2.MultiDimFit.mH125.root
#	deleted:    ../../../../combination/full_datacards_check/higgsCombine_paramFit_impacts_CMS_scale_j_EC2_2016.MultiDimFit.mH125.root
#	deleted:    ../../../../combination/full_datacards_check/higgsCombine_paramFit_impacts_CMS_scale_j_EC2_2016APV.MultiDimFit.mH125.root
#	deleted:    ../../../../combination/full_datacards_check/higgsCombine_paramFit_impacts_CMS_scale_j_EC2_2017.MultiDimFit.mH125.root
#	deleted:    ../../../../combination/full_datacards_check/higgsCombine_paramFit_impacts_CMS_scale_j_EC2_2018.MultiDimFit.mH125.root
#	deleted:    ../../../../combination/full_datacards_check/higgsCombine_paramFit_impacts_CMS_scale_j_FlavQCD.MultiDimFit.mH125.root
#	deleted:    ../../../../combination/full_datacards_check/higgsCombine_paramFit_impacts_CMS_scale_j_HF.MultiDimFit.mH125.root
#	deleted:    ../../../../combination/full_datacards_check/higgsCombine_paramFit_impacts_CMS_scale_j_HF_2016.MultiDimFit.mH125.root
#	deleted:    ../../../../combination/full_datacards_check/higgsCombine_paramFit_impacts_CMS_scale_j_HF_2016APV.MultiDimFit.mH125.root
#	deleted:    ../../../../combination/full_datacards_check/higgsCombine_paramFit_impacts_CMS_scale_j_HF_2017.MultiDimFit.mH125.root
#	deleted:    ../../../../combination/full_datacards_check/higgsCombine_paramFit_impacts_CMS_scale_j_HF_2018.MultiDimFit.mH125.root
#	deleted:    ../../../../combination/full_datacards_check/higgsCombine_paramFit_impacts_CMS_scale_j_RelBal.MultiDimFit.mH125.root
#	deleted:    ../../../../combination/full_datacards_check/higgsCombine_paramFit_impacts_CMS_scale_j_RelSample_2016.MultiDimFit.mH125.root
#	deleted:    ../../../../combination/full_datacards_check/higgsCombine_paramFit_impacts_CMS_scale_j_RelSample_2016APV.MultiDimFit.mH125.root
#	deleted:    ../../../../combination/full_datacards_check/higgsCombine_paramFit_impacts_CMS_scale_j_RelSample_2017.MultiDimFit.mH125.root
#	deleted:    ../../../../combination/full_datacards_check/higgsCombine_paramFit_impacts_CMS_scale_j_RelSample_2018.MultiDimFit.mH125.root
#	deleted:    ../../../../combination/full_datacards_check/higgsCombine_paramFit_impacts_PDF_WH_ACCEPT_CMS_HWW_boosted.MultiDimFit.mH125.root
#	deleted:    ../../../../combination/full_datacards_check/higgsCombine_paramFit_impacts_PDF_ZH_ACCEPT_CMS_HWW_boosted.MultiDimFit.mH125.root
#	deleted:    ../../../../combination/full_datacards_check/higgsCombine_paramFit_impacts_PDF_ggH_ACCEPT_CMS_HWW_boosted.MultiDimFit.mH125.root
#	deleted:    ../../../../combination/full_datacards_check/higgsCombine_paramFit_impacts_PDF_qqH_ACCEPT_CMS_HWW_boosted.MultiDimFit.mH125.root
#	deleted:    ../../../../combination/full_datacards_check/higgsCombine_paramFit_impacts_PDF_single_top_ACCEPT_CMS_HWW_boosted.MultiDimFit.mH125.root
#	deleted:    ../../../../combination/full_datacards_check/higgsCombine_paramFit_impacts_PDF_singletop_ACCEPT_CMS_HWW_boosted.MultiDimFit.mH125.root
#	deleted:    ../../../../combination/full_datacards_check/higgsCombine_paramFit_impacts_PDF_ttH_ACCEPT_CMS_HWW_boosted.MultiDimFit.mH125.root
#	deleted:    ../../../../combination/full_datacards_check/higgsCombine_paramFit_impacts_PDF_ttbar_ACCEPT_CMS_HWW_boosted.MultiDimFit.mH125.root
#	deleted:    ../../../../combination/full_datacards_check/higgsCombine_paramFit_impacts_PDF_wjets_ACCEPT_CMS_HWW_boosted.MultiDimFit.mH125.root
#	deleted:    ../../../../combination/full_datacards_check/higgsCombine_paramFit_impacts_QCDscale_VBF.MultiDimFit.mH125.root
#	deleted:    ../../../../combination/full_datacards_check/higgsCombine_paramFit_impacts_QCDscale_WH.MultiDimFit.mH125.root
#	deleted:    ../../../../combination/full_datacards_check/higgsCombine_paramFit_impacts_QCDscale_WH_ACCEPT_CMS_HWW_boosted.MultiDimFit.mH125.root
#	deleted:    ../../../../combination/full_datacards_check/higgsCombine_paramFit_impacts_QCDscale_ZH.MultiDimFit.mH125.root
#	deleted:    ../../../../combination/full_datacards_check/higgsCombine_paramFit_impacts_QCDscale_ZH_ACCEPT_CMS_HWW_boosted.MultiDimFit.mH125.root
#	deleted:    ../../../../combination/full_datacards_check/higgsCombine_paramFit_impacts_QCDscale_ggF.MultiDimFit.mH125.root
#	deleted:    ../../../../combination/full_datacards_check/higgsCombine_paramFit_impacts_QCDscale_ggH.MultiDimFit.mH125.root
#	deleted:    ../../../../combination/full_datacards_check/higgsCombine_paramFit_impacts_QCDscale_ggH_ACCEPT_CMS_HWW_boosted.MultiDimFit.mH125.root
#	deleted:    ../../../../combination/full_datacards_check/higgsCombine_paramFit_impacts_QCDscale_qqH.MultiDimFit.mH125.root
#	deleted:    ../../../../combination/full_datacards_check/higgsCombine_paramFit_impacts_QCDscale_qqH_ACCEPT_CMS_HWW_boosted.MultiDimFit.mH125.root
#	deleted:    ../../../../combination/full_datacards_check/higgsCombine_paramFit_impacts_QCDscale_rest_bkg.MultiDimFit.mH125.root
#	deleted:    ../../../../combination/full_datacards_check/higgsCombine_paramFit_impacts_QCDscale_single_top.MultiDimFit.mH125.root
#	deleted:    ../../../../combination/full_datacards_check/higgsCombine_paramFit_impacts_QCDscale_single_top_ACCEPT_CMS_HWW_boosted.MultiDimFit.mH125.root
#	deleted:    ../../../../combination/full_datacards_check/higgsCombine_paramFit_impacts_QCDscale_singletop_ACCEPT_CMS_HWW_boosted.MultiDimFit.mH125.root
#	deleted:    ../../../../combination/full_datacards_check/higgsCombine_paramFit_impacts_QCDscale_ttH.MultiDimFit.mH125.root
#	deleted:    ../../../../combination/full_datacards_check/higgsCombine_paramFit_impacts_QCDscale_ttH_ACCEPT_CMS_HWW_boosted.MultiDimFit.mH125.root
#	deleted:    ../../../../combination/full_datacards_check/higgsCombine_paramFit_impacts_QCDscale_ttbar.MultiDimFit.mH125.root
#	deleted:    ../../../../combination/full_datacards_check/higgsCombine_paramFit_impacts_QCDscale_ttbar_ACCEPT_CMS_HWW_boosted.MultiDimFit.mH125.root
#	deleted:    ../../../../combination/full_datacards_check/higgsCombine_paramFit_impacts_QCDscale_wjets.MultiDimFit.mH125.root
#	deleted:    ../../../../combination/full_datacards_check/higgsCombine_paramFit_impacts_QCDscale_wjets_ACCEPT_CMS_HWW_boosted.MultiDimFit.mH125.root
#	deleted:    ../../../../combination/full_datacards_check/higgsCombine_paramFit_impacts_alpha_s.MultiDimFit.mH125.root
#	deleted:    ../../../../combination/full_datacards_check/higgsCombine_paramFit_impacts_lumi_13TeV_1718.MultiDimFit.mH125.root
#	deleted:    ../../../../combination/full_datacards_check/higgsCombine_paramFit_impacts_lumi_13TeV_2016.MultiDimFit.mH125.root
#	deleted:    ../../../../combination/full_datacards_check/higgsCombine_paramFit_impacts_lumi_13TeV_2017.MultiDimFit.mH125.root
#	deleted:    ../../../../combination/full_datacards_check/higgsCombine_paramFit_impacts_lumi_13TeV_2018.MultiDimFit.mH125.root
#	deleted:    ../../../../combination/full_datacards_check/higgsCombine_paramFit_impacts_lumi_13TeV_correlated.MultiDimFit.mH125.root
#	deleted:    ../../../../combination/full_datacards_check/higgsCombine_paramFit_impacts_pdf_Higgs_WH.MultiDimFit.mH125.root
#	deleted:    ../../../../combination/full_datacards_check/higgsCombine_paramFit_impacts_pdf_Higgs_ZH.MultiDimFit.mH125.root
#	deleted:    ../../../../combination/full_datacards_check/higgsCombine_paramFit_impacts_pdf_Higgs_ggH.MultiDimFit.mH125.root
#	deleted:    ../../../../combination/full_datacards_check/higgsCombine_paramFit_impacts_pdf_Higgs_qqH.MultiDimFit.mH125.root
#	deleted:    ../../../../combination/full_datacards_check/higgsCombine_paramFit_impacts_pdf_Higgs_ttH.MultiDimFit.mH125.root
#	deleted:    ../../../../combination/full_datacards_check/higgsCombine_paramFit_impacts_pdf_rest_bkg.MultiDimFit.mH125.root
#	deleted:    ../../../../combination/full_datacards_check/higgsCombine_paramFit_impacts_pdf_single_top.MultiDimFit.mH125.root
#	deleted:    ../../../../combination/full_datacards_check/higgsCombine_paramFit_impacts_pdf_ttbar.MultiDimFit.mH125.root
#	deleted:    ../../../../combination/full_datacards_check/higgsCombine_paramFit_impacts_pdf_wjets.MultiDimFit.mH125.root
#	deleted:    ../../../../combination/full_datacards_check/higgsCombine_paramFit_impacts_ps_fsr_WH.MultiDimFit.mH125.root
#	deleted:    ../../../../combination/full_datacards_check/higgsCombine_paramFit_impacts_ps_fsr_ZH.MultiDimFit.mH125.root
#	deleted:    ../../../../combination/full_datacards_check/higgsCombine_paramFit_impacts_ps_fsr_ggH.MultiDimFit.mH125.root
#	deleted:    ../../../../combination/full_datacards_check/higgsCombine_paramFit_impacts_ps_fsr_qqH.MultiDimFit.mH125.root
#	deleted:    ../../../../combination/full_datacards_check/higgsCombine_paramFit_impacts_ps_fsr_rest_bkg.MultiDimFit.mH125.root
#	deleted:    ../../../../combination/full_datacards_check/higgsCombine_paramFit_impacts_ps_fsr_single_top.MultiDimFit.mH125.root
#	deleted:    ../../../../combination/full_datacards_check/higgsCombine_paramFit_impacts_ps_fsr_singletop.MultiDimFit.mH125.root
#	deleted:    ../../../../combination/full_datacards_check/higgsCombine_paramFit_impacts_ps_fsr_ttH.MultiDimFit.mH125.root
#	deleted:    ../../../../combination/full_datacards_check/higgsCombine_paramFit_impacts_ps_fsr_ttbar.MultiDimFit.mH125.root
#	deleted:    ../../../../combination/full_datacards_check/higgsCombine_paramFit_impacts_ps_fsr_wjets.MultiDimFit.mH125.root
#	deleted:    ../../../../combination/full_datacards_check/higgsCombine_paramFit_impacts_ps_isr_WH.MultiDimFit.mH125.root
#	deleted:    ../../../../combination/full_datacards_check/higgsCombine_paramFit_impacts_ps_isr_ZH.MultiDimFit.mH125.root
#	deleted:    ../../../../combination/full_datacards_check/higgsCombine_paramFit_impacts_ps_isr_ggH.MultiDimFit.mH125.root
#	deleted:    ../../../../combination/full_datacards_check/higgsCombine_paramFit_impacts_ps_isr_qqH.MultiDimFit.mH125.root
#	deleted:    ../../../../combination/full_datacards_check/higgsCombine_paramFit_impacts_ps_isr_rest_bkg.MultiDimFit.mH125.root
#	deleted:    ../../../../combination/full_datacards_check/higgsCombine_paramFit_impacts_ps_isr_single_top.MultiDimFit.mH125.root
#	deleted:    ../../../../combination/full_datacards_check/higgsCombine_paramFit_impacts_ps_isr_singletop.MultiDimFit.mH125.root
#	deleted:    ../../../../combination/full_datacards_check/higgsCombine_paramFit_impacts_ps_isr_ttH.MultiDimFit.mH125.root
#	deleted:    ../../../../combination/full_datacards_check/higgsCombine_paramFit_impacts_ps_isr_ttbar.MultiDimFit.mH125.root
#	deleted:    ../../../../combination/full_datacards_check/higgsCombine_paramFit_impacts_ps_isr_wjets.MultiDimFit.mH125.root
#	deleted:    ../../../../combination/full_datacards_check/higgsCombine_paramFit_impacts_tqqeffSF_2016.MultiDimFit.mH125.root
#	deleted:    ../../../../combination/full_datacards_check/higgsCombine_paramFit_impacts_tqqeffSF_2016APV.MultiDimFit.mH125.root
#	deleted:    ../../../../combination/full_datacards_check/higgsCombine_paramFit_impacts_tqqeffSF_2017.MultiDimFit.mH125.root
#	deleted:    ../../../../combination/full_datacards_check/higgsCombine_paramFit_impacts_tqqeffSF_2018.MultiDimFit.mH125.root
#	deleted:    ../../../../combination/full_datacards_check/higgsCombine_paramFit_impacts_tqqnormSF_2016.MultiDimFit.mH125.root
#	deleted:    ../../../../combination/full_datacards_check/higgsCombine_paramFit_impacts_tqqnormSF_2016APV.MultiDimFit.mH125.root
#	deleted:    ../../../../combination/full_datacards_check/higgsCombine_paramFit_impacts_tqqnormSF_2017.MultiDimFit.mH125.root
#	deleted:    ../../../../combination/full_datacards_check/higgsCombine_paramFit_impacts_tqqnormSF_2018.MultiDimFit.mH125.root
#	deleted:    ../../../../combination/full_datacards_check/higgsCombine_paramFit_impacts_ttbarnormSF.MultiDimFit.mH125.root
#	deleted:    ../../../../combination/full_datacards_check/higgsCombine_paramFit_impacts_unclustered_Energy.MultiDimFit.mH125.root
#	deleted:    ../../../../combination/full_datacards_check/higgsCombine_paramFit_impacts_wjetsnormSF.MultiDimFit.mH125.root
#	deleted:    ../../../../combination/full_datacards_check/impacts.json
#	deleted:    ../../../../combination/full_datacards_check/impacts.pdf
#	deleted:    ../../../../combination/full_datacards_check/model.pkl
#	deleted:    ../../../../combination/full_datacards_check/model_combined.txt
#	deleted:    ../../../../combination/full_datacards_check/outs/Impacts_BR_hww.txt
#	deleted:    ../../../../combination/full_datacards_check/outs/Impacts_CMS_HWW_FakeRate_EWK_SF_flavor_uncertainty.txt
#	deleted:    ../../../../combination/full_datacards_check/outs/Impacts_CMS_HWW_boosted_CR1_mcstat_bin0.txt
#	deleted:    ../../../../combination/full_datacards_check/outs/Impacts_CMS_HWW_boosted_CR1_mcstat_bin1.txt
#	deleted:    ../../../../combination/full_datacards_check/outs/Impacts_CMS_HWW_boosted_CR1_mcstat_bin10.txt
#	deleted:    ../../../../combination/full_datacards_check/outs/Impacts_CMS_HWW_boosted_CR1_mcstat_bin11.txt
#	deleted:    ../../../../combination/full_datacards_check/outs/Impacts_CMS_HWW_boosted_CR1_mcstat_bin12.txt
#	deleted:    ../../../../combination/full_datacards_check/outs/Impacts_CMS_HWW_boosted_CR1_mcstat_bin13.txt
#	deleted:    ../../../../combination/full_datacards_check/outs/Impacts_CMS_HWW_boosted_CR1_mcstat_bin14.txt
#	deleted:    ../../../../combination/full_datacards_check/outs/Impacts_CMS_HWW_boosted_CR1_mcstat_bin15.txt
#	deleted:    ../../../../combination/full_datacards_check/outs/Impacts_CMS_HWW_boosted_CR1_mcstat_bin16.txt
#	deleted:    ../../../../combination/full_datacards_check/outs/Impacts_CMS_HWW_boosted_CR1_mcstat_bin17.txt
#	deleted:    ../../../../combination/full_datacards_check/outs/Impacts_CMS_HWW_boosted_CR1_mcstat_bin18.txt
#	deleted:    ../../../../combination/full_datacards_check/outs/Impacts_CMS_HWW_boosted_CR1_mcstat_bin19.txt
#	deleted:    ../../../../combination/full_datacards_check/outs/Impacts_CMS_HWW_boosted_CR1_mcstat_bin2.txt
#	deleted:    ../../../../combination/full_datacards_check/outs/Impacts_CMS_HWW_boosted_CR1_mcstat_bin3.txt
#	deleted:    ../../../../combination/full_datacards_check/outs/Impacts_CMS_HWW_boosted_CR1_mcstat_bin4.txt
#	deleted:    ../../../../combination/full_datacards_check/outs/Impacts_CMS_HWW_boosted_CR1_mcstat_bin5.txt
#	deleted:    ../../../../combination/full_datacards_check/outs/Impacts_CMS_HWW_boosted_CR1_mcstat_bin6.txt
#	deleted:    ../../../../combination/full_datacards_check/outs/Impacts_CMS_HWW_boosted_CR1_mcstat_bin7.txt
#	deleted:    ../../../../combination/full_datacards_check/outs/Impacts_CMS_HWW_boosted_CR1_mcstat_bin8.txt
#	deleted:    ../../../../combination/full_datacards_check/outs/Impacts_CMS_HWW_boosted_CR1_mcstat_bin9.txt
#	deleted:    ../../../../combination/full_datacards_check/outs/Impacts_CMS_HWW_boosted_CR2_mcstat_bin0.txt
#	deleted:    ../../../../combination/full_datacards_check/outs/Impacts_CMS_HWW_boosted_CR2_mcstat_bin1.txt
#	deleted:    ../../../../combination/full_datacards_check/outs/Impacts_CMS_HWW_boosted_CR2_mcstat_bin10.txt
#	deleted:    ../../../../combination/full_datacards_check/outs/Impacts_CMS_HWW_boosted_CR2_mcstat_bin11.txt
#	deleted:    ../../../../combination/full_datacards_check/outs/Impacts_CMS_HWW_boosted_CR2_mcstat_bin12.txt
#	deleted:    ../../../../combination/full_datacards_check/outs/Impacts_CMS_HWW_boosted_CR2_mcstat_bin13.txt
#	deleted:    ../../../../combination/full_datacards_check/outs/Impacts_CMS_HWW_boosted_CR2_mcstat_bin14.txt
#	deleted:    ../../../../combination/full_datacards_check/outs/Impacts_CMS_HWW_boosted_CR2_mcstat_bin15.txt
#	deleted:    ../../../../combination/full_datacards_check/outs/Impacts_CMS_HWW_boosted_CR2_mcstat_bin16.txt
#	deleted:    ../../../../combination/full_datacards_check/outs/Impacts_CMS_HWW_boosted_CR2_mcstat_bin17.txt
#	deleted:    ../../../../combination/full_datacards_check/outs/Impacts_CMS_HWW_boosted_CR2_mcstat_bin18.txt
#	deleted:    ../../../../combination/full_datacards_check/outs/Impacts_CMS_HWW_boosted_CR2_mcstat_bin19.txt
#	deleted:    ../../../../combination/full_datacards_check/outs/Impacts_CMS_HWW_boosted_CR2_mcstat_bin2.txt
#	deleted:    ../../../../combination/full_datacards_check/outs/Impacts_CMS_HWW_boosted_CR2_mcstat_bin3.txt
#	deleted:    ../../../../combination/full_datacards_check/outs/Impacts_CMS_HWW_boosted_CR2_mcstat_bin4.txt
#	deleted:    ../../../../combination/full_datacards_check/outs/Impacts_CMS_HWW_boosted_CR2_mcstat_bin5.txt
#	deleted:    ../../../../combination/full_datacards_check/outs/Impacts_CMS_HWW_boosted_CR2_mcstat_bin6.txt
#	deleted:    ../../../../combination/full_datacards_check/outs/Impacts_CMS_HWW_boosted_CR2_mcstat_bin7.txt
#	deleted:    ../../../../combination/full_datacards_check/outs/Impacts_CMS_HWW_boosted_CR2_mcstat_bin8.txt
#	deleted:    ../../../../combination/full_datacards_check/outs/Impacts_CMS_HWW_boosted_CR2_mcstat_bin9.txt
#	deleted:    ../../../../combination/full_datacards_check/outs/Impacts_CMS_HWW_boosted_EW_unc.txt
#	deleted:    ../../../../combination/full_datacards_check/outs/Impacts_CMS_HWW_boosted_FakeRate_EWK_SF_statistical_uncertainty.txt
#	deleted:    ../../../../combination/full_datacards_check/outs/Impacts_CMS_HWW_boosted_FakeRate_statistical_uncertainty.txt
#	deleted:    ../../../../combination/full_datacards_check/outs/Impacts_CMS_HWW_boosted_Fake_SF_uncertainty.txt
#	deleted:    ../../../../combination/full_datacards_check/outs/Impacts_CMS_HWW_boosted_SR1_fail_mcstat_bin0.txt
#	deleted:    ../../../../combination/full_datacards_check/outs/Impacts_CMS_HWW_boosted_SR1_fail_mcstat_bin1.txt
#	deleted:    ../../../../combination/full_datacards_check/outs/Impacts_CMS_HWW_boosted_SR1_fail_mcstat_bin2.txt
#	deleted:    ../../../../combination/full_datacards_check/outs/Impacts_CMS_HWW_boosted_SR1_fail_mcstat_bin3.txt
#	deleted:    ../../../../combination/full_datacards_check/outs/Impacts_CMS_HWW_boosted_SR1_fail_mcstat_bin4.txt
#	deleted:    ../../../../combination/full_datacards_check/outs/Impacts_CMS_HWW_boosted_SR1_fail_mcstat_bin5.txt
#	deleted:    ../../../../combination/full_datacards_check/outs/Impacts_CMS_HWW_boosted_SR1_pass_mcstat_bin0.txt
#	deleted:    ../../../../combination/full_datacards_check/outs/Impacts_CMS_HWW_boosted_SR1_pass_mcstat_bin1.txt
#	deleted:    ../../../../combination/full_datacards_check/outs/Impacts_CMS_HWW_boosted_SR1_pass_mcstat_bin2.txt
#	deleted:    ../../../../combination/full_datacards_check/outs/Impacts_CMS_HWW_boosted_SR1_pass_mcstat_bin3.txt
#	deleted:    ../../../../combination/full_datacards_check/outs/Impacts_CMS_HWW_boosted_SR1_pass_mcstat_bin4.txt
#	deleted:    ../../../../combination/full_datacards_check/outs/Impacts_CMS_HWW_boosted_SR1_pass_mcstat_bin5.txt
#	deleted:    ../../../../combination/full_datacards_check/outs/Impacts_CMS_HWW_boosted_SR1a_mcstat_bin0.txt
#	deleted:    ../../../../combination/full_datacards_check/outs/Impacts_CMS_HWW_boosted_SR1a_mcstat_bin1.txt
#	deleted:    ../../../../combination/full_datacards_check/outs/Impacts_CMS_HWW_boosted_SR1a_mcstat_bin10.txt
#	deleted:    ../../../../combination/full_datacards_check/outs/Impacts_CMS_HWW_boosted_SR1a_mcstat_bin11.txt
#	deleted:    ../../../../combination/full_datacards_check/outs/Impacts_CMS_HWW_boosted_SR1a_mcstat_bin12.txt
#	deleted:    ../../../../combination/full_datacards_check/outs/Impacts_CMS_HWW_boosted_SR1a_mcstat_bin13.txt
#	deleted:    ../../../../combination/full_datacards_check/outs/Impacts_CMS_HWW_boosted_SR1a_mcstat_bin14.txt
#	deleted:    ../../../../combination/full_datacards_check/outs/Impacts_CMS_HWW_boosted_SR1a_mcstat_bin15.txt
#	deleted:    ../../../../combination/full_datacards_check/outs/Impacts_CMS_HWW_boosted_SR1a_mcstat_bin16.txt
#	deleted:    ../../../../combination/full_datacards_check/outs/Impacts_CMS_HWW_boosted_SR1a_mcstat_bin17.txt
#	deleted:    ../../../../combination/full_datacards_check/outs/Impacts_CMS_HWW_boosted_SR1a_mcstat_bin18.txt
#	deleted:    ../../../../combination/full_datacards_check/outs/Impacts_CMS_HWW_boosted_SR1a_mcstat_bin19.txt
#	deleted:    ../../../../combination/full_datacards_check/outs/Impacts_CMS_HWW_boosted_SR1a_mcstat_bin2.txt
#	deleted:    ../../../../combination/full_datacards_check/outs/Impacts_CMS_HWW_boosted_SR1a_mcstat_bin3.txt
#	deleted:    ../../../../combination/full_datacards_check/outs/Impacts_CMS_HWW_boosted_SR1a_mcstat_bin4.txt
#	deleted:    ../../../../combination/full_datacards_check/outs/Impacts_CMS_HWW_boosted_SR1a_mcstat_bin5.txt
#	deleted:    ../../../../combination/full_datacards_check/outs/Impacts_CMS_HWW_boosted_SR1a_mcstat_bin6.txt
#	deleted:    ../../../../combination/full_datacards_check/outs/Impacts_CMS_HWW_boosted_SR1a_mcstat_bin7.txt
#	deleted:    ../../../../combination/full_datacards_check/outs/Impacts_CMS_HWW_boosted_SR1a_mcstat_bin8.txt
#	deleted:    ../../../../combination/full_datacards_check/outs/Impacts_CMS_HWW_boosted_SR1a_mcstat_bin9.txt
#	deleted:    ../../../../combination/full_datacards_check/outs/Impacts_CMS_HWW_boosted_SR1b_mcstat_bin0.txt
#	deleted:    ../../../../combination/full_datacards_check/outs/Impacts_CMS_HWW_boosted_SR1b_mcstat_bin1.txt
#	deleted:    ../../../../combination/full_datacards_check/outs/Impacts_CMS_HWW_boosted_SR1b_mcstat_bin10.txt
#	deleted:    ../../../../combination/full_datacards_check/outs/Impacts_CMS_HWW_boosted_SR1b_mcstat_bin11.txt
#	deleted:    ../../../../combination/full_datacards_check/outs/Impacts_CMS_HWW_boosted_SR1b_mcstat_bin12.txt
#	deleted:    ../../../../combination/full_datacards_check/outs/Impacts_CMS_HWW_boosted_SR1b_mcstat_bin13.txt
#	deleted:    ../../../../combination/full_datacards_check/outs/Impacts_CMS_HWW_boosted_SR1b_mcstat_bin14.txt
#	deleted:    ../../../../combination/full_datacards_check/outs/Impacts_CMS_HWW_boosted_SR1b_mcstat_bin15.txt
#	deleted:    ../../../../combination/full_datacards_check/outs/Impacts_CMS_HWW_boosted_SR1b_mcstat_bin16.txt
#	deleted:    ../../../../combination/full_datacards_check/outs/Impacts_CMS_HWW_boosted_SR1b_mcstat_bin17.txt
#	deleted:    ../../../../combination/full_datacards_check/outs/Impacts_CMS_HWW_boosted_SR1b_mcstat_bin18.txt
#	deleted:    ../../../../combination/full_datacards_check/outs/Impacts_CMS_HWW_boosted_SR1b_mcstat_bin19.txt
#	deleted:    ../../../../combination/full_datacards_check/outs/Impacts_CMS_HWW_boosted_SR1b_mcstat_bin2.txt
#	deleted:    ../../../../combination/full_datacards_check/outs/Impacts_CMS_HWW_boosted_SR1b_mcstat_bin3.txt
#	deleted:    ../../../../combination/full_datacards_check/outs/Impacts_CMS_HWW_boosted_SR1b_mcstat_bin4.txt
#	deleted:    ../../../../combination/full_datacards_check/outs/Impacts_CMS_HWW_boosted_SR1b_mcstat_bin5.txt
#	deleted:    ../../../../combination/full_datacards_check/outs/Impacts_CMS_HWW_boosted_SR1b_mcstat_bin6.txt
#	deleted:    ../../../../combination/full_datacards_check/outs/Impacts_CMS_HWW_boosted_SR1b_mcstat_bin7.txt
#	deleted:    ../../../../combination/full_datacards_check/outs/Impacts_CMS_HWW_boosted_SR1b_mcstat_bin8.txt
#	deleted:    ../../../../combination/full_datacards_check/outs/Impacts_CMS_HWW_boosted_SR1b_mcstat_bin9.txt
#	deleted:    ../../../../combination/full_datacards_check/outs/Impacts_CMS_HWW_boosted_SR2a_WH_hww_mcstat_bin0.txt
#	deleted:    ../../../../combination/full_datacards_check/outs/Impacts_CMS_HWW_boosted_SR2a_WH_hww_mcstat_bin1.txt
#	deleted:    ../../../../combination/full_datacards_check/outs/Impacts_CMS_HWW_boosted_SR2a_WH_hww_mcstat_bin18.txt
#	deleted:    ../../../../combination/full_datacards_check/outs/Impacts_CMS_HWW_boosted_SR2a_ZH_hww_mcstat_bin0.txt
#	deleted:    ../../../../combination/full_datacards_check/outs/Impacts_CMS_HWW_boosted_SR2a_ZH_hww_mcstat_bin1.txt
#	deleted:    ../../../../combination/full_datacards_check/outs/Impacts_CMS_HWW_boosted_SR2a_ZH_hww_mcstat_bin18.txt
#	deleted:    ../../../../combination/full_datacards_check/outs/Impacts_CMS_HWW_boosted_SR2a_ggH_hww_mcstat_bin0.txt
#	deleted:    ../../../../combination/full_datacards_check/outs/Impacts_CMS_HWW_boosted_SR2a_ggH_hww_mcstat_bin1.txt
#	deleted:    ../../../../combination/full_datacards_check/outs/Impacts_CMS_HWW_boosted_SR2a_mcstat_bin10.txt
#	deleted:    ../../../../combination/full_datacards_check/outs/Impacts_CMS_HWW_boosted_SR2a_mcstat_bin11.txt
#	deleted:    ../../../../combination/full_datacards_check/outs/Impacts_CMS_HWW_boosted_SR2a_mcstat_bin12.txt
#	deleted:    ../../../../combination/full_datacards_check/outs/Impacts_CMS_HWW_boosted_SR2a_mcstat_bin13.txt
#	deleted:    ../../../../combination/full_datacards_check/outs/Impacts_CMS_HWW_boosted_SR2a_mcstat_bin14.txt
#	deleted:    ../../../../combination/full_datacards_check/outs/Impacts_CMS_HWW_boosted_SR2a_mcstat_bin15.txt
#	deleted:    ../../../../combination/full_datacards_check/outs/Impacts_CMS_HWW_boosted_SR2a_mcstat_bin16.txt
#	deleted:    ../../../../combination/full_datacards_check/outs/Impacts_CMS_HWW_boosted_SR2a_mcstat_bin17.txt
#	deleted:    ../../../../combination/full_datacards_check/outs/Impacts_CMS_HWW_boosted_SR2a_mcstat_bin19.txt
#	deleted:    ../../../../combination/full_datacards_check/outs/Impacts_CMS_HWW_boosted_SR2a_mcstat_bin2.txt
#	deleted:    ../../../../combination/full_datacards_check/outs/Impacts_CMS_HWW_boosted_SR2a_mcstat_bin3.txt
#	deleted:    ../../../../combination/full_datacards_check/outs/Impacts_CMS_HWW_boosted_SR2a_mcstat_bin4.txt
#	deleted:    ../../../../combination/full_datacards_check/outs/Impacts_CMS_HWW_boosted_SR2a_mcstat_bin5.txt
#	deleted:    ../../../../combination/full_datacards_check/outs/Impacts_CMS_HWW_boosted_SR2a_mcstat_bin6.txt
#	deleted:    ../../../../combination/full_datacards_check/outs/Impacts_CMS_HWW_boosted_SR2a_mcstat_bin7.txt
#	deleted:    ../../../../combination/full_datacards_check/outs/Impacts_CMS_HWW_boosted_SR2a_mcstat_bin8.txt
#	deleted:    ../../../../combination/full_datacards_check/outs/Impacts_CMS_HWW_boosted_SR2a_mcstat_bin9.txt
#	deleted:    ../../../../combination/full_datacards_check/outs/Impacts_CMS_HWW_boosted_SR2a_qqH_hww_mcstat_bin0.txt
#	deleted:    ../../../../combination/full_datacards_check/outs/Impacts_CMS_HWW_boosted_SR2a_qqH_hww_mcstat_bin1.txt
#	deleted:    ../../../../combination/full_datacards_check/outs/Impacts_CMS_HWW_boosted_SR2a_rest_bkg_mcstat_bin1.txt
#	deleted:    ../../../../combination/full_datacards_check/outs/Impacts_CMS_HWW_boosted_SR2a_rest_bkg_mcstat_bin18.txt
#	deleted:    ../../../../combination/full_datacards_check/outs/Impacts_CMS_HWW_boosted_SR2a_single_top_mcstat_bin18.txt
#	deleted:    ../../../../combination/full_datacards_check/outs/Impacts_CMS_HWW_boosted_SR2a_ttH_hww_mcstat_bin0.txt
#	deleted:    ../../../../combination/full_datacards_check/outs/Impacts_CMS_HWW_boosted_SR2a_ttH_hww_mcstat_bin1.txt
#	deleted:    ../../../../combination/full_datacards_check/outs/Impacts_CMS_HWW_boosted_SR2a_ttH_hww_mcstat_bin18.txt
#	deleted:    ../../../../combination/full_datacards_check/outs/Impacts_CMS_HWW_boosted_SR2a_ttbar_mcstat_bin0.txt
#	deleted:    ../../../../combination/full_datacards_check/outs/Impacts_CMS_HWW_boosted_SR2a_ttbar_mcstat_bin1.txt
#	deleted:    ../../../../combination/full_datacards_check/outs/Impacts_CMS_HWW_boosted_SR2a_ttbar_mcstat_bin18.txt
#	deleted:    ../../../../combination/full_datacards_check/outs/Impacts_CMS_HWW_boosted_SR2a_wjets_mcstat_bin0.txt
#	deleted:    ../../../../combination/full_datacards_check/outs/Impacts_CMS_HWW_boosted_SR2a_wjets_mcstat_bin1.txt
#	deleted:    ../../../../combination/full_datacards_check/outs/Impacts_CMS_HWW_boosted_SR2a_wjets_mcstat_bin18.txt
#	deleted:    ../../../../combination/full_datacards_check/outs/Impacts_CMS_HWW_boosted_SR2b_mcstat_bin0.txt
#	deleted:    ../../../../combination/full_datacards_check/outs/Impacts_CMS_HWW_boosted_SR2b_mcstat_bin1.txt
#	deleted:    ../../../../combination/full_datacards_check/outs/Impacts_CMS_HWW_boosted_SR2b_mcstat_bin10.txt
#	deleted:    ../../../../combination/full_datacards_check/outs/Impacts_CMS_HWW_boosted_SR2b_mcstat_bin11.txt
#	deleted:    ../../../../combination/full_datacards_check/outs/Impacts_CMS_HWW_boosted_SR2b_mcstat_bin12.txt
#	deleted:    ../../../../combination/full_datacards_check/outs/Impacts_CMS_HWW_boosted_SR2b_mcstat_bin13.txt
#	deleted:    ../../../../combination/full_datacards_check/outs/Impacts_CMS_HWW_boosted_SR2b_mcstat_bin14.txt
#	deleted:    ../../../../combination/full_datacards_check/outs/Impacts_CMS_HWW_boosted_SR2b_mcstat_bin15.txt
#	deleted:    ../../../../combination/full_datacards_check/outs/Impacts_CMS_HWW_boosted_SR2b_mcstat_bin16.txt
#	deleted:    ../../../../combination/full_datacards_check/outs/Impacts_CMS_HWW_boosted_SR2b_mcstat_bin17.txt
#	deleted:    ../../../../combination/full_datacards_check/outs/Impacts_CMS_HWW_boosted_SR2b_mcstat_bin18.txt
#	deleted:    ../../../../combination/full_datacards_check/outs/Impacts_CMS_HWW_boosted_SR2b_mcstat_bin19.txt
#	deleted:    ../../../../combination/full_datacards_check/outs/Impacts_CMS_HWW_boosted_SR2b_mcstat_bin2.txt
#	deleted:    ../../../../combination/full_datacards_check/outs/Impacts_CMS_HWW_boosted_SR2b_mcstat_bin3.txt
#	deleted:    ../../../../combination/full_datacards_check/outs/Impacts_CMS_HWW_boosted_SR2b_mcstat_bin4.txt
#	deleted:    ../../../../combination/full_datacards_check/outs/Impacts_CMS_HWW_boosted_SR2b_mcstat_bin5.txt
#	deleted:    ../../../../combination/full_datacards_check/outs/Impacts_CMS_HWW_boosted_SR2b_mcstat_bin6.txt
#	deleted:    ../../../../combination/full_datacards_check/outs/Impacts_CMS_HWW_boosted_SR2b_mcstat_bin7.txt
#	deleted:    ../../../../combination/full_datacards_check/outs/Impacts_CMS_HWW_boosted_SR2b_mcstat_bin8.txt
#	deleted:    ../../../../combination/full_datacards_check/outs/Impacts_CMS_HWW_boosted_SR2b_mcstat_bin9.txt
#	deleted:    ../../../../combination/full_datacards_check/outs/Impacts_CMS_HWW_boosted_TopCR_fail_mcstat_bin0.txt
#	deleted:    ../../../../combination/full_datacards_check/outs/Impacts_CMS_HWW_boosted_TopCR_fail_mcstat_bin1.txt
#	deleted:    ../../../../combination/full_datacards_check/outs/Impacts_CMS_HWW_boosted_TopCR_fail_mcstat_bin2.txt
#	deleted:    ../../../../combination/full_datacards_check/outs/Impacts_CMS_HWW_boosted_TopCR_fail_mcstat_bin3.txt
#	deleted:    ../../../../combination/full_datacards_check/outs/Impacts_CMS_HWW_boosted_TopCR_fail_mcstat_bin4.txt
#	deleted:    ../../../../combination/full_datacards_check/outs/Impacts_CMS_HWW_boosted_TopCR_fail_mcstat_bin5.txt
#	deleted:    ../../../../combination/full_datacards_check/outs/Impacts_CMS_HWW_boosted_TopCR_mcstat_bin0.txt
#	deleted:    ../../../../combination/full_datacards_check/outs/Impacts_CMS_HWW_boosted_TopCR_mcstat_bin1.txt
#	deleted:    ../../../../combination/full_datacards_check/outs/Impacts_CMS_HWW_boosted_TopCR_mcstat_bin2.txt
#	deleted:    ../../../../combination/full_datacards_check/outs/Impacts_CMS_HWW_boosted_TopCR_mcstat_bin3.txt
#	deleted:    ../../../../combination/full_datacards_check/outs/Impacts_CMS_HWW_boosted_TopCR_mcstat_bin4.txt
#	deleted:    ../../../../combination/full_datacards_check/outs/Impacts_CMS_HWW_boosted_TopCR_mcstat_bin5.txt
#	deleted:    ../../../../combination/full_datacards_check/outs/Impacts_CMS_HWW_boosted_TopCR_mcstat_bin6.txt
#	deleted:    ../../../../combination/full_datacards_check/outs/Impacts_CMS_HWW_boosted_TopCR_mcstat_bin7.txt
#	deleted:    ../../../../combination/full_datacards_check/outs/Impacts_CMS_HWW_boosted_TopCR_mcstat_bin8.txt
#	deleted:    ../../../../combination/full_datacards_check/outs/Impacts_CMS_HWW_boosted_TopCR_pass_mcstat_bin0.txt
#	deleted:    ../../../../combination/full_datacards_check/outs/Impacts_CMS_HWW_boosted_TopCR_pass_mcstat_bin1.txt
#	deleted:    ../../../../combination/full_datacards_check/outs/Impacts_CMS_HWW_boosted_TopCR_pass_mcstat_bin2.txt
#	deleted:    ../../../../combination/full_datacards_check/outs/Impacts_CMS_HWW_boosted_TopCR_pass_mcstat_bin3.txt
#	deleted:    ../../../../combination/full_datacards_check/outs/Impacts_CMS_HWW_boosted_TopCR_pass_mcstat_bin4.txt
#	deleted:    ../../../../combination/full_datacards_check/outs/Impacts_CMS_HWW_boosted_TopCR_pass_mcstat_bin5.txt
#	deleted:    ../../../../combination/full_datacards_check/outs/Impacts_CMS_HWW_boosted_TopPtReweight.txt
#	deleted:    ../../../../combination/full_datacards_check/outs/Impacts_CMS_HWW_boosted_VBF_mcstat_bin0.txt
#	deleted:    ../../../../combination/full_datacards_check/outs/Impacts_CMS_HWW_boosted_VBF_mcstat_bin1.txt
#	deleted:    ../../../../combination/full_datacards_check/outs/Impacts_CMS_HWW_boosted_VBF_mcstat_bin2.txt
#	deleted:    ../../../../combination/full_datacards_check/outs/Impacts_CMS_HWW_boosted_VBF_mcstat_bin3.txt
#	deleted:    ../../../../combination/full_datacards_check/outs/Impacts_CMS_HWW_boosted_VBF_mcstat_bin4.txt
#	deleted:    ../../../../combination/full_datacards_check/outs/Impacts_CMS_HWW_boosted_VBF_mcstat_bin5.txt
#	deleted:    ../../../../combination/full_datacards_check/outs/Impacts_CMS_HWW_boosted_VBF_mcstat_bin6.txt
#	deleted:    ../../../../combination/full_datacards_check/outs/Impacts_CMS_HWW_boosted_VBF_mcstat_bin7.txt
#	deleted:    ../../../../combination/full_datacards_check/outs/Impacts_CMS_HWW_boosted_VBF_mcstat_bin8.txt
#	deleted:    ../../../../combination/full_datacards_check/outs/Impacts_CMS_HWW_boosted_WJetsCR_mcstat_bin0.txt
#	deleted:    ../../../../combination/full_datacards_check/outs/Impacts_CMS_HWW_boosted_WJetsCR_mcstat_bin1.txt
#	deleted:    ../../../../combination/full_datacards_check/outs/Impacts_CMS_HWW_boosted_WJetsCR_mcstat_bin2.txt
#	deleted:    ../../../../combination/full_datacards_check/outs/Impacts_CMS_HWW_boosted_WJetsCR_mcstat_bin3.txt
#	deleted:    ../../../../combination/full_datacards_check/outs/Impacts_CMS_HWW_boosted_WJetsCR_mcstat_bin4.txt
#	deleted:    ../../../../combination/full_datacards_check/outs/Impacts_CMS_HWW_boosted_WJetsCR_mcstat_bin5.txt
#	deleted:    ../../../../combination/full_datacards_check/outs/Impacts_CMS_HWW_boosted_WJetsCR_mcstat_bin6.txt
#	deleted:    ../../../../combination/full_datacards_check/outs/Impacts_CMS_HWW_boosted_WJetsCR_mcstat_bin7.txt
#	deleted:    ../../../../combination/full_datacards_check/outs/Impacts_CMS_HWW_boosted_WJetsCR_mcstat_bin8.txt
#	deleted:    ../../../../combination/full_datacards_check/outs/Impacts_CMS_HWW_boosted_W_d1kappa_EW.txt
#	deleted:    ../../../../combination/full_datacards_check/outs/Impacts_CMS_HWW_boosted_W_d2kappa_EW.txt
#	deleted:    ../../../../combination/full_datacards_check/outs/Impacts_CMS_HWW_boosted_W_d3kappa_EW.txt
#	deleted:    ../../../../combination/full_datacards_check/outs/Impacts_CMS_HWW_boosted_Z_d2kappa_EW.txt
#	deleted:    ../../../../combination/full_datacards_check/outs/Impacts_CMS_HWW_boosted_Z_d3kappa_EW.txt
#	deleted:    ../../../../combination/full_datacards_check/outs/Impacts_CMS_HWW_boosted_btagSFbcCorrelated.txt
#	deleted:    ../../../../combination/full_datacards_check/outs/Impacts_CMS_HWW_boosted_btagSFbcCorrelated_2016.txt
#	deleted:    ../../../../combination/full_datacards_check/outs/Impacts_CMS_HWW_boosted_btagSFbcCorrelated_2016APV.txt
#	deleted:    ../../../../combination/full_datacards_check/outs/Impacts_CMS_HWW_boosted_btagSFbcCorrelated_2017.txt
#	deleted:    ../../../../combination/full_datacards_check/outs/Impacts_CMS_HWW_boosted_btagSFbcCorrelated_2018.txt
#	deleted:    ../../../../combination/full_datacards_check/outs/Impacts_CMS_HWW_boosted_btagSFbc_2016.txt
#	deleted:    ../../../../combination/full_datacards_check/outs/Impacts_CMS_HWW_boosted_btagSFbc_2016APV.txt
#	deleted:    ../../../../combination/full_datacards_check/outs/Impacts_CMS_HWW_boosted_btagSFbc_2017.txt
#	deleted:    ../../../../combination/full_datacards_check/outs/Impacts_CMS_HWW_boosted_btagSFbc_2018.txt
#	deleted:    ../../../../combination/full_datacards_check/outs/Impacts_CMS_HWW_boosted_btagSFlightCorrelated.txt
#	deleted:    ../../../../combination/full_datacards_check/outs/Impacts_CMS_HWW_boosted_btagSFlightCorrelated_2016.txt
#	deleted:    ../../../../combination/full_datacards_check/outs/Impacts_CMS_HWW_boosted_btagSFlightCorrelated_2016APV.txt
#	deleted:    ../../../../combination/full_datacards_check/outs/Impacts_CMS_HWW_boosted_btagSFlightCorrelated_2017.txt
#	deleted:    ../../../../combination/full_datacards_check/outs/Impacts_CMS_HWW_boosted_btagSFlightCorrelated_2018.txt
#	deleted:    ../../../../combination/full_datacards_check/outs/Impacts_CMS_HWW_boosted_btagSFlight_2016.txt
#	deleted:    ../../../../combination/full_datacards_check/outs/Impacts_CMS_HWW_boosted_btagSFlight_2016APV.txt
#	deleted:    ../../../../combination/full_datacards_check/outs/Impacts_CMS_HWW_boosted_btagSFlight_2017.txt
#	deleted:    ../../../../combination/full_datacards_check/outs/Impacts_CMS_HWW_boosted_btagSFlight_2018.txt
#	deleted:    ../../../../combination/full_datacards_check/outs/Impacts_CMS_HWW_boosted_d1K_NLO.txt
#	deleted:    ../../../../combination/full_datacards_check/outs/Impacts_CMS_HWW_boosted_d2K_NLO.txt
#	deleted:    ../../../../combination/full_datacards_check/outs/Impacts_CMS_HWW_boosted_d3K_NLO.txt
#	deleted:    ../../../../combination/full_datacards_check/outs/Impacts_CMS_HWW_boosted_ele_identification.txt
#	deleted:    ../../../../combination/full_datacards_check/outs/Impacts_CMS_HWW_boosted_ele_identification_2016.txt
#	deleted:    ../../../../combination/full_datacards_check/outs/Impacts_CMS_HWW_boosted_ele_identification_2016APV.txt
#	deleted:    ../../../../combination/full_datacards_check/outs/Impacts_CMS_HWW_boosted_ele_identification_2017.txt
#	deleted:    ../../../../combination/full_datacards_check/outs/Impacts_CMS_HWW_boosted_ele_identification_2018.txt
#	deleted:    ../../../../combination/full_datacards_check/outs/Impacts_CMS_HWW_boosted_ele_reconstruction.txt
#	deleted:    ../../../../combination/full_datacards_check/outs/Impacts_CMS_HWW_boosted_ele_reconstruction_2016.txt
#	deleted:    ../../../../combination/full_datacards_check/outs/Impacts_CMS_HWW_boosted_ele_reconstruction_2016APV.txt
#	deleted:    ../../../../combination/full_datacards_check/outs/Impacts_CMS_HWW_boosted_ele_reconstruction_2017.txt
#	deleted:    ../../../../combination/full_datacards_check/outs/Impacts_CMS_HWW_boosted_ele_reconstruction_2018.txt
#	deleted:    ../../../../combination/full_datacards_check/outs/Impacts_CMS_HWW_boosted_ele_trigger_stat_unc_2016.txt
#	deleted:    ../../../../combination/full_datacards_check/outs/Impacts_CMS_HWW_boosted_ele_trigger_stat_unc_2016APV.txt
#	deleted:    ../../../../combination/full_datacards_check/outs/Impacts_CMS_HWW_boosted_ele_trigger_stat_unc_2017.txt
#	deleted:    ../../../../combination/full_datacards_check/outs/Impacts_CMS_HWW_boosted_ele_trigger_stat_unc_2018.txt
#	deleted:    ../../../../combination/full_datacards_check/outs/Impacts_CMS_HWW_boosted_ele_trigger_syst_unc.txt
#	deleted:    ../../../../combination/full_datacards_check/outs/Impacts_CMS_HWW_boosted_electron_veto.txt
#	deleted:    ../../../../combination/full_datacards_check/outs/Impacts_CMS_HWW_boosted_ggFpt250to350_mcstat_bin0.txt
#	deleted:    ../../../../combination/full_datacards_check/outs/Impacts_CMS_HWW_boosted_ggFpt250to350_mcstat_bin1.txt
#	deleted:    ../../../../combination/full_datacards_check/outs/Impacts_CMS_HWW_boosted_ggFpt250to350_mcstat_bin2.txt
#	deleted:    ../../../../combination/full_datacards_check/outs/Impacts_CMS_HWW_boosted_ggFpt250to350_mcstat_bin3.txt
#	deleted:    ../../../../combination/full_datacards_check/outs/Impacts_CMS_HWW_boosted_ggFpt250to350_mcstat_bin4.txt
#	deleted:    ../../../../combination/full_datacards_check/outs/Impacts_CMS_HWW_boosted_ggFpt250to350_mcstat_bin5.txt
#	deleted:    ../../../../combination/full_datacards_check/outs/Impacts_CMS_HWW_boosted_ggFpt250to350_mcstat_bin6.txt
#	deleted:    ../../../../combination/full_datacards_check/outs/Impacts_CMS_HWW_boosted_ggFpt250to350_mcstat_bin7.txt
#	deleted:    ../../../../combination/full_datacards_check/outs/Impacts_CMS_HWW_boosted_ggFpt250to350_mcstat_bin8.txt
#	deleted:    ../../../../combination/full_datacards_check/outs/Impacts_CMS_HWW_boosted_ggFpt350to500_mcstat_bin0.txt
#	deleted:    ../../../../combination/full_datacards_check/outs/Impacts_CMS_HWW_boosted_ggFpt350to500_mcstat_bin1.txt
#	deleted:    ../../../../combination/full_datacards_check/outs/Impacts_CMS_HWW_boosted_ggFpt350to500_mcstat_bin2.txt
#	deleted:    ../../../../combination/full_datacards_check/outs/Impacts_CMS_HWW_boosted_ggFpt350to500_mcstat_bin3.txt
#	deleted:    ../../../../combination/full_datacards_check/outs/Impacts_CMS_HWW_boosted_ggFpt350to500_mcstat_bin4.txt
#	deleted:    ../../../../combination/full_datacards_check/outs/Impacts_CMS_HWW_boosted_ggFpt350to500_mcstat_bin5.txt
#	deleted:    ../../../../combination/full_datacards_check/outs/Impacts_CMS_HWW_boosted_ggFpt350to500_mcstat_bin6.txt
#	deleted:    ../../../../combination/full_datacards_check/outs/Impacts_CMS_HWW_boosted_ggFpt350to500_mcstat_bin7.txt
#	deleted:    ../../../../combination/full_datacards_check/outs/Impacts_CMS_HWW_boosted_ggFpt350to500_mcstat_bin8.txt
#	deleted:    ../../../../combination/full_datacards_check/outs/Impacts_CMS_HWW_boosted_ggFpt500toInf_mcstat_bin0.txt
#	deleted:    ../../../../combination/full_datacards_check/outs/Impacts_CMS_HWW_boosted_ggFpt500toInf_mcstat_bin1.txt
#	deleted:    ../../../../combination/full_datacards_check/outs/Impacts_CMS_HWW_boosted_ggFpt500toInf_mcstat_bin2.txt
#	deleted:    ../../../../combination/full_datacards_check/outs/Impacts_CMS_HWW_boosted_ggFpt500toInf_mcstat_bin3.txt
#	deleted:    ../../../../combination/full_datacards_check/outs/Impacts_CMS_HWW_boosted_ggFpt500toInf_mcstat_bin4.txt
#	deleted:    ../../../../combination/full_datacards_check/outs/Impacts_CMS_HWW_boosted_ggFpt500toInf_mcstat_bin5.txt
#	deleted:    ../../../../combination/full_datacards_check/outs/Impacts_CMS_HWW_boosted_ggFpt500toInf_mcstat_bin6.txt
#	deleted:    ../../../../combination/full_datacards_check/outs/Impacts_CMS_HWW_boosted_ggFpt500toInf_mcstat_bin7.txt
#	deleted:    ../../../../combination/full_datacards_check/outs/Impacts_CMS_HWW_boosted_ggFpt500toInf_mcstat_bin8.txt
#	deleted:    ../../../../combination/full_datacards_check/outs/Impacts_CMS_HWW_boosted_jmr_2016.txt
#	deleted:    ../../../../combination/full_datacards_check/outs/Impacts_CMS_HWW_boosted_jmr_2016APV.txt
#	deleted:    ../../../../combination/full_datacards_check/outs/Impacts_CMS_HWW_boosted_jmr_2017.txt
#	deleted:    ../../../../combination/full_datacards_check/outs/Impacts_CMS_HWW_boosted_jmr_2018.txt
#	deleted:    ../../../../combination/full_datacards_check/outs/Impacts_CMS_HWW_boosted_jms_2016.txt
#	deleted:    ../../../../combination/full_datacards_check/outs/Impacts_CMS_HWW_boosted_jms_2016APV.txt
#	deleted:    ../../../../combination/full_datacards_check/outs/Impacts_CMS_HWW_boosted_jms_2017.txt
#	deleted:    ../../../../combination/full_datacards_check/outs/Impacts_CMS_HWW_boosted_jms_2018.txt
#	deleted:    ../../../../combination/full_datacards_check/outs/Impacts_CMS_HWW_boosted_lp_sf_region_a.txt
#	deleted:    ../../../../combination/full_datacards_check/outs/Impacts_CMS_HWW_boosted_lp_sf_region_b.txt
#	deleted:    ../../../../combination/full_datacards_check/outs/Impacts_CMS_HWW_boosted_miniisolation_SF_unc.txt
#	deleted:    ../../../../combination/full_datacards_check/outs/Impacts_CMS_HWW_boosted_mu_identification_stat_2016.txt
#	deleted:    ../../../../combination/full_datacards_check/outs/Impacts_CMS_HWW_boosted_mu_identification_stat_2016APV.txt
#	deleted:    ../../../../combination/full_datacards_check/outs/Impacts_CMS_HWW_boosted_mu_identification_stat_2017.txt
#	deleted:    ../../../../combination/full_datacards_check/outs/Impacts_CMS_HWW_boosted_mu_identification_stat_2018.txt
#	deleted:    ../../../../combination/full_datacards_check/outs/Impacts_CMS_HWW_boosted_mu_identification_syst.txt
#	deleted:    ../../../../combination/full_datacards_check/outs/Impacts_CMS_HWW_boosted_mu_isolation.txt
#	deleted:    ../../../../combination/full_datacards_check/outs/Impacts_CMS_HWW_boosted_mu_trigger.txt
#	deleted:    ../../../../combination/full_datacards_check/outs/Impacts_CMS_HWW_boosted_mu_trigger_iso.txt
#	deleted:    ../../../../combination/full_datacards_check/outs/Impacts_CMS_HWW_boosted_rest_bkg_rate.txt
#	deleted:    ../../../../combination/full_datacards_check/outs/Impacts_CMS_HWW_boosted_single_top_rate.txt
#	deleted:    ../../../../combination/full_datacards_check/outs/Impacts_CMS_HWW_boosted_tagger.txt
#	deleted:    ../../../../combination/full_datacards_check/outs/Impacts_CMS_HWW_boosted_taggereff.txt
#	deleted:    ../../../../combination/full_datacards_check/outs/Impacts_CMS_HWW_boosted_tf_dataResidual_CR1_Bin0.txt
#	deleted:    ../../../../combination/full_datacards_check/outs/Impacts_CMS_HWW_boosted_tf_dataResidual_CR1_Bin1.txt
#	deleted:    ../../../../combination/full_datacards_check/outs/Impacts_CMS_HWW_boosted_tf_dataResidual_CR1_Bin10.txt
#	deleted:    ../../../../combination/full_datacards_check/outs/Impacts_CMS_HWW_boosted_tf_dataResidual_CR1_Bin11.txt
#	deleted:    ../../../../combination/full_datacards_check/outs/Impacts_CMS_HWW_boosted_tf_dataResidual_CR1_Bin12.txt
#	deleted:    ../../../../combination/full_datacards_check/outs/Impacts_CMS_HWW_boosted_tf_dataResidual_CR1_Bin13.txt
#	deleted:    ../../../../combination/full_datacards_check/outs/Impacts_CMS_HWW_boosted_tf_dataResidual_CR1_Bin14.txt
#	deleted:    ../../../../combination/full_datacards_check/outs/Impacts_CMS_HWW_boosted_tf_dataResidual_CR1_Bin15.txt
#	deleted:    ../../../../combination/full_datacards_check/outs/Impacts_CMS_HWW_boosted_tf_dataResidual_CR1_Bin16.txt
#	deleted:    ../../../../combination/full_datacards_check/outs/Impacts_CMS_HWW_boosted_tf_dataResidual_CR1_Bin17.txt
#	deleted:    ../../../../combination/full_datacards_check/outs/Impacts_CMS_HWW_boosted_tf_dataResidual_CR1_Bin18.txt
#	deleted:    ../../../../combination/full_datacards_check/outs/Impacts_CMS_HWW_boosted_tf_dataResidual_CR1_Bin19.txt
#	deleted:    ../../../../combination/full_datacards_check/outs/Impacts_CMS_HWW_boosted_tf_dataResidual_CR1_Bin2.txt
#	deleted:    ../../../../combination/full_datacards_check/outs/Impacts_CMS_HWW_boosted_tf_dataResidual_CR1_Bin3.txt
#	deleted:    ../../../../combination/full_datacards_check/outs/Impacts_CMS_HWW_boosted_tf_dataResidual_CR1_Bin4.txt
#	deleted:    ../../../../combination/full_datacards_check/outs/Impacts_CMS_HWW_boosted_tf_dataResidual_CR1_Bin5.txt
#	deleted:    ../../../../combination/full_datacards_check/outs/Impacts_CMS_HWW_boosted_tf_dataResidual_CR1_Bin6.txt
#	deleted:    ../../../../combination/full_datacards_check/outs/Impacts_CMS_HWW_boosted_tf_dataResidual_CR1_Bin7.txt
#	deleted:    ../../../../combination/full_datacards_check/outs/Impacts_CMS_HWW_boosted_tf_dataResidual_CR1_Bin8.txt
#	deleted:    ../../../../combination/full_datacards_check/outs/Impacts_CMS_HWW_boosted_tf_dataResidual_CR1_Bin9.txt
#	deleted:    ../../../../combination/full_datacards_check/outs/Impacts_CMS_HWW_boosted_tf_dataResidual_CR2_Bin0.txt
#	deleted:    ../../../../combination/full_datacards_check/outs/Impacts_CMS_HWW_boosted_tf_dataResidual_CR2_Bin1.txt
#	deleted:    ../../../../combination/full_datacards_check/outs/Impacts_CMS_HWW_boosted_tf_dataResidual_CR2_Bin10.txt
#	deleted:    ../../../../combination/full_datacards_check/outs/Impacts_CMS_HWW_boosted_tf_dataResidual_CR2_Bin11.txt
#	deleted:    ../../../../combination/full_datacards_check/outs/Impacts_CMS_HWW_boosted_tf_dataResidual_CR2_Bin12.txt
#	deleted:    ../../../../combination/full_datacards_check/outs/Impacts_CMS_HWW_boosted_tf_dataResidual_CR2_Bin13.txt
#	deleted:    ../../../../combination/full_datacards_check/outs/Impacts_CMS_HWW_boosted_tf_dataResidual_CR2_Bin14.txt
#	deleted:    ../../../../combination/full_datacards_check/outs/Impacts_CMS_HWW_boosted_tf_dataResidual_CR2_Bin15.txt
#	deleted:    ../../../../combination/full_datacards_check/outs/Impacts_CMS_HWW_boosted_tf_dataResidual_CR2_Bin16.txt
#	deleted:    ../../../../combination/full_datacards_check/outs/Impacts_CMS_HWW_boosted_tf_dataResidual_CR2_Bin17.txt
#	deleted:    ../../../../combination/full_datacards_check/outs/Impacts_CMS_HWW_boosted_tf_dataResidual_CR2_Bin18.txt
#	deleted:    ../../../../combination/full_datacards_check/outs/Impacts_CMS_HWW_boosted_tf_dataResidual_CR2_Bin19.txt
#	deleted:    ../../../../combination/full_datacards_check/outs/Impacts_CMS_HWW_boosted_tf_dataResidual_CR2_Bin2.txt
#	deleted:    ../../../../combination/full_datacards_check/outs/Impacts_CMS_HWW_boosted_tf_dataResidual_CR2_Bin3.txt
#	deleted:    ../../../../combination/full_datacards_check/outs/Impacts_CMS_HWW_boosted_tf_dataResidual_CR2_Bin4.txt
#	deleted:    ../../../../combination/full_datacards_check/outs/Impacts_CMS_HWW_boosted_tf_dataResidual_CR2_Bin5.txt
#	deleted:    ../../../../combination/full_datacards_check/outs/Impacts_CMS_HWW_boosted_tf_dataResidual_CR2_Bin6.txt
#	deleted:    ../../../../combination/full_datacards_check/outs/Impacts_CMS_HWW_boosted_tf_dataResidual_CR2_Bin7.txt
#	deleted:    ../../../../combination/full_datacards_check/outs/Impacts_CMS_HWW_boosted_tf_dataResidual_CR2_Bin8.txt
#	deleted:    ../../../../combination/full_datacards_check/outs/Impacts_CMS_HWW_boosted_tf_dataResidual_CR2_Bin9.txt
#	deleted:    ../../../../combination/full_datacards_check/outs/Impacts_CMS_HWW_boosted_tf_dataResidual_a_MH_Reco_par0.txt
#	deleted:    ../../../../combination/full_datacards_check/outs/Impacts_CMS_HWW_boosted_tf_dataResidual_a_MH_Reco_par1.txt
#	deleted:    ../../../../combination/full_datacards_check/outs/Impacts_CMS_HWW_boosted_tf_dataResidual_a_MH_Reco_par2.txt
#	deleted:    ../../../../combination/full_datacards_check/outs/Impacts_CMS_HWW_boosted_tf_dataResidual_a_MH_Reco_par3.txt
#	deleted:    ../../../../combination/full_datacards_check/outs/Impacts_CMS_HWW_boosted_tf_dataResidual_b_MH_Reco_par0.txt
#	deleted:    ../../../../combination/full_datacards_check/outs/Impacts_CMS_HWW_boosted_tf_dataResidual_b_MH_Reco_par1.txt
#	deleted:    ../../../../combination/full_datacards_check/outs/Impacts_CMS_HWW_boosted_tf_dataResidual_b_MH_Reco_par2.txt
#	deleted:    ../../../../combination/full_datacards_check/outs/Impacts_CMS_HWW_boosted_tf_dataResidual_b_MH_Reco_par3.txt
#	deleted:    ../../../../combination/full_datacards_check/outs/Impacts_CMS_HWW_boosted_tf_dataResidual_b_MH_Reco_par4.txt
#	deleted:    ../../../../combination/full_datacards_check/outs/Impacts_CMS_HWW_boosted_tf_dataResidual_b_MH_Reco_par5.txt
#	deleted:    ../../../../combination/full_datacards_check/outs/Impacts_CMS_HWW_boosted_tf_dataResidual_b_MH_Reco_par6.txt
#	deleted:    ../../../../combination/full_datacards_check/outs/Impacts_CMS_HWW_boosted_top_reweighting.txt
#	deleted:    ../../../../combination/full_datacards_check/outs/Impacts_CMS_HWW_boosted_triggerEffSF_uncorrelated.txt
#	deleted:    ../../../../combination/full_datacards_check/outs/Impacts_CMS_HWW_boosted_ttbar_rate.txt
#	deleted:    ../../../../combination/full_datacards_check/outs/Impacts_CMS_HWW_boosted_veff_2016.txt
#	deleted:    ../../../../combination/full_datacards_check/outs/Impacts_CMS_HWW_boosted_veff_2016APV.txt
#	deleted:    ../../../../combination/full_datacards_check/outs/Impacts_CMS_HWW_boosted_veff_2017.txt
#	deleted:    ../../../../combination/full_datacards_check/outs/Impacts_CMS_HWW_boosted_veff_2018.txt
#	deleted:    ../../../../combination/full_datacards_check/outs/Impacts_CMS_HWW_boosted_wjets_rate.txt
#	deleted:    ../../../../combination/full_datacards_check/outs/Impacts_CMS_l1_ecal_prefiring_2016.txt
#	deleted:    ../../../../combination/full_datacards_check/outs/Impacts_CMS_l1_ecal_prefiring_2016APV.txt
#	deleted:    ../../../../combination/full_datacards_check/outs/Impacts_CMS_l1_ecal_prefiring_2017.txt
#	deleted:    ../../../../combination/full_datacards_check/outs/Impacts_CMS_lumi_13TeV_1718.txt
#	deleted:    ../../../../combination/full_datacards_check/outs/Impacts_CMS_lumi_13TeV_2016.txt
#	deleted:    ../../../../combination/full_datacards_check/outs/Impacts_CMS_lumi_13TeV_2016APV.txt
#	deleted:    ../../../../combination/full_datacards_check/outs/Impacts_CMS_lumi_13TeV_2017.txt
#	deleted:    ../../../../combination/full_datacards_check/outs/Impacts_CMS_lumi_13TeV_2018.txt
#	deleted:    ../../../../combination/full_datacards_check/outs/Impacts_CMS_lumi_13TeV_correlated.txt
#	deleted:    ../../../../combination/full_datacards_check/outs/Impacts_CMS_pileup_2016.txt
#	deleted:    ../../../../combination/full_datacards_check/outs/Impacts_CMS_pileup_2016APV.txt
#	deleted:    ../../../../combination/full_datacards_check/outs/Impacts_CMS_pileup_2017.txt
#	deleted:    ../../../../combination/full_datacards_check/outs/Impacts_CMS_pileup_2018.txt
#	deleted:    ../../../../combination/full_datacards_check/outs/Impacts_CMS_pileup_id.txt
#	deleted:    ../../../../combination/full_datacards_check/outs/Impacts_CMS_res_j_2016.txt
#	deleted:    ../../../../combination/full_datacards_check/outs/Impacts_CMS_res_j_2016APV.txt
#	deleted:    ../../../../combination/full_datacards_check/outs/Impacts_CMS_res_j_2017.txt
#	deleted:    ../../../../combination/full_datacards_check/outs/Impacts_CMS_res_j_2018.txt
#	deleted:    ../../../../combination/full_datacards_check/outs/Impacts_CMS_scale_j_Abs.txt
#	deleted:    ../../../../combination/full_datacards_check/outs/Impacts_CMS_scale_j_Abs_2016.txt
#	deleted:    ../../../../combination/full_datacards_check/outs/Impacts_CMS_scale_j_Abs_2016APV.txt
#	deleted:    ../../../../combination/full_datacards_check/outs/Impacts_CMS_scale_j_Abs_2017.txt
#	deleted:    ../../../../combination/full_datacards_check/outs/Impacts_CMS_scale_j_Abs_2018.txt
#	deleted:    ../../../../combination/full_datacards_check/outs/Impacts_CMS_scale_j_BBEC1.txt
#	deleted:    ../../../../combination/full_datacards_check/outs/Impacts_CMS_scale_j_BBEC1_2016.txt
#	deleted:    ../../../../combination/full_datacards_check/outs/Impacts_CMS_scale_j_BBEC1_2016APV.txt
#	deleted:    ../../../../combination/full_datacards_check/outs/Impacts_CMS_scale_j_BBEC1_2017.txt
#	deleted:    ../../../../combination/full_datacards_check/outs/Impacts_CMS_scale_j_BBEC1_2018.txt
#	deleted:    ../../../../combination/full_datacards_check/outs/Impacts_CMS_scale_j_EC2.txt
#	deleted:    ../../../../combination/full_datacards_check/outs/Impacts_CMS_scale_j_EC2_2016.txt
#	deleted:    ../../../../combination/full_datacards_check/outs/Impacts_CMS_scale_j_EC2_2016APV.txt
#	deleted:    ../../../../combination/full_datacards_check/outs/Impacts_CMS_scale_j_EC2_2017.txt
#	deleted:    ../../../../combination/full_datacards_check/outs/Impacts_CMS_scale_j_EC2_2018.txt
#	deleted:    ../../../../combination/full_datacards_check/outs/Impacts_CMS_scale_j_FlavQCD.txt
#	deleted:    ../../../../combination/full_datacards_check/outs/Impacts_CMS_scale_j_HF.txt
#	deleted:    ../../../../combination/full_datacards_check/outs/Impacts_CMS_scale_j_HF_2016.txt
#	deleted:    ../../../../combination/full_datacards_check/outs/Impacts_CMS_scale_j_HF_2016APV.txt
#	deleted:    ../../../../combination/full_datacards_check/outs/Impacts_CMS_scale_j_HF_2017.txt
#	deleted:    ../../../../combination/full_datacards_check/outs/Impacts_CMS_scale_j_HF_2018.txt
#	deleted:    ../../../../combination/full_datacards_check/outs/Impacts_CMS_scale_j_RelBal.txt
#	deleted:    ../../../../combination/full_datacards_check/outs/Impacts_CMS_scale_j_RelSample_2016.txt
#	deleted:    ../../../../combination/full_datacards_check/outs/Impacts_CMS_scale_j_RelSample_2016APV.txt
#	deleted:    ../../../../combination/full_datacards_check/outs/Impacts_CMS_scale_j_RelSample_2017.txt
#	deleted:    ../../../../combination/full_datacards_check/outs/Impacts_CMS_scale_j_RelSample_2018.txt
#	deleted:    ../../../../combination/full_datacards_check/outs/Impacts_PDF_WH_ACCEPT_CMS_HWW_boosted.txt
#	deleted:    ../../../../combination/full_datacards_check/outs/Impacts_PDF_ZH_ACCEPT_CMS_HWW_boosted.txt
#	deleted:    ../../../../combination/full_datacards_check/outs/Impacts_PDF_ggH_ACCEPT_CMS_HWW_boosted.txt
#	deleted:    ../../../../combination/full_datacards_check/outs/Impacts_PDF_qqH_ACCEPT_CMS_HWW_boosted.txt
#	deleted:    ../../../../combination/full_datacards_check/outs/Impacts_PDF_single_top_ACCEPT_CMS_HWW_boosted.txt
#	deleted:    ../../../../combination/full_datacards_check/outs/Impacts_PDF_singletop_ACCEPT_CMS_HWW_boosted.txt
#	deleted:    ../../../../combination/full_datacards_check/outs/Impacts_PDF_ttH_ACCEPT_CMS_HWW_boosted.txt
#	deleted:    ../../../../combination/full_datacards_check/outs/Impacts_PDF_ttbar_ACCEPT_CMS_HWW_boosted.txt
#	deleted:    ../../../../combination/full_datacards_check/outs/Impacts_PDF_wjets_ACCEPT_CMS_HWW_boosted.txt
#	deleted:    ../../../../combination/full_datacards_check/outs/Impacts_QCDscale_VBF.txt
#	deleted:    ../../../../combination/full_datacards_check/outs/Impacts_QCDscale_WH.txt
#	deleted:    ../../../../combination/full_datacards_check/outs/Impacts_QCDscale_WH_ACCEPT_CMS_HWW_boosted.txt
#	deleted:    ../../../../combination/full_datacards_check/outs/Impacts_QCDscale_ZH.txt
#	deleted:    ../../../../combination/full_datacards_check/outs/Impacts_QCDscale_ZH_ACCEPT_CMS_HWW_boosted.txt
#	deleted:    ../../../../combination/full_datacards_check/outs/Impacts_QCDscale_ggF.txt
#	deleted:    ../../../../combination/full_datacards_check/outs/Impacts_QCDscale_ggH.txt
#	deleted:    ../../../../combination/full_datacards_check/outs/Impacts_QCDscale_ggH_ACCEPT_CMS_HWW_boosted.txt
#	deleted:    ../../../../combination/full_datacards_check/outs/Impacts_QCDscale_qqH.txt
#	deleted:    ../../../../combination/full_datacards_check/outs/Impacts_QCDscale_qqH_ACCEPT_CMS_HWW_boosted.txt
#	deleted:    ../../../../combination/full_datacards_check/outs/Impacts_QCDscale_rest_bkg.txt
#	deleted:    ../../../../combination/full_datacards_check/outs/Impacts_QCDscale_single_top.txt
#	deleted:    ../../../../combination/full_datacards_check/outs/Impacts_QCDscale_single_top_ACCEPT_CMS_HWW_boosted.txt
#	deleted:    ../../../../combination/full_datacards_check/outs/Impacts_QCDscale_singletop_ACCEPT_CMS_HWW_boosted.txt
#	deleted:    ../../../../combination/full_datacards_check/outs/Impacts_QCDscale_ttH.txt
#	deleted:    ../../../../combination/full_datacards_check/outs/Impacts_QCDscale_ttH_ACCEPT_CMS_HWW_boosted.txt
#	deleted:    ../../../../combination/full_datacards_check/outs/Impacts_QCDscale_ttbar.txt
#	deleted:    ../../../../combination/full_datacards_check/outs/Impacts_QCDscale_ttbar_ACCEPT_CMS_HWW_boosted.txt
#	deleted:    ../../../../combination/full_datacards_check/outs/Impacts_QCDscale_wjets.txt
#	deleted:    ../../../../combination/full_datacards_check/outs/Impacts_QCDscale_wjets_ACCEPT_CMS_HWW_boosted.txt
#	deleted:    ../../../../combination/full_datacards_check/outs/Impacts_alpha_s.txt
#	deleted:    ../../../../combination/full_datacards_check/outs/Impacts_collect.txt
#	deleted:    ../../../../combination/full_datacards_check/outs/Impacts_init.txt
#	deleted:    ../../../../combination/full_datacards_check/outs/Impacts_lumi_13TeV_1718.txt
#	deleted:    ../../../../combination/full_datacards_check/outs/Impacts_lumi_13TeV_2016.txt
#	deleted:    ../../../../combination/full_datacards_check/outs/Impacts_lumi_13TeV_2017.txt
#	deleted:    ../../../../combination/full_datacards_check/outs/Impacts_lumi_13TeV_2018.txt
#	deleted:    ../../../../combination/full_datacards_check/outs/Impacts_lumi_13TeV_correlated.txt
#	deleted:    ../../../../combination/full_datacards_check/outs/Impacts_pdf_Higgs_WH.txt
#	deleted:    ../../../../combination/full_datacards_check/outs/Impacts_pdf_Higgs_ZH.txt
#	deleted:    ../../../../combination/full_datacards_check/outs/Impacts_pdf_Higgs_ggH.txt
#	deleted:    ../../../../combination/full_datacards_check/outs/Impacts_pdf_Higgs_qqH.txt
#	deleted:    ../../../../combination/full_datacards_check/outs/Impacts_pdf_Higgs_ttH.txt
#	deleted:    ../../../../combination/full_datacards_check/outs/Impacts_pdf_rest_bkg.txt
#	deleted:    ../../../../combination/full_datacards_check/outs/Impacts_pdf_single_top.txt
#	deleted:    ../../../../combination/full_datacards_check/outs/Impacts_pdf_ttbar.txt
#	deleted:    ../../../../combination/full_datacards_check/outs/Impacts_pdf_wjets.txt
#	deleted:    ../../../../combination/full_datacards_check/outs/Impacts_ps_fsr_WH.txt
#	deleted:    ../../../../combination/full_datacards_check/outs/Impacts_ps_fsr_ZH.txt
#	deleted:    ../../../../combination/full_datacards_check/outs/Impacts_ps_fsr_ggH.txt
#	deleted:    ../../../../combination/full_datacards_check/outs/Impacts_ps_fsr_qqH.txt
#	deleted:    ../../../../combination/full_datacards_check/outs/Impacts_ps_fsr_rest_bkg.txt
#	deleted:    ../../../../combination/full_datacards_check/outs/Impacts_ps_fsr_single_top.txt
#	deleted:    ../../../../combination/full_datacards_check/outs/Impacts_ps_fsr_singletop.txt
#	deleted:    ../../../../combination/full_datacards_check/outs/Impacts_ps_fsr_ttH.txt
#	deleted:    ../../../../combination/full_datacards_check/outs/Impacts_ps_fsr_ttbar.txt
#	deleted:    ../../../../combination/full_datacards_check/outs/Impacts_ps_fsr_wjets.txt
#	deleted:    ../../../../combination/full_datacards_check/outs/Impacts_ps_isr_WH.txt
#	deleted:    ../../../../combination/full_datacards_check/outs/Impacts_ps_isr_ZH.txt
#	deleted:    ../../../../combination/full_datacards_check/outs/Impacts_ps_isr_ggH.txt
#	deleted:    ../../../../combination/full_datacards_check/outs/Impacts_ps_isr_qqH.txt
#	deleted:    ../../../../combination/full_datacards_check/outs/Impacts_ps_isr_rest_bkg.txt
#	deleted:    ../../../../combination/full_datacards_check/outs/Impacts_ps_isr_single_top.txt
#	deleted:    ../../../../combination/full_datacards_check/outs/Impacts_ps_isr_singletop.txt
#	deleted:    ../../../../combination/full_datacards_check/outs/Impacts_ps_isr_ttH.txt
#	deleted:    ../../../../combination/full_datacards_check/outs/Impacts_ps_isr_ttbar.txt
#	deleted:    ../../../../combination/full_datacards_check/outs/Impacts_ps_isr_wjets.txt
#	deleted:    ../../../../combination/full_datacards_check/outs/Impacts_tqqeffSF_2016.txt
#	deleted:    ../../../../combination/full_datacards_check/outs/Impacts_tqqeffSF_2016APV.txt
#	deleted:    ../../../../combination/full_datacards_check/outs/Impacts_tqqeffSF_2017.txt
#	deleted:    ../../../../combination/full_datacards_check/outs/Impacts_tqqeffSF_2018.txt
#	deleted:    ../../../../combination/full_datacards_check/outs/Impacts_tqqnormSF_2016.txt
#	deleted:    ../../../../combination/full_datacards_check/outs/Impacts_tqqnormSF_2016APV.txt
#	deleted:    ../../../../combination/full_datacards_check/outs/Impacts_tqqnormSF_2017.txt
#	deleted:    ../../../../combination/full_datacards_check/outs/Impacts_tqqnormSF_2018.txt
#	deleted:    ../../../../combination/full_datacards_check/outs/Impacts_ttbarnormSF.txt
#	deleted:    ../../../../combination/full_datacards_check/outs/Impacts_unclustered_Energy.txt
#	deleted:    ../../../../combination/full_datacards_check/outs/Impacts_wjetsnormSF.txt
#	deleted:    ../../../../combination/full_datacards_check/outs/MultiDimFit.txt
#	deleted:    ../../../../combination/full_datacards_check/outs/Significance.txt
#	deleted:    ../../../../combination/full_datacards_check/outs/text2workspace.txt
#	deleted:    ../../../../combination/full_datacards_check/roostats-gZF9mZ.root
#	deleted:    ../../../../combination/full_datacards_check/roostats-ru32UF.root
#	deleted:    ../../../../combination/full_datacards_check/shapes2016.root
#	deleted:    ../../../../combination/full_datacards_check/shapes2016APV.root
#	deleted:    ../../../../combination/full_datacards_check/shapes2016APV_TopCR.root
#	deleted:    ../../../../combination/full_datacards_check/shapes2016_TopCR.root
#	deleted:    ../../../../combination/full_datacards_check/shapes2017.root
#	deleted:    ../../../../combination/full_datacards_check/shapes2017_TopCR.root
#	deleted:    ../../../../combination/full_datacards_check/shapes2018.root
#	deleted:    ../../../../combination/full_datacards_check/shapes2018_TopCR.root
#	deleted:    ../../../../combination/full_datacards_check/testModel.root
#	deleted:    ../../../../combination/full_datacards_check/workspace.root
#	modified:   ../../../../combination/scripts/run_VH.sh
#	modified:   ../../../../create_datacard.py
#	modified:   ../../../../create_datacard_unfolding.py
#	modified:   ../../../../datacardHelpers.py
#	modified:   ../../../../f_test/gof/FTest.ipynb
#	modified:   ../../../../f_test/gof/GoF.ipynb
#	modified:   ../../../../submit/__pycache__/run_utils.cpython-38.pyc
#	modified:   ../../../../submit/__pycache__/utils.cpython-38.pyc
#	modified:   ../../../../submit/submit_impacts.py
#	modified:   ../../../../submit/submit_impacts.templ.jdl
#	modified:   ../../../../submit/submit_impacts.templ.sh
#	modified:   ../../../../submit/utils.py
#	modified:   ../../../../../postprocessing/makeplots.ipynb
#	modified:   ../../../../../postprocessing/templates.ipynb
#	modified:   ../../../../../postprocessing/variation.ipynb
#	modified:   ../../../../../preprocessing/tree_to_slimmed/SlimmedTreeProducer.py
#
# Untracked files:
#   (use "git add <file>..." to include in what will be committed)
#
#	../../../../../.gitignore
#	../../channels/
#	../../nTFa_3_nTFb_6/condor/
#	../../nTFa_3_nTFb_6/higgsCombineHWW.ChannelCompatibilityCheck.mH125.root
#	../../nTFa_3_nTFb_6/higgsCombineTest.ChannelCompatibilityCheck.mH120.root
#	../../nTFa_3_nTFb_6/higgsCombine_initialFit_impacts.MultiDimFit.mH125.root
#	../../nTFa_3_nTFb_6/higgsCombine_paramFit_impacts_BR_hww.MultiDimFit.mH125.root
#	../../nTFa_3_nTFb_6/higgsCombine_paramFit_impacts_CMS_HWW_boosted_CR1_mcstat_bin0.MultiDimFit.mH125.root
#	../../nTFa_3_nTFb_6/higgsCombine_paramFit_impacts_CMS_HWW_boosted_CR1_mcstat_bin1.MultiDimFit.mH125.root
#	../../nTFa_3_nTFb_6/higgsCombine_paramFit_impacts_CMS_HWW_boosted_CR1_mcstat_bin10.MultiDimFit.mH125.root
#	../../nTFa_3_nTFb_6/higgsCombine_paramFit_impacts_CMS_HWW_boosted_CR1_mcstat_bin11.MultiDimFit.mH125.root
#	../../nTFa_3_nTFb_6/higgsCombine_paramFit_impacts_CMS_HWW_boosted_CR1_mcstat_bin12.MultiDimFit.mH125.root
#	../../nTFa_3_nTFb_6/higgsCombine_paramFit_impacts_CMS_HWW_boosted_CR1_mcstat_bin13.MultiDimFit.mH125.root
#	../../nTFa_3_nTFb_6/higgsCombine_paramFit_impacts_CMS_HWW_boosted_CR1_mcstat_bin14.MultiDimFit.mH125.root
#	../../nTFa_3_nTFb_6/higgsCombine_paramFit_impacts_CMS_HWW_boosted_CR1_mcstat_bin15.MultiDimFit.mH125.root
#	../../nTFa_3_nTFb_6/higgsCombine_paramFit_impacts_CMS_HWW_boosted_CR1_mcstat_bin16.MultiDimFit.mH125.root
#	../../nTFa_3_nTFb_6/higgsCombine_paramFit_impacts_CMS_HWW_boosted_CR1_mcstat_bin17.MultiDimFit.mH125.root
#	../../nTFa_3_nTFb_6/higgsCombine_paramFit_impacts_CMS_HWW_boosted_CR1_mcstat_bin18.MultiDimFit.mH125.root
#	../../nTFa_3_nTFb_6/higgsCombine_paramFit_impacts_CMS_HWW_boosted_CR1_mcstat_bin19.MultiDimFit.mH125.root
#	../../nTFa_3_nTFb_6/higgsCombine_paramFit_impacts_CMS_HWW_boosted_CR1_mcstat_bin2.MultiDimFit.mH125.root
#	../../nTFa_3_nTFb_6/higgsCombine_paramFit_impacts_CMS_HWW_boosted_CR1_mcstat_bin3.MultiDimFit.mH125.root
#	../../nTFa_3_nTFb_6/higgsCombine_paramFit_impacts_CMS_HWW_boosted_CR1_mcstat_bin4.MultiDimFit.mH125.root
#	../../nTFa_3_nTFb_6/higgsCombine_paramFit_impacts_CMS_HWW_boosted_CR1_mcstat_bin5.MultiDimFit.mH125.root
#	../../nTFa_3_nTFb_6/higgsCombine_paramFit_impacts_CMS_HWW_boosted_CR1_mcstat_bin6.MultiDimFit.mH125.root
#	../../nTFa_3_nTFb_6/higgsCombine_paramFit_impacts_CMS_HWW_boosted_CR1_mcstat_bin7.MultiDimFit.mH125.root
#	../../nTFa_3_nTFb_6/higgsCombine_paramFit_impacts_CMS_HWW_boosted_CR1_mcstat_bin8.MultiDimFit.mH125.root
#	../../nTFa_3_nTFb_6/higgsCombine_paramFit_impacts_CMS_HWW_boosted_CR1_mcstat_bin9.MultiDimFit.mH125.root
#	../../nTFa_3_nTFb_6/higgsCombine_paramFit_impacts_CMS_HWW_boosted_CR2_mcstat_bin0.MultiDimFit.mH125.root
#	../../nTFa_3_nTFb_6/higgsCombine_paramFit_impacts_CMS_HWW_boosted_CR2_mcstat_bin1.MultiDimFit.mH125.root
#	../../nTFa_3_nTFb_6/higgsCombine_paramFit_impacts_CMS_HWW_boosted_CR2_mcstat_bin10.MultiDimFit.mH125.root
#	../../nTFa_3_nTFb_6/higgsCombine_paramFit_impacts_CMS_HWW_boosted_CR2_mcstat_bin11.MultiDimFit.mH125.root
#	../../nTFa_3_nTFb_6/higgsCombine_paramFit_impacts_CMS_HWW_boosted_CR2_mcstat_bin12.MultiDimFit.mH125.root
#	../../nTFa_3_nTFb_6/higgsCombine_paramFit_impacts_CMS_HWW_boosted_CR2_mcstat_bin13.MultiDimFit.mH125.root
#	../../nTFa_3_nTFb_6/higgsCombine_paramFit_impacts_CMS_HWW_boosted_CR2_mcstat_bin14.MultiDimFit.mH125.root
#	../../nTFa_3_nTFb_6/higgsCombine_paramFit_impacts_CMS_HWW_boosted_CR2_mcstat_bin15.MultiDimFit.mH125.root
#	../../nTFa_3_nTFb_6/higgsCombine_paramFit_impacts_CMS_HWW_boosted_CR2_mcstat_bin16.MultiDimFit.mH125.root
#	../../nTFa_3_nTFb_6/higgsCombine_paramFit_impacts_CMS_HWW_boosted_CR2_mcstat_bin17.MultiDimFit.mH125.root
#	../../nTFa_3_nTFb_6/higgsCombine_paramFit_impacts_CMS_HWW_boosted_CR2_mcstat_bin18.MultiDimFit.mH125.root
#	../../nTFa_3_nTFb_6/higgsCombine_paramFit_impacts_CMS_HWW_boosted_CR2_mcstat_bin19.MultiDimFit.mH125.root
#	../../nTFa_3_nTFb_6/higgsCombine_paramFit_impacts_CMS_HWW_boosted_CR2_mcstat_bin2.MultiDimFit.mH125.root
#	../../nTFa_3_nTFb_6/higgsCombine_paramFit_impacts_CMS_HWW_boosted_CR2_mcstat_bin3.MultiDimFit.mH125.root
#	../../nTFa_3_nTFb_6/higgsCombine_paramFit_impacts_CMS_HWW_boosted_CR2_mcstat_bin4.MultiDimFit.mH125.root
#	../../nTFa_3_nTFb_6/higgsCombine_paramFit_impacts_CMS_HWW_boosted_CR2_mcstat_bin5.MultiDimFit.mH125.root
#	../../nTFa_3_nTFb_6/higgsCombine_paramFit_impacts_CMS_HWW_boosted_CR2_mcstat_bin6.MultiDimFit.mH125.root
#	../../nTFa_3_nTFb_6/higgsCombine_paramFit_impacts_CMS_HWW_boosted_CR2_mcstat_bin7.MultiDimFit.mH125.root
#	../../nTFa_3_nTFb_6/higgsCombine_paramFit_impacts_CMS_HWW_boosted_CR2_mcstat_bin8.MultiDimFit.mH125.root
#	../../nTFa_3_nTFb_6/higgsCombine_paramFit_impacts_CMS_HWW_boosted_CR2_mcstat_bin9.MultiDimFit.mH125.root
#	../../nTFa_3_nTFb_6/higgsCombine_paramFit_impacts_CMS_HWW_boosted_SR1a_mcstat_bin0.MultiDimFit.mH125.root
#	../../nTFa_3_nTFb_6/higgsCombine_paramFit_impacts_CMS_HWW_boosted_SR1a_mcstat_bin1.MultiDimFit.mH125.root
#	../../nTFa_3_nTFb_6/higgsCombine_paramFit_impacts_CMS_HWW_boosted_SR1a_mcstat_bin10.MultiDimFit.mH125.root
#	../../nTFa_3_nTFb_6/higgsCombine_paramFit_impacts_CMS_HWW_boosted_SR1a_mcstat_bin11.MultiDimFit.mH125.root
#	../../nTFa_3_nTFb_6/higgsCombine_paramFit_impacts_CMS_HWW_boosted_SR1a_mcstat_bin12.MultiDimFit.mH125.root
#	../../nTFa_3_nTFb_6/higgsCombine_paramFit_impacts_CMS_HWW_boosted_SR1a_mcstat_bin13.MultiDimFit.mH125.root
#	../../nTFa_3_nTFb_6/higgsCombine_paramFit_impacts_CMS_HWW_boosted_SR1a_mcstat_bin14.MultiDimFit.mH125.root
#	../../nTFa_3_nTFb_6/higgsCombine_paramFit_impacts_CMS_HWW_boosted_SR1a_mcstat_bin15.MultiDimFit.mH125.root
#	../../nTFa_3_nTFb_6/higgsCombine_paramFit_impacts_CMS_HWW_boosted_SR1a_mcstat_bin16.MultiDimFit.mH125.root
#	../../nTFa_3_nTFb_6/higgsCombine_paramFit_impacts_CMS_HWW_boosted_SR1a_mcstat_bin17.MultiDimFit.mH125.root
#	../../nTFa_3_nTFb_6/higgsCombine_paramFit_impacts_CMS_HWW_boosted_SR1a_mcstat_bin18.MultiDimFit.mH125.root
#	../../nTFa_3_nTFb_6/higgsCombine_paramFit_impacts_CMS_HWW_boosted_SR1a_mcstat_bin19.MultiDimFit.mH125.root
#	../../nTFa_3_nTFb_6/higgsCombine_paramFit_impacts_CMS_HWW_boosted_SR1a_mcstat_bin2.MultiDimFit.mH125.root
#	../../nTFa_3_nTFb_6/higgsCombine_paramFit_impacts_CMS_HWW_boosted_SR1a_mcstat_bin3.MultiDimFit.mH125.root
#	../../nTFa_3_nTFb_6/higgsCombine_paramFit_impacts_CMS_HWW_boosted_SR1a_mcstat_bin4.MultiDimFit.mH125.root
#	../../nTFa_3_nTFb_6/higgsCombine_paramFit_impacts_CMS_HWW_boosted_SR1a_mcstat_bin5.MultiDimFit.mH125.root
#	../../nTFa_3_nTFb_6/higgsCombine_paramFit_impacts_CMS_HWW_boosted_SR1a_mcstat_bin6.MultiDimFit.mH125.root
#	../../nTFa_3_nTFb_6/higgsCombine_paramFit_impacts_CMS_HWW_boosted_SR1a_mcstat_bin7.MultiDimFit.mH125.root
#	../../nTFa_3_nTFb_6/higgsCombine_paramFit_impacts_CMS_HWW_boosted_SR1a_mcstat_bin8.MultiDimFit.mH125.root
#	../../nTFa_3_nTFb_6/higgsCombine_paramFit_impacts_CMS_HWW_boosted_SR1a_mcstat_bin9.MultiDimFit.mH125.root
#	../../nTFa_3_nTFb_6/higgsCombine_paramFit_impacts_CMS_HWW_boosted_SR1b_mcstat_bin0.MultiDimFit.mH125.root
#	../../nTFa_3_nTFb_6/higgsCombine_paramFit_impacts_CMS_HWW_boosted_SR1b_mcstat_bin1.MultiDimFit.mH125.root
#	../../nTFa_3_nTFb_6/higgsCombine_paramFit_impacts_CMS_HWW_boosted_SR1b_mcstat_bin10.MultiDimFit.mH125.root
#	../../nTFa_3_nTFb_6/higgsCombine_paramFit_impacts_CMS_HWW_boosted_SR1b_mcstat_bin11.MultiDimFit.mH125.root
#	../../nTFa_3_nTFb_6/higgsCombine_paramFit_impacts_CMS_HWW_boosted_SR1b_mcstat_bin12.MultiDimFit.mH125.root
#	../../nTFa_3_nTFb_6/higgsCombine_paramFit_impacts_CMS_HWW_boosted_SR1b_mcstat_bin13.MultiDimFit.mH125.root
#	../../nTFa_3_nTFb_6/higgsCombine_paramFit_impacts_CMS_HWW_boosted_SR1b_mcstat_bin14.MultiDimFit.mH125.root
#	../../nTFa_3_nTFb_6/higgsCombine_paramFit_impacts_CMS_HWW_boosted_SR1b_mcstat_bin15.MultiDimFit.mH125.root
#	../../nTFa_3_nTFb_6/higgsCombine_paramFit_impacts_CMS_HWW_boosted_SR1b_mcstat_bin16.MultiDimFit.mH125.root
#	../../nTFa_3_nTFb_6/higgsCombine_paramFit_impacts_CMS_HWW_boosted_SR1b_mcstat_bin17.MultiDimFit.mH125.root
#	../../nTFa_3_nTFb_6/higgsCombine_paramFit_impacts_CMS_HWW_boosted_SR1b_mcstat_bin18.MultiDimFit.mH125.root
#	../../nTFa_3_nTFb_6/higgsCombine_paramFit_impacts_CMS_HWW_boosted_SR1b_mcstat_bin19.MultiDimFit.mH125.root
#	../../nTFa_3_nTFb_6/higgsCombine_paramFit_impacts_CMS_HWW_boosted_SR1b_mcstat_bin2.MultiDimFit.mH125.root
#	../../nTFa_3_nTFb_6/higgsCombine_paramFit_impacts_CMS_HWW_boosted_SR1b_mcstat_bin3.MultiDimFit.mH125.root
#	../../nTFa_3_nTFb_6/higgsCombine_paramFit_impacts_CMS_HWW_boosted_SR1b_mcstat_bin4.MultiDimFit.mH125.root
#	../../nTFa_3_nTFb_6/higgsCombine_paramFit_impacts_CMS_HWW_boosted_SR1b_mcstat_bin5.MultiDimFit.mH125.root
#	../../nTFa_3_nTFb_6/higgsCombine_paramFit_impacts_CMS_HWW_boosted_SR1b_mcstat_bin6.MultiDimFit.mH125.root
#	../../nTFa_3_nTFb_6/higgsCombine_paramFit_impacts_CMS_HWW_boosted_SR1b_mcstat_bin7.MultiDimFit.mH125.root
#	../../nTFa_3_nTFb_6/higgsCombine_paramFit_impacts_CMS_HWW_boosted_SR1b_mcstat_bin8.MultiDimFit.mH125.root
#	../../nTFa_3_nTFb_6/higgsCombine_paramFit_impacts_CMS_HWW_boosted_SR1b_mcstat_bin9.MultiDimFit.mH125.root
#	../../nTFa_3_nTFb_6/higgsCombine_paramFit_impacts_CMS_HWW_boosted_SR2a_WH_hww_mcstat_bin0.MultiDimFit.mH125.root
#	../../nTFa_3_nTFb_6/higgsCombine_paramFit_impacts_CMS_HWW_boosted_SR2a_WH_hww_mcstat_bin1.MultiDimFit.mH125.root
#	../../nTFa_3_nTFb_6/higgsCombine_paramFit_impacts_CMS_HWW_boosted_SR2a_WH_hww_mcstat_bin18.MultiDimFit.mH125.root
#	../../nTFa_3_nTFb_6/higgsCombine_paramFit_impacts_CMS_HWW_boosted_SR2a_ZH_hww_mcstat_bin0.MultiDimFit.mH125.root
#	../../nTFa_3_nTFb_6/higgsCombine_paramFit_impacts_CMS_HWW_boosted_SR2a_ZH_hww_mcstat_bin1.MultiDimFit.mH125.root
#	../../nTFa_3_nTFb_6/higgsCombine_paramFit_impacts_CMS_HWW_boosted_SR2a_ZH_hww_mcstat_bin18.MultiDimFit.mH125.root
#	../../nTFa_3_nTFb_6/higgsCombine_paramFit_impacts_CMS_HWW_boosted_SR2a_ggH_hww_mcstat_bin0.MultiDimFit.mH125.root
#	../../nTFa_3_nTFb_6/higgsCombine_paramFit_impacts_CMS_HWW_boosted_SR2a_ggH_hww_mcstat_bin1.MultiDimFit.mH125.root
#	../../nTFa_3_nTFb_6/higgsCombine_paramFit_impacts_CMS_HWW_boosted_SR2a_mcstat_bin10.MultiDimFit.mH125.root
#	../../nTFa_3_nTFb_6/higgsCombine_paramFit_impacts_CMS_HWW_boosted_SR2a_mcstat_bin11.MultiDimFit.mH125.root
#	../../nTFa_3_nTFb_6/higgsCombine_paramFit_impacts_CMS_HWW_boosted_SR2a_mcstat_bin12.MultiDimFit.mH125.root
#	../../nTFa_3_nTFb_6/higgsCombine_paramFit_impacts_CMS_HWW_boosted_SR2a_mcstat_bin13.MultiDimFit.mH125.root
#	../../nTFa_3_nTFb_6/higgsCombine_paramFit_impacts_CMS_HWW_boosted_SR2a_mcstat_bin14.MultiDimFit.mH125.root
#	../../nTFa_3_nTFb_6/higgsCombine_paramFit_impacts_CMS_HWW_boosted_SR2a_mcstat_bin15.MultiDimFit.mH125.root
#	../../nTFa_3_nTFb_6/higgsCombine_paramFit_impacts_CMS_HWW_boosted_SR2a_mcstat_bin16.MultiDimFit.mH125.root
#	../../nTFa_3_nTFb_6/higgsCombine_paramFit_impacts_CMS_HWW_boosted_SR2a_mcstat_bin17.MultiDimFit.mH125.root
#	../../nTFa_3_nTFb_6/higgsCombine_paramFit_impacts_CMS_HWW_boosted_SR2a_mcstat_bin19.MultiDimFit.mH125.root
#	../../nTFa_3_nTFb_6/higgsCombine_paramFit_impacts_CMS_HWW_boosted_SR2a_mcstat_bin2.MultiDimFit.mH125.root
#	../../nTFa_3_nTFb_6/higgsCombine_paramFit_impacts_CMS_HWW_boosted_SR2a_mcstat_bin3.MultiDimFit.mH125.root
#	../../nTFa_3_nTFb_6/higgsCombine_paramFit_impacts_CMS_HWW_boosted_SR2a_mcstat_bin4.MultiDimFit.mH125.root
#	../../nTFa_3_nTFb_6/higgsCombine_paramFit_impacts_CMS_HWW_boosted_SR2a_mcstat_bin5.MultiDimFit.mH125.root
#	../../nTFa_3_nTFb_6/higgsCombine_paramFit_impacts_CMS_HWW_boosted_SR2a_mcstat_bin6.MultiDimFit.mH125.root
#	../../nTFa_3_nTFb_6/higgsCombine_paramFit_impacts_CMS_HWW_boosted_SR2a_mcstat_bin7.MultiDimFit.mH125.root
#	../../nTFa_3_nTFb_6/higgsCombine_paramFit_impacts_CMS_HWW_boosted_SR2a_mcstat_bin8.MultiDimFit.mH125.root
#	../../nTFa_3_nTFb_6/higgsCombine_paramFit_impacts_CMS_HWW_boosted_SR2a_mcstat_bin9.MultiDimFit.mH125.root
#	../../nTFa_3_nTFb_6/higgsCombine_paramFit_impacts_CMS_HWW_boosted_SR2a_qqH_hww_mcstat_bin0.MultiDimFit.mH125.root
#	../../nTFa_3_nTFb_6/higgsCombine_paramFit_impacts_CMS_HWW_boosted_SR2a_qqH_hww_mcstat_bin1.MultiDimFit.mH125.root
#	../../nTFa_3_nTFb_6/higgsCombine_paramFit_impacts_CMS_HWW_boosted_SR2a_rest_bkg_mcstat_bin1.MultiDimFit.mH125.root
#	../../nTFa_3_nTFb_6/higgsCombine_paramFit_impacts_CMS_HWW_boosted_SR2a_rest_bkg_mcstat_bin18.MultiDimFit.mH125.root
#	../../nTFa_3_nTFb_6/higgsCombine_paramFit_impacts_CMS_HWW_boosted_SR2a_single_top_mcstat_bin18.MultiDimFit.mH125.root
#	../../nTFa_3_nTFb_6/higgsCombine_paramFit_impacts_CMS_HWW_boosted_SR2a_ttH_hww_mcstat_bin0.MultiDimFit.mH125.root
#	../../nTFa_3_nTFb_6/higgsCombine_paramFit_impacts_CMS_HWW_boosted_SR2a_ttH_hww_mcstat_bin1.MultiDimFit.mH125.root
#	../../nTFa_3_nTFb_6/higgsCombine_paramFit_impacts_CMS_HWW_boosted_SR2a_ttH_hww_mcstat_bin18.MultiDimFit.mH125.root
#	../../nTFa_3_nTFb_6/higgsCombine_paramFit_impacts_CMS_HWW_boosted_SR2a_ttbar_mcstat_bin0.MultiDimFit.mH125.root
#	../../nTFa_3_nTFb_6/higgsCombine_paramFit_impacts_CMS_HWW_boosted_SR2a_ttbar_mcstat_bin1.MultiDimFit.mH125.root
#	../../nTFa_3_nTFb_6/higgsCombine_paramFit_impacts_CMS_HWW_boosted_SR2a_ttbar_mcstat_bin18.MultiDimFit.mH125.root
#	../../nTFa_3_nTFb_6/higgsCombine_paramFit_impacts_CMS_HWW_boosted_SR2a_wjets_mcstat_bin0.MultiDimFit.mH125.root
#	../../nTFa_3_nTFb_6/higgsCombine_paramFit_impacts_CMS_HWW_boosted_SR2a_wjets_mcstat_bin1.MultiDimFit.mH125.root
#	../../nTFa_3_nTFb_6/higgsCombine_paramFit_impacts_CMS_HWW_boosted_SR2a_wjets_mcstat_bin18.MultiDimFit.mH125.root
#	../../nTFa_3_nTFb_6/higgsCombine_paramFit_impacts_CMS_HWW_boosted_SR2b_mcstat_bin0.MultiDimFit.mH125.root
#	../../nTFa_3_nTFb_6/higgsCombine_paramFit_impacts_CMS_HWW_boosted_SR2b_mcstat_bin1.MultiDimFit.mH125.root
#	../../nTFa_3_nTFb_6/higgsCombine_paramFit_impacts_CMS_HWW_boosted_SR2b_mcstat_bin10.MultiDimFit.mH125.root
#	../../nTFa_3_nTFb_6/higgsCombine_paramFit_impacts_CMS_HWW_boosted_SR2b_mcstat_bin11.MultiDimFit.mH125.root
#	../../nTFa_3_nTFb_6/higgsCombine_paramFit_impacts_CMS_HWW_boosted_SR2b_mcstat_bin12.MultiDimFit.mH125.root
#	../../nTFa_3_nTFb_6/higgsCombine_paramFit_impacts_CMS_HWW_boosted_SR2b_mcstat_bin13.MultiDimFit.mH125.root
#	../../nTFa_3_nTFb_6/higgsCombine_paramFit_impacts_CMS_HWW_boosted_SR2b_mcstat_bin14.MultiDimFit.mH125.root
#	../../nTFa_3_nTFb_6/higgsCombine_paramFit_impacts_CMS_HWW_boosted_SR2b_mcstat_bin15.MultiDimFit.mH125.root
#	../../nTFa_3_nTFb_6/higgsCombine_paramFit_impacts_CMS_HWW_boosted_SR2b_mcstat_bin16.MultiDimFit.mH125.root
#	../../nTFa_3_nTFb_6/higgsCombine_paramFit_impacts_CMS_HWW_boosted_SR2b_mcstat_bin17.MultiDimFit.mH125.root
#	../../nTFa_3_nTFb_6/higgsCombine_paramFit_impacts_CMS_HWW_boosted_SR2b_mcstat_bin18.MultiDimFit.mH125.root
#	../../nTFa_3_nTFb_6/higgsCombine_paramFit_impacts_CMS_HWW_boosted_SR2b_mcstat_bin19.MultiDimFit.mH125.root
#	../../nTFa_3_nTFb_6/higgsCombine_paramFit_impacts_CMS_HWW_boosted_SR2b_mcstat_bin2.MultiDimFit.mH125.root
#	../../nTFa_3_nTFb_6/higgsCombine_paramFit_impacts_CMS_HWW_boosted_SR2b_mcstat_bin3.MultiDimFit.mH125.root
#	../../nTFa_3_nTFb_6/higgsCombine_paramFit_impacts_CMS_HWW_boosted_SR2b_mcstat_bin4.MultiDimFit.mH125.root
#	../../nTFa_3_nTFb_6/higgsCombine_paramFit_impacts_CMS_HWW_boosted_SR2b_mcstat_bin5.MultiDimFit.mH125.root
#	../../nTFa_3_nTFb_6/higgsCombine_paramFit_impacts_CMS_HWW_boosted_SR2b_mcstat_bin6.MultiDimFit.mH125.root
#	../../nTFa_3_nTFb_6/higgsCombine_paramFit_impacts_CMS_HWW_boosted_SR2b_mcstat_bin7.MultiDimFit.mH125.root
#	../../nTFa_3_nTFb_6/higgsCombine_paramFit_impacts_CMS_HWW_boosted_SR2b_mcstat_bin8.MultiDimFit.mH125.root
#	../../nTFa_3_nTFb_6/higgsCombine_paramFit_impacts_CMS_HWW_boosted_SR2b_mcstat_bin9.MultiDimFit.mH125.root
#	../../nTFa_3_nTFb_6/higgsCombine_paramFit_impacts_CMS_HWW_boosted_electron_veto.MultiDimFit.mH125.root
#	../../nTFa_3_nTFb_6/higgsCombine_paramFit_impacts_CMS_HWW_boosted_jmr_2016.MultiDimFit.mH125.root
#	../../nTFa_3_nTFb_6/higgsCombine_paramFit_impacts_CMS_HWW_boosted_jmr_2016APV.MultiDimFit.mH125.root
#	../../nTFa_3_nTFb_6/higgsCombine_paramFit_impacts_CMS_HWW_boosted_jmr_2017.MultiDimFit.mH125.root
#	../../nTFa_3_nTFb_6/higgsCombine_paramFit_impacts_CMS_HWW_boosted_jmr_2018.MultiDimFit.mH125.root
#	../../nTFa_3_nTFb_6/higgsCombine_paramFit_impacts_CMS_HWW_boosted_jms_2016.MultiDimFit.mH125.root
#	../../nTFa_3_nTFb_6/higgsCombine_paramFit_impacts_CMS_HWW_boosted_jms_2016APV.MultiDimFit.mH125.root
#	../../nTFa_3_nTFb_6/higgsCombine_paramFit_impacts_CMS_HWW_boosted_jms_2017.MultiDimFit.mH125.root
#	../../nTFa_3_nTFb_6/higgsCombine_paramFit_impacts_CMS_HWW_boosted_jms_2018.MultiDimFit.mH125.root
#	../../nTFa_3_nTFb_6/higgsCombine_paramFit_impacts_CMS_HWW_boosted_lp_sf_region_a.MultiDimFit.mH125.root
#	../../nTFa_3_nTFb_6/higgsCombine_paramFit_impacts_CMS_HWW_boosted_lp_sf_region_b.MultiDimFit.mH125.root
#	../../nTFa_3_nTFb_6/higgsCombine_paramFit_impacts_CMS_HWW_boosted_rest_bkg_rate.MultiDimFit.mH125.root
#	../../nTFa_3_nTFb_6/higgsCombine_paramFit_impacts_CMS_HWW_boosted_single_top_rate.MultiDimFit.mH125.root
#	../../nTFa_3_nTFb_6/higgsCombine_paramFit_impacts_CMS_HWW_boosted_tf_dataResidual_CR1_Bin0.MultiDimFit.mH125.root
#	../../nTFa_3_nTFb_6/higgsCombine_paramFit_impacts_CMS_HWW_boosted_tf_dataResidual_CR1_Bin1.MultiDimFit.mH125.root
#	../../nTFa_3_nTFb_6/higgsCombine_paramFit_impacts_CMS_HWW_boosted_tf_dataResidual_CR1_Bin10.MultiDimFit.mH125.root
#	../../nTFa_3_nTFb_6/higgsCombine_paramFit_impacts_CMS_HWW_boosted_tf_dataResidual_CR1_Bin11.MultiDimFit.mH125.root
#	../../nTFa_3_nTFb_6/higgsCombine_paramFit_impacts_CMS_HWW_boosted_tf_dataResidual_CR1_Bin12.MultiDimFit.mH125.root
#	../../nTFa_3_nTFb_6/higgsCombine_paramFit_impacts_CMS_HWW_boosted_tf_dataResidual_CR1_Bin13.MultiDimFit.mH125.root
#	../../nTFa_3_nTFb_6/higgsCombine_paramFit_impacts_CMS_HWW_boosted_tf_dataResidual_CR1_Bin14.MultiDimFit.mH125.root
#	../../nTFa_3_nTFb_6/higgsCombine_paramFit_impacts_CMS_HWW_boosted_tf_dataResidual_CR1_Bin15.MultiDimFit.mH125.root
#	../../nTFa_3_nTFb_6/higgsCombine_paramFit_impacts_CMS_HWW_boosted_tf_dataResidual_CR1_Bin16.MultiDimFit.mH125.root
#	../../nTFa_3_nTFb_6/higgsCombine_paramFit_impacts_CMS_HWW_boosted_tf_dataResidual_CR1_Bin17.MultiDimFit.mH125.root
#	../../nTFa_3_nTFb_6/higgsCombine_paramFit_impacts_CMS_HWW_boosted_tf_dataResidual_CR1_Bin18.MultiDimFit.mH125.root
#	../../nTFa_3_nTFb_6/higgsCombine_paramFit_impacts_CMS_HWW_boosted_tf_dataResidual_CR1_Bin19.MultiDimFit.mH125.root
#	../../nTFa_3_nTFb_6/higgsCombine_paramFit_impacts_CMS_HWW_boosted_tf_dataResidual_CR1_Bin2.MultiDimFit.mH125.root
#	../../nTFa_3_nTFb_6/higgsCombine_paramFit_impacts_CMS_HWW_boosted_tf_dataResidual_CR1_Bin3.MultiDimFit.mH125.root
#	../../nTFa_3_nTFb_6/higgsCombine_paramFit_impacts_CMS_HWW_boosted_tf_dataResidual_CR1_Bin4.MultiDimFit.mH125.root
#	../../nTFa_3_nTFb_6/higgsCombine_paramFit_impacts_CMS_HWW_boosted_tf_dataResidual_CR1_Bin5.MultiDimFit.mH125.root
#	../../nTFa_3_nTFb_6/higgsCombine_paramFit_impacts_CMS_HWW_boosted_tf_dataResidual_CR1_Bin6.MultiDimFit.mH125.root
#	../../nTFa_3_nTFb_6/higgsCombine_paramFit_impacts_CMS_HWW_boosted_tf_dataResidual_CR1_Bin7.MultiDimFit.mH125.root
#	../../nTFa_3_nTFb_6/higgsCombine_paramFit_impacts_CMS_HWW_boosted_tf_dataResidual_CR1_Bin8.MultiDimFit.mH125.root
#	../../nTFa_3_nTFb_6/higgsCombine_paramFit_impacts_CMS_HWW_boosted_tf_dataResidual_CR1_Bin9.MultiDimFit.mH125.root
#	../../nTFa_3_nTFb_6/higgsCombine_paramFit_impacts_CMS_HWW_boosted_tf_dataResidual_CR2_Bin0.MultiDimFit.mH125.root
#	../../nTFa_3_nTFb_6/higgsCombine_paramFit_impacts_CMS_HWW_boosted_tf_dataResidual_CR2_Bin1.MultiDimFit.mH125.root
#	../../nTFa_3_nTFb_6/higgsCombine_paramFit_impacts_CMS_HWW_boosted_tf_dataResidual_CR2_Bin10.MultiDimFit.mH125.root
#	../../nTFa_3_nTFb_6/higgsCombine_paramFit_impacts_CMS_HWW_boosted_tf_dataResidual_CR2_Bin11.MultiDimFit.mH125.root
#	../../nTFa_3_nTFb_6/higgsCombine_paramFit_impacts_CMS_HWW_boosted_tf_dataResidual_CR2_Bin12.MultiDimFit.mH125.root
#	../../nTFa_3_nTFb_6/higgsCombine_paramFit_impacts_CMS_HWW_boosted_tf_dataResidual_CR2_Bin13.MultiDimFit.mH125.root
#	../../nTFa_3_nTFb_6/higgsCombine_paramFit_impacts_CMS_HWW_boosted_tf_dataResidual_CR2_Bin14.MultiDimFit.mH125.root
#	../../nTFa_3_nTFb_6/higgsCombine_paramFit_impacts_CMS_HWW_boosted_tf_dataResidual_CR2_Bin15.MultiDimFit.mH125.root
#	../../nTFa_3_nTFb_6/higgsCombine_paramFit_impacts_CMS_HWW_boosted_tf_dataResidual_CR2_Bin16.MultiDimFit.mH125.root
#	../../nTFa_3_nTFb_6/higgsCombine_paramFit_impacts_CMS_HWW_boosted_tf_dataResidual_CR2_Bin17.MultiDimFit.mH125.root
#	../../nTFa_3_nTFb_6/higgsCombine_paramFit_impacts_CMS_HWW_boosted_tf_dataResidual_CR2_Bin18.MultiDimFit.mH125.root
#	../../nTFa_3_nTFb_6/higgsCombine_paramFit_impacts_CMS_HWW_boosted_tf_dataResidual_CR2_Bin19.MultiDimFit.mH125.root
#	../../nTFa_3_nTFb_6/higgsCombine_paramFit_impacts_CMS_HWW_boosted_tf_dataResidual_CR2_Bin2.MultiDimFit.mH125.root
#	../../nTFa_3_nTFb_6/higgsCombine_paramFit_impacts_CMS_HWW_boosted_tf_dataResidual_CR2_Bin3.MultiDimFit.mH125.root
#	../../nTFa_3_nTFb_6/higgsCombine_paramFit_impacts_CMS_HWW_boosted_tf_dataResidual_CR2_Bin4.MultiDimFit.mH125.root
#	../../nTFa_3_nTFb_6/higgsCombine_paramFit_impacts_CMS_HWW_boosted_tf_dataResidual_CR2_Bin5.MultiDimFit.mH125.root
#	../../nTFa_3_nTFb_6/higgsCombine_paramFit_impacts_CMS_HWW_boosted_tf_dataResidual_CR2_Bin6.MultiDimFit.mH125.root
#	../../nTFa_3_nTFb_6/higgsCombine_paramFit_impacts_CMS_HWW_boosted_tf_dataResidual_CR2_Bin7.MultiDimFit.mH125.root
#	../../nTFa_3_nTFb_6/higgsCombine_paramFit_impacts_CMS_HWW_boosted_tf_dataResidual_CR2_Bin8.MultiDimFit.mH125.root
#	../../nTFa_3_nTFb_6/higgsCombine_paramFit_impacts_CMS_HWW_boosted_tf_dataResidual_CR2_Bin9.MultiDimFit.mH125.root
#	../../nTFa_3_nTFb_6/higgsCombine_paramFit_impacts_CMS_HWW_boosted_tf_dataResidual_a_MH_Reco_par0.MultiDimFit.mH125.root
#	../../nTFa_3_nTFb_6/higgsCombine_paramFit_impacts_CMS_HWW_boosted_tf_dataResidual_a_MH_Reco_par1.MultiDimFit.mH125.root
#	../../nTFa_3_nTFb_6/higgsCombine_paramFit_impacts_CMS_HWW_boosted_tf_dataResidual_a_MH_Reco_par2.MultiDimFit.mH125.root
#	../../nTFa_3_nTFb_6/higgsCombine_paramFit_impacts_CMS_HWW_boosted_tf_dataResidual_a_MH_Reco_par3.MultiDimFit.mH125.root
#	../../nTFa_3_nTFb_6/higgsCombine_paramFit_impacts_CMS_HWW_boosted_tf_dataResidual_b_MH_Reco_par0.MultiDimFit.mH125.root
#	../../nTFa_3_nTFb_6/higgsCombine_paramFit_impacts_CMS_HWW_boosted_tf_dataResidual_b_MH_Reco_par1.MultiDimFit.mH125.root
#	../../nTFa_3_nTFb_6/higgsCombine_paramFit_impacts_CMS_HWW_boosted_tf_dataResidual_b_MH_Reco_par2.MultiDimFit.mH125.root
#	../../nTFa_3_nTFb_6/higgsCombine_paramFit_impacts_CMS_HWW_boosted_tf_dataResidual_b_MH_Reco_par3.MultiDimFit.mH125.root
#	../../nTFa_3_nTFb_6/higgsCombine_paramFit_impacts_CMS_HWW_boosted_tf_dataResidual_b_MH_Reco_par4.MultiDimFit.mH125.root
#	../../nTFa_3_nTFb_6/higgsCombine_paramFit_impacts_CMS_HWW_boosted_tf_dataResidual_b_MH_Reco_par5.MultiDimFit.mH125.root
#	../../nTFa_3_nTFb_6/higgsCombine_paramFit_impacts_CMS_HWW_boosted_tf_dataResidual_b_MH_Reco_par6.MultiDimFit.mH125.root
#	../../nTFa_3_nTFb_6/higgsCombine_paramFit_impacts_CMS_HWW_boosted_triggerEffSF_uncorrelated.MultiDimFit.mH125.root
#	../../nTFa_3_nTFb_6/higgsCombine_paramFit_impacts_CMS_HWW_boosted_ttbar_rate.MultiDimFit.mH125.root
#	../../nTFa_3_nTFb_6/higgsCombine_paramFit_impacts_CMS_HWW_boosted_wjets_rate.MultiDimFit.mH125.root
#	../../nTFa_3_nTFb_6/higgsCombine_paramFit_impacts_CMS_l1_ecal_prefiring_2016.MultiDimFit.mH125.root
#	../../nTFa_3_nTFb_6/higgsCombine_paramFit_impacts_CMS_l1_ecal_prefiring_2016APV.MultiDimFit.mH125.root
#	../../nTFa_3_nTFb_6/higgsCombine_paramFit_impacts_CMS_l1_ecal_prefiring_2017.MultiDimFit.mH125.root
#	../../nTFa_3_nTFb_6/higgsCombine_paramFit_impacts_CMS_pileup_2016.MultiDimFit.mH125.root
#	../../nTFa_3_nTFb_6/higgsCombine_paramFit_impacts_CMS_pileup_2016APV.MultiDimFit.mH125.root
#	../../nTFa_3_nTFb_6/higgsCombine_paramFit_impacts_CMS_pileup_2017.MultiDimFit.mH125.root
#	../../nTFa_3_nTFb_6/higgsCombine_paramFit_impacts_CMS_pileup_2018.MultiDimFit.mH125.root
#	../../nTFa_3_nTFb_6/higgsCombine_paramFit_impacts_CMS_res_j_2016.MultiDimFit.mH125.root
#	../../nTFa_3_nTFb_6/higgsCombine_paramFit_impacts_CMS_res_j_2016APV.MultiDimFit.mH125.root
#	../../nTFa_3_nTFb_6/higgsCombine_paramFit_impacts_CMS_res_j_2017.MultiDimFit.mH125.root
#	../../nTFa_3_nTFb_6/higgsCombine_paramFit_impacts_CMS_res_j_2018.MultiDimFit.mH125.root
#	../../nTFa_3_nTFb_6/higgsCombine_paramFit_impacts_CMS_scale_j_Abs.MultiDimFit.mH125.root
#	../../nTFa_3_nTFb_6/higgsCombine_paramFit_impacts_CMS_scale_j_Abs_2016.MultiDimFit.mH125.root
#	../../nTFa_3_nTFb_6/higgsCombine_paramFit_impacts_CMS_scale_j_Abs_2016APV.MultiDimFit.mH125.root
#	../../nTFa_3_nTFb_6/higgsCombine_paramFit_impacts_CMS_scale_j_Abs_2017.MultiDimFit.mH125.root
#	../../nTFa_3_nTFb_6/higgsCombine_paramFit_impacts_CMS_scale_j_Abs_2018.MultiDimFit.mH125.root
#	../../nTFa_3_nTFb_6/higgsCombine_paramFit_impacts_CMS_scale_j_BBEC1.MultiDimFit.mH125.root
#	../../nTFa_3_nTFb_6/higgsCombine_paramFit_impacts_CMS_scale_j_BBEC1_2016.MultiDimFit.mH125.root
#	../../nTFa_3_nTFb_6/higgsCombine_paramFit_impacts_CMS_scale_j_BBEC1_2016APV.MultiDimFit.mH125.root
#	../../nTFa_3_nTFb_6/higgsCombine_paramFit_impacts_CMS_scale_j_BBEC1_2017.MultiDimFit.mH125.root
#	../../nTFa_3_nTFb_6/higgsCombine_paramFit_impacts_CMS_scale_j_BBEC1_2018.MultiDimFit.mH125.root
#	../../nTFa_3_nTFb_6/higgsCombine_paramFit_impacts_CMS_scale_j_EC2.MultiDimFit.mH125.root
#	../../nTFa_3_nTFb_6/higgsCombine_paramFit_impacts_CMS_scale_j_EC2_2016.MultiDimFit.mH125.root
#	../../nTFa_3_nTFb_6/higgsCombine_paramFit_impacts_CMS_scale_j_EC2_2016APV.MultiDimFit.mH125.root
#	../../nTFa_3_nTFb_6/higgsCombine_paramFit_impacts_CMS_scale_j_EC2_2017.MultiDimFit.mH125.root
#	../../nTFa_3_nTFb_6/higgsCombine_paramFit_impacts_CMS_scale_j_EC2_2018.MultiDimFit.mH125.root
#	../../nTFa_3_nTFb_6/higgsCombine_paramFit_impacts_CMS_scale_j_FlavQCD.MultiDimFit.mH125.root
#	../../nTFa_3_nTFb_6/higgsCombine_paramFit_impacts_CMS_scale_j_HF.MultiDimFit.mH125.root
#	../../nTFa_3_nTFb_6/higgsCombine_paramFit_impacts_CMS_scale_j_HF_2016.MultiDimFit.mH125.root
#	../../nTFa_3_nTFb_6/higgsCombine_paramFit_impacts_CMS_scale_j_HF_2016APV.MultiDimFit.mH125.root
#	../../nTFa_3_nTFb_6/higgsCombine_paramFit_impacts_CMS_scale_j_HF_2017.MultiDimFit.mH125.root
#	../../nTFa_3_nTFb_6/higgsCombine_paramFit_impacts_CMS_scale_j_HF_2018.MultiDimFit.mH125.root
#	../../nTFa_3_nTFb_6/higgsCombine_paramFit_impacts_CMS_scale_j_RelBal.MultiDimFit.mH125.root
#	../../nTFa_3_nTFb_6/higgsCombine_paramFit_impacts_CMS_scale_j_RelSample_2016.MultiDimFit.mH125.root
#	../../nTFa_3_nTFb_6/higgsCombine_paramFit_impacts_CMS_scale_j_RelSample_2016APV.MultiDimFit.mH125.root
#	../../nTFa_3_nTFb_6/higgsCombine_paramFit_impacts_CMS_scale_j_RelSample_2017.MultiDimFit.mH125.root
#	../../nTFa_3_nTFb_6/higgsCombine_paramFit_impacts_CMS_scale_j_RelSample_2018.MultiDimFit.mH125.root
#	../../nTFa_3_nTFb_6/higgsCombine_paramFit_impacts_PDF_WH_ACCEPT_CMS_HWW_boosted.MultiDimFit.mH125.root
#	../../nTFa_3_nTFb_6/higgsCombine_paramFit_impacts_PDF_ZH_ACCEPT_CMS_HWW_boosted.MultiDimFit.mH125.root
#	../../nTFa_3_nTFb_6/higgsCombine_paramFit_impacts_PDF_ggH_ACCEPT_CMS_HWW_boosted.MultiDimFit.mH125.root
#	../../nTFa_3_nTFb_6/higgsCombine_paramFit_impacts_PDF_qqH_ACCEPT_CMS_HWW_boosted.MultiDimFit.mH125.root
#	../../nTFa_3_nTFb_6/higgsCombine_paramFit_impacts_PDF_single_top_ACCEPT_CMS_HWW_boosted.MultiDimFit.mH125.root
#	../../nTFa_3_nTFb_6/higgsCombine_paramFit_impacts_PDF_ttH_ACCEPT_CMS_HWW_boosted.MultiDimFit.mH125.root
#	../../nTFa_3_nTFb_6/higgsCombine_paramFit_impacts_PDF_ttbar_ACCEPT_CMS_HWW_boosted.MultiDimFit.mH125.root
#	../../nTFa_3_nTFb_6/higgsCombine_paramFit_impacts_PDF_wjets_ACCEPT_CMS_HWW_boosted.MultiDimFit.mH125.root
#	../../nTFa_3_nTFb_6/higgsCombine_paramFit_impacts_QCDscale_WH.MultiDimFit.mH125.root
#	../../nTFa_3_nTFb_6/higgsCombine_paramFit_impacts_QCDscale_WH_ACCEPT_CMS_HWW_boosted.MultiDimFit.mH125.root
#	../../nTFa_3_nTFb_6/higgsCombine_paramFit_impacts_QCDscale_ZH.MultiDimFit.mH125.root
#	../../nTFa_3_nTFb_6/higgsCombine_paramFit_impacts_QCDscale_ZH_ACCEPT_CMS_HWW_boosted.MultiDimFit.mH125.root
#	../../nTFa_3_nTFb_6/higgsCombine_paramFit_impacts_QCDscale_ggH.MultiDimFit.mH125.root
#	../../nTFa_3_nTFb_6/higgsCombine_paramFit_impacts_QCDscale_ggH_ACCEPT_CMS_HWW_boosted.MultiDimFit.mH125.root
#	../../nTFa_3_nTFb_6/higgsCombine_paramFit_impacts_QCDscale_qqH.MultiDimFit.mH125.root
#	../../nTFa_3_nTFb_6/higgsCombine_paramFit_impacts_QCDscale_qqH_ACCEPT_CMS_HWW_boosted.MultiDimFit.mH125.root
#	../../nTFa_3_nTFb_6/higgsCombine_paramFit_impacts_QCDscale_rest_bkg.MultiDimFit.mH125.root
#	../../nTFa_3_nTFb_6/higgsCombine_paramFit_impacts_QCDscale_single_top.MultiDimFit.mH125.root
#	../../nTFa_3_nTFb_6/higgsCombine_paramFit_impacts_QCDscale_single_top_ACCEPT_CMS_HWW_boosted.MultiDimFit.mH125.root
#	../../nTFa_3_nTFb_6/higgsCombine_paramFit_impacts_QCDscale_ttH.MultiDimFit.mH125.root
#	../../nTFa_3_nTFb_6/higgsCombine_paramFit_impacts_QCDscale_ttH_ACCEPT_CMS_HWW_boosted.MultiDimFit.mH125.root
#	../../nTFa_3_nTFb_6/higgsCombine_paramFit_impacts_QCDscale_ttbar.MultiDimFit.mH125.root
#	../../nTFa_3_nTFb_6/higgsCombine_paramFit_impacts_QCDscale_ttbar_ACCEPT_CMS_HWW_boosted.MultiDimFit.mH125.root
#	../../nTFa_3_nTFb_6/higgsCombine_paramFit_impacts_QCDscale_wjets.MultiDimFit.mH125.root
#	../../nTFa_3_nTFb_6/higgsCombine_paramFit_impacts_QCDscale_wjets_ACCEPT_CMS_HWW_boosted.MultiDimFit.mH125.root
#	../../nTFa_3_nTFb_6/higgsCombine_paramFit_impacts_alpha_s.MultiDimFit.mH125.root
#	../../nTFa_3_nTFb_6/higgsCombine_paramFit_impacts_lumi_13TeV_1718.MultiDimFit.mH125.root
#	../../nTFa_3_nTFb_6/higgsCombine_paramFit_impacts_lumi_13TeV_2016.MultiDimFit.mH125.root
#	../../nTFa_3_nTFb_6/higgsCombine_paramFit_impacts_lumi_13TeV_2017.MultiDimFit.mH125.root
#	../../nTFa_3_nTFb_6/higgsCombine_paramFit_impacts_lumi_13TeV_2018.MultiDimFit.mH125.root
#	../../nTFa_3_nTFb_6/higgsCombine_paramFit_impacts_lumi_13TeV_correlated.MultiDimFit.mH125.root
#	../../nTFa_3_nTFb_6/higgsCombine_paramFit_impacts_pdf_Higgs_WH.MultiDimFit.mH125.root
#	../../nTFa_3_nTFb_6/higgsCombine_paramFit_impacts_pdf_Higgs_ZH.MultiDimFit.mH125.root
#	../../nTFa_3_nTFb_6/higgsCombine_paramFit_impacts_pdf_Higgs_ggH.MultiDimFit.mH125.root
#	../../nTFa_3_nTFb_6/higgsCombine_paramFit_impacts_pdf_Higgs_qqH.MultiDimFit.mH125.root
#	../../nTFa_3_nTFb_6/higgsCombine_paramFit_impacts_pdf_Higgs_ttH.MultiDimFit.mH125.root
#	../../nTFa_3_nTFb_6/higgsCombine_paramFit_impacts_pdf_rest_bkg.MultiDimFit.mH125.root
#	../../nTFa_3_nTFb_6/higgsCombine_paramFit_impacts_pdf_single_top.MultiDimFit.mH125.root
#	../../nTFa_3_nTFb_6/higgsCombine_paramFit_impacts_pdf_ttbar.MultiDimFit.mH125.root
#	../../nTFa_3_nTFb_6/higgsCombine_paramFit_impacts_pdf_wjets.MultiDimFit.mH125.root
#	../../nTFa_3_nTFb_6/higgsCombine_paramFit_impacts_ps_fsr_WH.MultiDimFit.mH125.root
#	../../nTFa_3_nTFb_6/higgsCombine_paramFit_impacts_ps_fsr_ZH.MultiDimFit.mH125.root
#	../../nTFa_3_nTFb_6/higgsCombine_paramFit_impacts_ps_fsr_ggH.MultiDimFit.mH125.root
#	../../nTFa_3_nTFb_6/higgsCombine_paramFit_impacts_ps_fsr_qqH.MultiDimFit.mH125.root
#	../../nTFa_3_nTFb_6/higgsCombine_paramFit_impacts_ps_fsr_rest_bkg.MultiDimFit.mH125.root
#	../../nTFa_3_nTFb_6/higgsCombine_paramFit_impacts_ps_fsr_single_top.MultiDimFit.mH125.root
#	../../nTFa_3_nTFb_6/higgsCombine_paramFit_impacts_ps_fsr_ttH.MultiDimFit.mH125.root
#	../../nTFa_3_nTFb_6/higgsCombine_paramFit_impacts_ps_fsr_ttbar.MultiDimFit.mH125.root
#	../../nTFa_3_nTFb_6/higgsCombine_paramFit_impacts_ps_fsr_wjets.MultiDimFit.mH125.root
#	../../nTFa_3_nTFb_6/higgsCombine_paramFit_impacts_ps_isr_WH.MultiDimFit.mH125.root
#	../../nTFa_3_nTFb_6/higgsCombine_paramFit_impacts_ps_isr_ZH.MultiDimFit.mH125.root
#	../../nTFa_3_nTFb_6/higgsCombine_paramFit_impacts_ps_isr_ggH.MultiDimFit.mH125.root
#	../../nTFa_3_nTFb_6/higgsCombine_paramFit_impacts_ps_isr_qqH.MultiDimFit.mH125.root
#	../../nTFa_3_nTFb_6/higgsCombine_paramFit_impacts_ps_isr_rest_bkg.MultiDimFit.mH125.root
#	../../nTFa_3_nTFb_6/higgsCombine_paramFit_impacts_ps_isr_single_top.MultiDimFit.mH125.root
#	../../nTFa_3_nTFb_6/higgsCombine_paramFit_impacts_ps_isr_ttH.MultiDimFit.mH125.root
#	../../nTFa_3_nTFb_6/higgsCombine_paramFit_impacts_ps_isr_ttbar.MultiDimFit.mH125.root
#	../../nTFa_3_nTFb_6/higgsCombine_paramFit_impacts_ps_isr_wjets.MultiDimFit.mH125.root
#	../../nTFa_3_nTFb_6/higgsCombine_paramFit_impacts_unclustered_Energy.MultiDimFit.mH125.root
#	../../nTFa_3_nTFb_6/impacts.json
#	../../nTFa_3_nTFb_6/impacts.pdf
#	../../nTFa_3_nTFb_6/outs/Impacts_BR_hww.txt
#	../../nTFa_3_nTFb_6/outs/Impacts_CMS_HWW_boosted_CR1_mcstat_bin0.txt
#	../../nTFa_3_nTFb_6/outs/Impacts_CMS_HWW_boosted_CR1_mcstat_bin1.txt
#	../../nTFa_3_nTFb_6/outs/Impacts_CMS_HWW_boosted_CR1_mcstat_bin10.txt
#	../../nTFa_3_nTFb_6/outs/Impacts_CMS_HWW_boosted_CR1_mcstat_bin11.txt
#	../../nTFa_3_nTFb_6/outs/Impacts_CMS_HWW_boosted_CR1_mcstat_bin12.txt
#	../../nTFa_3_nTFb_6/outs/Impacts_CMS_HWW_boosted_CR1_mcstat_bin13.txt
#	../../nTFa_3_nTFb_6/outs/Impacts_CMS_HWW_boosted_CR1_mcstat_bin14.txt
#	../../nTFa_3_nTFb_6/outs/Impacts_CMS_HWW_boosted_CR1_mcstat_bin15.txt
#	../../nTFa_3_nTFb_6/outs/Impacts_CMS_HWW_boosted_CR1_mcstat_bin16.txt
#	../../nTFa_3_nTFb_6/outs/Impacts_CMS_HWW_boosted_CR1_mcstat_bin17.txt
#	../../nTFa_3_nTFb_6/outs/Impacts_CMS_HWW_boosted_CR1_mcstat_bin18.txt
#	../../nTFa_3_nTFb_6/outs/Impacts_CMS_HWW_boosted_CR1_mcstat_bin19.txt
#	../../nTFa_3_nTFb_6/outs/Impacts_CMS_HWW_boosted_CR1_mcstat_bin2.txt
#	../../nTFa_3_nTFb_6/outs/Impacts_CMS_HWW_boosted_CR1_mcstat_bin3.txt
#	../../nTFa_3_nTFb_6/outs/Impacts_CMS_HWW_boosted_CR1_mcstat_bin4.txt
#	../../nTFa_3_nTFb_6/outs/Impacts_CMS_HWW_boosted_CR1_mcstat_bin5.txt
#	../../nTFa_3_nTFb_6/outs/Impacts_CMS_HWW_boosted_CR1_mcstat_bin6.txt
#	../../nTFa_3_nTFb_6/outs/Impacts_CMS_HWW_boosted_CR1_mcstat_bin7.txt
#	../../nTFa_3_nTFb_6/outs/Impacts_CMS_HWW_boosted_CR1_mcstat_bin8.txt
#	../../nTFa_3_nTFb_6/outs/Impacts_CMS_HWW_boosted_CR1_mcstat_bin9.txt
#	../../nTFa_3_nTFb_6/outs/Impacts_CMS_HWW_boosted_CR2_mcstat_bin0.txt
#	../../nTFa_3_nTFb_6/outs/Impacts_CMS_HWW_boosted_CR2_mcstat_bin1.txt
#	../../nTFa_3_nTFb_6/outs/Impacts_CMS_HWW_boosted_CR2_mcstat_bin10.txt
#	../../nTFa_3_nTFb_6/outs/Impacts_CMS_HWW_boosted_CR2_mcstat_bin11.txt
#	../../nTFa_3_nTFb_6/outs/Impacts_CMS_HWW_boosted_CR2_mcstat_bin12.txt
#	../../nTFa_3_nTFb_6/outs/Impacts_CMS_HWW_boosted_CR2_mcstat_bin13.txt
#	../../nTFa_3_nTFb_6/outs/Impacts_CMS_HWW_boosted_CR2_mcstat_bin14.txt
#	../../nTFa_3_nTFb_6/outs/Impacts_CMS_HWW_boosted_CR2_mcstat_bin15.txt
#	../../nTFa_3_nTFb_6/outs/Impacts_CMS_HWW_boosted_CR2_mcstat_bin16.txt
#	../../nTFa_3_nTFb_6/outs/Impacts_CMS_HWW_boosted_CR2_mcstat_bin17.txt
#	../../nTFa_3_nTFb_6/outs/Impacts_CMS_HWW_boosted_CR2_mcstat_bin18.txt
#	../../nTFa_3_nTFb_6/outs/Impacts_CMS_HWW_boosted_CR2_mcstat_bin19.txt
#	../../nTFa_3_nTFb_6/outs/Impacts_CMS_HWW_boosted_CR2_mcstat_bin2.txt
#	../../nTFa_3_nTFb_6/outs/Impacts_CMS_HWW_boosted_CR2_mcstat_bin3.txt
#	../../nTFa_3_nTFb_6/outs/Impacts_CMS_HWW_boosted_CR2_mcstat_bin4.txt
#	../../nTFa_3_nTFb_6/outs/Impacts_CMS_HWW_boosted_CR2_mcstat_bin5.txt
#	../../nTFa_3_nTFb_6/outs/Impacts_CMS_HWW_boosted_CR2_mcstat_bin6.txt
#	../../nTFa_3_nTFb_6/outs/Impacts_CMS_HWW_boosted_CR2_mcstat_bin7.txt
#	../../nTFa_3_nTFb_6/outs/Impacts_CMS_HWW_boosted_CR2_mcstat_bin8.txt
#	../../nTFa_3_nTFb_6/outs/Impacts_CMS_HWW_boosted_CR2_mcstat_bin9.txt
#	../../nTFa_3_nTFb_6/outs/Impacts_CMS_HWW_boosted_SR1a_mcstat_bin0.txt
#	../../nTFa_3_nTFb_6/outs/Impacts_CMS_HWW_boosted_SR1a_mcstat_bin1.txt
#	../../nTFa_3_nTFb_6/outs/Impacts_CMS_HWW_boosted_SR1a_mcstat_bin10.txt
#	../../nTFa_3_nTFb_6/outs/Impacts_CMS_HWW_boosted_SR1a_mcstat_bin11.txt
#	../../nTFa_3_nTFb_6/outs/Impacts_CMS_HWW_boosted_SR1a_mcstat_bin12.txt
#	../../nTFa_3_nTFb_6/outs/Impacts_CMS_HWW_boosted_SR1a_mcstat_bin13.txt
#	../../nTFa_3_nTFb_6/outs/Impacts_CMS_HWW_boosted_SR1a_mcstat_bin14.txt
#	../../nTFa_3_nTFb_6/outs/Impacts_CMS_HWW_boosted_SR1a_mcstat_bin15.txt
#	../../nTFa_3_nTFb_6/outs/Impacts_CMS_HWW_boosted_SR1a_mcstat_bin16.txt
#	../../nTFa_3_nTFb_6/outs/Impacts_CMS_HWW_boosted_SR1a_mcstat_bin17.txt
#	../../nTFa_3_nTFb_6/outs/Impacts_CMS_HWW_boosted_SR1a_mcstat_bin18.txt
#	../../nTFa_3_nTFb_6/outs/Impacts_CMS_HWW_boosted_SR1a_mcstat_bin19.txt
#	../../nTFa_3_nTFb_6/outs/Impacts_CMS_HWW_boosted_SR1a_mcstat_bin2.txt
#	../../nTFa_3_nTFb_6/outs/Impacts_CMS_HWW_boosted_SR1a_mcstat_bin3.txt
#	../../nTFa_3_nTFb_6/outs/Impacts_CMS_HWW_boosted_SR1a_mcstat_bin4.txt
#	../../nTFa_3_nTFb_6/outs/Impacts_CMS_HWW_boosted_SR1a_mcstat_bin5.txt
#	../../nTFa_3_nTFb_6/outs/Impacts_CMS_HWW_boosted_SR1a_mcstat_bin6.txt
#	../../nTFa_3_nTFb_6/outs/Impacts_CMS_HWW_boosted_SR1a_mcstat_bin7.txt
#	../../nTFa_3_nTFb_6/outs/Impacts_CMS_HWW_boosted_SR1a_mcstat_bin8.txt
#	../../nTFa_3_nTFb_6/outs/Impacts_CMS_HWW_boosted_SR1a_mcstat_bin9.txt
#	../../nTFa_3_nTFb_6/outs/Impacts_CMS_HWW_boosted_SR1b_mcstat_bin0.txt
#	../../nTFa_3_nTFb_6/outs/Impacts_CMS_HWW_boosted_SR1b_mcstat_bin1.txt
#	../../nTFa_3_nTFb_6/outs/Impacts_CMS_HWW_boosted_SR1b_mcstat_bin10.txt
#	../../nTFa_3_nTFb_6/outs/Impacts_CMS_HWW_boosted_SR1b_mcstat_bin11.txt
#	../../nTFa_3_nTFb_6/outs/Impacts_CMS_HWW_boosted_SR1b_mcstat_bin12.txt
#	../../nTFa_3_nTFb_6/outs/Impacts_CMS_HWW_boosted_SR1b_mcstat_bin13.txt
#	../../nTFa_3_nTFb_6/outs/Impacts_CMS_HWW_boosted_SR1b_mcstat_bin14.txt
#	../../nTFa_3_nTFb_6/outs/Impacts_CMS_HWW_boosted_SR1b_mcstat_bin15.txt
#	../../nTFa_3_nTFb_6/outs/Impacts_CMS_HWW_boosted_SR1b_mcstat_bin16.txt
#	../../nTFa_3_nTFb_6/outs/Impacts_CMS_HWW_boosted_SR1b_mcstat_bin17.txt
#	../../nTFa_3_nTFb_6/outs/Impacts_CMS_HWW_boosted_SR1b_mcstat_bin18.txt
#	../../nTFa_3_nTFb_6/outs/Impacts_CMS_HWW_boosted_SR1b_mcstat_bin19.txt
#	../../nTFa_3_nTFb_6/outs/Impacts_CMS_HWW_boosted_SR1b_mcstat_bin2.txt
#	../../nTFa_3_nTFb_6/outs/Impacts_CMS_HWW_boosted_SR1b_mcstat_bin3.txt
#	../../nTFa_3_nTFb_6/outs/Impacts_CMS_HWW_boosted_SR1b_mcstat_bin4.txt
#	../../nTFa_3_nTFb_6/outs/Impacts_CMS_HWW_boosted_SR1b_mcstat_bin5.txt
#	../../nTFa_3_nTFb_6/outs/Impacts_CMS_HWW_boosted_SR1b_mcstat_bin6.txt
#	../../nTFa_3_nTFb_6/outs/Impacts_CMS_HWW_boosted_SR1b_mcstat_bin7.txt
#	../../nTFa_3_nTFb_6/outs/Impacts_CMS_HWW_boosted_SR1b_mcstat_bin8.txt
#	../../nTFa_3_nTFb_6/outs/Impacts_CMS_HWW_boosted_SR1b_mcstat_bin9.txt
#	../../nTFa_3_nTFb_6/outs/Impacts_CMS_HWW_boosted_SR2a_WH_hww_mcstat_bin0.txt
#	../../nTFa_3_nTFb_6/outs/Impacts_CMS_HWW_boosted_SR2a_WH_hww_mcstat_bin1.txt
#	../../nTFa_3_nTFb_6/outs/Impacts_CMS_HWW_boosted_SR2a_WH_hww_mcstat_bin18.txt
#	../../nTFa_3_nTFb_6/outs/Impacts_CMS_HWW_boosted_SR2a_ZH_hww_mcstat_bin0.txt
#	../../nTFa_3_nTFb_6/outs/Impacts_CMS_HWW_boosted_SR2a_ZH_hww_mcstat_bin1.txt
#	../../nTFa_3_nTFb_6/outs/Impacts_CMS_HWW_boosted_SR2a_ZH_hww_mcstat_bin18.txt
#	../../nTFa_3_nTFb_6/outs/Impacts_CMS_HWW_boosted_SR2a_ggH_hww_mcstat_bin0.txt
#	../../nTFa_3_nTFb_6/outs/Impacts_CMS_HWW_boosted_SR2a_ggH_hww_mcstat_bin1.txt
#	../../nTFa_3_nTFb_6/outs/Impacts_CMS_HWW_boosted_SR2a_mcstat_bin10.txt
#	../../nTFa_3_nTFb_6/outs/Impacts_CMS_HWW_boosted_SR2a_mcstat_bin11.txt
#	../../nTFa_3_nTFb_6/outs/Impacts_CMS_HWW_boosted_SR2a_mcstat_bin12.txt
#	../../nTFa_3_nTFb_6/outs/Impacts_CMS_HWW_boosted_SR2a_mcstat_bin13.txt
#	../../nTFa_3_nTFb_6/outs/Impacts_CMS_HWW_boosted_SR2a_mcstat_bin14.txt
#	../../nTFa_3_nTFb_6/outs/Impacts_CMS_HWW_boosted_SR2a_mcstat_bin15.txt
#	../../nTFa_3_nTFb_6/outs/Impacts_CMS_HWW_boosted_SR2a_mcstat_bin16.txt
#	../../nTFa_3_nTFb_6/outs/Impacts_CMS_HWW_boosted_SR2a_mcstat_bin17.txt
#	../../nTFa_3_nTFb_6/outs/Impacts_CMS_HWW_boosted_SR2a_mcstat_bin19.txt
#	../../nTFa_3_nTFb_6/outs/Impacts_CMS_HWW_boosted_SR2a_mcstat_bin2.txt
#	../../nTFa_3_nTFb_6/outs/Impacts_CMS_HWW_boosted_SR2a_mcstat_bin3.txt
#	../../nTFa_3_nTFb_6/outs/Impacts_CMS_HWW_boosted_SR2a_mcstat_bin4.txt
#	../../nTFa_3_nTFb_6/outs/Impacts_CMS_HWW_boosted_SR2a_mcstat_bin5.txt
#	../../nTFa_3_nTFb_6/outs/Impacts_CMS_HWW_boosted_SR2a_mcstat_bin6.txt
#	../../nTFa_3_nTFb_6/outs/Impacts_CMS_HWW_boosted_SR2a_mcstat_bin7.txt
#	../../nTFa_3_nTFb_6/outs/Impacts_CMS_HWW_boosted_SR2a_mcstat_bin8.txt
#	../../nTFa_3_nTFb_6/outs/Impacts_CMS_HWW_boosted_SR2a_mcstat_bin9.txt
#	../../nTFa_3_nTFb_6/outs/Impacts_CMS_HWW_boosted_SR2a_qqH_hww_mcstat_bin0.txt
#	../../nTFa_3_nTFb_6/outs/Impacts_CMS_HWW_boosted_SR2a_qqH_hww_mcstat_bin1.txt
#	../../nTFa_3_nTFb_6/outs/Impacts_CMS_HWW_boosted_SR2a_rest_bkg_mcstat_bin1.txt
#	../../nTFa_3_nTFb_6/outs/Impacts_CMS_HWW_boosted_SR2a_rest_bkg_mcstat_bin18.txt
#	../../nTFa_3_nTFb_6/outs/Impacts_CMS_HWW_boosted_SR2a_single_top_mcstat_bin18.txt
#	../../nTFa_3_nTFb_6/outs/Impacts_CMS_HWW_boosted_SR2a_ttH_hww_mcstat_bin0.txt
#	../../nTFa_3_nTFb_6/outs/Impacts_CMS_HWW_boosted_SR2a_ttH_hww_mcstat_bin1.txt
#	../../nTFa_3_nTFb_6/outs/Impacts_CMS_HWW_boosted_SR2a_ttH_hww_mcstat_bin18.txt
#	../../nTFa_3_nTFb_6/outs/Impacts_CMS_HWW_boosted_SR2a_ttbar_mcstat_bin0.txt
#	../../nTFa_3_nTFb_6/outs/Impacts_CMS_HWW_boosted_SR2a_ttbar_mcstat_bin1.txt
#	../../nTFa_3_nTFb_6/outs/Impacts_CMS_HWW_boosted_SR2a_ttbar_mcstat_bin18.txt
#	../../nTFa_3_nTFb_6/outs/Impacts_CMS_HWW_boosted_SR2a_wjets_mcstat_bin0.txt
#	../../nTFa_3_nTFb_6/outs/Impacts_CMS_HWW_boosted_SR2a_wjets_mcstat_bin1.txt
#	../../nTFa_3_nTFb_6/outs/Impacts_CMS_HWW_boosted_SR2a_wjets_mcstat_bin18.txt
#	../../nTFa_3_nTFb_6/outs/Impacts_CMS_HWW_boosted_SR2b_mcstat_bin0.txt
#	../../nTFa_3_nTFb_6/outs/Impacts_CMS_HWW_boosted_SR2b_mcstat_bin1.txt
#	../../nTFa_3_nTFb_6/outs/Impacts_CMS_HWW_boosted_SR2b_mcstat_bin10.txt
#	../../nTFa_3_nTFb_6/outs/Impacts_CMS_HWW_boosted_SR2b_mcstat_bin11.txt
#	../../nTFa_3_nTFb_6/outs/Impacts_CMS_HWW_boosted_SR2b_mcstat_bin12.txt
#	../../nTFa_3_nTFb_6/outs/Impacts_CMS_HWW_boosted_SR2b_mcstat_bin13.txt
#	../../nTFa_3_nTFb_6/outs/Impacts_CMS_HWW_boosted_SR2b_mcstat_bin14.txt
#	../../nTFa_3_nTFb_6/outs/Impacts_CMS_HWW_boosted_SR2b_mcstat_bin15.txt
#	../../nTFa_3_nTFb_6/outs/Impacts_CMS_HWW_boosted_SR2b_mcstat_bin16.txt
#	../../nTFa_3_nTFb_6/outs/Impacts_CMS_HWW_boosted_SR2b_mcstat_bin17.txt
#	../../nTFa_3_nTFb_6/outs/Impacts_CMS_HWW_boosted_SR2b_mcstat_bin18.txt
#	../../nTFa_3_nTFb_6/outs/Impacts_CMS_HWW_boosted_SR2b_mcstat_bin19.txt
#	../../nTFa_3_nTFb_6/outs/Impacts_CMS_HWW_boosted_SR2b_mcstat_bin2.txt
#	../../nTFa_3_nTFb_6/outs/Impacts_CMS_HWW_boosted_SR2b_mcstat_bin3.txt
#	../../nTFa_3_nTFb_6/outs/Impacts_CMS_HWW_boosted_SR2b_mcstat_bin4.txt
#	../../nTFa_3_nTFb_6/outs/Impacts_CMS_HWW_boosted_SR2b_mcstat_bin5.txt
#	../../nTFa_3_nTFb_6/outs/Impacts_CMS_HWW_boosted_SR2b_mcstat_bin6.txt
#	../../nTFa_3_nTFb_6/outs/Impacts_CMS_HWW_boosted_SR2b_mcstat_bin7.txt
#	../../nTFa_3_nTFb_6/outs/Impacts_CMS_HWW_boosted_SR2b_mcstat_bin8.txt
#	../../nTFa_3_nTFb_6/outs/Impacts_CMS_HWW_boosted_SR2b_mcstat_bin9.txt
#	../../nTFa_3_nTFb_6/outs/Impacts_CMS_HWW_boosted_electron_veto.txt
#	../../nTFa_3_nTFb_6/outs/Impacts_CMS_HWW_boosted_jmr_2016.txt
#	../../nTFa_3_nTFb_6/outs/Impacts_CMS_HWW_boosted_jmr_2016APV.txt
#	../../nTFa_3_nTFb_6/outs/Impacts_CMS_HWW_boosted_jmr_2017.txt
#	../../nTFa_3_nTFb_6/outs/Impacts_CMS_HWW_boosted_jmr_2018.txt
#	../../nTFa_3_nTFb_6/outs/Impacts_CMS_HWW_boosted_jms_2016.txt
#	../../nTFa_3_nTFb_6/outs/Impacts_CMS_HWW_boosted_jms_2016APV.txt
#	../../nTFa_3_nTFb_6/outs/Impacts_CMS_HWW_boosted_jms_2017.txt
#	../../nTFa_3_nTFb_6/outs/Impacts_CMS_HWW_boosted_jms_2018.txt
#	../../nTFa_3_nTFb_6/outs/Impacts_CMS_HWW_boosted_lp_sf_region_a.txt
#	../../nTFa_3_nTFb_6/outs/Impacts_CMS_HWW_boosted_lp_sf_region_b.txt
#	../../nTFa_3_nTFb_6/outs/Impacts_CMS_HWW_boosted_rest_bkg_rate.txt
#	../../nTFa_3_nTFb_6/outs/Impacts_CMS_HWW_boosted_single_top_rate.txt
#	../../nTFa_3_nTFb_6/outs/Impacts_CMS_HWW_boosted_tf_dataResidual_CR1_Bin0.txt
#	../../nTFa_3_nTFb_6/outs/Impacts_CMS_HWW_boosted_tf_dataResidual_CR1_Bin1.txt
#	../../nTFa_3_nTFb_6/outs/Impacts_CMS_HWW_boosted_tf_dataResidual_CR1_Bin10.txt
#	../../nTFa_3_nTFb_6/outs/Impacts_CMS_HWW_boosted_tf_dataResidual_CR1_Bin11.txt
#	../../nTFa_3_nTFb_6/outs/Impacts_CMS_HWW_boosted_tf_dataResidual_CR1_Bin12.txt
#	../../nTFa_3_nTFb_6/outs/Impacts_CMS_HWW_boosted_tf_dataResidual_CR1_Bin13.txt
#	../../nTFa_3_nTFb_6/outs/Impacts_CMS_HWW_boosted_tf_dataResidual_CR1_Bin14.txt
#	../../nTFa_3_nTFb_6/outs/Impacts_CMS_HWW_boosted_tf_dataResidual_CR1_Bin15.txt
#	../../nTFa_3_nTFb_6/outs/Impacts_CMS_HWW_boosted_tf_dataResidual_CR1_Bin16.txt
#	../../nTFa_3_nTFb_6/outs/Impacts_CMS_HWW_boosted_tf_dataResidual_CR1_Bin17.txt
#	../../nTFa_3_nTFb_6/outs/Impacts_CMS_HWW_boosted_tf_dataResidual_CR1_Bin18.txt
#	../../nTFa_3_nTFb_6/outs/Impacts_CMS_HWW_boosted_tf_dataResidual_CR1_Bin19.txt
#	../../nTFa_3_nTFb_6/outs/Impacts_CMS_HWW_boosted_tf_dataResidual_CR1_Bin2.txt
#	../../nTFa_3_nTFb_6/outs/Impacts_CMS_HWW_boosted_tf_dataResidual_CR1_Bin3.txt
#	../../nTFa_3_nTFb_6/outs/Impacts_CMS_HWW_boosted_tf_dataResidual_CR1_Bin4.txt
#	../../nTFa_3_nTFb_6/outs/Impacts_CMS_HWW_boosted_tf_dataResidual_CR1_Bin5.txt
#	../../nTFa_3_nTFb_6/outs/Impacts_CMS_HWW_boosted_tf_dataResidual_CR1_Bin6.txt
#	../../nTFa_3_nTFb_6/outs/Impacts_CMS_HWW_boosted_tf_dataResidual_CR1_Bin7.txt
#	../../nTFa_3_nTFb_6/outs/Impacts_CMS_HWW_boosted_tf_dataResidual_CR1_Bin8.txt
#	../../nTFa_3_nTFb_6/outs/Impacts_CMS_HWW_boosted_tf_dataResidual_CR1_Bin9.txt
#	../../nTFa_3_nTFb_6/outs/Impacts_CMS_HWW_boosted_tf_dataResidual_CR2_Bin0.txt
#	../../nTFa_3_nTFb_6/outs/Impacts_CMS_HWW_boosted_tf_dataResidual_CR2_Bin1.txt
#	../../nTFa_3_nTFb_6/outs/Impacts_CMS_HWW_boosted_tf_dataResidual_CR2_Bin10.txt
#	../../nTFa_3_nTFb_6/outs/Impacts_CMS_HWW_boosted_tf_dataResidual_CR2_Bin11.txt
#	../../nTFa_3_nTFb_6/outs/Impacts_CMS_HWW_boosted_tf_dataResidual_CR2_Bin12.txt
#	../../nTFa_3_nTFb_6/outs/Impacts_CMS_HWW_boosted_tf_dataResidual_CR2_Bin13.txt
#	../../nTFa_3_nTFb_6/outs/Impacts_CMS_HWW_boosted_tf_dataResidual_CR2_Bin14.txt
#	../../nTFa_3_nTFb_6/outs/Impacts_CMS_HWW_boosted_tf_dataResidual_CR2_Bin15.txt
#	../../nTFa_3_nTFb_6/outs/Impacts_CMS_HWW_boosted_tf_dataResidual_CR2_Bin16.txt
#	../../nTFa_3_nTFb_6/outs/Impacts_CMS_HWW_boosted_tf_dataResidual_CR2_Bin17.txt
#	../../nTFa_3_nTFb_6/outs/Impacts_CMS_HWW_boosted_tf_dataResidual_CR2_Bin18.txt
#	../../nTFa_3_nTFb_6/outs/Impacts_CMS_HWW_boosted_tf_dataResidual_CR2_Bin19.txt
#	../../nTFa_3_nTFb_6/outs/Impacts_CMS_HWW_boosted_tf_dataResidual_CR2_Bin2.txt
#	../../nTFa_3_nTFb_6/outs/Impacts_CMS_HWW_boosted_tf_dataResidual_CR2_Bin3.txt
#	../../nTFa_3_nTFb_6/outs/Impacts_CMS_HWW_boosted_tf_dataResidual_CR2_Bin4.txt
#	../../nTFa_3_nTFb_6/outs/Impacts_CMS_HWW_boosted_tf_dataResidual_CR2_Bin5.txt
#	../../nTFa_3_nTFb_6/outs/Impacts_CMS_HWW_boosted_tf_dataResidual_CR2_Bin6.txt
#	../../nTFa_3_nTFb_6/outs/Impacts_CMS_HWW_boosted_tf_dataResidual_CR2_Bin7.txt
#	../../nTFa_3_nTFb_6/outs/Impacts_CMS_HWW_boosted_tf_dataResidual_CR2_Bin8.txt
#	../../nTFa_3_nTFb_6/outs/Impacts_CMS_HWW_boosted_tf_dataResidual_CR2_Bin9.txt
#	../../nTFa_3_nTFb_6/outs/Impacts_CMS_HWW_boosted_tf_dataResidual_a_MH_Reco_par0.txt
#	../../nTFa_3_nTFb_6/outs/Impacts_CMS_HWW_boosted_tf_dataResidual_a_MH_Reco_par1.txt
#	../../nTFa_3_nTFb_6/outs/Impacts_CMS_HWW_boosted_tf_dataResidual_a_MH_Reco_par2.txt
#	../../nTFa_3_nTFb_6/outs/Impacts_CMS_HWW_boosted_tf_dataResidual_a_MH_Reco_par3.txt
#	../../nTFa_3_nTFb_6/outs/Impacts_CMS_HWW_boosted_tf_dataResidual_b_MH_Reco_par0.txt
#	../../nTFa_3_nTFb_6/outs/Impacts_CMS_HWW_boosted_tf_dataResidual_b_MH_Reco_par1.txt
#	../../nTFa_3_nTFb_6/outs/Impacts_CMS_HWW_boosted_tf_dataResidual_b_MH_Reco_par2.txt
#	../../nTFa_3_nTFb_6/outs/Impacts_CMS_HWW_boosted_tf_dataResidual_b_MH_Reco_par3.txt
#	../../nTFa_3_nTFb_6/outs/Impacts_CMS_HWW_boosted_tf_dataResidual_b_MH_Reco_par4.txt
#	../../nTFa_3_nTFb_6/outs/Impacts_CMS_HWW_boosted_tf_dataResidual_b_MH_Reco_par5.txt
#	../../nTFa_3_nTFb_6/outs/Impacts_CMS_HWW_boosted_tf_dataResidual_b_MH_Reco_par6.txt
#	../../nTFa_3_nTFb_6/outs/Impacts_CMS_HWW_boosted_triggerEffSF_uncorrelated.txt
#	../../nTFa_3_nTFb_6/outs/Impacts_CMS_HWW_boosted_ttbar_rate.txt
#	../../nTFa_3_nTFb_6/outs/Impacts_CMS_HWW_boosted_wjets_rate.txt
#	../../nTFa_3_nTFb_6/outs/Impacts_CMS_l1_ecal_prefiring_2016.txt
#	../../nTFa_3_nTFb_6/outs/Impacts_CMS_l1_ecal_prefiring_2016APV.txt
#	../../nTFa_3_nTFb_6/outs/Impacts_CMS_l1_ecal_prefiring_2017.txt
#	../../nTFa_3_nTFb_6/outs/Impacts_CMS_pileup_2016.txt
#	../../nTFa_3_nTFb_6/outs/Impacts_CMS_pileup_2016APV.txt
#	../../nTFa_3_nTFb_6/outs/Impacts_CMS_pileup_2017.txt
#	../../nTFa_3_nTFb_6/outs/Impacts_CMS_pileup_2018.txt
#	../../nTFa_3_nTFb_6/outs/Impacts_CMS_res_j_2016.txt
#	../../nTFa_3_nTFb_6/outs/Impacts_CMS_res_j_2016APV.txt
#	../../nTFa_3_nTFb_6/outs/Impacts_CMS_res_j_2017.txt
#	../../nTFa_3_nTFb_6/outs/Impacts_CMS_res_j_2018.txt
#	../../nTFa_3_nTFb_6/outs/Impacts_CMS_scale_j_Abs.txt
#	../../nTFa_3_nTFb_6/outs/Impacts_CMS_scale_j_Abs_2016.txt
#	../../nTFa_3_nTFb_6/outs/Impacts_CMS_scale_j_Abs_2016APV.txt
#	../../nTFa_3_nTFb_6/outs/Impacts_CMS_scale_j_Abs_2017.txt
#	../../nTFa_3_nTFb_6/outs/Impacts_CMS_scale_j_Abs_2018.txt
#	../../nTFa_3_nTFb_6/outs/Impacts_CMS_scale_j_BBEC1.txt
#	../../nTFa_3_nTFb_6/outs/Impacts_CMS_scale_j_BBEC1_2016.txt
#	../../nTFa_3_nTFb_6/outs/Impacts_CMS_scale_j_BBEC1_2016APV.txt
#	../../nTFa_3_nTFb_6/outs/Impacts_CMS_scale_j_BBEC1_2017.txt
#	../../nTFa_3_nTFb_6/outs/Impacts_CMS_scale_j_BBEC1_2018.txt
#	../../nTFa_3_nTFb_6/outs/Impacts_CMS_scale_j_EC2.txt
#	../../nTFa_3_nTFb_6/outs/Impacts_CMS_scale_j_EC2_2016.txt
#	../../nTFa_3_nTFb_6/outs/Impacts_CMS_scale_j_EC2_2016APV.txt
#	../../nTFa_3_nTFb_6/outs/Impacts_CMS_scale_j_EC2_2017.txt
#	../../nTFa_3_nTFb_6/outs/Impacts_CMS_scale_j_EC2_2018.txt
#	../../nTFa_3_nTFb_6/outs/Impacts_CMS_scale_j_FlavQCD.txt
#	../../nTFa_3_nTFb_6/outs/Impacts_CMS_scale_j_HF.txt
#	../../nTFa_3_nTFb_6/outs/Impacts_CMS_scale_j_HF_2016.txt
#	../../nTFa_3_nTFb_6/outs/Impacts_CMS_scale_j_HF_2016APV.txt
#	../../nTFa_3_nTFb_6/outs/Impacts_CMS_scale_j_HF_2017.txt
#	../../nTFa_3_nTFb_6/outs/Impacts_CMS_scale_j_HF_2018.txt
#	../../nTFa_3_nTFb_6/outs/Impacts_CMS_scale_j_RelBal.txt
#	../../nTFa_3_nTFb_6/outs/Impacts_CMS_scale_j_RelSample_2016.txt
#	../../nTFa_3_nTFb_6/outs/Impacts_CMS_scale_j_RelSample_2016APV.txt
#	../../nTFa_3_nTFb_6/outs/Impacts_CMS_scale_j_RelSample_2017.txt
#	../../nTFa_3_nTFb_6/outs/Impacts_CMS_scale_j_RelSample_2018.txt
#	../../nTFa_3_nTFb_6/outs/Impacts_PDF_WH_ACCEPT_CMS_HWW_boosted.txt
#	../../nTFa_3_nTFb_6/outs/Impacts_PDF_ZH_ACCEPT_CMS_HWW_boosted.txt
#	../../nTFa_3_nTFb_6/outs/Impacts_PDF_ggH_ACCEPT_CMS_HWW_boosted.txt
#	../../nTFa_3_nTFb_6/outs/Impacts_PDF_qqH_ACCEPT_CMS_HWW_boosted.txt
#	../../nTFa_3_nTFb_6/outs/Impacts_PDF_single_top_ACCEPT_CMS_HWW_boosted.txt
#	../../nTFa_3_nTFb_6/outs/Impacts_PDF_ttH_ACCEPT_CMS_HWW_boosted.txt
#	../../nTFa_3_nTFb_6/outs/Impacts_PDF_ttbar_ACCEPT_CMS_HWW_boosted.txt
#	../../nTFa_3_nTFb_6/outs/Impacts_PDF_wjets_ACCEPT_CMS_HWW_boosted.txt
#	../../nTFa_3_nTFb_6/outs/Impacts_QCDscale_WH.txt
#	../../nTFa_3_nTFb_6/outs/Impacts_QCDscale_WH_ACCEPT_CMS_HWW_boosted.txt
#	../../nTFa_3_nTFb_6/outs/Impacts_QCDscale_ZH.txt
#	../../nTFa_3_nTFb_6/outs/Impacts_QCDscale_ZH_ACCEPT_CMS_HWW_boosted.txt
#	../../nTFa_3_nTFb_6/outs/Impacts_QCDscale_ggH.txt
#	../../nTFa_3_nTFb_6/outs/Impacts_QCDscale_ggH_ACCEPT_CMS_HWW_boosted.txt
#	../../nTFa_3_nTFb_6/outs/Impacts_QCDscale_qqH.txt
#	../../nTFa_3_nTFb_6/outs/Impacts_QCDscale_qqH_ACCEPT_CMS_HWW_boosted.txt
#	../../nTFa_3_nTFb_6/outs/Impacts_QCDscale_rest_bkg.txt
#	../../nTFa_3_nTFb_6/outs/Impacts_QCDscale_single_top.txt
#	../../nTFa_3_nTFb_6/outs/Impacts_QCDscale_single_top_ACCEPT_CMS_HWW_boosted.txt
#	../../nTFa_3_nTFb_6/outs/Impacts_QCDscale_ttH.txt
#	../../nTFa_3_nTFb_6/outs/Impacts_QCDscale_ttH_ACCEPT_CMS_HWW_boosted.txt
#	../../nTFa_3_nTFb_6/outs/Impacts_QCDscale_ttbar.txt
#	../../nTFa_3_nTFb_6/outs/Impacts_QCDscale_ttbar_ACCEPT_CMS_HWW_boosted.txt
#	../../nTFa_3_nTFb_6/outs/Impacts_QCDscale_wjets.txt
#	../../nTFa_3_nTFb_6/outs/Impacts_QCDscale_wjets_ACCEPT_CMS_HWW_boosted.txt
#	../../nTFa_3_nTFb_6/outs/Impacts_alpha_s.txt
#	../../nTFa_3_nTFb_6/outs/Impacts_collect.txt
#	../../nTFa_3_nTFb_6/outs/Impacts_init.txt
#	../../nTFa_3_nTFb_6/outs/Impacts_lumi_13TeV_1718.txt
#	../../nTFa_3_nTFb_6/outs/Impacts_lumi_13TeV_2016.txt
#	../../nTFa_3_nTFb_6/outs/Impacts_lumi_13TeV_2017.txt
#	../../nTFa_3_nTFb_6/outs/Impacts_lumi_13TeV_2018.txt
#	../../nTFa_3_nTFb_6/outs/Impacts_lumi_13TeV_correlated.txt
#	../../nTFa_3_nTFb_6/outs/Impacts_pdf_Higgs_WH.txt
#	../../nTFa_3_nTFb_6/outs/Impacts_pdf_Higgs_ZH.txt
#	../../nTFa_3_nTFb_6/outs/Impacts_pdf_Higgs_ggH.txt
#	../../nTFa_3_nTFb_6/outs/Impacts_pdf_Higgs_qqH.txt
#	../../nTFa_3_nTFb_6/outs/Impacts_pdf_Higgs_ttH.txt
#	../../nTFa_3_nTFb_6/outs/Impacts_pdf_rest_bkg.txt
#	../../nTFa_3_nTFb_6/outs/Impacts_pdf_single_top.txt
#	../../nTFa_3_nTFb_6/outs/Impacts_pdf_ttbar.txt
#	../../nTFa_3_nTFb_6/outs/Impacts_pdf_wjets.txt
#	../../nTFa_3_nTFb_6/outs/Impacts_ps_fsr_WH.txt
#	../../nTFa_3_nTFb_6/outs/Impacts_ps_fsr_ZH.txt
#	../../nTFa_3_nTFb_6/outs/Impacts_ps_fsr_ggH.txt
#	../../nTFa_3_nTFb_6/outs/Impacts_ps_fsr_qqH.txt
#	../../nTFa_3_nTFb_6/outs/Impacts_ps_fsr_rest_bkg.txt
#	../../nTFa_3_nTFb_6/outs/Impacts_ps_fsr_single_top.txt
#	../../nTFa_3_nTFb_6/outs/Impacts_ps_fsr_ttH.txt
#	../../nTFa_3_nTFb_6/outs/Impacts_ps_fsr_ttbar.txt
#	../../nTFa_3_nTFb_6/outs/Impacts_ps_fsr_wjets.txt
#	../../nTFa_3_nTFb_6/outs/Impacts_ps_isr_WH.txt
#	../../nTFa_3_nTFb_6/outs/Impacts_ps_isr_ZH.txt
#	../../nTFa_3_nTFb_6/outs/Impacts_ps_isr_ggH.txt
#	../../nTFa_3_nTFb_6/outs/Impacts_ps_isr_qqH.txt
#	../../nTFa_3_nTFb_6/outs/Impacts_ps_isr_rest_bkg.txt
#	../../nTFa_3_nTFb_6/outs/Impacts_ps_isr_single_top.txt
#	../../nTFa_3_nTFb_6/outs/Impacts_ps_isr_ttH.txt
#	../../nTFa_3_nTFb_6/outs/Impacts_ps_isr_ttbar.txt
#	../../nTFa_3_nTFb_6/outs/Impacts_ps_isr_wjets.txt
#	../../nTFa_3_nTFb_6/outs/Impacts_unclustered_Energy.txt
#	../../nTFa_3_nTFb_6/roostats-gZF9mZ.root
#	../../nTFa_3_nTFb_6/roostats-ru32UF.root
#	x.log
#	../../unfolding/combine_logger.out
#	../../unfolding/combined.txt
#	../../unfolding/combined_withmasks.root
#	../../unfolding/higgsCombine.Significance.mH125.123456.root
#	../../unfolding/higgsCombine.Test.MultiDimFit.mH120.root
#	../../unfolding/higgsCombine.Test.MultiDimFit.mH125.123456.root
#	../../unfolding/higgsCombine.Test.MultiDimFit.mH125.root
#	../../unfolding/higgsCombineSnapshot.MultiDimFit.mH125.root
#	../../unfolding/higgsCombine_initialFit_Test.MultiDimFit.mH125.root
#	../../unfolding/higgsCombine_initialFit_impacts.MultiDimFit.mH125.root
#	../../unfolding/higgsCombinescan_r_ggH_pt200_300.MultiDimFit.mH125.root
#	../../unfolding/higgsCombineunfolding.MultiDimFit.mH125.root
#	../../unfolding/outs/
#	../../unfolding/unfolding.root
#	../../up_vetomap_smooth/combined.txt
#	../../up_vetomap_smooth/higgsCombine.AsymptoticLimits.mH125.44.root
#	../../up_vetomap_smooth/higgsCombine.Significance.mH125.123456.root
#	../../up_vetomap_smooth/higgsCombineSnapshot.MultiDimFit.mH125.root
#	../../up_vetomap_smooth/nTFa_3_nTFb_6/higgsCombine_paramFit_impacts_BR_hww.MultiDimFit.mH125.root
#	../../up_vetomap_smooth/nTFa_3_nTFb_6/higgsCombine_paramFit_impacts_CMS_HWW_boosted_CR1_mcstat_bin0.MultiDimFit.mH125.root
#	../../up_vetomap_smooth/nTFa_3_nTFb_6/higgsCombine_paramFit_impacts_CMS_HWW_boosted_CR1_mcstat_bin1.MultiDimFit.mH125.root
#	../../up_vetomap_smooth/nTFa_3_nTFb_6/higgsCombine_paramFit_impacts_CMS_HWW_boosted_CR1_mcstat_bin10.MultiDimFit.mH125.root
#	../../up_vetomap_smooth/nTFa_3_nTFb_6/higgsCombine_paramFit_impacts_CMS_HWW_boosted_CR1_mcstat_bin11.MultiDimFit.mH125.root
#	../../up_vetomap_smooth/nTFa_3_nTFb_6/higgsCombine_paramFit_impacts_CMS_HWW_boosted_CR1_mcstat_bin12.MultiDimFit.mH125.root
#	../../up_vetomap_smooth/nTFa_3_nTFb_6/higgsCombine_paramFit_impacts_CMS_HWW_boosted_CR1_mcstat_bin13.MultiDimFit.mH125.root
#	../../up_vetomap_smooth/nTFa_3_nTFb_6/higgsCombine_paramFit_impacts_CMS_HWW_boosted_CR1_mcstat_bin14.MultiDimFit.mH125.root
#	../../up_vetomap_smooth/nTFa_3_nTFb_6/higgsCombine_paramFit_impacts_CMS_HWW_boosted_CR1_mcstat_bin15.MultiDimFit.mH125.root
#	../../up_vetomap_smooth/nTFa_3_nTFb_6/higgsCombine_paramFit_impacts_CMS_HWW_boosted_CR1_mcstat_bin16.MultiDimFit.mH125.root
#	../../up_vetomap_smooth/nTFa_3_nTFb_6/higgsCombine_paramFit_impacts_CMS_HWW_boosted_CR1_mcstat_bin17.MultiDimFit.mH125.root
#	../../up_vetomap_smooth/nTFa_3_nTFb_6/higgsCombine_paramFit_impacts_CMS_HWW_boosted_CR1_mcstat_bin18.MultiDimFit.mH125.root
#	../../up_vetomap_smooth/nTFa_3_nTFb_6/higgsCombine_paramFit_impacts_CMS_HWW_boosted_CR1_mcstat_bin19.MultiDimFit.mH125.root
#	../../up_vetomap_smooth/nTFa_3_nTFb_6/higgsCombine_paramFit_impacts_CMS_HWW_boosted_CR1_mcstat_bin2.MultiDimFit.mH125.root
#	../../up_vetomap_smooth/nTFa_3_nTFb_6/higgsCombine_paramFit_impacts_CMS_HWW_boosted_CR1_mcstat_bin3.MultiDimFit.mH125.root
#	../../up_vetomap_smooth/nTFa_3_nTFb_6/higgsCombine_paramFit_impacts_CMS_HWW_boosted_CR1_mcstat_bin4.MultiDimFit.mH125.root
#	../../up_vetomap_smooth/nTFa_3_nTFb_6/higgsCombine_paramFit_impacts_CMS_HWW_boosted_CR1_mcstat_bin5.MultiDimFit.mH125.root
#	../../up_vetomap_smooth/nTFa_3_nTFb_6/higgsCombine_paramFit_impacts_CMS_HWW_boosted_CR1_mcstat_bin6.MultiDimFit.mH125.root
#	../../up_vetomap_smooth/nTFa_3_nTFb_6/higgsCombine_paramFit_impacts_CMS_HWW_boosted_CR1_mcstat_bin7.MultiDimFit.mH125.root
#	../../up_vetomap_smooth/nTFa_3_nTFb_6/higgsCombine_paramFit_impacts_CMS_HWW_boosted_CR1_mcstat_bin8.MultiDimFit.mH125.root
#	../../up_vetomap_smooth/nTFa_3_nTFb_6/higgsCombine_paramFit_impacts_CMS_HWW_boosted_CR1_mcstat_bin9.MultiDimFit.mH125.root
#	../../up_vetomap_smooth/nTFa_3_nTFb_6/higgsCombine_paramFit_impacts_CMS_HWW_boosted_CR2_mcstat_bin0.MultiDimFit.mH125.root
#	../../up_vetomap_smooth/nTFa_3_nTFb_6/higgsCombine_paramFit_impacts_CMS_HWW_boosted_CR2_mcstat_bin1.MultiDimFit.mH125.root
#	../../up_vetomap_smooth/nTFa_3_nTFb_6/higgsCombine_paramFit_impacts_CMS_HWW_boosted_CR2_mcstat_bin10.MultiDimFit.mH125.root
#	../../up_vetomap_smooth/nTFa_3_nTFb_6/higgsCombine_paramFit_impacts_CMS_HWW_boosted_CR2_mcstat_bin11.MultiDimFit.mH125.root
#	../../up_vetomap_smooth/nTFa_3_nTFb_6/higgsCombine_paramFit_impacts_CMS_HWW_boosted_CR2_mcstat_bin12.MultiDimFit.mH125.root
#	../../up_vetomap_smooth/nTFa_3_nTFb_6/higgsCombine_paramFit_impacts_CMS_HWW_boosted_CR2_mcstat_bin13.MultiDimFit.mH125.root
#	../../up_vetomap_smooth/nTFa_3_nTFb_6/higgsCombine_paramFit_impacts_CMS_HWW_boosted_CR2_mcstat_bin14.MultiDimFit.mH125.root
#	../../up_vetomap_smooth/nTFa_3_nTFb_6/higgsCombine_paramFit_impacts_CMS_HWW_boosted_CR2_mcstat_bin15.MultiDimFit.mH125.root
#	../../up_vetomap_smooth/nTFa_3_nTFb_6/higgsCombine_paramFit_impacts_CMS_HWW_boosted_CR2_mcstat_bin16.MultiDimFit.mH125.root
#	../../up_vetomap_smooth/nTFa_3_nTFb_6/higgsCombine_paramFit_impacts_CMS_HWW_boosted_CR2_mcstat_bin17.MultiDimFit.mH125.root
#	../../up_vetomap_smooth/nTFa_3_nTFb_6/higgsCombine_paramFit_impacts_CMS_HWW_boosted_CR2_mcstat_bin18.MultiDimFit.mH125.root
#	../../up_vetomap_smooth/nTFa_3_nTFb_6/higgsCombine_paramFit_impacts_CMS_HWW_boosted_CR2_mcstat_bin19.MultiDimFit.mH125.root
#	../../up_vetomap_smooth/nTFa_3_nTFb_6/higgsCombine_paramFit_impacts_CMS_HWW_boosted_CR2_mcstat_bin2.MultiDimFit.mH125.root
#	../../up_vetomap_smooth/nTFa_3_nTFb_6/higgsCombine_paramFit_impacts_CMS_HWW_boosted_CR2_mcstat_bin3.MultiDimFit.mH125.root
#	../../up_vetomap_smooth/nTFa_3_nTFb_6/higgsCombine_paramFit_impacts_CMS_HWW_boosted_CR2_mcstat_bin4.MultiDimFit.mH125.root
#	../../up_vetomap_smooth/nTFa_3_nTFb_6/higgsCombine_paramFit_impacts_CMS_HWW_boosted_CR2_mcstat_bin5.MultiDimFit.mH125.root
#	../../up_vetomap_smooth/nTFa_3_nTFb_6/higgsCombine_paramFit_impacts_CMS_HWW_boosted_CR2_mcstat_bin6.MultiDimFit.mH125.root
#	../../up_vetomap_smooth/nTFa_3_nTFb_6/higgsCombine_paramFit_impacts_CMS_HWW_boosted_CR2_mcstat_bin7.MultiDimFit.mH125.root
#	../../up_vetomap_smooth/nTFa_3_nTFb_6/higgsCombine_paramFit_impacts_CMS_HWW_boosted_CR2_mcstat_bin8.MultiDimFit.mH125.root
#	../../up_vetomap_smooth/nTFa_3_nTFb_6/higgsCombine_paramFit_impacts_CMS_HWW_boosted_CR2_mcstat_bin9.MultiDimFit.mH125.root
#	../../up_vetomap_smooth/nTFa_3_nTFb_6/higgsCombine_paramFit_impacts_CMS_HWW_boosted_SR1a_mcstat_bin0.MultiDimFit.mH125.root
#	../../up_vetomap_smooth/nTFa_3_nTFb_6/higgsCombine_paramFit_impacts_CMS_HWW_boosted_SR1a_mcstat_bin1.MultiDimFit.mH125.root
#	../../up_vetomap_smooth/nTFa_3_nTFb_6/higgsCombine_paramFit_impacts_CMS_HWW_boosted_SR1a_mcstat_bin10.MultiDimFit.mH125.root
#	../../up_vetomap_smooth/nTFa_3_nTFb_6/higgsCombine_paramFit_impacts_CMS_HWW_boosted_SR1a_mcstat_bin11.MultiDimFit.mH125.root
#	../../up_vetomap_smooth/nTFa_3_nTFb_6/higgsCombine_paramFit_impacts_CMS_HWW_boosted_SR1a_mcstat_bin12.MultiDimFit.mH125.root
#	../../up_vetomap_smooth/nTFa_3_nTFb_6/higgsCombine_paramFit_impacts_CMS_HWW_boosted_SR1a_mcstat_bin13.MultiDimFit.mH125.root
#	../../up_vetomap_smooth/nTFa_3_nTFb_6/higgsCombine_paramFit_impacts_CMS_HWW_boosted_SR1a_mcstat_bin14.MultiDimFit.mH125.root
#	../../up_vetomap_smooth/nTFa_3_nTFb_6/higgsCombine_paramFit_impacts_CMS_HWW_boosted_SR1a_mcstat_bin15.MultiDimFit.mH125.root
#	../../up_vetomap_smooth/nTFa_3_nTFb_6/higgsCombine_paramFit_impacts_CMS_HWW_boosted_SR1a_mcstat_bin16.MultiDimFit.mH125.root
#	../../up_vetomap_smooth/nTFa_3_nTFb_6/higgsCombine_paramFit_impacts_CMS_HWW_boosted_SR1a_mcstat_bin17.MultiDimFit.mH125.root
#	../../up_vetomap_smooth/nTFa_3_nTFb_6/higgsCombine_paramFit_impacts_CMS_HWW_boosted_SR1a_mcstat_bin18.MultiDimFit.mH125.root
#	../../up_vetomap_smooth/nTFa_3_nTFb_6/higgsCombine_paramFit_impacts_CMS_HWW_boosted_SR1a_mcstat_bin19.MultiDimFit.mH125.root
#	../../up_vetomap_smooth/nTFa_3_nTFb_6/higgsCombine_paramFit_impacts_CMS_HWW_boosted_SR1a_mcstat_bin2.MultiDimFit.mH125.root
#	../../up_vetomap_smooth/nTFa_3_nTFb_6/higgsCombine_paramFit_impacts_CMS_HWW_boosted_SR1a_mcstat_bin3.MultiDimFit.mH125.root
#	../../up_vetomap_smooth/nTFa_3_nTFb_6/higgsCombine_paramFit_impacts_CMS_HWW_boosted_SR1a_mcstat_bin4.MultiDimFit.mH125.root
#	../../up_vetomap_smooth/nTFa_3_nTFb_6/higgsCombine_paramFit_impacts_CMS_HWW_boosted_SR1a_mcstat_bin5.MultiDimFit.mH125.root
#	../../up_vetomap_smooth/nTFa_3_nTFb_6/higgsCombine_paramFit_impacts_CMS_HWW_boosted_SR1a_mcstat_bin6.MultiDimFit.mH125.root
#	../../up_vetomap_smooth/nTFa_3_nTFb_6/higgsCombine_paramFit_impacts_CMS_HWW_boosted_SR1a_mcstat_bin7.MultiDimFit.mH125.root
#	../../up_vetomap_smooth/nTFa_3_nTFb_6/higgsCombine_paramFit_impacts_CMS_HWW_boosted_SR1a_mcstat_bin8.MultiDimFit.mH125.root
#	../../up_vetomap_smooth/nTFa_3_nTFb_6/higgsCombine_paramFit_impacts_CMS_HWW_boosted_SR1a_mcstat_bin9.MultiDimFit.mH125.root
#	../../up_vetomap_smooth/nTFa_3_nTFb_6/higgsCombine_paramFit_impacts_CMS_HWW_boosted_SR1b_mcstat_bin0.MultiDimFit.mH125.root
#	../../up_vetomap_smooth/nTFa_3_nTFb_6/higgsCombine_paramFit_impacts_CMS_HWW_boosted_SR1b_mcstat_bin1.MultiDimFit.mH125.root
#	../../up_vetomap_smooth/nTFa_3_nTFb_6/higgsCombine_paramFit_impacts_CMS_HWW_boosted_SR1b_mcstat_bin10.MultiDimFit.mH125.root
#	../../up_vetomap_smooth/nTFa_3_nTFb_6/higgsCombine_paramFit_impacts_CMS_HWW_boosted_SR1b_mcstat_bin11.MultiDimFit.mH125.root
#	../../up_vetomap_smooth/nTFa_3_nTFb_6/higgsCombine_paramFit_impacts_CMS_HWW_boosted_SR1b_mcstat_bin12.MultiDimFit.mH125.root
#	../../up_vetomap_smooth/nTFa_3_nTFb_6/higgsCombine_paramFit_impacts_CMS_HWW_boosted_SR1b_mcstat_bin13.MultiDimFit.mH125.root
#	../../up_vetomap_smooth/nTFa_3_nTFb_6/higgsCombine_paramFit_impacts_CMS_HWW_boosted_SR1b_mcstat_bin14.MultiDimFit.mH125.root
#	../../up_vetomap_smooth/nTFa_3_nTFb_6/higgsCombine_paramFit_impacts_CMS_HWW_boosted_SR1b_mcstat_bin15.MultiDimFit.mH125.root
#	../../up_vetomap_smooth/nTFa_3_nTFb_6/higgsCombine_paramFit_impacts_CMS_HWW_boosted_SR1b_mcstat_bin16.MultiDimFit.mH125.root
#	../../up_vetomap_smooth/nTFa_3_nTFb_6/higgsCombine_paramFit_impacts_CMS_HWW_boosted_SR1b_mcstat_bin17.MultiDimFit.mH125.root
#	../../up_vetomap_smooth/nTFa_3_nTFb_6/higgsCombine_paramFit_impacts_CMS_HWW_boosted_SR1b_mcstat_bin18.MultiDimFit.mH125.root
#	../../up_vetomap_smooth/nTFa_3_nTFb_6/higgsCombine_paramFit_impacts_CMS_HWW_boosted_SR1b_mcstat_bin19.MultiDimFit.mH125.root
#	../../up_vetomap_smooth/nTFa_3_nTFb_6/higgsCombine_paramFit_impacts_CMS_HWW_boosted_SR1b_mcstat_bin2.MultiDimFit.mH125.root
#	../../up_vetomap_smooth/nTFa_3_nTFb_6/higgsCombine_paramFit_impacts_CMS_HWW_boosted_SR1b_mcstat_bin3.MultiDimFit.mH125.root
#	../../up_vetomap_smooth/nTFa_3_nTFb_6/higgsCombine_paramFit_impacts_CMS_HWW_boosted_SR1b_mcstat_bin4.MultiDimFit.mH125.root
#	../../up_vetomap_smooth/nTFa_3_nTFb_6/higgsCombine_paramFit_impacts_CMS_HWW_boosted_SR1b_mcstat_bin5.MultiDimFit.mH125.root
#	../../up_vetomap_smooth/nTFa_3_nTFb_6/higgsCombine_paramFit_impacts_CMS_HWW_boosted_SR1b_mcstat_bin6.MultiDimFit.mH125.root
#	../../up_vetomap_smooth/nTFa_3_nTFb_6/higgsCombine_paramFit_impacts_CMS_HWW_boosted_SR1b_mcstat_bin7.MultiDimFit.mH125.root
#	../../up_vetomap_smooth/nTFa_3_nTFb_6/higgsCombine_paramFit_impacts_CMS_HWW_boosted_SR1b_mcstat_bin8.MultiDimFit.mH125.root
#	../../up_vetomap_smooth/nTFa_3_nTFb_6/higgsCombine_paramFit_impacts_CMS_HWW_boosted_SR1b_mcstat_bin9.MultiDimFit.mH125.root
#	../../up_vetomap_smooth/nTFa_3_nTFb_6/higgsCombine_paramFit_impacts_CMS_HWW_boosted_SR2a_WH_hww_mcstat_bin0.MultiDimFit.mH125.root
#	../../up_vetomap_smooth/nTFa_3_nTFb_6/higgsCombine_paramFit_impacts_CMS_HWW_boosted_SR2a_WH_hww_mcstat_bin1.MultiDimFit.mH125.root
#	../../up_vetomap_smooth/nTFa_3_nTFb_6/higgsCombine_paramFit_impacts_CMS_HWW_boosted_SR2a_WH_hww_mcstat_bin18.MultiDimFit.mH125.root
#	../../up_vetomap_smooth/nTFa_3_nTFb_6/higgsCombine_paramFit_impacts_CMS_HWW_boosted_SR2a_WH_hww_mcstat_bin5.MultiDimFit.mH125.root
#	../../up_vetomap_smooth/nTFa_3_nTFb_6/higgsCombine_paramFit_impacts_CMS_HWW_boosted_SR2a_ZH_hww_mcstat_bin0.MultiDimFit.mH125.root
#	../../up_vetomap_smooth/nTFa_3_nTFb_6/higgsCombine_paramFit_impacts_CMS_HWW_boosted_SR2a_ZH_hww_mcstat_bin1.MultiDimFit.mH125.root
#	../../up_vetomap_smooth/nTFa_3_nTFb_6/higgsCombine_paramFit_impacts_CMS_HWW_boosted_SR2a_ZH_hww_mcstat_bin18.MultiDimFit.mH125.root
#	../../up_vetomap_smooth/nTFa_3_nTFb_6/higgsCombine_paramFit_impacts_CMS_HWW_boosted_SR2a_ZH_hww_mcstat_bin5.MultiDimFit.mH125.root
#	../../up_vetomap_smooth/nTFa_3_nTFb_6/higgsCombine_paramFit_impacts_CMS_HWW_boosted_SR2a_ggH_hww_mcstat_bin0.MultiDimFit.mH125.root
#	../../up_vetomap_smooth/nTFa_3_nTFb_6/higgsCombine_paramFit_impacts_CMS_HWW_boosted_SR2a_ggH_hww_mcstat_bin1.MultiDimFit.mH125.root
#	../../up_vetomap_smooth/nTFa_3_nTFb_6/higgsCombine_paramFit_impacts_CMS_HWW_boosted_SR2a_ggH_hww_mcstat_bin5.MultiDimFit.mH125.root
#	../../up_vetomap_smooth/nTFa_3_nTFb_6/higgsCombine_paramFit_impacts_CMS_HWW_boosted_SR2a_mcstat_bin10.MultiDimFit.mH125.root
#	../../up_vetomap_smooth/nTFa_3_nTFb_6/higgsCombine_paramFit_impacts_CMS_HWW_boosted_SR2a_mcstat_bin11.MultiDimFit.mH125.root
#	../../up_vetomap_smooth/nTFa_3_nTFb_6/higgsCombine_paramFit_impacts_CMS_HWW_boosted_SR2a_mcstat_bin12.MultiDimFit.mH125.root
#	../../up_vetomap_smooth/nTFa_3_nTFb_6/higgsCombine_paramFit_impacts_CMS_HWW_boosted_SR2a_mcstat_bin13.MultiDimFit.mH125.root
#	../../up_vetomap_smooth/nTFa_3_nTFb_6/higgsCombine_paramFit_impacts_CMS_HWW_boosted_SR2a_mcstat_bin14.MultiDimFit.mH125.root
#	../../up_vetomap_smooth/nTFa_3_nTFb_6/higgsCombine_paramFit_impacts_CMS_HWW_boosted_SR2a_mcstat_bin15.MultiDimFit.mH125.root
#	../../up_vetomap_smooth/nTFa_3_nTFb_6/higgsCombine_paramFit_impacts_CMS_HWW_boosted_SR2a_mcstat_bin16.MultiDimFit.mH125.root
#	../../up_vetomap_smooth/nTFa_3_nTFb_6/higgsCombine_paramFit_impacts_CMS_HWW_boosted_SR2a_mcstat_bin17.MultiDimFit.mH125.root
#	../../up_vetomap_smooth/nTFa_3_nTFb_6/higgsCombine_paramFit_impacts_CMS_HWW_boosted_SR2a_mcstat_bin19.MultiDimFit.mH125.root
#	../../up_vetomap_smooth/nTFa_3_nTFb_6/higgsCombine_paramFit_impacts_CMS_HWW_boosted_SR2a_mcstat_bin2.MultiDimFit.mH125.root
#	../../up_vetomap_smooth/nTFa_3_nTFb_6/higgsCombine_paramFit_impacts_CMS_HWW_boosted_SR2a_mcstat_bin3.MultiDimFit.mH125.root
#	../../up_vetomap_smooth/nTFa_3_nTFb_6/higgsCombine_paramFit_impacts_CMS_HWW_boosted_SR2a_mcstat_bin4.MultiDimFit.mH125.root
#	../../up_vetomap_smooth/nTFa_3_nTFb_6/higgsCombine_paramFit_impacts_CMS_HWW_boosted_SR2a_mcstat_bin6.MultiDimFit.mH125.root
#	../../up_vetomap_smooth/nTFa_3_nTFb_6/higgsCombine_paramFit_impacts_CMS_HWW_boosted_SR2a_mcstat_bin7.MultiDimFit.mH125.root
#	../../up_vetomap_smooth/nTFa_3_nTFb_6/higgsCombine_paramFit_impacts_CMS_HWW_boosted_SR2a_mcstat_bin8.MultiDimFit.mH125.root
#	../../up_vetomap_smooth/nTFa_3_nTFb_6/higgsCombine_paramFit_impacts_CMS_HWW_boosted_SR2a_mcstat_bin9.MultiDimFit.mH125.root
#	../../up_vetomap_smooth/nTFa_3_nTFb_6/higgsCombine_paramFit_impacts_CMS_HWW_boosted_SR2a_qqH_hww_mcstat_bin0.MultiDimFit.mH125.root
#	../../up_vetomap_smooth/nTFa_3_nTFb_6/higgsCombine_paramFit_impacts_CMS_HWW_boosted_SR2a_qqH_hww_mcstat_bin1.MultiDimFit.mH125.root
#	../../up_vetomap_smooth/nTFa_3_nTFb_6/higgsCombine_paramFit_impacts_CMS_HWW_boosted_SR2a_qqH_hww_mcstat_bin5.MultiDimFit.mH125.root
#	../../up_vetomap_smooth/nTFa_3_nTFb_6/higgsCombine_paramFit_impacts_CMS_HWW_boosted_SR2a_rest_bkg_mcstat_bin1.MultiDimFit.mH125.root
#	../../up_vetomap_smooth/nTFa_3_nTFb_6/higgsCombine_paramFit_impacts_CMS_HWW_boosted_SR2a_rest_bkg_mcstat_bin18.MultiDimFit.mH125.root
#	../../up_vetomap_smooth/nTFa_3_nTFb_6/higgsCombine_paramFit_impacts_CMS_HWW_boosted_SR2a_rest_bkg_mcstat_bin5.MultiDimFit.mH125.root
#	../../up_vetomap_smooth/nTFa_3_nTFb_6/higgsCombine_paramFit_impacts_CMS_HWW_boosted_SR2a_single_top_mcstat_bin18.MultiDimFit.mH125.root
#	../../up_vetomap_smooth/nTFa_3_nTFb_6/higgsCombine_paramFit_impacts_CMS_HWW_boosted_SR2a_single_top_mcstat_bin5.MultiDimFit.mH125.root
#	../../up_vetomap_smooth/nTFa_3_nTFb_6/higgsCombine_paramFit_impacts_CMS_HWW_boosted_SR2a_ttH_hww_mcstat_bin0.MultiDimFit.mH125.root
#	../../up_vetomap_smooth/nTFa_3_nTFb_6/higgsCombine_paramFit_impacts_CMS_HWW_boosted_SR2a_ttH_hww_mcstat_bin1.MultiDimFit.mH125.root
#	../../up_vetomap_smooth/nTFa_3_nTFb_6/higgsCombine_paramFit_impacts_CMS_HWW_boosted_SR2a_ttH_hww_mcstat_bin18.MultiDimFit.mH125.root
#	../../up_vetomap_smooth/nTFa_3_nTFb_6/higgsCombine_paramFit_impacts_CMS_HWW_boosted_SR2a_ttH_hww_mcstat_bin5.MultiDimFit.mH125.root
#	../../up_vetomap_smooth/nTFa_3_nTFb_6/higgsCombine_paramFit_impacts_CMS_HWW_boosted_SR2a_ttbar_mcstat_bin0.MultiDimFit.mH125.root
#	../../up_vetomap_smooth/nTFa_3_nTFb_6/higgsCombine_paramFit_impacts_CMS_HWW_boosted_SR2a_ttbar_mcstat_bin1.MultiDimFit.mH125.root
#	../../up_vetomap_smooth/nTFa_3_nTFb_6/higgsCombine_paramFit_impacts_CMS_HWW_boosted_SR2a_ttbar_mcstat_bin18.MultiDimFit.mH125.root
#	../../up_vetomap_smooth/nTFa_3_nTFb_6/higgsCombine_paramFit_impacts_CMS_HWW_boosted_SR2a_ttbar_mcstat_bin5.MultiDimFit.mH125.root
#	../../up_vetomap_smooth/nTFa_3_nTFb_6/higgsCombine_paramFit_impacts_CMS_HWW_boosted_SR2a_wjets_mcstat_bin0.MultiDimFit.mH125.root
#	../../up_vetomap_smooth/nTFa_3_nTFb_6/higgsCombine_paramFit_impacts_CMS_HWW_boosted_SR2a_wjets_mcstat_bin1.MultiDimFit.mH125.root
#	../../up_vetomap_smooth/nTFa_3_nTFb_6/higgsCombine_paramFit_impacts_CMS_HWW_boosted_SR2a_wjets_mcstat_bin18.MultiDimFit.mH125.root
#	../../up_vetomap_smooth/nTFa_3_nTFb_6/higgsCombine_paramFit_impacts_CMS_HWW_boosted_SR2a_wjets_mcstat_bin5.MultiDimFit.mH125.root
#	../../up_vetomap_smooth/nTFa_3_nTFb_6/higgsCombine_paramFit_impacts_CMS_HWW_boosted_SR2b_mcstat_bin0.MultiDimFit.mH125.root
#	../../up_vetomap_smooth/nTFa_3_nTFb_6/higgsCombine_paramFit_impacts_CMS_HWW_boosted_SR2b_mcstat_bin1.MultiDimFit.mH125.root
#	../../up_vetomap_smooth/nTFa_3_nTFb_6/higgsCombine_paramFit_impacts_CMS_HWW_boosted_SR2b_mcstat_bin10.MultiDimFit.mH125.root
#	../../up_vetomap_smooth/nTFa_3_nTFb_6/higgsCombine_paramFit_impacts_CMS_HWW_boosted_SR2b_mcstat_bin11.MultiDimFit.mH125.root
#	../../up_vetomap_smooth/nTFa_3_nTFb_6/higgsCombine_paramFit_impacts_CMS_HWW_boosted_SR2b_mcstat_bin12.MultiDimFit.mH125.root
#	../../up_vetomap_smooth/nTFa_3_nTFb_6/higgsCombine_paramFit_impacts_CMS_HWW_boosted_SR2b_mcstat_bin13.MultiDimFit.mH125.root
#	../../up_vetomap_smooth/nTFa_3_nTFb_6/higgsCombine_paramFit_impacts_CMS_HWW_boosted_SR2b_mcstat_bin14.MultiDimFit.mH125.root
#	../../up_vetomap_smooth/nTFa_3_nTFb_6/higgsCombine_paramFit_impacts_CMS_HWW_boosted_SR2b_mcstat_bin15.MultiDimFit.mH125.root
#	../../up_vetomap_smooth/nTFa_3_nTFb_6/higgsCombine_paramFit_impacts_CMS_HWW_boosted_SR2b_mcstat_bin16.MultiDimFit.mH125.root
#	../../up_vetomap_smooth/nTFa_3_nTFb_6/higgsCombine_paramFit_impacts_CMS_HWW_boosted_SR2b_mcstat_bin17.MultiDimFit.mH125.root
#	../../up_vetomap_smooth/nTFa_3_nTFb_6/higgsCombine_paramFit_impacts_CMS_HWW_boosted_SR2b_mcstat_bin18.MultiDimFit.mH125.root
#	../../up_vetomap_smooth/nTFa_3_nTFb_6/higgsCombine_paramFit_impacts_CMS_HWW_boosted_SR2b_mcstat_bin19.MultiDimFit.mH125.root
#	../../up_vetomap_smooth/nTFa_3_nTFb_6/higgsCombine_paramFit_impacts_CMS_HWW_boosted_SR2b_mcstat_bin2.MultiDimFit.mH125.root
#	../../up_vetomap_smooth/nTFa_3_nTFb_6/higgsCombine_paramFit_impacts_CMS_HWW_boosted_SR2b_mcstat_bin3.MultiDimFit.mH125.root
#	../../up_vetomap_smooth/nTFa_3_nTFb_6/higgsCombine_paramFit_impacts_CMS_HWW_boosted_SR2b_mcstat_bin4.MultiDimFit.mH125.root
#	../../up_vetomap_smooth/nTFa_3_nTFb_6/higgsCombine_paramFit_impacts_CMS_HWW_boosted_SR2b_mcstat_bin5.MultiDimFit.mH125.root
#	../../up_vetomap_smooth/nTFa_3_nTFb_6/higgsCombine_paramFit_impacts_CMS_HWW_boosted_SR2b_mcstat_bin6.MultiDimFit.mH125.root
#	../../up_vetomap_smooth/nTFa_3_nTFb_6/higgsCombine_paramFit_impacts_CMS_HWW_boosted_SR2b_mcstat_bin7.MultiDimFit.mH125.root
#	../../up_vetomap_smooth/nTFa_3_nTFb_6/higgsCombine_paramFit_impacts_CMS_HWW_boosted_SR2b_mcstat_bin8.MultiDimFit.mH125.root
#	../../up_vetomap_smooth/nTFa_3_nTFb_6/higgsCombine_paramFit_impacts_CMS_HWW_boosted_SR2b_mcstat_bin9.MultiDimFit.mH125.root
#	../../up_vetomap_smooth/nTFa_3_nTFb_6/higgsCombine_paramFit_impacts_CMS_HWW_boosted_electron_veto.MultiDimFit.mH125.root
#	../../up_vetomap_smooth/nTFa_3_nTFb_6/higgsCombine_paramFit_impacts_CMS_HWW_boosted_jmr_2016.MultiDimFit.mH125.root
#	../../up_vetomap_smooth/nTFa_3_nTFb_6/higgsCombine_paramFit_impacts_CMS_HWW_boosted_jmr_2016APV.MultiDimFit.mH125.root
#	../../up_vetomap_smooth/nTFa_3_nTFb_6/higgsCombine_paramFit_impacts_CMS_HWW_boosted_jmr_2017.MultiDimFit.mH125.root
#	../../up_vetomap_smooth/nTFa_3_nTFb_6/higgsCombine_paramFit_impacts_CMS_HWW_boosted_jmr_2018.MultiDimFit.mH125.root
#	../../up_vetomap_smooth/nTFa_3_nTFb_6/higgsCombine_paramFit_impacts_CMS_HWW_boosted_jms_2016.MultiDimFit.mH125.root
#	../../up_vetomap_smooth/nTFa_3_nTFb_6/higgsCombine_paramFit_impacts_CMS_HWW_boosted_jms_2016APV.MultiDimFit.mH125.root
#	../../up_vetomap_smooth/nTFa_3_nTFb_6/higgsCombine_paramFit_impacts_CMS_HWW_boosted_jms_2017.MultiDimFit.mH125.root
#	../../up_vetomap_smooth/nTFa_3_nTFb_6/higgsCombine_paramFit_impacts_CMS_HWW_boosted_jms_2018.MultiDimFit.mH125.root
#	../../up_vetomap_smooth/nTFa_3_nTFb_6/higgsCombine_paramFit_impacts_CMS_HWW_boosted_lp_sf_region_a.MultiDimFit.mH125.root
#	../../up_vetomap_smooth/nTFa_3_nTFb_6/higgsCombine_paramFit_impacts_CMS_HWW_boosted_lp_sf_region_b.MultiDimFit.mH125.root
#	../../up_vetomap_smooth/nTFa_3_nTFb_6/higgsCombine_paramFit_impacts_CMS_HWW_boosted_muon_veto.MultiDimFit.mH125.root
#	../../up_vetomap_smooth/nTFa_3_nTFb_6/higgsCombine_paramFit_impacts_CMS_HWW_boosted_rest_bkg_rate.MultiDimFit.mH125.root
#	../../up_vetomap_smooth/nTFa_3_nTFb_6/higgsCombine_paramFit_impacts_CMS_HWW_boosted_single_top_rate.MultiDimFit.mH125.root
#	../../up_vetomap_smooth/nTFa_3_nTFb_6/higgsCombine_paramFit_impacts_CMS_HWW_boosted_tf_dataResidual_CR1_Bin0.MultiDimFit.mH125.root
#	../../up_vetomap_smooth/nTFa_3_nTFb_6/higgsCombine_paramFit_impacts_CMS_HWW_boosted_tf_dataResidual_CR1_Bin1.MultiDimFit.mH125.root
#	../../up_vetomap_smooth/nTFa_3_nTFb_6/higgsCombine_paramFit_impacts_CMS_HWW_boosted_tf_dataResidual_CR1_Bin10.MultiDimFit.mH125.root
#	../../up_vetomap_smooth/nTFa_3_nTFb_6/higgsCombine_paramFit_impacts_CMS_HWW_boosted_tf_dataResidual_CR1_Bin11.MultiDimFit.mH125.root
#	../../up_vetomap_smooth/nTFa_3_nTFb_6/higgsCombine_paramFit_impacts_CMS_HWW_boosted_tf_dataResidual_CR1_Bin12.MultiDimFit.mH125.root
#	../../up_vetomap_smooth/nTFa_3_nTFb_6/higgsCombine_paramFit_impacts_CMS_HWW_boosted_tf_dataResidual_CR1_Bin13.MultiDimFit.mH125.root
#	../../up_vetomap_smooth/nTFa_3_nTFb_6/higgsCombine_paramFit_impacts_CMS_HWW_boosted_tf_dataResidual_CR1_Bin14.MultiDimFit.mH125.root
#	../../up_vetomap_smooth/nTFa_3_nTFb_6/higgsCombine_paramFit_impacts_CMS_HWW_boosted_tf_dataResidual_CR1_Bin15.MultiDimFit.mH125.root
#	../../up_vetomap_smooth/nTFa_3_nTFb_6/higgsCombine_paramFit_impacts_CMS_HWW_boosted_tf_dataResidual_CR1_Bin16.MultiDimFit.mH125.root
#	../../up_vetomap_smooth/nTFa_3_nTFb_6/higgsCombine_paramFit_impacts_CMS_HWW_boosted_tf_dataResidual_CR1_Bin17.MultiDimFit.mH125.root
#	../../up_vetomap_smooth/nTFa_3_nTFb_6/higgsCombine_paramFit_impacts_CMS_HWW_boosted_tf_dataResidual_CR1_Bin18.MultiDimFit.mH125.root
#	../../up_vetomap_smooth/nTFa_3_nTFb_6/higgsCombine_paramFit_impacts_CMS_HWW_boosted_tf_dataResidual_CR1_Bin19.MultiDimFit.mH125.root
#	../../up_vetomap_smooth/nTFa_3_nTFb_6/higgsCombine_paramFit_impacts_CMS_HWW_boosted_tf_dataResidual_CR1_Bin2.MultiDimFit.mH125.root
#	../../up_vetomap_smooth/nTFa_3_nTFb_6/higgsCombine_paramFit_impacts_CMS_HWW_boosted_tf_dataResidual_CR1_Bin3.MultiDimFit.mH125.root
#	../../up_vetomap_smooth/nTFa_3_nTFb_6/higgsCombine_paramFit_impacts_CMS_HWW_boosted_tf_dataResidual_CR1_Bin4.MultiDimFit.mH125.root
#	../../up_vetomap_smooth/nTFa_3_nTFb_6/higgsCombine_paramFit_impacts_CMS_HWW_boosted_tf_dataResidual_CR1_Bin5.MultiDimFit.mH125.root
#	../../up_vetomap_smooth/nTFa_3_nTFb_6/higgsCombine_paramFit_impacts_CMS_HWW_boosted_tf_dataResidual_CR1_Bin6.MultiDimFit.mH125.root
#	../../up_vetomap_smooth/nTFa_3_nTFb_6/higgsCombine_paramFit_impacts_CMS_HWW_boosted_tf_dataResidual_CR1_Bin7.MultiDimFit.mH125.root
#	../../up_vetomap_smooth/nTFa_3_nTFb_6/higgsCombine_paramFit_impacts_CMS_HWW_boosted_tf_dataResidual_CR1_Bin8.MultiDimFit.mH125.root
#	../../up_vetomap_smooth/nTFa_3_nTFb_6/higgsCombine_paramFit_impacts_CMS_HWW_boosted_tf_dataResidual_CR1_Bin9.MultiDimFit.mH125.root
#	../../up_vetomap_smooth/nTFa_3_nTFb_6/higgsCombine_paramFit_impacts_CMS_HWW_boosted_tf_dataResidual_CR2_Bin0.MultiDimFit.mH125.root
#	../../up_vetomap_smooth/nTFa_3_nTFb_6/higgsCombine_paramFit_impacts_CMS_HWW_boosted_tf_dataResidual_CR2_Bin1.MultiDimFit.mH125.root
#	../../up_vetomap_smooth/nTFa_3_nTFb_6/higgsCombine_paramFit_impacts_CMS_HWW_boosted_tf_dataResidual_CR2_Bin10.MultiDimFit.mH125.root
#	../../up_vetomap_smooth/nTFa_3_nTFb_6/higgsCombine_paramFit_impacts_CMS_HWW_boosted_tf_dataResidual_CR2_Bin11.MultiDimFit.mH125.root
#	../../up_vetomap_smooth/nTFa_3_nTFb_6/higgsCombine_paramFit_impacts_CMS_HWW_boosted_tf_dataResidual_CR2_Bin12.MultiDimFit.mH125.root
#	../../up_vetomap_smooth/nTFa_3_nTFb_6/higgsCombine_paramFit_impacts_CMS_HWW_boosted_tf_dataResidual_CR2_Bin13.MultiDimFit.mH125.root
#	../../up_vetomap_smooth/nTFa_3_nTFb_6/higgsCombine_paramFit_impacts_CMS_HWW_boosted_tf_dataResidual_CR2_Bin14.MultiDimFit.mH125.root
#	../../up_vetomap_smooth/nTFa_3_nTFb_6/higgsCombine_paramFit_impacts_CMS_HWW_boosted_tf_dataResidual_CR2_Bin15.MultiDimFit.mH125.root
#	../../up_vetomap_smooth/nTFa_3_nTFb_6/higgsCombine_paramFit_impacts_CMS_HWW_boosted_tf_dataResidual_CR2_Bin16.MultiDimFit.mH125.root
#	../../up_vetomap_smooth/nTFa_3_nTFb_6/higgsCombine_paramFit_impacts_CMS_HWW_boosted_tf_dataResidual_CR2_Bin17.MultiDimFit.mH125.root
#	../../up_vetomap_smooth/nTFa_3_nTFb_6/higgsCombine_paramFit_impacts_CMS_HWW_boosted_tf_dataResidual_CR2_Bin18.MultiDimFit.mH125.root
#	../../up_vetomap_smooth/nTFa_3_nTFb_6/higgsCombine_paramFit_impacts_CMS_HWW_boosted_tf_dataResidual_CR2_Bin19.MultiDimFit.mH125.root
#	../../up_vetomap_smooth/nTFa_3_nTFb_6/higgsCombine_paramFit_impacts_CMS_HWW_boosted_tf_dataResidual_CR2_Bin2.MultiDimFit.mH125.root
#	../../up_vetomap_smooth/nTFa_3_nTFb_6/higgsCombine_paramFit_impacts_CMS_HWW_boosted_tf_dataResidual_CR2_Bin3.MultiDimFit.mH125.root
#	../../up_vetomap_smooth/nTFa_3_nTFb_6/higgsCombine_paramFit_impacts_CMS_HWW_boosted_tf_dataResidual_CR2_Bin4.MultiDimFit.mH125.root
#	../../up_vetomap_smooth/nTFa_3_nTFb_6/higgsCombine_paramFit_impacts_CMS_HWW_boosted_tf_dataResidual_CR2_Bin5.MultiDimFit.mH125.root
#	../../up_vetomap_smooth/nTFa_3_nTFb_6/higgsCombine_paramFit_impacts_CMS_HWW_boosted_tf_dataResidual_CR2_Bin6.MultiDimFit.mH125.root
#	../../up_vetomap_smooth/nTFa_3_nTFb_6/higgsCombine_paramFit_impacts_CMS_HWW_boosted_tf_dataResidual_CR2_Bin7.MultiDimFit.mH125.root
#	../../up_vetomap_smooth/nTFa_3_nTFb_6/higgsCombine_paramFit_impacts_CMS_HWW_boosted_tf_dataResidual_CR2_Bin8.MultiDimFit.mH125.root
#	../../up_vetomap_smooth/nTFa_3_nTFb_6/higgsCombine_paramFit_impacts_CMS_HWW_boosted_tf_dataResidual_CR2_Bin9.MultiDimFit.mH125.root
#	../../up_vetomap_smooth/nTFa_3_nTFb_6/higgsCombine_paramFit_impacts_CMS_HWW_boosted_tf_dataResidual_a_MH_Reco_par0.MultiDimFit.mH125.root
#	../../up_vetomap_smooth/nTFa_3_nTFb_6/higgsCombine_paramFit_impacts_CMS_HWW_boosted_tf_dataResidual_a_MH_Reco_par1.MultiDimFit.mH125.root
#	../../up_vetomap_smooth/nTFa_3_nTFb_6/higgsCombine_paramFit_impacts_CMS_HWW_boosted_tf_dataResidual_a_MH_Reco_par2.MultiDimFit.mH125.root
#	../../up_vetomap_smooth/nTFa_3_nTFb_6/higgsCombine_paramFit_impacts_CMS_HWW_boosted_tf_dataResidual_a_MH_Reco_par3.MultiDimFit.mH125.root
#	../../up_vetomap_smooth/nTFa_3_nTFb_6/higgsCombine_paramFit_impacts_CMS_HWW_boosted_tf_dataResidual_b_MH_Reco_par0.MultiDimFit.mH125.root
#	../../up_vetomap_smooth/nTFa_3_nTFb_6/higgsCombine_paramFit_impacts_CMS_HWW_boosted_tf_dataResidual_b_MH_Reco_par1.MultiDimFit.mH125.root
#	../../up_vetomap_smooth/nTFa_3_nTFb_6/higgsCombine_paramFit_impacts_CMS_HWW_boosted_tf_dataResidual_b_MH_Reco_par2.MultiDimFit.mH125.root
#	../../up_vetomap_smooth/nTFa_3_nTFb_6/higgsCombine_paramFit_impacts_CMS_HWW_boosted_tf_dataResidual_b_MH_Reco_par3.MultiDimFit.mH125.root
#	../../up_vetomap_smooth/nTFa_3_nTFb_6/higgsCombine_paramFit_impacts_CMS_HWW_boosted_tf_dataResidual_b_MH_Reco_par4.MultiDimFit.mH125.root
#	../../up_vetomap_smooth/nTFa_3_nTFb_6/higgsCombine_paramFit_impacts_CMS_HWW_boosted_tf_dataResidual_b_MH_Reco_par5.MultiDimFit.mH125.root
#	../../up_vetomap_smooth/nTFa_3_nTFb_6/higgsCombine_paramFit_impacts_CMS_HWW_boosted_tf_dataResidual_b_MH_Reco_par6.MultiDimFit.mH125.root
#	../../up_vetomap_smooth/nTFa_3_nTFb_6/higgsCombine_paramFit_impacts_CMS_HWW_boosted_triggerEffSF_uncorrelated.MultiDimFit.mH125.root
#	../../up_vetomap_smooth/nTFa_3_nTFb_6/higgsCombine_paramFit_impacts_CMS_HWW_boosted_ttbar_rate.MultiDimFit.mH125.root
#	../../up_vetomap_smooth/nTFa_3_nTFb_6/higgsCombine_paramFit_impacts_CMS_HWW_boosted_wjets_rate.MultiDimFit.mH125.root
#	../../up_vetomap_smooth/nTFa_3_nTFb_6/higgsCombine_paramFit_impacts_CMS_l1_ecal_prefiring_2016.MultiDimFit.mH125.root
#	../../up_vetomap_smooth/nTFa_3_nTFb_6/higgsCombine_paramFit_impacts_CMS_l1_ecal_prefiring_2016APV.MultiDimFit.mH125.root
#	../../up_vetomap_smooth/nTFa_3_nTFb_6/higgsCombine_paramFit_impacts_CMS_l1_ecal_prefiring_2017.MultiDimFit.mH125.root
#	../../up_vetomap_smooth/nTFa_3_nTFb_6/higgsCombine_paramFit_impacts_CMS_pileup_2016.MultiDimFit.mH125.root
#	../../up_vetomap_smooth/nTFa_3_nTFb_6/higgsCombine_paramFit_impacts_CMS_pileup_2016APV.MultiDimFit.mH125.root
#	../../up_vetomap_smooth/nTFa_3_nTFb_6/higgsCombine_paramFit_impacts_CMS_pileup_2017.MultiDimFit.mH125.root
#	../../up_vetomap_smooth/nTFa_3_nTFb_6/higgsCombine_paramFit_impacts_CMS_pileup_2018.MultiDimFit.mH125.root
#	../../up_vetomap_smooth/nTFa_3_nTFb_6/higgsCombine_paramFit_impacts_CMS_res_j_2016.MultiDimFit.mH125.root
#	../../up_vetomap_smooth/nTFa_3_nTFb_6/higgsCombine_paramFit_impacts_CMS_res_j_2016APV.MultiDimFit.mH125.root
#	../../up_vetomap_smooth/nTFa_3_nTFb_6/higgsCombine_paramFit_impacts_CMS_res_j_2017.MultiDimFit.mH125.root
#	../../up_vetomap_smooth/nTFa_3_nTFb_6/higgsCombine_paramFit_impacts_CMS_res_j_2018.MultiDimFit.mH125.root
#	../../up_vetomap_smooth/nTFa_3_nTFb_6/higgsCombine_paramFit_impacts_CMS_scale_j_Abs.MultiDimFit.mH125.root
#	../../up_vetomap_smooth/nTFa_3_nTFb_6/higgsCombine_paramFit_impacts_CMS_scale_j_Abs_2016.MultiDimFit.mH125.root
#	../../up_vetomap_smooth/nTFa_3_nTFb_6/higgsCombine_paramFit_impacts_CMS_scale_j_Abs_2016APV.MultiDimFit.mH125.root
#	../../up_vetomap_smooth/nTFa_3_nTFb_6/higgsCombine_paramFit_impacts_CMS_scale_j_Abs_2017.MultiDimFit.mH125.root
#	../../up_vetomap_smooth/nTFa_3_nTFb_6/higgsCombine_paramFit_impacts_CMS_scale_j_Abs_2018.MultiDimFit.mH125.root
#	../../up_vetomap_smooth/nTFa_3_nTFb_6/higgsCombine_paramFit_impacts_CMS_scale_j_BBEC1.MultiDimFit.mH125.root
#	../../up_vetomap_smooth/nTFa_3_nTFb_6/higgsCombine_paramFit_impacts_CMS_scale_j_BBEC1_2016.MultiDimFit.mH125.root
#	../../up_vetomap_smooth/nTFa_3_nTFb_6/higgsCombine_paramFit_impacts_CMS_scale_j_BBEC1_2016APV.MultiDimFit.mH125.root
#	../../up_vetomap_smooth/nTFa_3_nTFb_6/higgsCombine_paramFit_impacts_CMS_scale_j_BBEC1_2017.MultiDimFit.mH125.root
#	../../up_vetomap_smooth/nTFa_3_nTFb_6/higgsCombine_paramFit_impacts_CMS_scale_j_BBEC1_2018.MultiDimFit.mH125.root
#	../../up_vetomap_smooth/nTFa_3_nTFb_6/higgsCombine_paramFit_impacts_CMS_scale_j_EC2.MultiDimFit.mH125.root
#	../../up_vetomap_smooth/nTFa_3_nTFb_6/higgsCombine_paramFit_impacts_CMS_scale_j_EC2_2016.MultiDimFit.mH125.root
#	../../up_vetomap_smooth/nTFa_3_nTFb_6/higgsCombine_paramFit_impacts_CMS_scale_j_EC2_2016APV.MultiDimFit.mH125.root
#	../../up_vetomap_smooth/nTFa_3_nTFb_6/higgsCombine_paramFit_impacts_CMS_scale_j_EC2_2017.MultiDimFit.mH125.root
#	../../up_vetomap_smooth/nTFa_3_nTFb_6/higgsCombine_paramFit_impacts_CMS_scale_j_EC2_2018.MultiDimFit.mH125.root
#	../../up_vetomap_smooth/nTFa_3_nTFb_6/higgsCombine_paramFit_impacts_CMS_scale_j_FlavQCD.MultiDimFit.mH125.root
#	../../up_vetomap_smooth/nTFa_3_nTFb_6/higgsCombine_paramFit_impacts_CMS_scale_j_HF.MultiDimFit.mH125.root
#	../../up_vetomap_smooth/nTFa_3_nTFb_6/higgsCombine_paramFit_impacts_CMS_scale_j_HF_2016.MultiDimFit.mH125.root
#	../../up_vetomap_smooth/nTFa_3_nTFb_6/higgsCombine_paramFit_impacts_CMS_scale_j_HF_2016APV.MultiDimFit.mH125.root
#	../../up_vetomap_smooth/nTFa_3_nTFb_6/higgsCombine_paramFit_impacts_CMS_scale_j_HF_2017.MultiDimFit.mH125.root
#	../../up_vetomap_smooth/nTFa_3_nTFb_6/higgsCombine_paramFit_impacts_CMS_scale_j_HF_2018.MultiDimFit.mH125.root
#	../../up_vetomap_smooth/nTFa_3_nTFb_6/higgsCombine_paramFit_impacts_CMS_scale_j_RelBal.MultiDimFit.mH125.root
#	../../up_vetomap_smooth/nTFa_3_nTFb_6/higgsCombine_paramFit_impacts_CMS_scale_j_RelSample_2016.MultiDimFit.mH125.root
#	../../up_vetomap_smooth/nTFa_3_nTFb_6/higgsCombine_paramFit_impacts_CMS_scale_j_RelSample_2016APV.MultiDimFit.mH125.root
#	../../up_vetomap_smooth/nTFa_3_nTFb_6/higgsCombine_paramFit_impacts_CMS_scale_j_RelSample_2017.MultiDimFit.mH125.root
#	../../up_vetomap_smooth/nTFa_3_nTFb_6/higgsCombine_paramFit_impacts_CMS_scale_j_RelSample_2018.MultiDimFit.mH125.root
#	../../up_vetomap_smooth/nTFa_3_nTFb_6/higgsCombine_paramFit_impacts_PDF_WH_ACCEPT_CMS_HWW_boosted.MultiDimFit.mH125.root
#	../../up_vetomap_smooth/nTFa_3_nTFb_6/higgsCombine_paramFit_impacts_PDF_ZH_ACCEPT_CMS_HWW_boosted.MultiDimFit.mH125.root
#	../../up_vetomap_smooth/nTFa_3_nTFb_6/higgsCombine_paramFit_impacts_PDF_ggH_ACCEPT_CMS_HWW_boosted.MultiDimFit.mH125.root
#	../../up_vetomap_smooth/nTFa_3_nTFb_6/higgsCombine_paramFit_impacts_PDF_qqH_ACCEPT_CMS_HWW_boosted.MultiDimFit.mH125.root
#	../../up_vetomap_smooth/nTFa_3_nTFb_6/higgsCombine_paramFit_impacts_PDF_single_top_ACCEPT_CMS_HWW_boosted.MultiDimFit.mH125.root
#	../../up_vetomap_smooth/nTFa_3_nTFb_6/higgsCombine_paramFit_impacts_PDF_ttH_ACCEPT_CMS_HWW_boosted.MultiDimFit.mH125.root
#	../../up_vetomap_smooth/nTFa_3_nTFb_6/higgsCombine_paramFit_impacts_PDF_ttbar_ACCEPT_CMS_HWW_boosted.MultiDimFit.mH125.root
#	../../up_vetomap_smooth/nTFa_3_nTFb_6/higgsCombine_paramFit_impacts_PDF_wjets_ACCEPT_CMS_HWW_boosted.MultiDimFit.mH125.root
#	../../up_vetomap_smooth/nTFa_3_nTFb_6/higgsCombine_paramFit_impacts_QCDscale_WH.MultiDimFit.mH125.root
#	../../up_vetomap_smooth/nTFa_3_nTFb_6/higgsCombine_paramFit_impacts_QCDscale_WH_ACCEPT_CMS_HWW_boosted.MultiDimFit.mH125.root
#	../../up_vetomap_smooth/nTFa_3_nTFb_6/higgsCombine_paramFit_impacts_QCDscale_ZH.MultiDimFit.mH125.root
#	../../up_vetomap_smooth/nTFa_3_nTFb_6/higgsCombine_paramFit_impacts_QCDscale_ZH_ACCEPT_CMS_HWW_boosted.MultiDimFit.mH125.root
#	../../up_vetomap_smooth/nTFa_3_nTFb_6/higgsCombine_paramFit_impacts_QCDscale_ggH.MultiDimFit.mH125.root
#	../../up_vetomap_smooth/nTFa_3_nTFb_6/higgsCombine_paramFit_impacts_QCDscale_ggH_ACCEPT_CMS_HWW_boosted.MultiDimFit.mH125.root
#	../../up_vetomap_smooth/nTFa_3_nTFb_6/higgsCombine_paramFit_impacts_QCDscale_qqH.MultiDimFit.mH125.root
#	../../up_vetomap_smooth/nTFa_3_nTFb_6/higgsCombine_paramFit_impacts_QCDscale_qqH_ACCEPT_CMS_HWW_boosted.MultiDimFit.mH125.root
#	../../up_vetomap_smooth/nTFa_3_nTFb_6/higgsCombine_paramFit_impacts_QCDscale_rest_bkg.MultiDimFit.mH125.root
#	../../up_vetomap_smooth/nTFa_3_nTFb_6/higgsCombine_paramFit_impacts_QCDscale_single_top.MultiDimFit.mH125.root
#	../../up_vetomap_smooth/nTFa_3_nTFb_6/higgsCombine_paramFit_impacts_QCDscale_single_top_ACCEPT_CMS_HWW_boosted.MultiDimFit.mH125.root
#	../../up_vetomap_smooth/nTFa_3_nTFb_6/higgsCombine_paramFit_impacts_QCDscale_ttH.MultiDimFit.mH125.root
#	../../up_vetomap_smooth/nTFa_3_nTFb_6/higgsCombine_paramFit_impacts_QCDscale_ttH_ACCEPT_CMS_HWW_boosted.MultiDimFit.mH125.root
#	../../up_vetomap_smooth/nTFa_3_nTFb_6/higgsCombine_paramFit_impacts_QCDscale_ttbar.MultiDimFit.mH125.root
#	../../up_vetomap_smooth/nTFa_3_nTFb_6/higgsCombine_paramFit_impacts_QCDscale_ttbar_ACCEPT_CMS_HWW_boosted.MultiDimFit.mH125.root
#	../../up_vetomap_smooth/nTFa_3_nTFb_6/higgsCombine_paramFit_impacts_QCDscale_wjets.MultiDimFit.mH125.root
#	../../up_vetomap_smooth/nTFa_3_nTFb_6/higgsCombine_paramFit_impacts_QCDscale_wjets_ACCEPT_CMS_HWW_boosted.MultiDimFit.mH125.root
#	../../up_vetomap_smooth/nTFa_3_nTFb_6/higgsCombine_paramFit_impacts_alpha_s.MultiDimFit.mH125.root
#	../../up_vetomap_smooth/nTFa_3_nTFb_6/higgsCombine_paramFit_impacts_lumi_13TeV_1718.MultiDimFit.mH125.root
#	../../up_vetomap_smooth/nTFa_3_nTFb_6/higgsCombine_paramFit_impacts_lumi_13TeV_2016.MultiDimFit.mH125.root
#	../../up_vetomap_smooth/nTFa_3_nTFb_6/higgsCombine_paramFit_impacts_lumi_13TeV_2017.MultiDimFit.mH125.root
#	../../up_vetomap_smooth/nTFa_3_nTFb_6/higgsCombine_paramFit_impacts_lumi_13TeV_2018.MultiDimFit.mH125.root
#	../../up_vetomap_smooth/nTFa_3_nTFb_6/higgsCombine_paramFit_impacts_lumi_13TeV_correlated.MultiDimFit.mH125.root
#	../../up_vetomap_smooth/nTFa_3_nTFb_6/higgsCombine_paramFit_impacts_pdf_Higgs_WH.MultiDimFit.mH125.root
#	../../up_vetomap_smooth/nTFa_3_nTFb_6/higgsCombine_paramFit_impacts_pdf_Higgs_ZH.MultiDimFit.mH125.root
#	../../up_vetomap_smooth/nTFa_3_nTFb_6/higgsCombine_paramFit_impacts_pdf_Higgs_ggH.MultiDimFit.mH125.root
#	../../up_vetomap_smooth/nTFa_3_nTFb_6/higgsCombine_paramFit_impacts_pdf_Higgs_qqH.MultiDimFit.mH125.root
#	../../up_vetomap_smooth/nTFa_3_nTFb_6/higgsCombine_paramFit_impacts_pdf_Higgs_ttH.MultiDimFit.mH125.root
#	../../up_vetomap_smooth/nTFa_3_nTFb_6/higgsCombine_paramFit_impacts_pdf_rest_bkg.MultiDimFit.mH125.root
#	../../up_vetomap_smooth/nTFa_3_nTFb_6/higgsCombine_paramFit_impacts_pdf_single_top.MultiDimFit.mH125.root
#	../../up_vetomap_smooth/nTFa_3_nTFb_6/higgsCombine_paramFit_impacts_pdf_ttbar.MultiDimFit.mH125.root
#	../../up_vetomap_smooth/nTFa_3_nTFb_6/higgsCombine_paramFit_impacts_pdf_wjets.MultiDimFit.mH125.root
#	../../up_vetomap_smooth/nTFa_3_nTFb_6/higgsCombine_paramFit_impacts_ps_fsr_WH.MultiDimFit.mH125.root
#	../../up_vetomap_smooth/nTFa_3_nTFb_6/higgsCombine_paramFit_impacts_ps_fsr_ZH.MultiDimFit.mH125.root
#	../../up_vetomap_smooth/nTFa_3_nTFb_6/higgsCombine_paramFit_impacts_ps_fsr_ggH.MultiDimFit.mH125.root
#	../../up_vetomap_smooth/nTFa_3_nTFb_6/higgsCombine_paramFit_impacts_ps_fsr_qqH.MultiDimFit.mH125.root
#	../../up_vetomap_smooth/nTFa_3_nTFb_6/higgsCombine_paramFit_impacts_ps_fsr_rest_bkg.MultiDimFit.mH125.root
#	../../up_vetomap_smooth/nTFa_3_nTFb_6/higgsCombine_paramFit_impacts_ps_fsr_single_top.MultiDimFit.mH125.root
#	../../up_vetomap_smooth/nTFa_3_nTFb_6/higgsCombine_paramFit_impacts_ps_fsr_ttH.MultiDimFit.mH125.root
#	../../up_vetomap_smooth/nTFa_3_nTFb_6/higgsCombine_paramFit_impacts_ps_fsr_ttbar.MultiDimFit.mH125.root
#	../../up_vetomap_smooth/nTFa_3_nTFb_6/higgsCombine_paramFit_impacts_ps_fsr_wjets.MultiDimFit.mH125.root
#	../../up_vetomap_smooth/nTFa_3_nTFb_6/higgsCombine_paramFit_impacts_ps_isr_WH.MultiDimFit.mH125.root
#	../../up_vetomap_smooth/nTFa_3_nTFb_6/higgsCombine_paramFit_impacts_ps_isr_ZH.MultiDimFit.mH125.root
#	../../up_vetomap_smooth/nTFa_3_nTFb_6/higgsCombine_paramFit_impacts_ps_isr_ggH.MultiDimFit.mH125.root
#	../../up_vetomap_smooth/nTFa_3_nTFb_6/higgsCombine_paramFit_impacts_ps_isr_qqH.MultiDimFit.mH125.root
#	../../up_vetomap_smooth/nTFa_3_nTFb_6/higgsCombine_paramFit_impacts_ps_isr_rest_bkg.MultiDimFit.mH125.root
#	../../up_vetomap_smooth/nTFa_3_nTFb_6/higgsCombine_paramFit_impacts_ps_isr_single_top.MultiDimFit.mH125.root
#	../../up_vetomap_smooth/nTFa_3_nTFb_6/higgsCombine_paramFit_impacts_ps_isr_ttH.MultiDimFit.mH125.root
#	../../up_vetomap_smooth/nTFa_3_nTFb_6/higgsCombine_paramFit_impacts_ps_isr_ttbar.MultiDimFit.mH125.root
#	../../up_vetomap_smooth/nTFa_3_nTFb_6/higgsCombine_paramFit_impacts_ps_isr_wjets.MultiDimFit.mH125.root
#	../../up_vetomap_smooth/nTFa_3_nTFb_6/higgsCombine_paramFit_impacts_unclustered_Energy.MultiDimFit.mH125.root
#	../../up_vetomap_smooth/nTFa_3_nTFb_6/impacts.json
#	../../up_vetomap_smooth/nTFa_3_nTFb_6/outs/Impacts_BR_hww.txt
#	../../up_vetomap_smooth/nTFa_3_nTFb_6/outs/Impacts_CMS_HWW_boosted_CR1_mcstat_bin0.txt
#	../../up_vetomap_smooth/nTFa_3_nTFb_6/outs/Impacts_CMS_HWW_boosted_CR1_mcstat_bin1.txt
#	../../up_vetomap_smooth/nTFa_3_nTFb_6/outs/Impacts_CMS_HWW_boosted_CR1_mcstat_bin10.txt
#	../../up_vetomap_smooth/nTFa_3_nTFb_6/outs/Impacts_CMS_HWW_boosted_CR1_mcstat_bin11.txt
#	../../up_vetomap_smooth/nTFa_3_nTFb_6/outs/Impacts_CMS_HWW_boosted_CR1_mcstat_bin12.txt
#	../../up_vetomap_smooth/nTFa_3_nTFb_6/outs/Impacts_CMS_HWW_boosted_CR1_mcstat_bin13.txt
#	../../up_vetomap_smooth/nTFa_3_nTFb_6/outs/Impacts_CMS_HWW_boosted_CR1_mcstat_bin14.txt
#	../../up_vetomap_smooth/nTFa_3_nTFb_6/outs/Impacts_CMS_HWW_boosted_CR1_mcstat_bin15.txt
#	../../up_vetomap_smooth/nTFa_3_nTFb_6/outs/Impacts_CMS_HWW_boosted_CR1_mcstat_bin16.txt
#	../../up_vetomap_smooth/nTFa_3_nTFb_6/outs/Impacts_CMS_HWW_boosted_CR1_mcstat_bin17.txt
#	../../up_vetomap_smooth/nTFa_3_nTFb_6/outs/Impacts_CMS_HWW_boosted_CR1_mcstat_bin18.txt
#	../../up_vetomap_smooth/nTFa_3_nTFb_6/outs/Impacts_CMS_HWW_boosted_CR1_mcstat_bin19.txt
#	../../up_vetomap_smooth/nTFa_3_nTFb_6/outs/Impacts_CMS_HWW_boosted_CR1_mcstat_bin2.txt
#	../../up_vetomap_smooth/nTFa_3_nTFb_6/outs/Impacts_CMS_HWW_boosted_CR1_mcstat_bin3.txt
#	../../up_vetomap_smooth/nTFa_3_nTFb_6/outs/Impacts_CMS_HWW_boosted_CR1_mcstat_bin4.txt
#	../../up_vetomap_smooth/nTFa_3_nTFb_6/outs/Impacts_CMS_HWW_boosted_CR1_mcstat_bin5.txt
#	../../up_vetomap_smooth/nTFa_3_nTFb_6/outs/Impacts_CMS_HWW_boosted_CR1_mcstat_bin6.txt
#	../../up_vetomap_smooth/nTFa_3_nTFb_6/outs/Impacts_CMS_HWW_boosted_CR1_mcstat_bin7.txt
#	../../up_vetomap_smooth/nTFa_3_nTFb_6/outs/Impacts_CMS_HWW_boosted_CR1_mcstat_bin8.txt
#	../../up_vetomap_smooth/nTFa_3_nTFb_6/outs/Impacts_CMS_HWW_boosted_CR1_mcstat_bin9.txt
#	../../up_vetomap_smooth/nTFa_3_nTFb_6/outs/Impacts_CMS_HWW_boosted_CR2_mcstat_bin0.txt
#	../../up_vetomap_smooth/nTFa_3_nTFb_6/outs/Impacts_CMS_HWW_boosted_CR2_mcstat_bin1.txt
#	../../up_vetomap_smooth/nTFa_3_nTFb_6/outs/Impacts_CMS_HWW_boosted_CR2_mcstat_bin10.txt
#	../../up_vetomap_smooth/nTFa_3_nTFb_6/outs/Impacts_CMS_HWW_boosted_CR2_mcstat_bin11.txt
#	../../up_vetomap_smooth/nTFa_3_nTFb_6/outs/Impacts_CMS_HWW_boosted_CR2_mcstat_bin12.txt
#	../../up_vetomap_smooth/nTFa_3_nTFb_6/outs/Impacts_CMS_HWW_boosted_CR2_mcstat_bin13.txt
#	../../up_vetomap_smooth/nTFa_3_nTFb_6/outs/Impacts_CMS_HWW_boosted_CR2_mcstat_bin14.txt
#	../../up_vetomap_smooth/nTFa_3_nTFb_6/outs/Impacts_CMS_HWW_boosted_CR2_mcstat_bin15.txt
#	../../up_vetomap_smooth/nTFa_3_nTFb_6/outs/Impacts_CMS_HWW_boosted_CR2_mcstat_bin16.txt
#	../../up_vetomap_smooth/nTFa_3_nTFb_6/outs/Impacts_CMS_HWW_boosted_CR2_mcstat_bin17.txt
#	../../up_vetomap_smooth/nTFa_3_nTFb_6/outs/Impacts_CMS_HWW_boosted_CR2_mcstat_bin18.txt
#	../../up_vetomap_smooth/nTFa_3_nTFb_6/outs/Impacts_CMS_HWW_boosted_CR2_mcstat_bin19.txt
#	../../up_vetomap_smooth/nTFa_3_nTFb_6/outs/Impacts_CMS_HWW_boosted_CR2_mcstat_bin2.txt
#	../../up_vetomap_smooth/nTFa_3_nTFb_6/outs/Impacts_CMS_HWW_boosted_CR2_mcstat_bin3.txt
#	../../up_vetomap_smooth/nTFa_3_nTFb_6/outs/Impacts_CMS_HWW_boosted_CR2_mcstat_bin4.txt
#	../../up_vetomap_smooth/nTFa_3_nTFb_6/outs/Impacts_CMS_HWW_boosted_CR2_mcstat_bin5.txt
#	../../up_vetomap_smooth/nTFa_3_nTFb_6/outs/Impacts_CMS_HWW_boosted_CR2_mcstat_bin6.txt
#	../../up_vetomap_smooth/nTFa_3_nTFb_6/outs/Impacts_CMS_HWW_boosted_CR2_mcstat_bin7.txt
#	../../up_vetomap_smooth/nTFa_3_nTFb_6/outs/Impacts_CMS_HWW_boosted_CR2_mcstat_bin8.txt
#	../../up_vetomap_smooth/nTFa_3_nTFb_6/outs/Impacts_CMS_HWW_boosted_CR2_mcstat_bin9.txt
#	../../up_vetomap_smooth/nTFa_3_nTFb_6/outs/Impacts_CMS_HWW_boosted_SR1a_mcstat_bin0.txt
#	../../up_vetomap_smooth/nTFa_3_nTFb_6/outs/Impacts_CMS_HWW_boosted_SR1a_mcstat_bin1.txt
#	../../up_vetomap_smooth/nTFa_3_nTFb_6/outs/Impacts_CMS_HWW_boosted_SR1a_mcstat_bin10.txt
#	../../up_vetomap_smooth/nTFa_3_nTFb_6/outs/Impacts_CMS_HWW_boosted_SR1a_mcstat_bin11.txt
#	../../up_vetomap_smooth/nTFa_3_nTFb_6/outs/Impacts_CMS_HWW_boosted_SR1a_mcstat_bin12.txt
#	../../up_vetomap_smooth/nTFa_3_nTFb_6/outs/Impacts_CMS_HWW_boosted_SR1a_mcstat_bin13.txt
#	../../up_vetomap_smooth/nTFa_3_nTFb_6/outs/Impacts_CMS_HWW_boosted_SR1a_mcstat_bin14.txt
#	../../up_vetomap_smooth/nTFa_3_nTFb_6/outs/Impacts_CMS_HWW_boosted_SR1a_mcstat_bin15.txt
#	../../up_vetomap_smooth/nTFa_3_nTFb_6/outs/Impacts_CMS_HWW_boosted_SR1a_mcstat_bin16.txt
#	../../up_vetomap_smooth/nTFa_3_nTFb_6/outs/Impacts_CMS_HWW_boosted_SR1a_mcstat_bin17.txt
#	../../up_vetomap_smooth/nTFa_3_nTFb_6/outs/Impacts_CMS_HWW_boosted_SR1a_mcstat_bin18.txt
#	../../up_vetomap_smooth/nTFa_3_nTFb_6/outs/Impacts_CMS_HWW_boosted_SR1a_mcstat_bin19.txt
#	../../up_vetomap_smooth/nTFa_3_nTFb_6/outs/Impacts_CMS_HWW_boosted_SR1a_mcstat_bin2.txt
#	../../up_vetomap_smooth/nTFa_3_nTFb_6/outs/Impacts_CMS_HWW_boosted_SR1a_mcstat_bin3.txt
#	../../up_vetomap_smooth/nTFa_3_nTFb_6/outs/Impacts_CMS_HWW_boosted_SR1a_mcstat_bin4.txt
#	../../up_vetomap_smooth/nTFa_3_nTFb_6/outs/Impacts_CMS_HWW_boosted_SR1a_mcstat_bin5.txt
#	../../up_vetomap_smooth/nTFa_3_nTFb_6/outs/Impacts_CMS_HWW_boosted_SR1a_mcstat_bin6.txt
#	../../up_vetomap_smooth/nTFa_3_nTFb_6/outs/Impacts_CMS_HWW_boosted_SR1a_mcstat_bin7.txt
#	../../up_vetomap_smooth/nTFa_3_nTFb_6/outs/Impacts_CMS_HWW_boosted_SR1a_mcstat_bin8.txt
#	../../up_vetomap_smooth/nTFa_3_nTFb_6/outs/Impacts_CMS_HWW_boosted_SR1a_mcstat_bin9.txt
#	../../up_vetomap_smooth/nTFa_3_nTFb_6/outs/Impacts_CMS_HWW_boosted_SR1b_mcstat_bin0.txt
#	../../up_vetomap_smooth/nTFa_3_nTFb_6/outs/Impacts_CMS_HWW_boosted_SR1b_mcstat_bin1.txt
#	../../up_vetomap_smooth/nTFa_3_nTFb_6/outs/Impacts_CMS_HWW_boosted_SR1b_mcstat_bin10.txt
#	../../up_vetomap_smooth/nTFa_3_nTFb_6/outs/Impacts_CMS_HWW_boosted_SR1b_mcstat_bin11.txt
#	../../up_vetomap_smooth/nTFa_3_nTFb_6/outs/Impacts_CMS_HWW_boosted_SR1b_mcstat_bin12.txt
#	../../up_vetomap_smooth/nTFa_3_nTFb_6/outs/Impacts_CMS_HWW_boosted_SR1b_mcstat_bin13.txt
#	../../up_vetomap_smooth/nTFa_3_nTFb_6/outs/Impacts_CMS_HWW_boosted_SR1b_mcstat_bin14.txt
#	../../up_vetomap_smooth/nTFa_3_nTFb_6/outs/Impacts_CMS_HWW_boosted_SR1b_mcstat_bin15.txt
#	../../up_vetomap_smooth/nTFa_3_nTFb_6/outs/Impacts_CMS_HWW_boosted_SR1b_mcstat_bin16.txt
#	../../up_vetomap_smooth/nTFa_3_nTFb_6/outs/Impacts_CMS_HWW_boosted_SR1b_mcstat_bin17.txt
#	../../up_vetomap_smooth/nTFa_3_nTFb_6/outs/Impacts_CMS_HWW_boosted_SR1b_mcstat_bin18.txt
#	../../up_vetomap_smooth/nTFa_3_nTFb_6/outs/Impacts_CMS_HWW_boosted_SR1b_mcstat_bin19.txt
#	../../up_vetomap_smooth/nTFa_3_nTFb_6/outs/Impacts_CMS_HWW_boosted_SR1b_mcstat_bin2.txt
#	../../up_vetomap_smooth/nTFa_3_nTFb_6/outs/Impacts_CMS_HWW_boosted_SR1b_mcstat_bin3.txt
#	../../up_vetomap_smooth/nTFa_3_nTFb_6/outs/Impacts_CMS_HWW_boosted_SR1b_mcstat_bin4.txt
#	../../up_vetomap_smooth/nTFa_3_nTFb_6/outs/Impacts_CMS_HWW_boosted_SR1b_mcstat_bin5.txt
#	../../up_vetomap_smooth/nTFa_3_nTFb_6/outs/Impacts_CMS_HWW_boosted_SR1b_mcstat_bin6.txt
#	../../up_vetomap_smooth/nTFa_3_nTFb_6/outs/Impacts_CMS_HWW_boosted_SR1b_mcstat_bin7.txt
#	../../up_vetomap_smooth/nTFa_3_nTFb_6/outs/Impacts_CMS_HWW_boosted_SR1b_mcstat_bin8.txt
#	../../up_vetomap_smooth/nTFa_3_nTFb_6/outs/Impacts_CMS_HWW_boosted_SR1b_mcstat_bin9.txt
#	../../up_vetomap_smooth/nTFa_3_nTFb_6/outs/Impacts_CMS_HWW_boosted_SR2a_WH_hww_mcstat_bin0.txt
#	../../up_vetomap_smooth/nTFa_3_nTFb_6/outs/Impacts_CMS_HWW_boosted_SR2a_WH_hww_mcstat_bin1.txt
#	../../up_vetomap_smooth/nTFa_3_nTFb_6/outs/Impacts_CMS_HWW_boosted_SR2a_WH_hww_mcstat_bin18.txt
#	../../up_vetomap_smooth/nTFa_3_nTFb_6/outs/Impacts_CMS_HWW_boosted_SR2a_WH_hww_mcstat_bin5.txt
#	../../up_vetomap_smooth/nTFa_3_nTFb_6/outs/Impacts_CMS_HWW_boosted_SR2a_ZH_hww_mcstat_bin0.txt
#	../../up_vetomap_smooth/nTFa_3_nTFb_6/outs/Impacts_CMS_HWW_boosted_SR2a_ZH_hww_mcstat_bin1.txt
#	../../up_vetomap_smooth/nTFa_3_nTFb_6/outs/Impacts_CMS_HWW_boosted_SR2a_ZH_hww_mcstat_bin18.txt
#	../../up_vetomap_smooth/nTFa_3_nTFb_6/outs/Impacts_CMS_HWW_boosted_SR2a_ZH_hww_mcstat_bin5.txt
#	../../up_vetomap_smooth/nTFa_3_nTFb_6/outs/Impacts_CMS_HWW_boosted_SR2a_ggH_hww_mcstat_bin0.txt
#	../../up_vetomap_smooth/nTFa_3_nTFb_6/outs/Impacts_CMS_HWW_boosted_SR2a_ggH_hww_mcstat_bin1.txt
#	../../up_vetomap_smooth/nTFa_3_nTFb_6/outs/Impacts_CMS_HWW_boosted_SR2a_ggH_hww_mcstat_bin5.txt
#	../../up_vetomap_smooth/nTFa_3_nTFb_6/outs/Impacts_CMS_HWW_boosted_SR2a_mcstat_bin10.txt
#	../../up_vetomap_smooth/nTFa_3_nTFb_6/outs/Impacts_CMS_HWW_boosted_SR2a_mcstat_bin11.txt
#	../../up_vetomap_smooth/nTFa_3_nTFb_6/outs/Impacts_CMS_HWW_boosted_SR2a_mcstat_bin12.txt
#	../../up_vetomap_smooth/nTFa_3_nTFb_6/outs/Impacts_CMS_HWW_boosted_SR2a_mcstat_bin13.txt
#	../../up_vetomap_smooth/nTFa_3_nTFb_6/outs/Impacts_CMS_HWW_boosted_SR2a_mcstat_bin14.txt
#	../../up_vetomap_smooth/nTFa_3_nTFb_6/outs/Impacts_CMS_HWW_boosted_SR2a_mcstat_bin15.txt
#	../../up_vetomap_smooth/nTFa_3_nTFb_6/outs/Impacts_CMS_HWW_boosted_SR2a_mcstat_bin16.txt
#	../../up_vetomap_smooth/nTFa_3_nTFb_6/outs/Impacts_CMS_HWW_boosted_SR2a_mcstat_bin17.txt
#	../../up_vetomap_smooth/nTFa_3_nTFb_6/outs/Impacts_CMS_HWW_boosted_SR2a_mcstat_bin19.txt
#	../../up_vetomap_smooth/nTFa_3_nTFb_6/outs/Impacts_CMS_HWW_boosted_SR2a_mcstat_bin2.txt
#	../../up_vetomap_smooth/nTFa_3_nTFb_6/outs/Impacts_CMS_HWW_boosted_SR2a_mcstat_bin3.txt
#	../../up_vetomap_smooth/nTFa_3_nTFb_6/outs/Impacts_CMS_HWW_boosted_SR2a_mcstat_bin4.txt
#	../../up_vetomap_smooth/nTFa_3_nTFb_6/outs/Impacts_CMS_HWW_boosted_SR2a_mcstat_bin6.txt
#	../../up_vetomap_smooth/nTFa_3_nTFb_6/outs/Impacts_CMS_HWW_boosted_SR2a_mcstat_bin7.txt
#	../../up_vetomap_smooth/nTFa_3_nTFb_6/outs/Impacts_CMS_HWW_boosted_SR2a_mcstat_bin8.txt
#	../../up_vetomap_smooth/nTFa_3_nTFb_6/outs/Impacts_CMS_HWW_boosted_SR2a_mcstat_bin9.txt
#	../../up_vetomap_smooth/nTFa_3_nTFb_6/outs/Impacts_CMS_HWW_boosted_SR2a_qqH_hww_mcstat_bin0.txt
#	../../up_vetomap_smooth/nTFa_3_nTFb_6/outs/Impacts_CMS_HWW_boosted_SR2a_qqH_hww_mcstat_bin1.txt
#	../../up_vetomap_smooth/nTFa_3_nTFb_6/outs/Impacts_CMS_HWW_boosted_SR2a_qqH_hww_mcstat_bin5.txt
#	../../up_vetomap_smooth/nTFa_3_nTFb_6/outs/Impacts_CMS_HWW_boosted_SR2a_rest_bkg_mcstat_bin1.txt
#	../../up_vetomap_smooth/nTFa_3_nTFb_6/outs/Impacts_CMS_HWW_boosted_SR2a_rest_bkg_mcstat_bin18.txt
#	../../up_vetomap_smooth/nTFa_3_nTFb_6/outs/Impacts_CMS_HWW_boosted_SR2a_rest_bkg_mcstat_bin5.txt
#	../../up_vetomap_smooth/nTFa_3_nTFb_6/outs/Impacts_CMS_HWW_boosted_SR2a_single_top_mcstat_bin18.txt
#	../../up_vetomap_smooth/nTFa_3_nTFb_6/outs/Impacts_CMS_HWW_boosted_SR2a_single_top_mcstat_bin5.txt
#	../../up_vetomap_smooth/nTFa_3_nTFb_6/outs/Impacts_CMS_HWW_boosted_SR2a_ttH_hww_mcstat_bin0.txt
#	../../up_vetomap_smooth/nTFa_3_nTFb_6/outs/Impacts_CMS_HWW_boosted_SR2a_ttH_hww_mcstat_bin1.txt
#	../../up_vetomap_smooth/nTFa_3_nTFb_6/outs/Impacts_CMS_HWW_boosted_SR2a_ttH_hww_mcstat_bin18.txt
#	../../up_vetomap_smooth/nTFa_3_nTFb_6/outs/Impacts_CMS_HWW_boosted_SR2a_ttH_hww_mcstat_bin5.txt
#	../../up_vetomap_smooth/nTFa_3_nTFb_6/outs/Impacts_CMS_HWW_boosted_SR2a_ttbar_mcstat_bin0.txt
#	../../up_vetomap_smooth/nTFa_3_nTFb_6/outs/Impacts_CMS_HWW_boosted_SR2a_ttbar_mcstat_bin1.txt
#	../../up_vetomap_smooth/nTFa_3_nTFb_6/outs/Impacts_CMS_HWW_boosted_SR2a_ttbar_mcstat_bin18.txt
#	../../up_vetomap_smooth/nTFa_3_nTFb_6/outs/Impacts_CMS_HWW_boosted_SR2a_ttbar_mcstat_bin5.txt
#	../../up_vetomap_smooth/nTFa_3_nTFb_6/outs/Impacts_CMS_HWW_boosted_SR2a_wjets_mcstat_bin0.txt
#	../../up_vetomap_smooth/nTFa_3_nTFb_6/outs/Impacts_CMS_HWW_boosted_SR2a_wjets_mcstat_bin1.txt
#	../../up_vetomap_smooth/nTFa_3_nTFb_6/outs/Impacts_CMS_HWW_boosted_SR2a_wjets_mcstat_bin18.txt
#	../../up_vetomap_smooth/nTFa_3_nTFb_6/outs/Impacts_CMS_HWW_boosted_SR2a_wjets_mcstat_bin5.txt
#	../../up_vetomap_smooth/nTFa_3_nTFb_6/outs/Impacts_CMS_HWW_boosted_SR2b_mcstat_bin0.txt
#	../../up_vetomap_smooth/nTFa_3_nTFb_6/outs/Impacts_CMS_HWW_boosted_SR2b_mcstat_bin1.txt
#	../../up_vetomap_smooth/nTFa_3_nTFb_6/outs/Impacts_CMS_HWW_boosted_SR2b_mcstat_bin10.txt
#	../../up_vetomap_smooth/nTFa_3_nTFb_6/outs/Impacts_CMS_HWW_boosted_SR2b_mcstat_bin11.txt
#	../../up_vetomap_smooth/nTFa_3_nTFb_6/outs/Impacts_CMS_HWW_boosted_SR2b_mcstat_bin12.txt
#	../../up_vetomap_smooth/nTFa_3_nTFb_6/outs/Impacts_CMS_HWW_boosted_SR2b_mcstat_bin13.txt
#	../../up_vetomap_smooth/nTFa_3_nTFb_6/outs/Impacts_CMS_HWW_boosted_SR2b_mcstat_bin14.txt
#	../../up_vetomap_smooth/nTFa_3_nTFb_6/outs/Impacts_CMS_HWW_boosted_SR2b_mcstat_bin15.txt
#	../../up_vetomap_smooth/nTFa_3_nTFb_6/outs/Impacts_CMS_HWW_boosted_SR2b_mcstat_bin16.txt
#	../../up_vetomap_smooth/nTFa_3_nTFb_6/outs/Impacts_CMS_HWW_boosted_SR2b_mcstat_bin17.txt
#	../../up_vetomap_smooth/nTFa_3_nTFb_6/outs/Impacts_CMS_HWW_boosted_SR2b_mcstat_bin18.txt
#	../../up_vetomap_smooth/nTFa_3_nTFb_6/outs/Impacts_CMS_HWW_boosted_SR2b_mcstat_bin19.txt
#	../../up_vetomap_smooth/nTFa_3_nTFb_6/outs/Impacts_CMS_HWW_boosted_SR2b_mcstat_bin2.txt
#	../../up_vetomap_smooth/nTFa_3_nTFb_6/outs/Impacts_CMS_HWW_boosted_SR2b_mcstat_bin3.txt
#	../../up_vetomap_smooth/nTFa_3_nTFb_6/outs/Impacts_CMS_HWW_boosted_SR2b_mcstat_bin4.txt
#	../../up_vetomap_smooth/nTFa_3_nTFb_6/outs/Impacts_CMS_HWW_boosted_SR2b_mcstat_bin5.txt
#	../../up_vetomap_smooth/nTFa_3_nTFb_6/outs/Impacts_CMS_HWW_boosted_SR2b_mcstat_bin6.txt
#	../../up_vetomap_smooth/nTFa_3_nTFb_6/outs/Impacts_CMS_HWW_boosted_SR2b_mcstat_bin7.txt
#	../../up_vetomap_smooth/nTFa_3_nTFb_6/outs/Impacts_CMS_HWW_boosted_SR2b_mcstat_bin8.txt
#	../../up_vetomap_smooth/nTFa_3_nTFb_6/outs/Impacts_CMS_HWW_boosted_SR2b_mcstat_bin9.txt
#	../../up_vetomap_smooth/nTFa_3_nTFb_6/outs/Impacts_CMS_HWW_boosted_electron_veto.txt
#	../../up_vetomap_smooth/nTFa_3_nTFb_6/outs/Impacts_CMS_HWW_boosted_jmr_2016.txt
#	../../up_vetomap_smooth/nTFa_3_nTFb_6/outs/Impacts_CMS_HWW_boosted_jmr_2016APV.txt
#	../../up_vetomap_smooth/nTFa_3_nTFb_6/outs/Impacts_CMS_HWW_boosted_jmr_2017.txt
#	../../up_vetomap_smooth/nTFa_3_nTFb_6/outs/Impacts_CMS_HWW_boosted_jmr_2018.txt
#	../../up_vetomap_smooth/nTFa_3_nTFb_6/outs/Impacts_CMS_HWW_boosted_jms_2016.txt
#	../../up_vetomap_smooth/nTFa_3_nTFb_6/outs/Impacts_CMS_HWW_boosted_jms_2016APV.txt
#	../../up_vetomap_smooth/nTFa_3_nTFb_6/outs/Impacts_CMS_HWW_boosted_jms_2017.txt
#	../../up_vetomap_smooth/nTFa_3_nTFb_6/outs/Impacts_CMS_HWW_boosted_jms_2018.txt
#	../../up_vetomap_smooth/nTFa_3_nTFb_6/outs/Impacts_CMS_HWW_boosted_lp_sf_region_a.txt
#	../../up_vetomap_smooth/nTFa_3_nTFb_6/outs/Impacts_CMS_HWW_boosted_lp_sf_region_b.txt
#	../../up_vetomap_smooth/nTFa_3_nTFb_6/outs/Impacts_CMS_HWW_boosted_muon_veto.txt
#	../../up_vetomap_smooth/nTFa_3_nTFb_6/outs/Impacts_CMS_HWW_boosted_rest_bkg_rate.txt
#	../../up_vetomap_smooth/nTFa_3_nTFb_6/outs/Impacts_CMS_HWW_boosted_single_top_rate.txt
#	../../up_vetomap_smooth/nTFa_3_nTFb_6/outs/Impacts_CMS_HWW_boosted_tf_dataResidual_CR1_Bin0.txt
#	../../up_vetomap_smooth/nTFa_3_nTFb_6/outs/Impacts_CMS_HWW_boosted_tf_dataResidual_CR1_Bin1.txt
#	../../up_vetomap_smooth/nTFa_3_nTFb_6/outs/Impacts_CMS_HWW_boosted_tf_dataResidual_CR1_Bin10.txt
#	../../up_vetomap_smooth/nTFa_3_nTFb_6/outs/Impacts_CMS_HWW_boosted_tf_dataResidual_CR1_Bin11.txt
#	../../up_vetomap_smooth/nTFa_3_nTFb_6/outs/Impacts_CMS_HWW_boosted_tf_dataResidual_CR1_Bin12.txt
#	../../up_vetomap_smooth/nTFa_3_nTFb_6/outs/Impacts_CMS_HWW_boosted_tf_dataResidual_CR1_Bin13.txt
#	../../up_vetomap_smooth/nTFa_3_nTFb_6/outs/Impacts_CMS_HWW_boosted_tf_dataResidual_CR1_Bin14.txt
#	../../up_vetomap_smooth/nTFa_3_nTFb_6/outs/Impacts_CMS_HWW_boosted_tf_dataResidual_CR1_Bin15.txt
#	../../up_vetomap_smooth/nTFa_3_nTFb_6/outs/Impacts_CMS_HWW_boosted_tf_dataResidual_CR1_Bin16.txt
#	../../up_vetomap_smooth/nTFa_3_nTFb_6/outs/Impacts_CMS_HWW_boosted_tf_dataResidual_CR1_Bin17.txt
#	../../up_vetomap_smooth/nTFa_3_nTFb_6/outs/Impacts_CMS_HWW_boosted_tf_dataResidual_CR1_Bin18.txt
#	../../up_vetomap_smooth/nTFa_3_nTFb_6/outs/Impacts_CMS_HWW_boosted_tf_dataResidual_CR1_Bin19.txt
#	../../up_vetomap_smooth/nTFa_3_nTFb_6/outs/Impacts_CMS_HWW_boosted_tf_dataResidual_CR1_Bin2.txt
#	../../up_vetomap_smooth/nTFa_3_nTFb_6/outs/Impacts_CMS_HWW_boosted_tf_dataResidual_CR1_Bin3.txt
#	../../up_vetomap_smooth/nTFa_3_nTFb_6/outs/Impacts_CMS_HWW_boosted_tf_dataResidual_CR1_Bin4.txt
#	../../up_vetomap_smooth/nTFa_3_nTFb_6/outs/Impacts_CMS_HWW_boosted_tf_dataResidual_CR1_Bin5.txt
#	../../up_vetomap_smooth/nTFa_3_nTFb_6/outs/Impacts_CMS_HWW_boosted_tf_dataResidual_CR1_Bin6.txt
#	../../up_vetomap_smooth/nTFa_3_nTFb_6/outs/Impacts_CMS_HWW_boosted_tf_dataResidual_CR1_Bin7.txt
#	../../up_vetomap_smooth/nTFa_3_nTFb_6/outs/Impacts_CMS_HWW_boosted_tf_dataResidual_CR1_Bin8.txt
#	../../up_vetomap_smooth/nTFa_3_nTFb_6/outs/Impacts_CMS_HWW_boosted_tf_dataResidual_CR1_Bin9.txt
#	../../up_vetomap_smooth/nTFa_3_nTFb_6/outs/Impacts_CMS_HWW_boosted_tf_dataResidual_CR2_Bin0.txt
#	../../up_vetomap_smooth/nTFa_3_nTFb_6/outs/Impacts_CMS_HWW_boosted_tf_dataResidual_CR2_Bin1.txt
#	../../up_vetomap_smooth/nTFa_3_nTFb_6/outs/Impacts_CMS_HWW_boosted_tf_dataResidual_CR2_Bin10.txt
#	../../up_vetomap_smooth/nTFa_3_nTFb_6/outs/Impacts_CMS_HWW_boosted_tf_dataResidual_CR2_Bin11.txt
#	../../up_vetomap_smooth/nTFa_3_nTFb_6/outs/Impacts_CMS_HWW_boosted_tf_dataResidual_CR2_Bin12.txt
#	../../up_vetomap_smooth/nTFa_3_nTFb_6/outs/Impacts_CMS_HWW_boosted_tf_dataResidual_CR2_Bin13.txt
#	../../up_vetomap_smooth/nTFa_3_nTFb_6/outs/Impacts_CMS_HWW_boosted_tf_dataResidual_CR2_Bin14.txt
#	../../up_vetomap_smooth/nTFa_3_nTFb_6/outs/Impacts_CMS_HWW_boosted_tf_dataResidual_CR2_Bin15.txt
#	../../up_vetomap_smooth/nTFa_3_nTFb_6/outs/Impacts_CMS_HWW_boosted_tf_dataResidual_CR2_Bin16.txt
#	../../up_vetomap_smooth/nTFa_3_nTFb_6/outs/Impacts_CMS_HWW_boosted_tf_dataResidual_CR2_Bin17.txt
#	../../up_vetomap_smooth/nTFa_3_nTFb_6/outs/Impacts_CMS_HWW_boosted_tf_dataResidual_CR2_Bin18.txt
#	../../up_vetomap_smooth/nTFa_3_nTFb_6/outs/Impacts_CMS_HWW_boosted_tf_dataResidual_CR2_Bin19.txt
#	../../up_vetomap_smooth/nTFa_3_nTFb_6/outs/Impacts_CMS_HWW_boosted_tf_dataResidual_CR2_Bin2.txt
#	../../up_vetomap_smooth/nTFa_3_nTFb_6/outs/Impacts_CMS_HWW_boosted_tf_dataResidual_CR2_Bin3.txt
#	../../up_vetomap_smooth/nTFa_3_nTFb_6/outs/Impacts_CMS_HWW_boosted_tf_dataResidual_CR2_Bin4.txt
#	../../up_vetomap_smooth/nTFa_3_nTFb_6/outs/Impacts_CMS_HWW_boosted_tf_dataResidual_CR2_Bin5.txt
#	../../up_vetomap_smooth/nTFa_3_nTFb_6/outs/Impacts_CMS_HWW_boosted_tf_dataResidual_CR2_Bin6.txt
#	../../up_vetomap_smooth/nTFa_3_nTFb_6/outs/Impacts_CMS_HWW_boosted_tf_dataResidual_CR2_Bin7.txt
#	../../up_vetomap_smooth/nTFa_3_nTFb_6/outs/Impacts_CMS_HWW_boosted_tf_dataResidual_CR2_Bin8.txt
#	../../up_vetomap_smooth/nTFa_3_nTFb_6/outs/Impacts_CMS_HWW_boosted_tf_dataResidual_CR2_Bin9.txt
#	../../up_vetomap_smooth/nTFa_3_nTFb_6/outs/Impacts_CMS_HWW_boosted_tf_dataResidual_a_MH_Reco_par0.txt
#	../../up_vetomap_smooth/nTFa_3_nTFb_6/outs/Impacts_CMS_HWW_boosted_tf_dataResidual_a_MH_Reco_par1.txt
#	../../up_vetomap_smooth/nTFa_3_nTFb_6/outs/Impacts_CMS_HWW_boosted_tf_dataResidual_a_MH_Reco_par2.txt
#	../../up_vetomap_smooth/nTFa_3_nTFb_6/outs/Impacts_CMS_HWW_boosted_tf_dataResidual_a_MH_Reco_par3.txt
#	../../up_vetomap_smooth/nTFa_3_nTFb_6/outs/Impacts_CMS_HWW_boosted_tf_dataResidual_b_MH_Reco_par0.txt
#	../../up_vetomap_smooth/nTFa_3_nTFb_6/outs/Impacts_CMS_HWW_boosted_tf_dataResidual_b_MH_Reco_par1.txt
#	../../up_vetomap_smooth/nTFa_3_nTFb_6/outs/Impacts_CMS_HWW_boosted_tf_dataResidual_b_MH_Reco_par2.txt
#	../../up_vetomap_smooth/nTFa_3_nTFb_6/outs/Impacts_CMS_HWW_boosted_tf_dataResidual_b_MH_Reco_par3.txt
#	../../up_vetomap_smooth/nTFa_3_nTFb_6/outs/Impacts_CMS_HWW_boosted_tf_dataResidual_b_MH_Reco_par4.txt
#	../../up_vetomap_smooth/nTFa_3_nTFb_6/outs/Impacts_CMS_HWW_boosted_tf_dataResidual_b_MH_Reco_par5.txt
#	../../up_vetomap_smooth/nTFa_3_nTFb_6/outs/Impacts_CMS_HWW_boosted_tf_dataResidual_b_MH_Reco_par6.txt
#	../../up_vetomap_smooth/nTFa_3_nTFb_6/outs/Impacts_CMS_HWW_boosted_triggerEffSF_uncorrelated.txt
#	../../up_vetomap_smooth/nTFa_3_nTFb_6/outs/Impacts_CMS_HWW_boosted_ttbar_rate.txt
#	../../up_vetomap_smooth/nTFa_3_nTFb_6/outs/Impacts_CMS_HWW_boosted_wjets_rate.txt
#	../../up_vetomap_smooth/nTFa_3_nTFb_6/outs/Impacts_CMS_l1_ecal_prefiring_2016.txt
#	../../up_vetomap_smooth/nTFa_3_nTFb_6/outs/Impacts_CMS_l1_ecal_prefiring_2016APV.txt
#	../../up_vetomap_smooth/nTFa_3_nTFb_6/outs/Impacts_CMS_l1_ecal_prefiring_2017.txt
#	../../up_vetomap_smooth/nTFa_3_nTFb_6/outs/Impacts_CMS_pileup_2016.txt
#	../../up_vetomap_smooth/nTFa_3_nTFb_6/outs/Impacts_CMS_pileup_2016APV.txt
#	../../up_vetomap_smooth/nTFa_3_nTFb_6/outs/Impacts_CMS_pileup_2017.txt
#	../../up_vetomap_smooth/nTFa_3_nTFb_6/outs/Impacts_CMS_pileup_2018.txt
#	../../up_vetomap_smooth/nTFa_3_nTFb_6/outs/Impacts_CMS_res_j_2016.txt
#	../../up_vetomap_smooth/nTFa_3_nTFb_6/outs/Impacts_CMS_res_j_2016APV.txt
#	../../up_vetomap_smooth/nTFa_3_nTFb_6/outs/Impacts_CMS_res_j_2017.txt
#	../../up_vetomap_smooth/nTFa_3_nTFb_6/outs/Impacts_CMS_res_j_2018.txt
#	../../up_vetomap_smooth/nTFa_3_nTFb_6/outs/Impacts_CMS_scale_j_Abs.txt
#	../../up_vetomap_smooth/nTFa_3_nTFb_6/outs/Impacts_CMS_scale_j_Abs_2016.txt
#	../../up_vetomap_smooth/nTFa_3_nTFb_6/outs/Impacts_CMS_scale_j_Abs_2016APV.txt
#	../../up_vetomap_smooth/nTFa_3_nTFb_6/outs/Impacts_CMS_scale_j_Abs_2017.txt
#	../../up_vetomap_smooth/nTFa_3_nTFb_6/outs/Impacts_CMS_scale_j_Abs_2018.txt
#	../../up_vetomap_smooth/nTFa_3_nTFb_6/outs/Impacts_CMS_scale_j_BBEC1.txt
#	../../up_vetomap_smooth/nTFa_3_nTFb_6/outs/Impacts_CMS_scale_j_BBEC1_2016.txt
#	../../up_vetomap_smooth/nTFa_3_nTFb_6/outs/Impacts_CMS_scale_j_BBEC1_2016APV.txt
#	../../up_vetomap_smooth/nTFa_3_nTFb_6/outs/Impacts_CMS_scale_j_BBEC1_2017.txt
#	../../up_vetomap_smooth/nTFa_3_nTFb_6/outs/Impacts_CMS_scale_j_BBEC1_2018.txt
#	../../up_vetomap_smooth/nTFa_3_nTFb_6/outs/Impacts_CMS_scale_j_EC2.txt
#	../../up_vetomap_smooth/nTFa_3_nTFb_6/outs/Impacts_CMS_scale_j_EC2_2016.txt
#	../../up_vetomap_smooth/nTFa_3_nTFb_6/outs/Impacts_CMS_scale_j_EC2_2016APV.txt
#	../../up_vetomap_smooth/nTFa_3_nTFb_6/outs/Impacts_CMS_scale_j_EC2_2017.txt
#	../../up_vetomap_smooth/nTFa_3_nTFb_6/outs/Impacts_CMS_scale_j_EC2_2018.txt
#	../../up_vetomap_smooth/nTFa_3_nTFb_6/outs/Impacts_CMS_scale_j_FlavQCD.txt
#	../../up_vetomap_smooth/nTFa_3_nTFb_6/outs/Impacts_CMS_scale_j_HF.txt
#	../../up_vetomap_smooth/nTFa_3_nTFb_6/outs/Impacts_CMS_scale_j_HF_2016.txt
#	../../up_vetomap_smooth/nTFa_3_nTFb_6/outs/Impacts_CMS_scale_j_HF_2016APV.txt
#	../../up_vetomap_smooth/nTFa_3_nTFb_6/outs/Impacts_CMS_scale_j_HF_2017.txt
#	../../up_vetomap_smooth/nTFa_3_nTFb_6/outs/Impacts_CMS_scale_j_HF_2018.txt
#	../../up_vetomap_smooth/nTFa_3_nTFb_6/outs/Impacts_CMS_scale_j_RelBal.txt
#	../../up_vetomap_smooth/nTFa_3_nTFb_6/outs/Impacts_CMS_scale_j_RelSample_2016.txt
#	../../up_vetomap_smooth/nTFa_3_nTFb_6/outs/Impacts_CMS_scale_j_RelSample_2016APV.txt
#	../../up_vetomap_smooth/nTFa_3_nTFb_6/outs/Impacts_CMS_scale_j_RelSample_2017.txt
#	../../up_vetomap_smooth/nTFa_3_nTFb_6/outs/Impacts_CMS_scale_j_RelSample_2018.txt
#	../../up_vetomap_smooth/nTFa_3_nTFb_6/outs/Impacts_PDF_WH_ACCEPT_CMS_HWW_boosted.txt
#	../../up_vetomap_smooth/nTFa_3_nTFb_6/outs/Impacts_PDF_ZH_ACCEPT_CMS_HWW_boosted.txt
#	../../up_vetomap_smooth/nTFa_3_nTFb_6/outs/Impacts_PDF_ggH_ACCEPT_CMS_HWW_boosted.txt
#	../../up_vetomap_smooth/nTFa_3_nTFb_6/outs/Impacts_PDF_qqH_ACCEPT_CMS_HWW_boosted.txt
#	../../up_vetomap_smooth/nTFa_3_nTFb_6/outs/Impacts_PDF_single_top_ACCEPT_CMS_HWW_boosted.txt
#	../../up_vetomap_smooth/nTFa_3_nTFb_6/outs/Impacts_PDF_ttH_ACCEPT_CMS_HWW_boosted.txt
#	../../up_vetomap_smooth/nTFa_3_nTFb_6/outs/Impacts_PDF_ttbar_ACCEPT_CMS_HWW_boosted.txt
#	../../up_vetomap_smooth/nTFa_3_nTFb_6/outs/Impacts_PDF_wjets_ACCEPT_CMS_HWW_boosted.txt
#	../../up_vetomap_smooth/nTFa_3_nTFb_6/outs/Impacts_QCDscale_WH.txt
#	../../up_vetomap_smooth/nTFa_3_nTFb_6/outs/Impacts_QCDscale_WH_ACCEPT_CMS_HWW_boosted.txt
#	../../up_vetomap_smooth/nTFa_3_nTFb_6/outs/Impacts_QCDscale_ZH.txt
#	../../up_vetomap_smooth/nTFa_3_nTFb_6/outs/Impacts_QCDscale_ZH_ACCEPT_CMS_HWW_boosted.txt
#	../../up_vetomap_smooth/nTFa_3_nTFb_6/outs/Impacts_QCDscale_ggH.txt
#	../../up_vetomap_smooth/nTFa_3_nTFb_6/outs/Impacts_QCDscale_ggH_ACCEPT_CMS_HWW_boosted.txt
#	../../up_vetomap_smooth/nTFa_3_nTFb_6/outs/Impacts_QCDscale_qqH.txt
#	../../up_vetomap_smooth/nTFa_3_nTFb_6/outs/Impacts_QCDscale_qqH_ACCEPT_CMS_HWW_boosted.txt
#	../../up_vetomap_smooth/nTFa_3_nTFb_6/outs/Impacts_QCDscale_rest_bkg.txt
#	../../up_vetomap_smooth/nTFa_3_nTFb_6/outs/Impacts_QCDscale_single_top.txt
#	../../up_vetomap_smooth/nTFa_3_nTFb_6/outs/Impacts_QCDscale_single_top_ACCEPT_CMS_HWW_boosted.txt
#	../../up_vetomap_smooth/nTFa_3_nTFb_6/outs/Impacts_QCDscale_ttH.txt
#	../../up_vetomap_smooth/nTFa_3_nTFb_6/outs/Impacts_QCDscale_ttH_ACCEPT_CMS_HWW_boosted.txt
#	../../up_vetomap_smooth/nTFa_3_nTFb_6/outs/Impacts_QCDscale_ttbar.txt
#	../../up_vetomap_smooth/nTFa_3_nTFb_6/outs/Impacts_QCDscale_ttbar_ACCEPT_CMS_HWW_boosted.txt
#	../../up_vetomap_smooth/nTFa_3_nTFb_6/outs/Impacts_QCDscale_wjets.txt
#	../../up_vetomap_smooth/nTFa_3_nTFb_6/outs/Impacts_QCDscale_wjets_ACCEPT_CMS_HWW_boosted.txt
#	../../up_vetomap_smooth/nTFa_3_nTFb_6/outs/Impacts_alpha_s.txt
#	../../up_vetomap_smooth/nTFa_3_nTFb_6/outs/Impacts_collect.txt
#	../../up_vetomap_smooth/nTFa_3_nTFb_6/outs/Impacts_lumi_13TeV_1718.txt
#	../../up_vetomap_smooth/nTFa_3_nTFb_6/outs/Impacts_lumi_13TeV_2016.txt
#	../../up_vetomap_smooth/nTFa_3_nTFb_6/outs/Impacts_lumi_13TeV_2017.txt
#	../../up_vetomap_smooth/nTFa_3_nTFb_6/outs/Impacts_lumi_13TeV_2018.txt
#	../../up_vetomap_smooth/nTFa_3_nTFb_6/outs/Impacts_lumi_13TeV_correlated.txt
#	../../up_vetomap_smooth/nTFa_3_nTFb_6/outs/Impacts_pdf_Higgs_WH.txt
#	../../up_vetomap_smooth/nTFa_3_nTFb_6/outs/Impacts_pdf_Higgs_ZH.txt
#	../../up_vetomap_smooth/nTFa_3_nTFb_6/outs/Impacts_pdf_Higgs_ggH.txt
#	../../up_vetomap_smooth/nTFa_3_nTFb_6/outs/Impacts_pdf_Higgs_qqH.txt
#	../../up_vetomap_smooth/nTFa_3_nTFb_6/outs/Impacts_pdf_Higgs_ttH.txt
#	../../up_vetomap_smooth/nTFa_3_nTFb_6/outs/Impacts_pdf_rest_bkg.txt
#	../../up_vetomap_smooth/nTFa_3_nTFb_6/outs/Impacts_pdf_single_top.txt
#	../../up_vetomap_smooth/nTFa_3_nTFb_6/outs/Impacts_pdf_ttbar.txt
#	../../up_vetomap_smooth/nTFa_3_nTFb_6/outs/Impacts_pdf_wjets.txt
#	../../up_vetomap_smooth/nTFa_3_nTFb_6/outs/Impacts_ps_fsr_WH.txt
#	../../up_vetomap_smooth/nTFa_3_nTFb_6/outs/Impacts_ps_fsr_ZH.txt
#	../../up_vetomap_smooth/nTFa_3_nTFb_6/outs/Impacts_ps_fsr_ggH.txt
#	../../up_vetomap_smooth/nTFa_3_nTFb_6/outs/Impacts_ps_fsr_qqH.txt
#	../../up_vetomap_smooth/nTFa_3_nTFb_6/outs/Impacts_ps_fsr_rest_bkg.txt
#	../../up_vetomap_smooth/nTFa_3_nTFb_6/outs/Impacts_ps_fsr_single_top.txt
#	../../up_vetomap_smooth/nTFa_3_nTFb_6/outs/Impacts_ps_fsr_ttH.txt
#	../../up_vetomap_smooth/nTFa_3_nTFb_6/outs/Impacts_ps_fsr_ttbar.txt
#	../../up_vetomap_smooth/nTFa_3_nTFb_6/outs/Impacts_ps_fsr_wjets.txt
#	../../up_vetomap_smooth/nTFa_3_nTFb_6/outs/Impacts_ps_isr_WH.txt
#	../../up_vetomap_smooth/nTFa_3_nTFb_6/outs/Impacts_ps_isr_ZH.txt
#	../../up_vetomap_smooth/nTFa_3_nTFb_6/outs/Impacts_ps_isr_ggH.txt
#	../../up_vetomap_smooth/nTFa_3_nTFb_6/outs/Impacts_ps_isr_qqH.txt
#	../../up_vetomap_smooth/nTFa_3_nTFb_6/outs/Impacts_ps_isr_rest_bkg.txt
#	../../up_vetomap_smooth/nTFa_3_nTFb_6/outs/Impacts_ps_isr_single_top.txt
#	../../up_vetomap_smooth/nTFa_3_nTFb_6/outs/Impacts_ps_isr_ttH.txt
#	../../up_vetomap_smooth/nTFa_3_nTFb_6/outs/Impacts_ps_isr_ttbar.txt
#	../../up_vetomap_smooth/nTFa_3_nTFb_6/outs/Impacts_ps_isr_wjets.txt
#	../../up_vetomap_smooth/nTFa_3_nTFb_6/outs/Impacts_unclustered_Energy.txt
#	../../up_vetomap_smooth/outs/
#	../../../../combination/1l_datacards/.nfs0000001e0ea2100800002fa4
#	../../../../combination/1l_datacards/.nfs0000001e126e5a6a00002fa6
#	../../../../combination/1l_datacards/.nfs0000001e126e5a6b00002fa5
#	../../../../combination/1l_datacards/.nfs0000001e126e5a6c00002fa7
#	../../../../combination/1l_datacards/.nfs0000001e126e5a6d00002fa8
#	../../../../combination/1l_datacards/.nfs0000001e126e5a6e00002fa9
#	../../../../combination/1l_datacards/.nfs0000001e126e5a6f00002faa
#	../../../../combination/1l_datacards/.nfs0000001e126e5a7000002fac
#	../../../../combination/1l_datacards/.nfs0000001e126e5a7100002fab
#	../../../../combination/1l_datacards/.nfs0000001e126e5a7200002fad
#	../../../../combination/1l_datacards/.nfs0000001e126e5a7300002faf
#	../../../../combination/1l_datacards/.nfs0000001e126e5a7400002fae
#	../../../../combination/1l_datacards/.nfs0000001e126e5a7500002fb0
#	../../../../combination/1l_datacards/.nfs0000001e126e5a7600002fb2
#	../../../../combination/1l_datacards/.nfs0000001e126e5a7700002fb1
#	../../../../combination/1l_datacards/.nfs0000001e126e5a7800002fb3
#	../../../../combination/1l_datacards/.nfs0000001e126e5a7900002fb5
#	../../../../combination/1l_datacards/.nfs0000001e126e5a7a00002fb4
#	../../../../combination/1l_datacards/.nfs0000001e126e5a7b00002fb7
#	../../../../combination/1l_datacards/.nfs0000001e126e5a7c00002fb6
#	../../../../combination/1l_datacards/.nfs0000001e126e5a7d00002fb8
#	../../../../combination/1l_datacards/.nfs0000001e126e5a7e00002fb9
#	../../../../combination/1l_datacards/.nfs0000001e126e5a7f00002fbe
#	../../../../combination/1l_datacards/.nfs0000001e126e5a8000002fbb
#	../../../../combination/1l_datacards/.nfs0000001e126e5a8100002fba
#	../../../../combination/1l_datacards/.nfs0000001e126e5a8200002fbc
#	../../../../combination/1l_datacards/.nfs0000001e126e5a8300002fbd
#	../../../../combination/1l_datacards/.nfs0000001e126e5a8400002fc1
#	../../../../combination/1l_datacards/.nfs0000001e126e5a8500002fc0
#	../../../../combination/1l_datacards/.nfs0000001e126e5a8600002fbf
#	../../../../combination/1l_datacards/.nfs0000001e126e5a8700002fc3
#	../../../../combination/1l_datacards/.nfs0000001e126e5a8800002fc2
#	../../../../combination/1l_datacards/.nfs0000001e126e5a8900002fc8
#	../../../../combination/1l_datacards/.nfs0000001e126e5a8a00002fc5
#	../../../../combination/1l_datacards/.nfs0000001e126e5a8b00002fc6
#	../../../../combination/1l_datacards/.nfs0000001e126e5a8c00002fc4
#	../../../../combination/1l_datacards/.nfs0000001e126e5a8d00002fc7
#	../../../../combination/1l_datacards/.nfs0000001e126e5a8e00002fc9
#	../../../../combination/1l_datacards/.nfs0000001e126e5a8f00002fce
#	../../../../combination/1l_datacards/.nfs0000001e126e5a9000002fcb
#	../../../../combination/1l_datacards/.nfs0000001e126e5a9100002fca
#	../../../../combination/1l_datacards/.nfs0000001e126e5a9200002fcc
#	../../../../combination/1l_datacards/.nfs0000001e126e5a9300002fcd
#	../../../../combination/1l_datacards/.nfs0000001e126e5a9400002fcf
#	../../../../combination/1l_datacards/.nfs0000001e126e5a9500002fd1
#	../../../../combination/1l_datacards/.nfs0000001e126e5a9600002fd0
#	../../../../combination/1l_datacards/.nfs0000001e126e5a9700002fd2
#	../../../../combination/1l_datacards/.nfs0000001e126e5a9800002fd3
#	../../../../combination/1l_datacards/.nfs0000001e12adb14900002fa3
#	../../../../combination/1l_datacards/.nfs0000001e54a0aafb00002fa2
#	../../../../combination/1l_datacards/outs/.nfs0000001b14bedc1000002fd4
#	../../../../combination/1l_datacards/outs/.nfs0000001b14bedc1100002fd5
#	../../../../combination/VH_datacards/.nfs00000031001003aa00002fd7
#	../../../../combination/VH_datacards/.nfs000000310eb966a700002fd6
#	../../../../combination/VH_datacards/higgsCombine_paramFit_Test_CMS_HWW_FakeRate_EWK_SF_statistical_uncertainty.MultiDimFit.mH125.root
#	../../../../combination/VH_datacards/higgsCombine_paramFit_Test_CMS_HWW_FakeRate_EWK_SF_uncertainty.MultiDimFit.mH125.root
#	../../../../combination/VH_datacards/higgsCombine_paramFit_Test_CMS_HWW_FakeRate_SF_flavor_uncertainty.MultiDimFit.mH125.root
#	../../../../combination/VH_datacards/higgsCombine_paramFit_Test_CMS_HWW_boosted_mu_identification.MultiDimFit.mH125.root
#	../../../../combination/VH_datacards/higgsCombine_paramFit_Test_CMS_HWW_boosted_mu_isolation.MultiDimFit.mH125.root
#	../../../../combination/VH_datacards/higgsCombine_paramFit_Test_CMS_HWW_boosted_mu_trigger.MultiDimFit.mH125.root
#	../../../../combination/VH_datacards/higgsCombine_paramFit_Test_CMS_HWW_boosted_mu_trigger_iso.MultiDimFit.mH125.root
#	../../../../combination/full_datacards/.nfs000000202c52aa6000002ff7
#	../../../../combination/full_datacards/higgsCombine_paramFit_impacts_CMS_HWW_FakeRate_EWK_SF_statistical_uncertainty.MultiDimFit.mH125.root
#	../../../../combination/full_datacards/higgsCombine_paramFit_impacts_CMS_HWW_FakeRate_EWK_SF_uncertainty.MultiDimFit.mH125.root
#	../../../../combination/full_datacards/higgsCombine_paramFit_impacts_CMS_HWW_FakeRate_SF_flavor_uncertainty.MultiDimFit.mH125.root
#	../../../../combination/full_datacards/higgsCombine_paramFit_impacts_CMS_HWW_boosted_SR2a_WH_hww_mcstat_bin5.MultiDimFit.mH125.root
#	../../../../combination/full_datacards/higgsCombine_paramFit_impacts_CMS_HWW_boosted_SR2a_ZH_hww_mcstat_bin5.MultiDimFit.mH125.root
#	../../../../combination/full_datacards/higgsCombine_paramFit_impacts_CMS_HWW_boosted_SR2a_ggH_hww_mcstat_bin5.MultiDimFit.mH125.root
#	../../../../combination/full_datacards/higgsCombine_paramFit_impacts_CMS_HWW_boosted_SR2a_qqH_hww_mcstat_bin5.MultiDimFit.mH125.root
#	../../../../combination/full_datacards/higgsCombine_paramFit_impacts_CMS_HWW_boosted_SR2a_rest_bkg_mcstat_bin5.MultiDimFit.mH125.root
#	../../../../combination/full_datacards/higgsCombine_paramFit_impacts_CMS_HWW_boosted_SR2a_single_top_mcstat_bin5.MultiDimFit.mH125.root
#	../../../../combination/full_datacards/higgsCombine_paramFit_impacts_CMS_HWW_boosted_SR2a_ttH_hww_mcstat_bin5.MultiDimFit.mH125.root
#	../../../../combination/full_datacards/higgsCombine_paramFit_impacts_CMS_HWW_boosted_SR2a_ttbar_mcstat_bin5.MultiDimFit.mH125.root
#	../../../../combination/full_datacards/higgsCombine_paramFit_impacts_CMS_HWW_boosted_SR2a_wjets_mcstat_bin5.MultiDimFit.mH125.root
#	../../../../combination/full_datacards/higgsCombine_paramFit_impacts_CMS_HWW_boosted_mu_identification.MultiDimFit.mH125.root
#	../../../../combination/full_datacards/higgsCombine_paramFit_impacts_CMS_HWW_boosted_muon_veto.MultiDimFit.mH125.root
#	../../../../combination/full_datacards/model_combined.txt
#	../../../../combination/full_datacards/outs/Impacts_CMS_HWW_FakeRate_EWK_SF_statistical_uncertainty.txt
#	../../../../combination/full_datacards/outs/Impacts_CMS_HWW_FakeRate_EWK_SF_uncertainty.txt
#	../../../../combination/full_datacards/outs/Impacts_CMS_HWW_FakeRate_SF_flavor_uncertainty.txt
#	../../../../combination/full_datacards/outs/Impacts_CMS_HWW_boosted_SR2a_WH_hww_mcstat_bin5.txt
#	../../../../combination/full_datacards/outs/Impacts_CMS_HWW_boosted_SR2a_ZH_hww_mcstat_bin5.txt
#	../../../../combination/full_datacards/outs/Impacts_CMS_HWW_boosted_SR2a_ggH_hww_mcstat_bin5.txt
#	../../../../combination/full_datacards/outs/Impacts_CMS_HWW_boosted_SR2a_qqH_hww_mcstat_bin5.txt
#	../../../../combination/full_datacards/outs/Impacts_CMS_HWW_boosted_SR2a_rest_bkg_mcstat_bin5.txt
#	../../../../combination/full_datacards/outs/Impacts_CMS_HWW_boosted_SR2a_single_top_mcstat_bin5.txt
#	../../../../combination/full_datacards/outs/Impacts_CMS_HWW_boosted_SR2a_ttH_hww_mcstat_bin5.txt
#	../../../../combination/full_datacards/outs/Impacts_CMS_HWW_boosted_SR2a_ttbar_mcstat_bin5.txt
#	../../../../combination/full_datacards/outs/Impacts_CMS_HWW_boosted_SR2a_wjets_mcstat_bin5.txt
#	../../../../combination/full_datacards/outs/Impacts_CMS_HWW_boosted_mu_identification.txt
#	../../../../combination/full_datacards/outs/Impacts_CMS_HWW_boosted_muon_veto.txt
#	../../../../compatibility/
#	../../../../plots/GoF/
#	../../../../scripts/channels/
#	../../../../scripts/run_unblinded copy.sh
#	../../../../scripts/run_unblinded.sh
#	../../../../submit/JobExecuter.py
#	../../../../submit/JobManager.py
#	../../../../submit/__pycache__/JobExecuter.cpython-38.pyc
#	../../../../submit/__pycache__/JobManager.cpython-38.pyc
#	../../../../submit/submit_impacts_0l_local.py
#	../../../../submit/submit_impacts_0l_local_unblind.py
#	../../../../submit/submit_impacts_local.py
#	../../../../../postprocessing/JetVetoMap.ipynb
#	../../../../../postprocessing/plots/JetVetoMap/
#	../../../../../postprocessing/plots/makeplots/5Jan2025/
#	../../../../../postprocessing/plots/makeplots/7Jan2025/
#	../../../../../postprocessing/plots/variation/14Jan25/
#	../../../../../postprocessing/plots/variation/15Jan25/
#	../../../../../postprocessing/root/2016APV_Rest_CR1.root
#	../../../../../postprocessing/root/2016APV_Rest_CR2.root
#	../../../../../postprocessing/root/2016APV_Rest_SR1a.root
#	../../../../../postprocessing/root/2016APV_Rest_SR1b.root
#	../../../../../postprocessing/root/2016APV_Rest_SR2a.root
#	../../../../../postprocessing/root/2016APV_Rest_SR2b.root
#	../../../../../postprocessing/root/2016APV_ST_CR1.root
#	../../../../../postprocessing/root/2016APV_ST_CR2.root
#	../../../../../postprocessing/root/2016APV_ST_SR1a.root
#	../../../../../postprocessing/root/2016APV_ST_SR1b.root
#	../../../../../postprocessing/root/2016APV_ST_SR2a.root
#	../../../../../postprocessing/root/2016APV_ST_SR2b.root
#	../../../../../postprocessing/root/2016APV_TT_CR1.root
#	../../../../../postprocessing/root/2016APV_TT_CR2.root
#	../../../../../postprocessing/root/2016APV_TT_SR1a.root
#	../../../../../postprocessing/root/2016APV_TT_SR1b.root
#	../../../../../postprocessing/root/2016APV_TT_SR2a.root
#	../../../../../postprocessing/root/2016APV_TT_SR2b.root
#	../../../../../postprocessing/root/2016APV_TotalSignal_CR1.root
#	../../../../../postprocessing/root/2016APV_TotalSignal_CR2.root
#	../../../../../postprocessing/root/2016APV_TotalSignal_SR1a.root
#	../../../../../postprocessing/root/2016APV_TotalSignal_SR1b.root
#	../../../../../postprocessing/root/2016APV_TotalSignal_SR2a.root
#	../../../../../postprocessing/root/2016APV_TotalSignal_SR2b.root
#	../../../../../postprocessing/root/2016APV_VBF_CR1.root
#	../../../../../postprocessing/root/2016APV_VBF_CR2.root
#	../../../../../postprocessing/root/2016APV_VBF_SR1a.root
#	../../../../../postprocessing/root/2016APV_VBF_SR1b.root
#	../../../../../postprocessing/root/2016APV_VBF_SR2a.root
#	../../../../../postprocessing/root/2016APV_VBF_SR2b.root
#	../../../../../postprocessing/root/2016APV_WH_CR1.root
#	../../../../../postprocessing/root/2016APV_WH_CR2.root
#	../../../../../postprocessing/root/2016APV_WH_SR1a.root
#	../../../../../postprocessing/root/2016APV_WH_SR1b.root
#	../../../../../postprocessing/root/2016APV_WH_SR2a.root
#	../../../../../postprocessing/root/2016APV_WH_SR2b.root
#	../../../../../postprocessing/root/2016APV_WJets_CR1.root
#	../../../../../postprocessing/root/2016APV_WJets_CR2.root
#	../../../../../postprocessing/root/2016APV_WJets_SR1a.root
#	../../../../../postprocessing/root/2016APV_WJets_SR1b.root
#	../../../../../postprocessing/root/2016APV_WJets_SR2a.root
#	../../../../../postprocessing/root/2016APV_WJets_SR2b.root
#	../../../../../postprocessing/root/2016APV_ZH_CR1.root
#	../../../../../postprocessing/root/2016APV_ZH_CR2.root
#	../../../../../postprocessing/root/2016APV_ZH_SR1a.root
#	../../../../../postprocessing/root/2016APV_ZH_SR1b.root
#	../../../../../postprocessing/root/2016APV_ZH_SR2a.root
#	../../../../../postprocessing/root/2016APV_ZH_SR2b.root
#	../../../../../postprocessing/root/2016APV_ggF_200_300_CR1.root
#	../../../../../postprocessing/root/2016APV_ggF_200_300_CR2.root
#	../../../../../postprocessing/root/2016APV_ggF_200_300_SR1a.root
#	../../../../../postprocessing/root/2016APV_ggF_200_300_SR1b.root
#	../../../../../postprocessing/root/2016APV_ggF_200_300_SR2a.root
#	../../../../../postprocessing/root/2016APV_ggF_200_300_SR2b.root
#	../../../../../postprocessing/root/2016APV_ggF_300_450_CR1.root
#	../../../../../postprocessing/root/2016APV_ggF_300_450_CR2.root
#	../../../../../postprocessing/root/2016APV_ggF_300_450_SR1a.root
#	../../../../../postprocessing/root/2016APV_ggF_300_450_SR1b.root
#	../../../../../postprocessing/root/2016APV_ggF_300_450_SR2a.root
#	../../../../../postprocessing/root/2016APV_ggF_300_450_SR2b.root
#	../../../../../postprocessing/root/2016APV_ggF_450_Inf_CR1.root
#	../../../../../postprocessing/root/2016APV_ggF_450_Inf_CR2.root
#	../../../../../postprocessing/root/2016APV_ggF_450_Inf_SR1a.root
#	../../../../../postprocessing/root/2016APV_ggF_450_Inf_SR1b.root
#	../../../../../postprocessing/root/2016APV_ggF_450_Inf_SR2a.root
#	../../../../../postprocessing/root/2016APV_ggF_450_Inf_SR2b.root
#	../../../../../postprocessing/root/2016APV_ggF_CR1.root
#	../../../../../postprocessing/root/2016APV_ggF_CR2.root
#	../../../../../postprocessing/root/2016APV_ggF_SR1a.root
#	../../../../../postprocessing/root/2016APV_ggF_SR1b.root
#	../../../../../postprocessing/root/2016APV_ggF_SR2a.root
#	../../../../../postprocessing/root/2016APV_ggF_SR2b.root
#	../../../../../postprocessing/root/2016APV_ttH_CR1.root
#	../../../../../postprocessing/root/2016APV_ttH_CR2.root
#	../../../../../postprocessing/root/2016APV_ttH_SR1a.root
#	../../../../../postprocessing/root/2016APV_ttH_SR1b.root
#	../../../../../postprocessing/root/2016APV_ttH_SR2a.root
#	../../../../../postprocessing/root/2016APV_ttH_SR2b.root
#	../../../../../postprocessing/root/2016_Rest_CR1.root
#	../../../../../postprocessing/root/2016_Rest_CR2.root
#	../../../../../postprocessing/root/2016_Rest_SR1a.root
#	../../../../../postprocessing/root/2016_Rest_SR1b.root
#	../../../../../postprocessing/root/2016_Rest_SR2a.root
#	../../../../../postprocessing/root/2016_Rest_SR2b.root
#	../../../../../postprocessing/root/2016_ST_CR1.root
#	../../../../../postprocessing/root/2016_ST_CR2.root
#	../../../../../postprocessing/root/2016_ST_SR1a.root
#	../../../../../postprocessing/root/2016_ST_SR1b.root
#	../../../../../postprocessing/root/2016_ST_SR2a.root
#	../../../../../postprocessing/root/2016_ST_SR2b.root
#	../../../../../postprocessing/root/2016_TT_CR1.root
#	../../../../../postprocessing/root/2016_TT_CR2.root
#	../../../../../postprocessing/root/2016_TT_SR1a.root
#	../../../../../postprocessing/root/2016_TT_SR1b.root
#	../../../../../postprocessing/root/2016_TT_SR2a.root
#	../../../../../postprocessing/root/2016_TT_SR2b.root
#	../../../../../postprocessing/root/2016_TotalSignal_CR1.root
#	../../../../../postprocessing/root/2016_TotalSignal_CR2.root
#	../../../../../postprocessing/root/2016_TotalSignal_SR1a.root
#	../../../../../postprocessing/root/2016_TotalSignal_SR1b.root
#	../../../../../postprocessing/root/2016_TotalSignal_SR2a.root
#	../../../../../postprocessing/root/2016_TotalSignal_SR2b.root
#	../../../../../postprocessing/root/2016_VBF_CR1.root
#	../../../../../postprocessing/root/2016_VBF_CR2.root
#	../../../../../postprocessing/root/2016_VBF_SR1a.root
#	../../../../../postprocessing/root/2016_VBF_SR1b.root
#	../../../../../postprocessing/root/2016_VBF_SR2a.root
#	../../../../../postprocessing/root/2016_VBF_SR2b.root
#	../../../../../postprocessing/root/2016_WH_CR1.root
#	../../../../../postprocessing/root/2016_WH_CR2.root
#	../../../../../postprocessing/root/2016_WH_SR1a.root
#	../../../../../postprocessing/root/2016_WH_SR1b.root
#	../../../../../postprocessing/root/2016_WH_SR2a.root
#	../../../../../postprocessing/root/2016_WH_SR2b.root
#	../../../../../postprocessing/root/2016_WJets_CR1.root
#	../../../../../postprocessing/root/2016_WJets_CR2.root
#	../../../../../postprocessing/root/2016_WJets_SR1a.root
#	../../../../../postprocessing/root/2016_WJets_SR1b.root
#	../../../../../postprocessing/root/2016_WJets_SR2a.root
#	../../../../../postprocessing/root/2016_WJets_SR2b.root
#	../../../../../postprocessing/root/2016_ZH_CR1.root
#	../../../../../postprocessing/root/2016_ZH_CR2.root
#	../../../../../postprocessing/root/2016_ZH_SR1a.root
#	../../../../../postprocessing/root/2016_ZH_SR1b.root
#	../../../../../postprocessing/root/2016_ZH_SR2a.root
#	../../../../../postprocessing/root/2016_ZH_SR2b.root
#	../../../../../postprocessing/root/2016_ggF_200_300_CR1.root
#	../../../../../postprocessing/root/2016_ggF_200_300_CR2.root
#	../../../../../postprocessing/root/2016_ggF_200_300_SR1a.root
#	../../../../../postprocessing/root/2016_ggF_200_300_SR1b.root
#	../../../../../postprocessing/root/2016_ggF_200_300_SR2a.root
#	../../../../../postprocessing/root/2016_ggF_200_300_SR2b.root
#	../../../../../postprocessing/root/2016_ggF_300_450_CR1.root
#	../../../../../postprocessing/root/2016_ggF_300_450_CR2.root
#	../../../../../postprocessing/root/2016_ggF_300_450_SR1a.root
#	../../../../../postprocessing/root/2016_ggF_300_450_SR1b.root
#	../../../../../postprocessing/root/2016_ggF_300_450_SR2a.root
#	../../../../../postprocessing/root/2016_ggF_300_450_SR2b.root
#	../../../../../postprocessing/root/2016_ggF_450_Inf_CR1.root
#	../../../../../postprocessing/root/2016_ggF_450_Inf_CR2.root
#	../../../../../postprocessing/root/2016_ggF_450_Inf_SR1a.root
#	../../../../../postprocessing/root/2016_ggF_450_Inf_SR1b.root
#	../../../../../postprocessing/root/2016_ggF_450_Inf_SR2a.root
#	../../../../../postprocessing/root/2016_ggF_450_Inf_SR2b.root
#	../../../../../postprocessing/root/2016_ggF_CR1.root
#	../../../../../postprocessing/root/2016_ggF_CR2.root
#	../../../../../postprocessing/root/2016_ggF_SR1a.root
#	../../../../../postprocessing/root/2016_ggF_SR1b.root
#	../../../../../postprocessing/root/2016_ggF_SR2a.root
#	../../../../../postprocessing/root/2016_ggF_SR2b.root
#	../../../../../postprocessing/root/2016_ttH_CR1.root
#	../../../../../postprocessing/root/2016_ttH_CR2.root
#	../../../../../postprocessing/root/2016_ttH_SR1a.root
#	../../../../../postprocessing/root/2016_ttH_SR1b.root
#	../../../../../postprocessing/root/2016_ttH_SR2a.root
#	../../../../../postprocessing/root/2016_ttH_SR2b.root
#	../../../../../postprocessing/root/2017_Rest_CR1.root
#	../../../../../postprocessing/root/2017_Rest_CR2.root
#	../../../../../postprocessing/root/2017_Rest_SR1a.root
#	../../../../../postprocessing/root/2017_Rest_SR1b.root
#	../../../../../postprocessing/root/2017_Rest_SR2a.root
#	../../../../../postprocessing/root/2017_Rest_SR2b.root
#	../../../../../postprocessing/root/2017_ST_CR1.root
#	../../../../../postprocessing/root/2017_ST_CR2.root
#	../../../../../postprocessing/root/2017_ST_SR1a.root
#	../../../../../postprocessing/root/2017_ST_SR1b.root
#	../../../../../postprocessing/root/2017_ST_SR2a.root
#	../../../../../postprocessing/root/2017_ST_SR2b.root
#	../../../../../postprocessing/root/2017_TT_CR1.root
#	../../../../../postprocessing/root/2017_TT_CR2.root
#	../../../../../postprocessing/root/2017_TT_SR1a.root
#	../../../../../postprocessing/root/2017_TT_SR1b.root
#	../../../../../postprocessing/root/2017_TT_SR2a.root
#	../../../../../postprocessing/root/2017_TT_SR2b.root
#	../../../../../postprocessing/root/2017_TotalSignal_CR1.root
#	../../../../../postprocessing/root/2017_TotalSignal_CR2.root
#	../../../../../postprocessing/root/2017_TotalSignal_SR1a.root
#	../../../../../postprocessing/root/2017_TotalSignal_SR1b.root
#	../../../../../postprocessing/root/2017_TotalSignal_SR2a.root
#	../../../../../postprocessing/root/2017_TotalSignal_SR2b.root
#	../../../../../postprocessing/root/2017_VBF_CR1.root
#	../../../../../postprocessing/root/2017_VBF_CR2.root
#	../../../../../postprocessing/root/2017_VBF_SR1a.root
#	../../../../../postprocessing/root/2017_VBF_SR1b.root
#	../../../../../postprocessing/root/2017_VBF_SR2a.root
#	../../../../../postprocessing/root/2017_VBF_SR2b.root
#	../../../../../postprocessing/root/2017_WH_CR1.root
#	../../../../../postprocessing/root/2017_WH_CR2.root
#	../../../../../postprocessing/root/2017_WH_SR1a.root
#	../../../../../postprocessing/root/2017_WH_SR1b.root
#	../../../../../postprocessing/root/2017_WH_SR2a.root
#	../../../../../postprocessing/root/2017_WH_SR2b.root
#	../../../../../postprocessing/root/2017_WJets_CR1.root
#	../../../../../postprocessing/root/2017_WJets_CR2.root
#	../../../../../postprocessing/root/2017_WJets_SR1a.root
#	../../../../../postprocessing/root/2017_WJets_SR1b.root
#	../../../../../postprocessing/root/2017_WJets_SR2a.root
#	../../../../../postprocessing/root/2017_WJets_SR2b.root
#	../../../../../postprocessing/root/2017_ZH_CR1.root
#	../../../../../postprocessing/root/2017_ZH_CR2.root
#	../../../../../postprocessing/root/2017_ZH_SR1a.root
#	../../../../../postprocessing/root/2017_ZH_SR1b.root
#	../../../../../postprocessing/root/2017_ZH_SR2a.root
#	../../../../../postprocessing/root/2017_ZH_SR2b.root
#	../../../../../postprocessing/root/2017_ggF_200_300_CR1.root
#	../../../../../postprocessing/root/2017_ggF_200_300_CR2.root
#	../../../../../postprocessing/root/2017_ggF_200_300_SR1a.root
#	../../../../../postprocessing/root/2017_ggF_200_300_SR1b.root
#	../../../../../postprocessing/root/2017_ggF_200_300_SR2a.root
#	../../../../../postprocessing/root/2017_ggF_200_300_SR2b.root
#	../../../../../postprocessing/root/2017_ggF_300_450_CR1.root
#	../../../../../postprocessing/root/2017_ggF_300_450_CR2.root
#	../../../../../postprocessing/root/2017_ggF_300_450_SR1a.root
#	../../../../../postprocessing/root/2017_ggF_300_450_SR1b.root
#	../../../../../postprocessing/root/2017_ggF_300_450_SR2a.root
#	../../../../../postprocessing/root/2017_ggF_300_450_SR2b.root
#	../../../../../postprocessing/root/2017_ggF_450_Inf_CR1.root
#	../../../../../postprocessing/root/2017_ggF_450_Inf_CR2.root
#	../../../../../postprocessing/root/2017_ggF_450_Inf_SR1a.root
#	../../../../../postprocessing/root/2017_ggF_450_Inf_SR1b.root
#	../../../../../postprocessing/root/2017_ggF_450_Inf_SR2a.root
#	../../../../../postprocessing/root/2017_ggF_450_Inf_SR2b.root
#	../../../../../postprocessing/root/2017_ggF_CR1.root
#	../../../../../postprocessing/root/2017_ggF_CR2.root
#	../../../../../postprocessing/root/2017_ggF_SR1a.root
#	../../../../../postprocessing/root/2017_ggF_SR1b.root
#	../../../../../postprocessing/root/2017_ggF_SR2a.root
#	../../../../../postprocessing/root/2017_ggF_SR2b.root
#	../../../../../postprocessing/root/2017_ttH_CR1.root
#	../../../../../postprocessing/root/2017_ttH_CR2.root
#	../../../../../postprocessing/root/2017_ttH_SR1a.root
#	../../../../../postprocessing/root/2017_ttH_SR1b.root
#	../../../../../postprocessing/root/2017_ttH_SR2a.root
#	../../../../../postprocessing/root/2017_ttH_SR2b.root
#	../../../../../postprocessing/root/2018_Rest_CR1.root
#	../../../../../postprocessing/root/2018_Rest_CR2.root
#	../../../../../postprocessing/root/2018_Rest_SR1a.root
#	../../../../../postprocessing/root/2018_Rest_SR1b.root
#	../../../../../postprocessing/root/2018_Rest_SR2a.root
#	../../../../../postprocessing/root/2018_Rest_SR2b.root
#	../../../../../postprocessing/root/2018_ST_CR1.root
#	../../../../../postprocessing/root/2018_ST_CR2.root
#	../../../../../postprocessing/root/2018_ST_SR1a.root
#	../../../../../postprocessing/root/2018_ST_SR1b.root
#	../../../../../postprocessing/root/2018_ST_SR2a.root
#	../../../../../postprocessing/root/2018_ST_SR2b.root
#	../../../../../postprocessing/root/2018_TT_CR1.root
#	../../../../../postprocessing/root/2018_TT_CR2.root
#	../../../../../postprocessing/root/2018_TT_SR1a.root
#	../../../../../postprocessing/root/2018_TT_SR1b.root
#	../../../../../postprocessing/root/2018_TT_SR2a.root
#	../../../../../postprocessing/root/2018_TT_SR2b.root
#	../../../../../postprocessing/root/2018_TotalSignal_CR1.root
#	../../../../../postprocessing/root/2018_TotalSignal_CR2.root
#	../../../../../postprocessing/root/2018_TotalSignal_SR1a.root
#	../../../../../postprocessing/root/2018_TotalSignal_SR1b.root
#	../../../../../postprocessing/root/2018_TotalSignal_SR2a.root
#	../../../../../postprocessing/root/2018_TotalSignal_SR2b.root
#	../../../../../postprocessing/root/2018_VBF_CR1.root
#	../../../../../postprocessing/root/2018_VBF_CR2.root
#	../../../../../postprocessing/root/2018_VBF_SR1a.root
#	../../../../../postprocessing/root/2018_VBF_SR1b.root
#	../../../../../postprocessing/root/2018_VBF_SR2a.root
#	../../../../../postprocessing/root/2018_VBF_SR2b.root
#	../../../../../postprocessing/root/2018_WH_CR1.root
#	../../../../../postprocessing/root/2018_WH_CR2.root
#	../../../../../postprocessing/root/2018_WH_SR1a.root
#	../../../../../postprocessing/root/2018_WH_SR1b.root
#	../../../../../postprocessing/root/2018_WH_SR2a.root
#	../../../../../postprocessing/root/2018_WH_SR2b.root
#	../../../../../postprocessing/root/2018_WJets_CR1.root
#	../../../../../postprocessing/root/2018_WJets_CR2.root
#	../../../../../postprocessing/root/2018_WJets_SR1a.root
#	../../../../../postprocessing/root/2018_WJets_SR1b.root
#	../../../../../postprocessing/root/2018_WJets_SR2a.root
#	../../../../../postprocessing/root/2018_WJets_SR2b.root
#	../../../../../postprocessing/root/2018_ZH_CR1.root
#	../../../../../postprocessing/root/2018_ZH_CR2.root
#	../../../../../postprocessing/root/2018_ZH_SR1a.root
#	../../../../../postprocessing/root/2018_ZH_SR1b.root
#	../../../../../postprocessing/root/2018_ZH_SR2a.root
#	../../../../../postprocessing/root/2018_ZH_SR2b.root
#	../../../../../postprocessing/root/2018_ggF_200_300_CR1.root
#	../../../../../postprocessing/root/2018_ggF_200_300_CR2.root
#	../../../../../postprocessing/root/2018_ggF_200_300_SR1a.root
#	../../../../../postprocessing/root/2018_ggF_200_300_SR1b.root
#	../../../../../postprocessing/root/2018_ggF_200_300_SR2a.root
#	../../../../../postprocessing/root/2018_ggF_200_300_SR2b.root
#	../../../../../postprocessing/root/2018_ggF_300_450_CR1.root
#	../../../../../postprocessing/root/2018_ggF_300_450_CR2.root
#	../../../../../postprocessing/root/2018_ggF_300_450_SR1a.root
#	../../../../../postprocessing/root/2018_ggF_300_450_SR1b.root
#	../../../../../postprocessing/root/2018_ggF_300_450_SR2a.root
#	../../../../../postprocessing/root/2018_ggF_300_450_SR2b.root
#	../../../../../postprocessing/root/2018_ggF_450_Inf_CR1.root
#	../../../../../postprocessing/root/2018_ggF_450_Inf_CR2.root
#	../../../../../postprocessing/root/2018_ggF_450_Inf_SR1a.root
#	../../../../../postprocessing/root/2018_ggF_450_Inf_SR1b.root
#	../../../../../postprocessing/root/2018_ggF_450_Inf_SR2a.root
#	../../../../../postprocessing/root/2018_ggF_450_Inf_SR2b.root
#	../../../../../postprocessing/root/2018_ggF_CR1.root
#	../../../../../postprocessing/root/2018_ggF_CR2.root
#	../../../../../postprocessing/root/2018_ggF_SR1a.root
#	../../../../../postprocessing/root/2018_ggF_SR1b.root
#	../../../../../postprocessing/root/2018_ggF_SR2a.root
#	../../../../../postprocessing/root/2018_ggF_SR2b.root
#	../../../../../postprocessing/root/2018_perfit_QCD.root
#	../../../../../postprocessing/root/2018_ttH_CR1.root
#	../../../../../postprocessing/root/2018_ttH_CR2.root
#	../../../../../postprocessing/root/2018_ttH_SR1a.root
#	../../../../../postprocessing/root/2018_ttH_SR1b.root
#	../../../../../postprocessing/root/2018_ttH_SR2a.root
#	../../../../../postprocessing/root/2018_ttH_SR2b.root
#	../../../../../postprocessing/root/TT_CR1.root
#	../../../../../postprocessing/root/TT_CR2.root
#	../../../../../postprocessing/root/TT_SR1a.root
#	../../../../../postprocessing/root/ggF_200_300_CR1.root
#	../../../../../postprocessing/root/ggF_200_300_CR2.root
#	../../../../../postprocessing/root/ggF_200_300_SR1a.root
#	../../../../../postprocessing/root/ggF_200_300_SR1b.root
#	../../../../../postprocessing/root/ggF_200_300_SR2a.root
#	../../../../../postprocessing/root/ggF_200_300_SR2b.root
#	../../../../../postprocessing/root/ggF_300_450_CR1.root
#	../../../../../postprocessing/root/ggF_300_450_CR2.root
#	../../../../../postprocessing/root/ggF_300_450_SR1a.root
#	../../../../../postprocessing/root/ggF_300_450_SR1b.root
#	../../../../../postprocessing/root/ggF_300_450_SR2a.root
#	../../../../../postprocessing/root/ggF_300_450_SR2b.root
#	../../../../../postprocessing/root/ggF_450_Inf_CR1.root
#	../../../../../postprocessing/root/ggF_450_Inf_CR2.root
#	../../../../../postprocessing/root/ggF_450_Inf_SR1a.root
#	../../../../../postprocessing/root/ggF_450_Inf_SR1b.root
#	../../../../../postprocessing/root/ggF_450_Inf_SR2a.root
#	../../../../../postprocessing/root/ggF_450_Inf_SR2b.root
#	../../../../../postprocessing/templates/15Jan2025_veto_map/
#	../../../../../postprocessing/templates/20Nov2024_unfold/
#	../../../../../postprocessing/templates/25Jun2024_sig_qcd/
#	../../../../../postprocessing/templates/25Nov2024_unfold/
#	../../../../../postprocessing/templates/28Jan2025_unblind/
#	../../../../../postprocessing/templates_16.ipynb
#	../../../../../postprocessing/templates_16APV.ipynb
#	../../../../../postprocessing/templates_17.ipynb
#	../../../../../postprocessing/templates_18.ipynb
#	../../../../../postprocessing/templates_2.py
#	../../../../../postprocessing/templates_helper.py
#	../../../../../postprocessing/templates_helper_2.py
#	../../../../../postprocessing/templates_unfolding.ipynb
no changes added to commit (use "git add" and/or "git commit -a")
