Arguments: resonant= workspace=0 bfit=0 limits=0 significance=0 dfit=0 gofdata=0 goftoys=0 seed=44 numtoys=40
Start running 0l parameters:
cards args=CR1=./CR1.txt CR1Blinded=./CR1Blinded.txt SR1a=./SR1a.txt SR1aBlinded=./SR1aBlinded.txt SR1b=./SR1b.txt SR1bBlinded=./SR1bBlinded.txt CR2=./CR2.txt CR2Blinded=./CR2Blinded.txt SR2a=./SR2a.txt SR2aBlinded=./SR2aBlinded.txt SR2b=./SR2b.txt SR2bBlinded=./SR2bBlinded.txt 
maskblinded=mask_SR1a=0,mask_SR1b=0,mask_CR1=0,mask_SR1aBlinded=1,mask_SR1bBlinded=1,mask_CR1Blinded=1,mask_SR2a=0,mask_SR2b=0,mask_CR2=0,mask_SR2aBlinded=1,mask_SR2bBlinded=1,mask_CR2Blinded=1
maskunblinded=mask_SR1a=1,mask_SR1b=1,mask_CR1=1,mask_SR1aBlinded=0,mask_SR1bBlinded=0,mask_CR1Blinded=0,mask_SR2a=1,mask_SR2b=1,mask_CR2=1,mask_SR2aBlinded=0,mask_SR2bBlinded=0,mask_CR2Blinded=0
mask args:
mask_SR1a=0,mask_SR1b=0,mask_CR1=0,mask_SR1aBlinded=1,mask_SR1bBlinded=1,mask_CR1Blinded=1,mask_SR2a=0,mask_SR2b=0,mask_CR2=0,mask_SR2aBlinded=1,mask_SR2bBlinded=1,mask_CR2Blinded=1
set params:
CMS_HWW_boosted_tf_dataResidual_CR1_Bin4=0,CMS_HWW_boosted_tf_dataResidual_CR2_Bin4=0,CMS_HWW_boosted_tf_dataResidual_CR1_Bin5=0,CMS_HWW_boosted_tf_dataResidual_CR2_Bin5=0,CMS_HWW_boosted_tf_dataResidual_CR1_Bin6=0,CMS_HWW_boosted_tf_dataResidual_CR2_Bin6=0,CMS_HWW_boosted_tf_dataResidual_CR1_Bin7=0,CMS_HWW_boosted_tf_dataResidual_CR2_Bin7=0,CMS_HWW_boosted_tf_dataResidual_CR1_Bin8=0,CMS_HWW_boosted_tf_dataResidual_CR2_Bin8=0,CMS_HWW_boosted_tf_dataResidual_CR1_Bin9=0,CMS_HWW_boosted_tf_dataResidual_CR2_Bin9=0
freeze params:
CMS_HWW_boosted_tf_dataResidual_CR1_Bin4,CMS_HWW_boosted_tf_dataResidual_CR2_Bin4,CMS_HWW_boosted_tf_dataResidual_CR1_Bin5,CMS_HWW_boosted_tf_dataResidual_CR2_Bin5,CMS_HWW_boosted_tf_dataResidual_CR1_Bin6,CMS_HWW_boosted_tf_dataResidual_CR2_Bin6,CMS_HWW_boosted_tf_dataResidual_CR1_Bin7,CMS_HWW_boosted_tf_dataResidual_CR2_Bin7,CMS_HWW_boosted_tf_dataResidual_CR1_Bin8,CMS_HWW_boosted_tf_dataResidual_CR2_Bin8,CMS_HWW_boosted_tf_dataResidual_CR1_Bin9,CMS_HWW_boosted_tf_dataResidual_CR2_Bin9
unblinded params:
--freezeParameters var{.*_In},var{.*__norm},var{n_exp_.*} --setParameters mask_SR1a=0,mask_SR1b=0,mask_CR1=0,mask_SR1aBlinded=1,mask_SR1bBlinded=1,mask_CR1Blinded=1,mask_SR2a=0,mask_SR2b=0,mask_CR2=0,mask_SR2aBlinded=1,mask_SR2bBlinded=1,mask_CR2Blinded=1
cards args for 0l: CR1=./CR1.txt CR1Blinded=./CR1Blinded.txt SR1a=./SR1a.txt SR1aBlinded=./SR1aBlinded.txt SR1b=./SR1b.txt SR1bBlinded=./SR1bBlinded.txt CR2=./CR2.txt CR2Blinded=./CR2Blinded.txt SR2a=./SR2a.txt SR2aBlinded=./SR2aBlinded.txt SR2b=./SR2b.txt SR2bBlinded=./SR2bBlinded.txt 
maskblinded=mask_SR1a=0,mask_SR1b=0,mask_CR1=0,mask_SR1aBlinded=1,mask_SR1bBlinded=1,mask_CR1Blinded=1,mask_SR2a=0,mask_SR2b=0,mask_CR2=0,mask_SR2aBlinded=1,mask_SR2bBlinded=1,mask_CR2Blinded=1
maskunblinded=mask_SR1a=1,mask_SR1b=1,mask_CR1=1,mask_SR1aBlinded=0,mask_SR1bBlinded=0,mask_CR1Blinded=0,mask_SR2a=1,mask_SR2b=1,mask_CR2=1,mask_SR2aBlinded=0,mask_SR2bBlinded=0,mask_CR2Blinded=0
Start running 1l parameters:
cards args for 1l: VBF=./VBF.txt ggFpt250to350=./ggFpt250to350.txt ggFpt350to500=./ggFpt350to500.txt ggFpt500toInf=./ggFpt500toInf.txt TopCR=./TopCR.txt WJetsCR=./WJetsCR.txt
added 1l parameters:
ccargs_VH:SR1fail2016=./SR1fail2016.txt SR1fail2016APV=./SR1fail2016APV.txt SR1fail2017=./SR1fail2017.txt SR1fail2018=./SR1fail2018.txt SR1pass2016=./SR1pass2016.txt SR1pass2016APV=./SR1pass2016APV.txt SR1pass2017=./SR1pass2017.txt SR1pass2018=./SR1pass2018.txt TopCRfail2016=./TopCRfail2016.txt TopCRfail2016APV=./TopCRfail2016APV.txt TopCRfail2017=./TopCRfail2017.txt TopCRfail2018=./TopCRfail2018.txt TopCRpass2016=./TopCRpass2016.txt TopCRpass2016APV=./TopCRpass2016APV.txt TopCRpass2017=./TopCRpass2017.txt TopCRpass2018=./TopCRpass2018.txt
total cards args=CR1=./CR1.txt CR1Blinded=./CR1Blinded.txt SR1a=./SR1a.txt SR1aBlinded=./SR1aBlinded.txt SR1b=./SR1b.txt SR1bBlinded=./SR1bBlinded.txt CR2=./CR2.txt CR2Blinded=./CR2Blinded.txt SR2a=./SR2a.txt SR2aBlinded=./SR2aBlinded.txt SR2b=./SR2b.txt SR2bBlinded=./SR2bBlinded.txt  VBF=./VBF.txt ggFpt250to350=./ggFpt250to350.txt ggFpt350to500=./ggFpt350to500.txt ggFpt500toInf=./ggFpt500toInf.txt TopCR=./TopCR.txt WJetsCR=./WJetsCR.txt SR1fail2016=./SR1fail2016.txt SR1fail2016APV=./SR1fail2016APV.txt SR1fail2017=./SR1fail2017.txt SR1fail2018=./SR1fail2018.txt SR1pass2016=./SR1pass2016.txt SR1pass2016APV=./SR1pass2016APV.txt SR1pass2017=./SR1pass2017.txt SR1pass2018=./SR1pass2018.txt TopCRfail2016=./TopCRfail2016.txt TopCRfail2016APV=./TopCRfail2016APV.txt TopCRfail2017=./TopCRfail2017.txt TopCRfail2018=./TopCRfail2018.txt TopCRpass2016=./TopCRpass2016.txt TopCRpass2016APV=./TopCRpass2016APV.txt TopCRpass2017=./TopCRpass2017.txt TopCRpass2018=./TopCRpass2018.txt
mask1l=mask_VBF=1,mask_ggFpt250to350=1,mask_ggFpt350to500=1,mask_ggFpt500toInf=1,mask_TopCR=1,mask_WJetsCR=1
un-mask1l=mask_VBF=0,mask_ggFpt250to350=0,mask_ggFpt350to500=0,mask_ggFpt500toInf=0,mask_TopCR=0,mask_WJetsCR=0
maskVH=mask_SR1fail2016=1,mask_SR1fail2016APV=1,mask_SR1fail2017=1,mask_SR1fail2018=1,mask_SR1pass2016=1,mask_SR1pass2016APV=1,mask_SR1pass2017=1,mask_SR1pass2018=1,mask_TopCRfail2016=1,mask_TopCRfail2016APV=1,mask_TopCRfail2017=1,mask_TopCRfail2018=1,mask_TopCRpass2016=1,mask_TopCRpass2016APV=1,mask_TopCRpass2017=1,mask_TopCRpass2018=1
un-maskVH=mask_SR1fail2016=0,mask_SR1fail2016APV=0,mask_SR1fail2017=0,mask_SR1fail2018=0,mask_SR1pass2016=0,mask_SR1pass2016APV=0,mask_SR1pass2017=0,mask_SR1pass2018=0,mask_TopCRfail2016=0,mask_TopCRfail2016APV=0,mask_TopCRfail2017=0,mask_TopCRfail2018=0,mask_TopCRpass2016=0,mask_TopCRpass2016APV=0,mask_TopCRpass2017=0,mask_TopCRpass2018=0
total unblinded para=--freezeParameters var{.*_In},var{.*__norm},var{n_exp_.*} --setParameters mask_SR1a=0,mask_SR1b=0,mask_CR1=0,mask_SR1aBlinded=1,mask_SR1bBlinded=1,mask_CR1Blinded=1,mask_SR2a=0,mask_SR2b=0,mask_CR2=0,mask_SR2aBlinded=1,mask_SR2bBlinded=1,mask_CR2Blinded=1,mask_VBF=0,mask_ggFpt250to350=0,mask_ggFpt350to500=0,mask_ggFpt500toInf=0,mask_TopCR=0,mask_WJetsCR=0,mask_SR1fail2016=0,mask_SR1fail2016APV=0,mask_SR1fail2017=0,mask_SR1fail2018=0,mask_SR1pass2016=0,mask_SR1pass2016APV=0,mask_SR1pass2017=0,mask_SR1pass2018=0,mask_TopCRfail2016=0,mask_TopCRfail2016APV=0,mask_TopCRfail2017=0,mask_TopCRfail2018=0,mask_TopCRpass2016=0,mask_TopCRpass2016APV=0,mask_TopCRpass2017=0,mask_TopCRpass2018=0
Impact scan for CMS_HWW_boosted_tf_dataResidual_CR1_Bin4
 <<< Combine >>> 
>>> random number generator seed is 123456
   Options for Robust Minimizer :: 
        Tolerance  0.1
        Strategy   0
        Type,Algo  Minuit2,Migrad
>>> method used is MultiDimFit
<<< cling interactive line includer >>>: fatal error: module file '/cvmfs/cms.cern.ch/slc7_amd64_gcc900/lcg/root/6.22.08-ljfedo/lib/Tree.pcm' not found: Too many open files
input_line_4:1:2: error: unknown type name 'ifdef'
#ifdef complex
 ^
<<< cling interactive line includer >>>:1:1: error: expected unqualified-id
input_line_5:1:2: error: unknown type name 'ifdef'
#ifdef PI
 ^
<<< cling interactive line includer >>>:1:1: error: expected unqualified-id
input_line_6:1:2: error: unknown type name 'ifdef'
#ifdef ERROR
 ^
<<< cling interactive line includer >>>:1:1: error: expected unqualified-id
input_line_7:2:2: error: unknown type name 'include'
#include "TError.h"
 ^
input_line_7:2:1: error: expected unqualified-id
#include "TError.h"
^
input_line_7:4:2: error: unknown type name 'define'
#define _ClassDefInterp_(name,id,virtual_keyword, overrd) \
 ^
input_line_7:21:7: error: expected ';' after top level declarator
#undef ClassDef
      ^
      ;
input_line_8:1:10: fatal error: 'cling/Interpreter/DynamicLookupRuntimeUniverse.h' file not found
#include "cling/Interpreter/DynamicLookupRuntimeUniverse.h"
         ^~~~~~~~~~~~~~~~~~~~~~~~~~~~~~~~~~~~~~~~~~~~~~~~~~
Error in <TCling::RegisterModule>: Dictionary trigger function for libSmatrix not found
Error in <TCling::RegisterModule>: Dictionary trigger function for libSmatrix_G__Smatrix32 not found
Error in <TCling::RegisterModule>: Dictionary trigger function for libRIO not found
Error in <TCling::RegisterModule>: Dictionary trigger function for libNet not found
Error in <TCling::RegisterModule>: Dictionary trigger function for libTree not found
Error in <TCling::RegisterModule>: Dictionary trigger function for libXMLParser not found
Error in <TCling::RegisterModule>: Dictionary trigger function for libMathMore not found
Error in <TCling::RegisterModule>: Dictionary trigger function for libGenVector not found
Error in <TCling::RegisterModule>: Dictionary trigger function for libGenVector_G__GenVector32 not found
Error in <TCling::RegisterModule>: Dictionary trigger function for libMatrix not found
Error in <TCling::RegisterModule>: Dictionary trigger function for libHist not found
Error in <TCling::RegisterModule>: Dictionary trigger function for libPhysics not found
Error in <TCling::RegisterModule>: Dictionary trigger function for libGraf not found
Error in <TCling::RegisterModule>: Dictionary trigger function for libGpad not found
Error in <TCling::RegisterModule>: Dictionary trigger function for libFoam not found
Error in <TCling::RegisterModule>: Dictionary trigger function for libMinuit not found
Error in <TCling::RegisterModule>: Dictionary trigger function for libRooFitCore not found
Error in <TCling::RegisterModule>: Dictionary trigger function for libRooFit not found
Error in <TCling::RegisterModule>: Dictionary trigger function for libRooStats not found
Error in <TCling::RegisterModule>: Dictionary trigger function for libHistFactory not found
input_line_10:2:2: error: unknown type name 'line'
#line 1 "HiggsAnalysisCombinedLimit_xr dictionary forward declarations' payload"
 ^
HiggsAnalysisCombinedLimit_xr dictionary forward declarations' payload:1:8: error: expected ';' after top level declarator
#pragma clang diagnostic ignored "-Wkeyword-compat"
       ^
       ;
Warning in <TInterpreter::TCling::RegisterModule>: Problems in compiling forward declarations for module HiggsAnalysisCombinedLimit_xr: '
#line 1 "HiggsAnalysisCombinedLimit_xr dictionary forward declarations' payload"
#pragma clang diagnostic ignored "-Wkeyword-compat"
#pragma clang diagnostic ignored "-Wignored-attributes"
#pragma clang diagnostic ignored "-Wreturn-type-c-linkage"
extern int __Cling_AutoLoading_Map;
namespace std{template <typename _Tp> class __attribute__((annotate("$clingAutoload$bits/allocator.h")))  __attribute__((annotate("$clingAutoload$string")))  allocator;
}
namespace std{template <typename _T1, typename _T2> struct __attribute__((annotate("$clingAutoload$bits/stl_pair.h")))  __attribute__((annotate("$clingAutoload$string")))  pair;
}
class __attribute__((annotate(R"ATTRDUMP(transient@@@true)ATTRDUMP"))) __attribute__((annotate(R"ATTRDUMP(A concrete implementation of ProposalFunction, that uniformly samples the parameter space.)ATTRDUMP"))) __attribute__((annotate("$clingAutoload$HiggsAnalysis/CombinedLimit/interface/TestProposal.h")))  TestProposal;
class __attribute__((annotate(R"ATTRDUMP(transient@@@true)ATTRDUMP"))) __attribute__((annotate(R"ATTRDUMP(A concrete implementation of ProposalFunction, that uniformly samples the parameter space.)ATTRDUMP"))) __attribute__((annotate("$clingAutoload$HiggsAnalysis/CombinedLimit/interface/DebugProposal.h")))  DebugProposal;
class __attribute__((annotate(R"ATTRDUMP(PDF constructed from a sum of (non-pdf) functions)ATTRDUMP"))) __attribute__((annotate("$clingAutoload$HiggsAnalysis/CombinedLimit/interface/VerticalInterpPdf.h")))  VerticalInterpPdf;
class __attribute__((annotate("$clingAutoload$HiggsAnalysis/CombinedLimit/interface/VerticalInterpHistPdf.h")))  SimpleCacheSentry;
class __attribute__((annotate("$clingAutoload$HiggsAnalysis/CombinedLimit/interface/VerticalInterpHistPdf.h")))  FastTemplate;
class __attribute__((annotate("$clingAutoload$HiggsAnalysis/CombinedLimit/interface/VerticalInterpHistPdf.h")))  FastHisto;
class __attribute__((annotate("$clingAutoload$HiggsAnalysis/CombinedLimit/interface/VerticalInterpHistPdf.h")))  FastHisto2D;
class __attribute__((annotate("$clingAutoload$HiggsAnalysis/CombinedLimit/interface/VerticalInterpHistPdf.h")))  FastHisto3D;
class __attribute__((annotate("$clingAutoload$HiggsAnalysis/CombinedLimit/interface/VerticalInterpHistPdf.h")))  VerticalInterpHistPdf;
class __attribute__((annotate("$clingAutoload$HiggsAnalysis/CombinedLimit/interface/VerticalInterpHistPdf.h")))  FastVerticalInterpHistPdfBase;
class __attribute__((annotate("$clingAutoload$HiggsAnalysis/CombinedLimit/interface/VerticalInterpHistPdf.h")))  FastVerticalInterpHistPdf;
class __attribute__((annotate("$clingAutoload$HiggsAnalysis/CombinedLimit/interface/VerticalInterpHistPdf.h")))  FastVerticalInterpHistPdf2D;
class __attribute__((annotate("$clingAutoload$HiggsAnalysis/CombinedLimit/interface/VerticalInterpHistPdf.h")))  FastVerticalInterpHistPdf2Base;
class __attribute__((annotate("$clingAutoload$HiggsAnalysis/CombinedLimit/interface/VerticalInterpHistPdf.h")))  FastVerticalInterpHistPdf2;
class __attribute__((annotate("$clingAutoload$HiggsAnalysis/CombinedLimit/interface/VerticalInterpHistPdf.h")))  FastVerticalInterpHistPdf2D2;
class __attribute__((annotate("$clingAutoload$HiggsAnalysis/CombinedLimit/interface/VerticalInterpHistPdf.h")))  FastVerticalInterpHistPdf3D;
class __attribute__((annotate(R"ATTRDUMP(Asymmetric power)ATTRDUMP"))) __attribute__((annotate("$clingAutoload$HiggsAnalysis/CombinedLimit/interface/AsymPow.h")))  AsymPow;
class __attribute__((annotate(R"ATTRDUMP(Asymmetric power)ATTRDUMP"))) __attribute__((annotate("$clingAutoload$HiggsAnalysis/CombinedLimit/interface/AsymQuad.h")))  AsymQuad;
class __attribute__((annotate(R"ATTRDUMP(transient@@@true)ATTRDUMP"))) __attribute__((annotate(R"ATTRDUMP(Make RooDataHist)ATTRDUMP"))) __attribute__((annotate("$clingAutoload$HiggsAnalysis/CombinedLimit/interface/CombDataSetFactory.h")))  CombDataSetFactory;
class __attribute__((annotate("$clingAutoload$HiggsAnalysis/CombinedLimit/interface/TH1Keys.h")))  TH1Keys;
class __attribute__((annotate(R"ATTRDUMP(Variant of RooSimultaneous that can put together binned and unbinned stuff)ATTRDUMP"))) __attribute__((annotate("$clingAutoload$HiggsAnalysis/CombinedLimit/interface/RooSimultaneousOpt.h")))  RooSimultaneousOpt;
class __attribute__((annotate(R"ATTRDUMP(Your description goes here...)ATTRDUMP"))) __attribute__((annotate("$clingAutoload$HiggsAnalysis/CombinedLimit/interface/HZZ4L_RooCTauPdf_1D.h")))  HZZ4L_RooCTauPdf_1D;
class __attribute__((annotate(R"ATTRDUMP(Your description goes here...)ATTRDUMP"))) __attribute__((annotate("$clingAutoload$HiggsAnalysis/CombinedLimit/interface/HZZ4L_RooCTauPdf_1D_Expanded.h")))  HZZ4L_RooCTauPdf_1D_Expanded;
class __attribute__((annotate(R"ATTRDUMP(Your description goes here...)ATTRDUMP"))) __attribute__((annotate("$clingAutoload$HiggsAnalysis/CombinedLimit/interface/HZZ4L_RooCTauPdf_2D.h")))  HZZ4L_RooCTauPdf_2D;
class __attribute__((annotate(R"ATTRDUMP(Your description goes here...)ATTRDUMP"))) __attribute__((annotate("$clingAutoload$HiggsAnalysis/CombinedLimit/interface/HZZ4LRooPdfs.h")))  RooqqZZPdf;
class __attribute__((annotate(R"ATTRDUMP(Your description goes here...)ATTRDUMP"))) __attribute__((annotate("$clingAutoload$HiggsAnalysis/CombinedLimit/interface/HZZ4LRooPdfs.h")))  RooggZZPdf;
class __attribute__((annotate(R"ATTRDUMP(Your description goes here...)ATTRDUMP"))) __attribute__((annotate("$clingAutoload$HiggsAnalysis/CombinedLimit/interface/HZZ4LRooPdfs.h")))  RooqqZZPdf_v2;
class __attribute__((annotate(R"ATTRDUMP(Your description goes here...)ATTRDUMP"))) __attribute__((annotate("$clingAutoload$HiggsAnalysis/CombinedLimit/interface/HZZ4LRooPdfs.h")))  RooVBFZZPdf;
class __attribute__((annotate(R"ATTRDUMP(Your description goes here...)ATTRDUMP"))) __attribute__((annotate("$clingAutoload$HiggsAnalysis/CombinedLimit/interface/HZZ4LRooPdfs.h")))  RooVBFZZPdf_v2;
class __attribute__((annotate(R"ATTRDUMP(Your description goes here...)ATTRDUMP"))) __attribute__((annotate("$clingAutoload$HiggsAnalysis/CombinedLimit/interface/HZZ4LRooPdfs.h")))  RooggZZPdf_v2;
class __attribute__((annotate("$clingAutoload$HiggsAnalysis/CombinedLimit/interface/HZZ4LRooPdfs.h")))  RooBetaFunc_v2;
class __attribute__((annotate("$clingAutoload$HiggsAnalysis/CombinedLimit/interface/HZZ4LRooPdfs.h")))  Roo4lMasses2D_Bkg;
class __attribute__((annotate("$clingAutoload$HiggsAnalysis/CombinedLimit/interface/HZZ4LRooPdfs.h")))  Roo4lMasses2D_BkgGGZZ;
class __attribute__((annotate("$clingAutoload$HiggsAnalysis/CombinedLimit/interface/HZZ4LRooPdfs.h")))  Roo4lMasses2D;
class __attribute__((annotate(R"ATTRDUMP(Your description goes here...)ATTRDUMP"))) __attribute__((annotate("$clingAutoload$HiggsAnalysis/CombinedLimit/interface/HZZ4LRooPdfs.h")))  RooFourMuMassShapePdf2;
class __attribute__((annotate(R"ATTRDUMP(Your description goes here...)ATTRDUMP"))) __attribute__((annotate("$clingAutoload$HiggsAnalysis/CombinedLimit/interface/HZZ4LRooPdfs.h")))  RooFourEMassShapePdf2;
class __attribute__((annotate(R"ATTRDUMP(Your description goes here...)ATTRDUMP"))) __attribute__((annotate("$clingAutoload$HiggsAnalysis/CombinedLimit/interface/HZZ4LRooPdfs.h")))  RooTwoETwoMuMassShapePdf2;
class __attribute__((annotate(R"ATTRDUMP(Your description goes here...)ATTRDUMP"))) __attribute__((annotate("$clingAutoload$HiggsAnalysis/CombinedLimit/interface/HZZ4LRooPdfs.h")))  RooFourMuMassRes;
class __attribute__((annotate(R"ATTRDUMP(Your description goes here...)ATTRDUMP"))) __attribute__((annotate("$clingAutoload$HiggsAnalysis/CombinedLimit/interface/HZZ4LRooPdfs.h")))  RooFourEMassRes;
class __attribute__((annotate(R"ATTRDUMP(Your description goes here...)ATTRDUMP"))) __attribute__((annotate("$clingAutoload$HiggsAnalysis/CombinedLimit/interface/HZZ4LRooPdfs.h")))  RooTwoETwoMuMassRes;
class __attribute__((annotate(R"ATTRDUMP(Your description goes here...)ATTRDUMP"))) __attribute__((annotate("$clingAutoload$HiggsAnalysis/CombinedLimit/interface/HZZ4LRooPdfs.h")))  RooRelBW1;
class __attribute__((annotate(R"ATTRDUMP(Your description goes here...)ATTRDUMP"))) __attribute__((annotate("$clingAutoload$HiggsAnalysis/CombinedLimit/interface/HZZ4LRooPdfs.h")))  RooRelBWUF;
class __attribute__((annotate(R"ATTRDUMP(Your description goes here...)ATTRDUMP"))) __attribute__((annotate("$clingAutoload$HiggsAnalysis/CombinedLimit/interface/HZZ4LRooPdfs.h")))  RooRelBWUF_SM4;
class __attribute__((annotate(R"ATTRDUMP(Your description goes here...)ATTRDUMP"))) __attribute__((annotate("$clingAutoload$HiggsAnalysis/CombinedLimit/interface/HZZ4LRooPdfs.h")))  RooRelBWUFParamWidth;
class __attribute__((annotate(R"ATTRDUMP(Your description goes here...)ATTRDUMP"))) __attribute__((annotate("$clingAutoload$HiggsAnalysis/CombinedLimit/interface/HZZ4LRooPdfs.h")))  RooRelBWUFParam;
class __attribute__((annotate(R"ATTRDUMP(Your description goes here...)ATTRDUMP"))) __attribute__((annotate("$clingAutoload$HiggsAnalysis/CombinedLimit/interface/HZZ4LRooPdfs.h")))  RooRelBWHighMass;
class __attribute__((annotate(R"ATTRDUMP(Your description goes here...)ATTRDUMP"))) __attribute__((annotate("$clingAutoload$HiggsAnalysis/CombinedLimit/interface/HZZ4LRooPdfs.h")))  RooTsallis;
class __attribute__((annotate("$clingAutoload$HiggsAnalysis/CombinedLimit/interface/HZZ4LRooPdfs.h")))  RooaDoubleCBxBW;
class __attribute__((annotate("$clingAutoload$HiggsAnalysis/CombinedLimit/interface/HZZ4LRooPdfs.h")))  RooCPSHighMassGGH;
class __attribute__((annotate("$clingAutoload$HiggsAnalysis/CombinedLimit/interface/HZZ4LRooPdfs.h")))  RooBWHighMassGGH;
class __attribute__((annotate("$clingAutoload$HiggsAnalysis/CombinedLimit/interface/HZZ4LRooPdfs.h")))  RooCPSHighMassGGHNoInterf;
class __attribute__((annotate("$clingAutoload$HiggsAnalysis/CombinedLimit/interface/HZZ4LRooPdfs.h")))  RooCPSHighMassVBF;
class __attribute__((annotate("$clingAutoload$HiggsAnalysis/CombinedLimit/interface/HZZ4LRooPdfs.h")))  RooCPSHighMassVBFNoInterf;
class __attribute__((annotate(R"ATTRDUMP(Your description goes here...)ATTRDUMP"))) __attribute__((annotate("$clingAutoload$HiggsAnalysis/CombinedLimit/interface/HZZ4LRooPdfs.h")))  RooSigPlusInt;
class __attribute__((annotate(R"ATTRDUMP(Your description goes here...)ATTRDUMP"))) __attribute__((annotate("$clingAutoload$HiggsAnalysis/CombinedLimit/interface/HWWLVJRooPdfs.h")))  RooErfExpPdf;
class __attribute__((annotate("$clingAutoload$HiggsAnalysis/CombinedLimit/interface/HWWLVJRooPdfs.h")))  RooAlpha;
class __attribute__((annotate("$clingAutoload$HiggsAnalysis/CombinedLimit/interface/HWWLVJRooPdfs.h")))  RooAlphaExp;
class __attribute__((annotate(R"ATTRDUMP(Your description goes here...)ATTRDUMP"))) __attribute__((annotate("$clingAutoload$HiggsAnalysis/CombinedLimit/interface/HWWLVJRooPdfs.h")))  RooBWRunPdf;
class __attribute__((annotate(R"ATTRDUMP(Your description goes here...)ATTRDUMP"))) __attribute__((annotate("$clingAutoload$HiggsAnalysis/CombinedLimit/interface/HWWLVJRooPdfs.h")))  RooErfPow2Pdf;
class __attribute__((annotate(R"ATTRDUMP(Your description goes here...)ATTRDUMP"))) __attribute__((annotate("$clingAutoload$HiggsAnalysis/CombinedLimit/interface/HWWLVJRooPdfs.h")))  RooAlpha4ErfPow2Pdf;
class __attribute__((annotate(R"ATTRDUMP(Your description goes here...)ATTRDUMP"))) __attribute__((annotate("$clingAutoload$HiggsAnalysis/CombinedLimit/interface/HWWLVJRooPdfs.h")))  RooErfPowExpPdf;
class __attribute__((annotate(R"ATTRDUMP(Your description goes here...)ATTRDUMP"))) __attribute__((annotate("$clingAutoload$HiggsAnalysis/CombinedLimit/interface/HWWLVJRooPdfs.h")))  RooAlpha4ErfPowExpPdf;
class __attribute__((annotate(R"ATTRDUMP(Your description goes here...)ATTRDUMP"))) __attribute__((annotate("$clingAutoload$HiggsAnalysis/CombinedLimit/interface/HWWLVJRooPdfs.h")))  RooGausExpPdf;
class __attribute__((annotate(R"ATTRDUMP(Your description goes here...)ATTRDUMP"))) __attribute__((annotate("$clingAutoload$HiggsAnalysis/CombinedLimit/interface/HWWLVJRooPdfs.h")))  RooAlpha4GausExpPdf;
class __attribute__((annotate(R"ATTRDUMP(Your description goes here...)ATTRDUMP"))) __attribute__((annotate("$clingAutoload$HiggsAnalysis/CombinedLimit/interface/HWWLVJRooPdfs.h")))  RooErfPowPdf;
class __attribute__((annotate(R"ATTRDUMP(Your description goes here...)ATTRDUMP"))) __attribute__((annotate("$clingAutoload$HiggsAnalysis/CombinedLimit/interface/HWWLVJRooPdfs.h")))  RooAlpha4ErfPowPdf;
class __attribute__((annotate(R"ATTRDUMP(Your description goes here...)ATTRDUMP"))) __attribute__((annotate("$clingAutoload$HiggsAnalysis/CombinedLimit/interface/HWWLVJRooPdfs.h")))  RooPow2Pdf;
class __attribute__((annotate(R"ATTRDUMP(Your description goes here...)ATTRDUMP"))) __attribute__((annotate("$clingAutoload$HiggsAnalysis/CombinedLimit/interface/HWWLVJRooPdfs.h")))  RooPowPdf;
class __attribute__((annotate(R"ATTRDUMP(Your description goes here...)ATTRDUMP"))) __attribute__((annotate("$clingAutoload$HiggsAnalysis/CombinedLimit/interface/HWWLVJRooPdfs.h")))  RooQCDPdf;
class __attribute__((annotate(R"ATTRDUMP(Your description goes here...)ATTRDUMP"))) __attribute__((annotate("$clingAutoload$HiggsAnalysis/CombinedLimit/interface/HWWLVJRooPdfs.h")))  RooUser1Pdf;
class __attribute__((annotate(R"ATTRDUMP(Your description goes here...)ATTRDUMP"))) __attribute__((annotate("$clingAutoload$HiggsAnalysis/CombinedLimit/interface/HWWLVJRooPdfs.h")))  RooExpNPdf;
class __attribute__((annotate(R"ATTRDUMP(Your description goes here...)ATTRDUMP"))) __attribute__((annotate("$clingAutoload$HiggsAnalysis/CombinedLimit/interface/HWWLVJRooPdfs.h")))  RooAlpha4ExpNPdf;
class __attribute__((annotate(R"ATTRDUMP(Your description goes here...)ATTRDUMP"))) __attribute__((annotate("$clingAutoload$HiggsAnalysis/CombinedLimit/interface/HWWLVJRooPdfs.h")))  RooExpTailPdf;
class __attribute__((annotate(R"ATTRDUMP(Your description goes here...)ATTRDUMP"))) __attribute__((annotate("$clingAutoload$HiggsAnalysis/CombinedLimit/interface/HWWLVJRooPdfs.h")))  RooAlpha4ExpTailPdf;
class __attribute__((annotate(R"ATTRDUMP(Your description goes here...)ATTRDUMP"))) __attribute__((annotate("$clingAutoload$HiggsAnalysis/CombinedLimit/interface/HWWLVJRooPdfs.h")))  Roo2ExpPdf;
class __attribute__((annotate(R"ATTRDUMP(Your description goes here...)ATTRDUMP"))) __attribute__((annotate("$clingAutoload$HiggsAnalysis/CombinedLimit/interface/HWWLVJRooPdfs.h")))  RooAlpha42ExpPdf;
class __attribute__((annotate(R"ATTRDUMP(Your description goes here...)ATTRDUMP"))) __attribute__((annotate("$clingAutoload$HiggsAnalysis/CombinedLimit/interface/HWWLVJRooPdfs.h")))  RooAnaExpNPdf;
class __attribute__((annotate("$clingAutoload$HiggsAnalysis/CombinedLimit/interface/HWWLVJRooPdfs.h")))  RooDoubleCrystalBall;
class __attribute__((annotate("$clingAutoload$HiggsAnalysis/CombinedLimit/interface/HZZ2L2QRooPdfs.h")))  RooCB;
class __attribute__((annotate("$clingAutoload$HiggsAnalysis/CombinedLimit/interface/HZZ2L2QRooPdfs.h")))  RooDoubleCB;
class __attribute__((annotate("$clingAutoload$HiggsAnalysis/CombinedLimit/interface/HZZ2L2QRooPdfs.h")))  RooFermi;
class __attribute__((annotate("$clingAutoload$HiggsAnalysis/CombinedLimit/interface/HZZ2L2QRooPdfs.h")))  RooRelBW;
class __attribute__((annotate("$clingAutoload$HiggsAnalysis/CombinedLimit/interface/HZZ2L2QRooPdfs.h")))  Triangle;
class __attribute__((annotate("$clingAutoload$HiggsAnalysis/CombinedLimit/interface/HZZ2L2QRooPdfs.h")))  RooLevelledExp;
class __attribute__((annotate(R"ATTRDUMP(Exponential PDF)ATTRDUMP"))) __attribute__((annotate("$clingAutoload$HiggsAnalysis/CombinedLimit/interface/HGGRooPdfs.h")))  RooPower;
class __attribute__((annotate(R"ATTRDUMP(Bernstein polynomial PDF with step function)ATTRDUMP"))) __attribute__((annotate("$clingAutoload$HiggsAnalysis/CombinedLimit/interface/HZGRooPdfs.h")))  RooStepBernstein;
class __attribute__((annotate(R"ATTRDUMP(Bernstein polynomial PDF with step function convoluted with gaussian)ATTRDUMP"))) __attribute__((annotate("$clingAutoload$HiggsAnalysis/CombinedLimit/interface/HZGRooPdfs.h")))  RooGaussStepBernstein;
namespace cmsmath{class __attribute__((annotate(R"ATTRDUMP(transient@@@true)ATTRDUMP"))) __attribute__((annotate("$clingAutoload$HiggsAnalysis/CombinedLimit/interface/SequentialMinimizer.h")))  SequentialMinimizer;}
class __attribute__((annotate(R"ATTRDUMP(Process normalization interpolator)ATTRDUMP"))) __attribute__((annotate("$clingAutoload$HiggsAnalysis/CombinedLimit/interface/ProcessNormalization.h")))  ProcessNormalization;
class __attribute__((annotate(R"ATTRDUMP(PDF constructed from a sum of (non-pdf) functions)ATTRDUMP"))) __attribute__((annotate("$clingAutoload$HiggsAnalysis/CombinedLimit/interface/RooRealFlooredSumPdf.h")))  RooRealFlooredSumPdf;
class __attribute__((annotate(R"ATTRDUMP(Smooth interpolation)ATTRDUMP"))) __attribute__((annotate("$clingAutoload$HiggsAnalysis/CombinedLimit/interface/RooSpline1D.h")))  RooSpline1D;
class __attribute__((annotate("$clingAutoload$HiggsAnalysis/CombinedLimit/interface/RooSplineND.h")))  RooSplineND;
class __attribute__((annotate("$clingAutoload$HiggsAnalysis/CombinedLimit/interface/RooScaleLOSM.h")))  RooScaleLOSM;
class __attribute__((annotate("$clingAutoload$HiggsAnalysis/CombinedLimit/interface/RooScaleLOSM.h")))  RooScaleHGamGamLOSM;
class __attribute__((annotate("$clingAutoload$HiggsAnalysis/CombinedLimit/interface/RooScaleLOSM.h")))  RooScaleHGluGluLOSM;
class __attribute__((annotate("$clingAutoload$HiggsAnalysis/CombinedLimit/interface/RooScaleLOSM.h")))  RooScaleHGamGamLOSMPlusX;
class __attribute__((annotate("$clingAutoload$HiggsAnalysis/CombinedLimit/interface/RooScaleLOSM.h")))  RooScaleHGluGluLOSMPlusX;
class __attribute__((annotate(R"ATTRDUMP(Multi PDF)ATTRDUMP"))) __attribute__((annotate("$clingAutoload$HiggsAnalysis/CombinedLimit/interface/RooMultiPdf.h")))  RooMultiPdf;
template <int N> class __attribute__((annotate("$clingAutoload$HiggsAnalysis/CombinedLimit/interface/RooBernsteinFast.h")))  RooBernsteinFast;

class __attribute__((annotate(R"ATTRDUMP(Gaussian PDF with fast log)ATTRDUMP"))) __attribute__((annotate("$clingAutoload$HiggsAnalysis/CombinedLimit/interface/SimpleGaussianConstraint.h")))  SimpleGaussianConstraint;
class __attribute__((annotate(R"ATTRDUMP(Poisson PDF with fast log)ATTRDUMP"))) __attribute__((annotate("$clingAutoload$HiggsAnalysis/CombinedLimit/interface/SimplePoissonConstraint.h")))  SimplePoissonConstraint;
class __attribute__((annotate(R"ATTRDUMP(transient@@@true)ATTRDUMP"))) __attribute__((annotate(R"ATTRDUMP(group of constraints)ATTRDUMP"))) __attribute__((annotate("$clingAutoload$HiggsAnalysis/CombinedLimit/interface/SimpleConstraintGroup.h")))  SimpleConstraintGroup;
namespace RooStats{namespace HistFactory{class __attribute__((annotate(R"ATTRDUMP(Uniform B-Spline)ATTRDUMP"))) __attribute__((annotate("$clingAutoload$HiggsAnalysis/CombinedLimit/interface/AtlasPdfs.h")))  RooBSplineBases;}}
namespace RooStats{namespace HistFactory{class __attribute__((annotate(R"ATTRDUMP(Uniform B-Spline)ATTRDUMP"))) __attribute__((annotate("$clingAutoload$HiggsAnalysis/CombinedLimit/interface/AtlasPdfs.h")))  RooBSpline;}}
class __attribute__((annotate(R"ATTRDUMP(One-dimensional non-parametric kernel estimation p.d.f.)ATTRDUMP"))) __attribute__((annotate("$clingAutoload$HiggsAnalysis/CombinedLimit/interface/AtlasPdfs.h")))  RooParamKeysPdf;
class __attribute__((annotate(R"ATTRDUMP(Your description goes here...)ATTRDUMP"))) __attribute__((annotate("$clingAutoload$HiggsAnalysis/CombinedLimit/interface/AtlasPdfs.h")))  RooStarMomentMorph;
template <typename U> class __attribute__((annotate("$clingAutoload$HiggsAnalysis/CombinedLimit/interface/FastTemplateFunc.h")))  FastHistoAxis_t;

template <typename T> class __attribute__((annotate("$clingAutoload$HiggsAnalysis/CombinedLimit/interface/FastTemplateFunc.h")))  FastTemplate_t;

typedef double Double_t __attribute__((annotate("$clingAutoload$RtypesCore.h"))) ;
template <typename T, typename U = Double_t> class __attribute__((annotate("$clingAutoload$HiggsAnalysis/CombinedLimit/interface/FastTemplateFunc.h")))  FastHisto_t;

template <typename T, typename U = Double_t> class __attribute__((annotate("$clingAutoload$HiggsAnalysis/CombinedLimit/interface/FastTemplateFunc.h")))  FastHisto2D_t;

template <typename T, typename U = Double_t> class __attribute__((annotate("$clingAutoload$HiggsAnalysis/CombinedLimit/interface/FastTemplateFunc.h")))  FastHisto3D_t;

template <typename T> class __attribute__((annotate("$clingAutoload$HiggsAnalysis/CombinedLimit/interface/FastTemplateFunc.h")))  FastTemplateFunc_t;

template <typename T, typename U = Double_t> class __attribute__((annotate("$clingAutoload$HiggsAnalysis/CombinedLimit/interface/FastTemplateFunc.h")))  FastHistoFunc_t;

template <typename T, typename U = Double_t> class __attribute__((annotate("$clingAutoload$HiggsAnalysis/CombinedLimit/interface/FastTemplateFunc.h")))  FastHisto2DFunc_t;

template <typename T, typename U = Double_t> class __attribute__((annotate("$clingAutoload$HiggsAnalysis/CombinedLimit/interface/FastTemplateFunc.h")))  FastHisto3DFunc_t;

class __attribute__((annotate(R"ATTRDUMP(Your description goes here...)ATTRDUMP"))) __attribute__((annotate("$clingAutoload$HiggsAnalysis/CombinedLimit/interface/HZZ4L_RooSpinZeroPdf.h")))  HZZ4L_RooSpinZeroPdf;
class __attribute__((annotate(R"ATTRDUMP(Your description goes here...)ATTRDUMP"))) __attribute__((annotate("$clingAutoload$HiggsAnalysis/CombinedLimit/interface/HZZ4L_RooSpinZeroPdf_1D.h")))  HZZ4L_RooSpinZeroPdf_1D;
class __attribute__((annotate(R"ATTRDUMP(Your description goes here...)ATTRDUMP"))) __attribute__((annotate("$clingAutoload$HiggsAnalysis/CombinedLimit/interface/HZZ4L_RooSpinZeroPdf_2D.h")))  HZZ4L_RooSpinZeroPdf_2D;
class __attribute__((annotate(R"ATTRDUMP(Your description goes here...)ATTRDUMP"))) __attribute__((annotate("$clingAutoload$HiggsAnalysis/CombinedLimit/interface/HZZ4L_RooSpinZeroPdf_phase.h")))  HZZ4L_RooSpinZeroPdf_phase;
class __attribute__((annotate(R"ATTRDUMP(Your description goes here...)ATTRDUMP"))) __attribute__((annotate("$clingAutoload$HiggsAnalysis/CombinedLimit/interface/VBFHZZ4L_RooSpinZeroPdf.h")))  VBFHZZ4L_RooSpinZeroPdf;
class __attribute__((annotate("$clingAutoload$HiggsAnalysis/CombinedLimit/interface/VBFHZZ4L_RooSpinZeroPdf_fast.h")))  VBFHZZ4L_RooSpinZeroPdf_fast;
class __attribute__((annotate("$clingAutoload$HiggsAnalysis/CombinedLimit/interface/HZZ4L_RooSpinZeroPdf_1D_fast.h")))  HZZ4L_RooSpinZeroPdf_1D_fast;
class __attribute__((annotate("$clingAutoload$HiggsAnalysis/CombinedLimit/interface/HZZ4L_RooSpinZeroPdf_2D_fast.h")))  HZZ4L_RooSpinZeroPdf_2D_fast;
class __attribute__((annotate("$clingAutoload$HiggsAnalysis/CombinedLimit/interface/HZZ4L_RooSpinZeroPdf_phase_fast.h")))  HZZ4L_RooSpinZeroPdf_phase_fast;
class __attribute__((annotate("$clingAutoload$HiggsAnalysis/CombinedLimit/interface/VVHZZ4L_RooSpinZeroPdf_1D_fast.h")))  VVHZZ4L_RooSpinZeroPdf_1D_fast;
class __attribute__((annotate(R"ATTRDUMP(Chebyshev polynomial implementation.)ATTRDUMP"))) __attribute__((annotate("$clingAutoload$HiggsAnalysis/CombinedLimit/interface/HWWLVJJRooPdfs.h")))  RooChebyshevPDF;
class __attribute__((annotate(R"ATTRDUMP(Your description goes here...)ATTRDUMP"))) __attribute__((annotate("$clingAutoload$HiggsAnalysis/CombinedLimit/interface/HWWLVJJRooPdfs.h")))  RooErfPdf;
class __attribute__((annotate(R"ATTRDUMP(Your description goes here...)ATTRDUMP"))) __attribute__((annotate("$clingAutoload$HiggsAnalysis/CombinedLimit/interface/HWWLVJJRooPdfs.h")))  RooPowerExpPdf;
class __attribute__((annotate(R"ATTRDUMP(Your0.300000    +0.40190  -0.57394    0.300000
0.600000    +0.11985  +0.40190    0.300000
0.900000    -0.36375  +0.11985    0.300000
0.690000    -0.00238  -0.36375    0.090000
0.627000    +0.08571  -0.00238    0.027000
0.654000    +0.04950  +0.08571    0.027000
0.681000    +0.01130  +0.04950    0.027000
0.708000    -0.02880  +0.01130    0.027000
0.689100    -0.00077  -0.02880    0.008100
0.683430    +0.00780  -0.00077    0.002430
0.685860    +0.00421  +0.00780    0.002430
0.688290    +0.00057  +0.00421    0.002430
0.690720    -0.00312  +0.00057    0.002430
0.689019    -0.00053  -0.00312    0.000729
0.688509    +0.00025  -0.00053    0.000219
Searching for crossing at nll = 0.494473 in the interval 0, -10
      CMS_HWW_boosted_tf_dataResidual_CR1_Bin4      lvl-here  lvl-there   stepping
-1.000000    -0.36951  +0.49447    -1.000000
-0.300000    +0.40790  -0.36951    -0.300000
-0.600000    +0.16228  +0.40790    -0.300000
-0.900000    -0.21417  +0.16228    -0.300000
-0.690000    +0.06468  -0.21417    -0.090000
-0.780000    -0.04800  +0.06468    -0.090000
-0.717000    +0.03227  -0.04800    -0.027000
-0.744000    -0.00145  +0.03227    -0.027000
-0.725100    +0.02215  -0.00145    -0.008100
-0.733200    +0.01250  +0.02215    -0.008100
-0.741300    +0.00211  +0.01250    -0.008100
-0.749400    -0.00848  +0.00211    -0.008100
-0.743730    -0.00097  -0.00848    -0.002430
-0.742029    +0.00120  -0.00097    -0.000729
-0.742758    +0.00031  +0.00120    -0.000729

 --- MultiDimFit ---
Parameter impacts: 
  Parameter                                :   Best-fit               r            
  CMS_HWW_boosted_tf_dataResidual_CR1_Bin4 :   +0.000  -0.742/+0.689  -0.034/+0.048
Done in 6.19 min (cpu), 21.32 min (real)
Printing Message Summary From ... combine_logger.out
----------------------------------------------
Messages of type INFO : 934
Messages of type DEBUG : 0
Messages of type ERROR : 0
----------------------------------------------
INFO: (function: applyOptionsBase) FitterAlgoBase.cc: 113 -- Setting robust fit options to Tolerance=0.1 / Strategy=0 / Type,Algo=Minuit2,Migrad (note that defaults of CascadeMinimizer were taken where option not specified)
INFO: (function: run) Combine.cc: 676 -- Set floating the following parameters: 
INFO: (function: run) Combine.cc: 679  CMS_HWW_boosted_tf_dataResidual_CR1_Bin4 
INFO: (function: run) Combine.cc: 679  CMS_HWW_boosted_tf_dataResidual_CR2_Bin4 
INFO: (function: run) Combine.cc: 679  CMS_HWW_boosted_tf_dataResidual_CR1_Bin5 
INFO: (function: run) Combine.cc: 679  CMS_HWW_boosted_tf_dataResidual_CR2_Bin5 
INFO: (function: run) Combine.cc: 679  CMS_HWW_boosted_tf_dataResidual_CR1_Bin6 
INFO: (function: run) Combine.cc: 679  CMS_HWW_boosted_tf_dataResidual_CR2_Bin6 
INFO: (function: run) Combine.cc: 679  CMS_HWW_boosted_tf_dataResidual_CR1_Bin7 
INFO: (function: run) Combine.cc: 679  CMS_HWW_boosted_tf_dataResidual_CR2_Bin7 
INFO: (function: run) Combine.cc: 679  CMS_HWW_boosted_tf_dataResidual_CR1_Bin8 
INFO: (function: run) Combine.cc: 679  CMS_HWW_boosted_tf_dataResidual_CR2_Bin8 
INFO: (function: run) Combine.cc: 679  CMS_HWW_boosted_tf_dataResidual_CR1_Bin9 
INFO: (function: run) Combine.cc: 679  CMS_HWW_boosted_tf_dataResidual_CR2_Bin9 
INFO: (function: run) Combine.cc: 712 -- Freezing the following parameters: 
INFO: (function: run) Combine.cc: 715  BR_hww_In 
INFO: (function: run) Combine.cc: 715  CMS_HWW_FakeRate_EWK_SF_flavor_uncertainty_In 
INFO: (function: run) Combine.cc: 715  CMS_HWW_boosted_CR1_mcstat_bin0_In 
INFO: (function: run) Combine.cc: 715  CMS_HWW_boosted_CR1_mcstat_bin1_In 
INFO: (function: run) Combine.cc: 715  CMS_HWW_boosted_CR1_mcstat_bin10_In 
INFO: (function: run) Combine.cc: 715  CMS_HWW_boosted_CR1_mcstat_bin11_In 
INFO: (function: run) Combine.cc: 715  CMS_HWW_boosted_CR1_mcstat_bin12_In 
INFO: (function: run) Combine.cc: 715  CMS_HWW_boosted_CR1_mcstat_bin13_In 
INFO: (function: run) Combine.cc: 715  CMS_HWW_boosted_CR1_mcstat_bin14_In 
INFO: (function: run) Combine.cc: 715  CMS_HWW_boosted_CR1_mcstat_bin15_In 
INFO: (function: run) Combine.cc: 715  CMS_HWW_boosted_CR1_mcstat_bin16_In 
INFO: (function: run) Combine.cc: 715  CMS_HWW_boosted_CR1_mcstat_bin17_In 
INFO: (function: run) Combine.cc: 715  CMS_HWW_boosted_CR1_mcstat_bin18_In 
INFO: (function: run) Combine.cc: 715  CMS_HWW_boosted_CR1_mcstat_bin19_In 
INFO: (function: run) Combine.cc: 715  CMS_HWW_boosted_CR1_mcstat_bin2_In 
INFO: (function: run) Combine.cc: 715  CMS_HWW_boosted_CR1_mcstat_bin3_In 
INFO: (function: run) Combine.cc: 715  CMS_HWW_boosted_CR1_mcstat_bin4_In 
INFO: (function: run) Combine.cc: 715  CMS_HWW_boosted_CR1_mcstat_bin5_In 
INFO: (function: run) Combine.cc: 715  CMS_HWW_boosted_CR1_mcstat_bin6_In 
INFO: (function: run) Combine.cc: 715  CMS_HWW_boosted_CR1_mcstat_bin7_In 
INFO: (function: run) Combine.cc: 715  CMS_HWW_boosted_CR1_mcstat_bin8_In 
INFO: (function: run) Combine.cc: 715  CMS_HWW_boosted_CR1_mcstat_bin9_In 
INFO: (function: run) Combine.cc: 715  CMS_HWW_boosted_CR2_mcstat_bin0_In 
INFO: (function: run) Combine.cc: 715  CMS_HWW_boosted_CR2_mcstat_bin1_In 
INFO: (function: run) Combine.cc: 715  CMS_HWW_boosted_CR2_mcstat_bin10_In 
INFO: (function: run) Combine.cc: 715  CMS_HWW_boosted_CR2_mcstat_bin11_In 
INFO: (function: run) Combine.cc: 715  CMS_HWW_boosted_CR2_mcstat_bin12_In 
INFO: (function: run) Combine.cc: 715  CMS_HWW_boosted_CR2_mcstat_bin13_In 
INFO: (function: run) Combine.cc: 715  CMS_HWW_boosted_CR2_mcstat_bin14_In 
INFO: (function: run) Combine.cc: 715  CMS_HWW_boosted_CR2_mcstat_bin15_In 
INFO: (function: run) Combine.cc: 715  CMS_HWW_boosted_CR2_mcstat_bin16_In 
INFO: (function: run) Combine.cc: 715  CMS_HWW_boosted_CR2_mcstat_bin17_In 
INFO: (function: run) Combine.cc: 715  CMS_HWW_boosted_CR2_mcstat_bin18_In 
INFO: (function: run) Combine.cc: 715  CMS_HWW_boosted_CR2_mcstat_bin19_In 
INFO: (function: run) Combine.cc: 715  CMS_HWW_boosted_CR2_mcstat_bin2_In 
INFO: (function: run) Combine.cc: 715  CMS_HWW_boosted_CR2_mcstat_bin3_In 
INFO: (function: run) Combine.cc: 715  CMS_HWW_boosted_CR2_mcstat_bin4_In 
INFO: (function: run) Combine.cc: 715  CMS_HWW_boosted_CR2_mcstat_bin5_In 
INFO: (function: run) Combine.cc: 715  CMS_HWW_boosted_CR2_mcstat_bin6_In 
INFO: (function: run) Combine.cc: 715  CMS_HWW_boosted_CR2_mcstat_bin7_In 
INFO: (function: run) Combine.cc: 715  CMS_HWW_boosted_CR2_mcstat_bin8_In 
INFO: (function: run) Combine.cc: 715  CMS_HWW_boosted_CR2_mcstat_bin9_In 
INFO: (function: run) Combine.cc: 715  CMS_HWW_boosted_FakeRate_EWK_SF_statistical_uncertainty_In 
INFO: (function: run) Combine.cc: 715  CMS_HWW_boosted_FakeRate_statistical_uncertainty_In 
INFO: (function: run) Combine.cc: 715  CMS_HWW_boosted_Fake_SF_uncertainty_In 
INFO: (function: run) Combine.cc: 715  CMS_HWW_boosted_SR1_fail_mcstat_bin0_In 
INFO: (function: run) Combine.cc: 715  CMS_HWW_boosted_SR1_fail_mcstat_bin1_In 
INFO: (function: run) Combine.cc: 715  CMS_HWW_boosted_SR1_fail_mcstat_bin2_In 
INFO: (function: run) Combine.cc: 715  CMS_HWW_boosted_SR1_fail_mcstat_bin3_In 
INFO: (function: run) Combine.cc: 715  CMS_HWW_boosted_SR1_fail_mcstat_bin4_In 
INFO: (function: run) Combine.cc: 715  CMS_HWW_boosted_SR1_fail_mcstat_bin5_In 
INFO: (function: run) Combine.cc: 715  CMS_HWW_boosted_SR1_pass_mcstat_bin0_In 
INFO: (function: run) Combine.cc: 715  CMS_HWW_boosted_SR1_pass_mcstat_bin1_In 
INFO: (function: run) Combine.cc: 715  CMS_HWW_boosted_SR1_pass_mcstat_bin2_In 
INFO: (function: run) Combine.cc: 715  CMS_HWW_boosted_SR1_pass_mcstat_bin3_In 
INFO: (function: run) Combine.cc: 715  CMS_HWW_boosted_SR1_pass_mcstat_bin4_In 
INFO: (function: run) Combine.cc: 715  CMS_HWW_boosted_SR1_pass_mcstat_bin5_In 
INFO: (function: run) Combine.cc: 715  CMS_HWW_boosted_SR1a_mcstat_bin0_In 
INFO: (function: run) Combine.cc: 715  CMS_HWW_boosted_SR1a_mcstat_bin1_In 
INFO: (function: run) Combine.cc: 715  CMS_HWW_boosted_SR1a_mcstat_bin10_In 
INFO: (function: run) Combine.cc: 715  CMS_HWW_boosted_SR1a_mcstat_bin11_In 
INFO: (function: run) Combine.cc: 715  CMS_HWW_boosted_SR1a_mcstat_bin12_In 
INFO: (function: run) Combine.cc: 715  CMS_HWW_boosted_SR1a_mcstat_bin13_In 
INFO: (function: run) Combine.cc: 715  CMS_HWW_boosted_SR1a_mcstat_bin14_In 
INFO: (function: run) Combine.cc: 715  CMS_HWW_boosted_SR1a_mcstat_bin15_In 
INFO: (function: run) Combine.cc: 715  CMS_HWW_boosted_SR1a_mcstat_bin16_In 
INFO: (function: run) Combine.cc: 715  CMS_HWW_boosted_SR1a_mcstat_bin17_In 
INFO: (function: run) Combine.cc: 715  CMS_HWW_boosted_SR1a_mcstat_bin18_In 
INFO: (function: run) Combine.cc: 715  CMS_HWW_boosted_SR1a_mcstat_bin19_In 
INFO: (function: run) Combine.cc: 715  CMS_HWW_boosted_SR1a_mcstat_bin2_In 
INFO: (function: run) Combine.cc: 715  CMS_HWW_boosted_SR1a_mcstat_bin3_In 
INFO: (function: run) Combine.cc: 715  CMS_HWW_boosted_SR1a_mcstat_bin4_In 
INFO: (function: run) Combine.cc: 715  CMS_HWW_boosted_SR1a_mcstat_bin5_In 
INFO: (function: run) Combine.cc: 715  CMS_HWW_boosted_SR1a_mcstat_bin6_In 
INFO: (function: run) Combine.cc: 715  CMS_HWW_boosted_SR1a_mcstat_bin7_In 
INFO: (function: run) Combine.cc: 715  CMS_HWW_boosted_SR1a_mcstat_bin8_In 
INFO: (function: run) Combine.cc: 715  CMS_HWW_boosted_SR1a_mcstat_bin9_In 
INFO: (function: run) Combine.cc: 715  CMS_HWW_boosted_SR1b_mcstat_bin0_In 
INFO: (function: run) Combine.cc: 715  CMS_HWW_boosted_SR1b_mcstat_bin1_In 
INFO: (function: run) Combine.cc: 715  CMS_HWW_boosted_SR1b_mcstat_bin10_In 
INFO: (function: run) Combine.cc: 715  CMS_HWW_boosted_SR1b_mcstat_bin11_In 
INFO: (function: run) Combine.cc: 715  CMS_HWW_boosted_SR1b_mcstat_bin12_In 
INFO: (function: run) Combine.cc: 715  CMS_HWW_boosted_SR1b_mcstat_bin13_In 
INFO: (function: run) Combine.cc: 715  CMS_HWW_boosted_SR1b_mcstat_bin14_In 
INFO: (function: run) Combine.cc: 715  CMS_HWW_boosted_SR1b_mcstat_bin15_In 
INFO: (function: run) Combine.cc: 715  CMS_HWW_boosted_SR1b_mcstat_bin16_In 
INFO: (function: run) Combine.cc: 715  CMS_HWW_boosted_SR1b_mcstat_bin17_In 
INFO: (function: run) Combine.cc: 715  CMS_HWW_boosted_SR1b_mcstat_bin18_In 
INFO: (function: run) Combine.cc: 715  CMS_HWW_boosted_SR1b_mcstat_bin19_In 
INFO: (function: run) Combine.cc: 715  CMS_HWW_boosted_SR1b_mcstat_bin2_In 
INFO: (function: run) Combine.cc: 715  CMS_HWW_boosted_SR1b_mcstat_bin3_In 
INFO: (function: run) Combine.cc: 715  CMS_HWW_boosted_SR1b_mcstat_bin4_In 
INFO: (function: run) Combine.cc: 715  CMS_HWW_boosted_SR1b_mcstat_bin5_In 
INFO: (function: run) Combine.cc: 715  CMS_HWW_boosted_SR1b_mcstat_bin6_In 
INFO: (function: run) Combine.cc: 715  CMS_HWW_boosted_SR1b_mcstat_bin7_In 
INFO: (function: run) Combine.cc: 715  CMS_HWW_boosted_SR1b_mcstat_bin8_In 
INFO: (function: run) Combine.cc: 715  CMS_HWW_boosted_SR1b_mcstat_bin9_In 
INFO: (function: run) Combine.cc: 715  CMS_HWW_boosted_SR2a_WH_hww_mcstat_bin0_In 
INFO: (function: run) Combine.cc: 715  CMS_HWW_boosted_SR2a_WH_hww_mcstat_bin1_In 
INFO: (function: run) Combine.cc: 715  CMS_HWW_boosted_SR2a_WH_hww_mcstat_bin18_In 
INFO: (function: run) Combine.cc: 715  CMS_HWW_boosted_SR2a_ZH_hww_mcstat_bin0_In 
INFO: (function: run) Combine.cc: 715  CMS_HWW_boosted_SR2a_ZH_hww_mcstat_bin1_In 
INFO: (function: run) Combine.cc: 715  CMS_HWW_boosted_SR2a_ZH_hww_mcstat_bin18_In 
INFO: (function: run) Combine.cc: 715  CMS_HWW_boosted_SR2a_ggH_hww_mcstat_bin0_In 
INFO: (function: run) Combine.cc: 715  CMS_HWW_boosted_SR2a_ggH_hww_mcstat_bin1_In 
INFO: (function: run) Combine.cc: 715  CMS_HWW_boosted_SR2a_mcstat_bin10_In 
INFO: (function: run) Combine.cc: 715  CMS_HWW_boosted_SR2a_mcstat_bin11_In 
INFO: (function: run) Combine.cc: 715  CMS_HWW_boosted_SR2a_mcstat_bin12_In 
INFO: (function: run) Combine.cc: 715  CMS_HWW_boosted_SR2a_mcstat_bin13_In 
INFO: (function: run) Combine.cc: 715  CMS_HWW_boosted_SR2a_mcstat_bin14_In 
INFO: (function: run) Combine.cc: 715  CMS_HWW_boosted_SR2a_mcstat_bin15_In 
INFO: (function: run) Combine.cc: 715  CMS_HWW_boosted_SR2a_mcstat_bin16_In 
INFO: (function: run) Combine.cc: 715  CMS_HWW_boosted_SR2a_mcstat_bin17_In 
INFO: (function: run) Combine.cc: 715  CMS_HWW_boosted_SR2a_mcstat_bin19_In 
INFO: (function: run) Combine.cc: 715  CMS_HWW_boosted_SR2a_mcstat_bin2_In 
INFO: (function: run) Combine.cc: 715  CMS_HWW_boosted_SR2a_mcstat_bin3_In 
INFO: (function: run) Combine.cc: 715  CMS_HWW_boosted_SR2a_mcstat_bin4_In 
INFO: (function: run) Combine.cc: 715  CMS_HWW_boosted_SR2a_mcstat_bin5_In 
INFO: (function: run) Combine.cc: 715  CMS_HWW_boosted_SR2a_mcstat_bin6_In 
INFO: (function: run) Combine.cc: 715  CMS_HWW_boosted_SR2a_mcstat_bin7_In 
INFO: (function: run) Combine.cc: 715  CMS_HWW_boosted_SR2a_mcstat_bin8_In 
INFO: (function: run) Combine.cc: 715  CMS_HWW_boosted_SR2a_mcstat_bin9_In 
INFO: (function: run) Combine.cc: 715  CMS_HWW_boosted_SR2a_qqH_hww_mcstat_bin0_In 
INFO: (function: run) Combine.cc: 715  CMS_HWW_boosted_SR2a_qqH_hww_mcstat_bin1_In 
INFO: (function: run) Combine.cc: 715  CMS_HWW_boosted_SR2a_rest_bkg_mcstat_bin1_In 
INFO: (function: run) Combine.cc: 715  CMS_HWW_boosted_SR2a_rest_bkg_mcstat_bin18_In 
INFO: (function: run) Combine.cc: 715  CMS_HWW_boosted_SR2a_single_top_mcstat_bin18_In 
INFO: (function: run) Combine.cc: 715  CMS_HWW_boosted_SR2a_ttH_hww_mcstat_bin0_In 
INFO: (function: run) Combine.cc: 715  CMS_HWW_boosted_SR2a_ttH_hww_mcstat_bin1_In 
INFO: (function: run) Combine.cc: 715  CMS_HWW_boosted_SR2a_ttH_hww_mcstat_bin18_In 
INFO: (function: run) Combine.cc: 715  CMS_HWW_boosted_SR2a_ttbar_mcstat_bin0_In 
INFO: (function: run) Combine.cc: 715  CMS_HWW_boosted_SR2a_ttbar_mcstat_bin1_In 
INFO: (function: run) Combine.cc: 715  CMS_HWW_boosted_SR2a_ttbar_mcstat_bin18_In 
INFO: (function: run) Combine.cc: 715  CMS_HWW_boosted_SR2a_wjets_mcstat_bin0_In 
INFO: (function: run) Combine.cc: 715  CMS_HWW_boosted_SR2a_wjets_mcstat_bin1_In 
INFO: (function: run) Combine.cc: 715  CMS_HWW_boosted_SR2a_wjets_mcstat_bin18_In 
INFO: (function: run) Combine.cc: 715  CMS_HWW_boosted_SR2b_mcstat_bin0_In 
INFO: (function: run) Combine.cc: 715  CMS_HWW_boosted_SR2b_mcstat_bin1_In 
INFO: (function: run) Combine.cc: 715  CMS_HWW_boosted_SR2b_mcstat_bin10_In 
INFO: (function: run) Combine.cc: 715  CMS_HWW_boosted_SR2b_mcstat_bin11_In 
INFO: (function: run) Combine.cc: 715  CMS_HWW_boosted_SR2b_mcstat_bin12_In 
INFO: (function: run) Combine.cc: 715  CMS_HWW_boosted_SR2b_mcstat_bin13_In 
INFO: (function: run) Combine.cc: 715  CMS_HWW_boosted_SR2b_mcstat_bin14_In 
INFO: (function: run) Combine.cc: 715  CMS_HWW_boosted_SR2b_mcstat_bin15_In 
INFO: (function: run) Combine.cc: 715  CMS_HWW_boosted_SR2b_mcstat_bin16_In 
INFO: (function: run) Combine.cc: 715  CMS_HWW_boosted_SR2b_mcstat_bin17_In 
INFO: (function: run) Combine.cc: 715  CMS_HWW_boosted_SR2b_mcstat_bin18_In 
INFO: (function: run) Combine.cc: 715  CMS_HWW_boosted_SR2b_mcstat_bin19_In 
INFO: (function: run) Combine.cc: 715  CMS_HWW_boosted_SR2b_mcstat_bin2_In 
INFO: (function: run) Combine.cc: 715  CMS_HWW_boosted_SR2b_mcstat_bin3_In 
INFO: (function: run) Combine.cc: 715  CMS_HWW_boosted_SR2b_mcstat_bin4_In 
INFO: (function: run) Combine.cc: 715  CMS_HWW_boosted_SR2b_mcstat_bin5_In 
INFO: (function: run) Combine.cc: 715  CMS_HWW_boosted_SR2b_mcstat_bin6_In 
INFO: (function: run) Combine.cc: 715  CMS_HWW_boosted_SR2b_mcstat_bin7_In 
INFO: (function: run) Combine.cc: 715  CMS_HWW_boosted_SR2b_mcstat_bin8_In 
INFO: (function: run) Combine.cc: 715  CMS_HWW_boosted_SR2b_mcstat_bin9_In 
INFO: (function: run) Combine.cc: 715  CMS_HWW_boosted_TopCR_fail_mcstat_bin0_In 
INFO: (function: run) Combine.cc: 715  CMS_HWW_boosted_TopCR_fail_mcstat_bin1_In 
INFO: (function: run) Combine.cc: 715  CMS_HWW_boosted_TopCR_fail_mcstat_bin2_In 
INFO: (function: run) Combine.cc: 715  CMS_HWW_boosted_TopCR_fail_mcstat_bin3_In 
INFO: (function: run) Combine.cc: 715  CMS_HWW_boosted_TopCR_fail_mcstat_bin4_In 
INFO: (function: run) Combine.cc: 715  CMS_HWW_boosted_TopCR_fail_mcstat_bin5_In 
INFO: (function: run) Combine.cc: 715  CMS_HWW_boosted_TopCR_mcstat_bin0_In 
INFO: (function: run) Combine.cc: 715  CMS_HWW_boosted_TopCR_mcstat_bin1_In 
INFO: (function: run) Combine.cc: 715  CMS_HWW_boosted_TopCR_mcstat_bin2_In 
INFO: (function: run) Combine.cc: 715  CMS_HWW_boosted_TopCR_mcstat_bin3_In 
INFO: (function: run) Combine.cc: 715  CMS_HWW_boosted_TopCR_mcstat_bin4_In 
INFO: (function: run) Combine.cc: 715  CMS_HWW_boosted_TopCR_mcstat_bin5_In 
INFO: (function: run) Combine.cc: 715  CMS_HWW_boosted_TopCR_mcstat_bin6_In 
INFO: (function: run) Combine.cc: 715  CMS_HWW_boosted_TopCR_mcstat_bin7_In 
INFO: (function: run) Combine.cc: 715  CMS_HWW_boosted_TopCR_mcstat_bin8_In 
INFO: (function: run) Combine.cc: 715  CMS_HWW_boosted_TopCR_pass_mcstat_bin0_In 
INFO: (function: run) Combine.cc: 715  CMS_HWW_boosted_TopCR_pass_mcstat_bin1_In 
INFO: (function: run) Combine.cc: 715  CMS_HWW_boosted_TopCR_pass_mcstat_bin2_In 
INFO: (function: run) Combine.cc: 715  CMS_HWW_boosted_TopCR_pass_mcstat_bin3_In 
INFO: (function: run) Combine.cc: 715  CMS_HWW_boosted_TopCR_pass_mcstat_bin4_In 
INFO: (function: run) Combine.cc: 715  CMS_HWW_boosted_TopCR_pass_mcstat_bin5_In 
INFO: (function: run) Combine.cc: 715  CMS_HWW_boosted_TopPtReweight_In 
INFO: (function: run) Combine.cc: 715  CMS_HWW_boosted_VBF_mcstat_bin0_In 
INFO: (function: run) Combine.cc: 715  CMS_HWW_boosted_VBF_mcstat_bin1_In 
INFO: (function: run) Combine.cc: 715  CMS_HWW_boosted_VBF_mcstat_bin2_In 
INFO: (function: run) Combine.cc: 715  CMS_HWW_boosted_VBF_mcstat_bin3_In 
INFO: (function: run) Combine.cc: 715  CMS_HWW_boosted_VBF_mcstat_bin4_In 
INFO: (function: run) Combine.cc: 715  CMS_HWW_boosted_VBF_mcstat_bin5_In 
INFO: (function: run) Combine.cc: 715  CMS_HWW_boosted_VBF_mcstat_bin6_In 
INFO: (function: run) Combine.cc: 715  CMS_HWW_boosted_VBF_mcstat_bin7_In 
INFO: (function: run) Combine.cc: 715  CMS_HWW_boosted_VBF_mcstat_bin8_In 
INFO: (function: run) Combine.cc: 715  CMS_HWW_boosted_WJetsCR_mcstat_bin0_In 
INFO: (function: run) Combine.cc: 715  CMS_HWW_boosted_WJetsCR_mcstat_bin1_In 
INFO: (function: run) Combine.cc: 715  CMS_HWW_boosted_WJetsCR_mcstat_bin2_In 
INFO: (function: run) Combine.cc: 715  CMS_HWW_boosted_WJetsCR_mcstat_bin3_In 
INFO: (function: run) Combine.cc: 715  CMS_HWW_boosted_WJetsCR_mcstat_bin4_In 
INFO: (function: run) Combine.cc: 715  CMS_HWW_boosted_WJetsCR_mcstat_bin5_In 
INFO: (function: run) Combine.cc: 715  CMS_HWW_boosted_WJetsCR_mcstat_bin6_In 
INFO: (function: run) Combine.cc: 715  CMS_HWW_boosted_WJetsCR_mcstat_bin7_In 
INFO: (function: run) Combine.cc: 715  CMS_HWW_boosted_WJetsCR_mcstat_bin8_In 
INFO: (function: run) Combine.cc: 715  CMS_HWW_boosted_W_d1kappa_EW_In 
INFO: (function: run) Combine.cc: 715  CMS_HWW_boosted_W_d2kappa_EW_In 
INFO: (function: run) Combine.cc: 715  CMS_HWW_boosted_W_d3kappa_EW_In 
INFO: (function: run) Combine.cc: 715  CMS_HWW_boosted_Z_d2kappa_EW_In 
INFO: (function: run) Combine.cc: 715  CMS_HWW_boosted_Z_d3kappa_EW_In 
INFO: (function: run) Combine.cc: 715  CMS_HWW_boosted_btagSFbcCorrelated_In 
INFO: (function: run) Combine.cc: 715  CMS_HWW_boosted_btagSFbcCorrelated_2016_In 
INFO: (function: run) Combine.cc: 715  CMS_HWW_boosted_btagSFbcCorrelated_2016APV_In 
INFO: (function: run) Combine.cc: 715  CMS_HWW_boosted_btagSFbcCorrelated_2017_In 
INFO: (function: run) Combine.cc: 715  CMS_HWW_boosted_btagSFbcCorrelated_2018_In 
INFO: (function: run) Combine.cc: 715  CMS_HWW_boosted_btagSFbc_2016_In 
INFO: (function: run) Combine.cc: 715  CMS_HWW_boosted_btagSFbc_2016APV_In 
INFO: (function: run) Combine.cc: 715  CMS_HWW_boosted_btagSFbc_2017_In 
INFO: (function: run) Combine.cc: 715  CMS_HWW_boosted_btagSFbc_2018_In 
INFO: (function: run) Combine.cc: 715  CMS_HWW_boosted_btagSFlightCorrelated_In 
INFO: (function: run) Combine.cc: 715  CMS_HWW_boosted_btagSFlightCorrelated_2016_In 
INFO: (function: run) Combine.cc: 715  CMS_HWW_boosted_btagSFlightCorrelated_2016APV_In 
INFO: (function: run) Combine.cc: 715  CMS_HWW_boosted_btagSFlightCorrelated_2017_In 
INFO: (function: run) Combine.cc: 715  CMS_HWW_boosted_btagSFlightCorrelated_2018_In 
INFO: (function: run) Combine.cc: 715  CMS_HWW_boosted_btagSFlight_2016_In 
INFO: (function: run) Combine.cc: 715  CMS_HWW_boosted_btagSFlight_2016APV_In 
INFO: (function: run) Combine.cc: 715  CMS_HWW_boosted_btagSFlight_2017_In 
INFO: (function: run) Combine.cc: 715  CMS_HWW_boosted_btagSFlight_2018_In 
INFO: (function: run) Combine.cc: 715  CMS_HWW_boosted_d1K_NLO_In 
INFO: (function: run) Combine.cc: 715  CMS_HWW_boosted_d2K_NLO_In 
INFO: (function: run) Combine.cc: 715  CMS_HWW_boosted_d3K_NLO_In 
INFO: (function: run) Combine.cc: 715  CMS_HWW_boosted_ele_identification_In 
INFO: (function: run) Combine.cc: 715  CMS_HWW_boosted_ele_identification_2016_In 
INFO: (function: run) Combine.cc: 715  CMS_HWW_boosted_ele_identification_2016APV_In 
INFO: (function: run) Combine.cc: 715  CMS_HWW_boosted_ele_identification_2017_In 
INFO: (function: run) Combine.cc: 715  CMS_HWW_boosted_ele_identification_2018_In 
INFO: (function: run) Combine.cc: 715  CMS_HWW_boosted_ele_reconstruction_In 
INFO: (function: run) Combine.cc: 715  CMS_HWW_boosted_ele_reconstruction_2016_In 
INFO: (function: run) Combine.cc: 715  CMS_HWW_boosted_ele_reconstruction_2016APV_In 
INFO: (function: run) Combine.cc: 715  CMS_HWW_boosted_ele_reconstruction_2017_In 
INFO: (function: run) Combine.cc: 715  CMS_HWW_boosted_ele_reconstruction_2018_In 
INFO: (function: run) Combine.cc: 715  CMS_HWW_boosted_ele_trigger_stat_unc_2016_In 
INFO: (function: run) Combine.cc: 715  CMS_HWW_boosted_ele_trigger_stat_unc_2016APV_In 
INFO: (function: run) Combine.cc: 715  CMS_HWW_boosted_ele_trigger_stat_unc_2017_In 
INFO: (function: run) Combine.cc: 715  CMS_HWW_boosted_ele_trigger_stat_unc_2018_In 
INFO: (function: run) Combine.cc: 715  CMS_HWW_boosted_ele_trigger_syst_unc_In 
INFO: (function: run) Combine.cc: 715  CMS_HWW_boosted_electron_veto_In 
INFO: (function: run) Combine.cc: 715  CMS_HWW_boosted_ggFpt250to350_mcstat_bin0_In 
INFO: (function: run) Combine.cc: 715  CMS_HWW_boosted_ggFpt250to350_mcstat_bin1_In 
INFO: (function: run) Combine.cc: 715  CMS_HWW_boosted_ggFpt250to350_mcstat_bin2_In 
INFO: (function: run) Combine.cc: 715  CMS_HWW_boosted_ggFpt250to350_mcstat_bin3_In 
INFO: (function: run) Combine.cc: 715  CMS_HWW_boosted_ggFpt250to350_mcstat_bin4_In 
INFO: (function: run) Combine.cc: 715  CMS_HWW_boosted_ggFpt250to350_mcstat_bin5_In 
INFO: (function: run) Combine.cc: 715  CMS_HWW_boosted_ggFpt250to350_mcstat_bin6_In 
INFO: (function: run) Combine.cc: 715  CMS_HWW_boosted_ggFpt250to350_mcstat_bin7_In 
INFO: (function: run) Combine.cc: 715  CMS_HWW_boosted_ggFpt250to350_mcstat_bin8_In 
INFO: (function: run) Combine.cc: 715  CMS_HWW_boosted_ggFpt350to500_mcstat_bin0_In 
INFO: (function: run) Combine.cc: 715  CMS_HWW_boosted_ggFpt350to500_mcstat_bin1_In 
INFO: (function: run) Combine.cc: 715  CMS_HWW_boosted_ggFpt350to500_mcstat_bin2_In 
INFO: (function: run) Combine.cc: 715  CMS_HWW_boosted_ggFpt350to500_mcstat_bin3_In 
INFO: (function: run) Combine.cc: 715  CMS_HWW_boosted_ggFpt350to500_mcstat_bin4_In 
INFO: (function: run) Combine.cc: 715  CMS_HWW_boosted_ggFpt350to500_mcstat_bin5_In 
INFO: (function: run) Combine.cc: 715  CMS_HWW_boosted_ggFpt350to500_mcstat_bin6_In 
INFO: (function: run) Combine.cc: 715  CMS_HWW_boosted_ggFpt350to500_mcstat_bin7_In 
INFO: (function: run) Combine.cc: 715  CMS_HWW_boosted_ggFpt350to500_mcstat_bin8_In 
INFO: (function: run) Combine.cc: 715  CMS_HWW_boosted_ggFpt500toInf_mcstat_bin0_In 
INFO: (function: run) Combine.cc: 715  CMS_HWW_boosted_ggFpt500toInf_mcstat_bin1_In 
INFO: (function: run) Combine.cc: 715  CMS_HWW_boosted_ggFpt500toInf_mcstat_bin2_In 
INFO: (function: run) Combine.cc: 715  CMS_HWW_boosted_ggFpt500toInf_mcstat_bin3_In 
INFO: (function: run) Combine.cc: 715  CMS_HWW_boosted_ggFpt500toInf_mcstat_bin4_In 
INFO: (function: run) Combine.cc: 715  CMS_HWW_boosted_ggFpt500toInf_mcstat_bin5_In 
INFO: (function: run) Combine.cc: 715  CMS_HWW_boosted_ggFpt500toInf_mcstat_bin6_In 
INFO: (function: run) Combine.cc: 715  CMS_HWW_boosted_ggFpt500toInf_mcstat_bin7_In 
INFO: (function: run) Combine.cc: 715  CMS_HWW_boosted_ggFpt500toInf_mcstat_bin8_In 
INFO: (function: run) Combine.cc: 715  CMS_HWW_boosted_jmr_2016_In 
INFO: (function: run) Combine.cc: 715  CMS_HWW_boosted_jmr_2016APV_In 
INFO: (function: run) Combine.cc: 715  CMS_HWW_boosted_jmr_2017_In 
INFO: (function: run) Combine.cc: 715  CMS_HWW_boosted_jmr_2018_In 
INFO: (function: run) Combine.cc: 715  CMS_HWW_boosted_jms_2016_In 
INFO: (function: run) Combine.cc: 715  CMS_HWW_boosted_jms_2016APV_In 
INFO: (function: run) Combine.cc: 715  CMS_HWW_boosted_jms_2017_In 
INFO: (function: run) Combine.cc: 715  CMS_HWW_boosted_jms_2018_In 
INFO: (function: run) Combine.cc: 715  CMS_HWW_boosted_lp_sf_region_a_In 
INFO: (function: run) Combine.cc: 715  CMS_HWW_boosted_lp_sf_region_b_In 
INFO: (function: run) Combine.cc: 715  CMS_HWW_boosted_miniisolation_SF_unc_In 
INFO: (function: run) Combine.cc: 715  CMS_HWW_boosted_mu_identification_stat_2016_In 
INFO: (function: run) Combine.cc: 715  CMS_HWW_boosted_mu_identification_stat_2016APV_In 
INFO: (function: run) Combine.cc: 715  CMS_HWW_boosted_mu_identification_stat_2017_In 
INFO: (function: run) Combine.cc: 715  CMS_HWW_boosted_mu_identification_stat_2018_In 
INFO: (function: run) Combine.cc: 715  CMS_HWW_boosted_mu_identification_syst_In 
INFO: (function: run) Combine.cc: 715  CMS_HWW_boosted_mu_isolation_In 
INFO: (function: run) Combine.cc: 715  CMS_HWW_boosted_mu_trigger_In 
INFO: (function: run) Combine.cc: 715  CMS_HWW_boosted_mu_trigger_iso_In 
INFO: (function: run) Combine.cc: 715  CMS_HWW_boosted_rest_bkg_rate_In 
INFO: (function: run) Combine.cc: 715  CMS_HWW_boosted_single_top_rate_In 
INFO: (function: run) Combine.cc: 715  CMS_HWW_boosted_tagger_In 
INFO: (function: run) Combine.cc: 715  CMS_HWW_boosted_taggereff_In 
INFO: (function: run) Combine.cc: 715  CMS_HWW_boosted_top_reweighting_In 
INFO: (function: run) Combine.cc: 715  CMS_HWW_boosted_triggerEffSF_uncorrelated_In 
INFO: (function: run) Combine.cc: 715  CMS_HWW_boosted_ttbar_rate_In 
INFO: (function: run) Combine.cc: 715  CMS_HWW_boosted_veff_2016_In 
INFO: (function: run) Combine.cc: 715  CMS_HWW_boosted_veff_2016APV_In 
INFO: (function: run) Combine.cc: 715  CMS_HWW_boosted_veff_2017_In 
INFO: (function: run) Combine.cc: 715  CMS_HWW_boosted_veff_2018_In 
INFO: (function: run) Combine.cc: 715  CMS_HWW_boosted_wjets_rate_In 
INFO: (function: run) Combine.cc: 715  CMS_l1_ecal_prefiring_2016_In 
INFO: (function: run) Combine.cc: 715  CMS_l1_ecal_prefiring_2016APV_In 
INFO: (function: run) Combine.cc: 715  CMS_l1_ecal_prefiring_2017_In 
INFO: (function: run) Combine.cc: 715  CMS_lumi_13TeV_1718_In 
INFO: (function: run) Combine.cc: 715  CMS_lumi_13TeV_2016_In 
INFO: (function: run) Combine.cc: 715  CMS_lumi_13TeV_2016APV_In 
INFO: (function: run) Combine.cc: 715  CMS_lumi_13TeV_2017_In 
INFO: (function: run) Combine.cc: 715  CMS_lumi_13TeV_2018_In 
INFO: (function: run) Combine.cc: 715  CMS_lumi_13TeV_correlated_In 
INFO: (function: run) Combine.cc: 715  CMS_pileup_2016_In 
INFO: (function: run) Combine.cc: 715  CMS_pileup_2016APV_In 
INFO: (function: run) Combine.cc: 715  CMS_pileup_2017_In 
INFO: (function: run) Combine.cc: 715  CMS_pileup_2018_In 
INFO: (function: run) Combine.cc: 715  CMS_pileup_id_In 
INFO: (function: run) Combine.cc: 715  CMS_res_j_2016_In 
INFO: (function: run) Combine.cc: 715  CMS_res_j_2016APV_In 
INFO: (function: run) Combine.cc: 715  CMS_res_j_2017_In 
INFO: (function: run) Combine.cc: 715  CMS_res_j_2018_In 
INFO: (function: run) Combine.cc: 715  CMS_scale_j_Abs_In 
INFO: (function: run) Combine.cc: 715  CMS_scale_j_Abs_2016_In 
INFO: (function: run) Combine.cc: 715  CMS_scale_j_Abs_2016APV_In 
INFO: (function: run) Combine.cc: 715  CMS_scale_j_Abs_2017_In 
INFO: (function: run) Combine.cc: 715  CMS_scale_j_Abs_2018_In 
INFO: (function: run) Combine.cc: 715  CMS_scale_j_BBEC1_In 
INFO: (function: run) Combine.cc: 715  CMS_scale_j_BBEC1_2016_In 
INFO: (function: run) Combine.cc: 715  CMS_scale_j_BBEC1_2016APV_In 
INFO: (function: run) Combine.cc: 715  CMS_scale_j_BBEC1_2017_In 
INFO: (function: run) Combine.cc: 715  CMS_scale_j_BBEC1_2018_In 
INFO: (function: run) Combine.cc: 715  CMS_scale_j_EC2_In 
INFO: (function: run) Combine.cc: 715  CMS_scale_j_EC2_2016_In 
INFO: (function: run) Combine.cc: 715  CMS_scale_j_EC2_2016APV_In 
INFO: (function: run) Combine.cc: 715  CMS_scale_j_EC2_2017_In 
INFO: (function: run) Combine.cc: 715  CMS_scale_j_EC2_2018_In 
INFO: (function: run) Combine.cc: 715  CMS_scale_j_FlavQCD_In 
INFO: (function: run) Combine.cc: 715  CMS_scale_j_HF_In 
INFO: (function: run) Combine.cc: 715  CMS_scale_j_HF_2016_In 
INFO: (function: run) Combine.cc: 715  CMS_scale_j_HF_2016APV_In 
INFO: (function: run) Combine.cc: 715  CMS_scale_j_HF_2017_In 
INFO: (function: run) Combine.cc: 715  CMS_scale_j_HF_2018_In 
INFO: (function: run) Combine.cc: 715  CMS_scale_j_RelBal_In 
INFO: (function: run) Combine.cc: 715  CMS_scale_j_RelSample_2016_In 
INFO: (function: run) Combine.cc: 715  CMS_scale_j_RelSample_2016APV_In 
INFO: (function: run) Combine.cc: 715  CMS_scale_j_RelSample_2017_In 
INFO: (function: run) Combine.cc: 715  CMS_scale_j_RelSample_2018_In 
INFO: (function: run) Combine.cc: 715  PDF_WH_ACCEPT_CMS_HWW_boosted_In 
INFO: (function: run) Combine.cc: 715  PDF_ZH_ACCEPT_CMS_HWW_boosted_In 
INFO: (function: run) Combine.cc: 715  PDF_ggH_ACCEPT_CMS_HWW_boosted_In 
INFO: (function: run) Combine.cc: 715  PDF_qqH_ACCEPT_CMS_HWW_boosted_In 
INFO: (function: run) Combine.cc: 715  PDF_single_top_ACCEPT_CMS_HWW_boosted_In 
INFO: (function: run) Combine.cc: 715  PDF_singletop_ACCEPT_CMS_HWW_boosted_In 
INFO: (function: run) Combine.cc: 715  PDF_ttH_ACCEPT_CMS_HWW_boosted_In 
INFO: (function: run) Combine.cc: 715  PDF_ttbar_ACCEPT_CMS_HWW_boosted_In 
INFO: (function: run) Combine.cc: 715  PDF_wjets_ACCEPT_CMS_HWW_boosted_In 
INFO: (function: run) Combine.cc: 715  QCDscale_VBF_In 
INFO: (function: run) Combine.cc: 715  QCDscale_WH_In 
INFO: (function: run) Combine.cc: 715  QCDscale_WH_ACCEPT_CMS_HWW_boosted_In 
INFO: (function: run) Combine.cc: 715  QCDscale_ZH_In 
INFO: (function: run) Combine.cc: 715  QCDscale_ZH_ACCEPT_CMS_HWW_boosted_In 
INFO: (function: run) Combine.cc: 715  QCDscale_ggF_In 
INFO: (function: run) Combine.cc: 715  QCDscale_ggH_In 
INFO: (function: run) Combine.cc: 715  QCDscale_ggH_ACCEPT_CMS_HWW_boosted_In 
INFO: (function: run) Combine.cc: 715  QCDscale_qqH_In 
INFO: (function: run) Combine.cc: 715  QCDscale_qqH_ACCEPT_CMS_HWW_boosted_In 
INFO: (function: run) Combine.cc: 715  QCDscale_rest_bkg_In 
INFO: (function: run) Combine.cc: 715  QCDscale_single_top_In 
INFO: (function: run) Combine.cc: 715  QCDscale_single_top_ACCEPT_CMS_HWW_boosted_In 
INFO: (function: run) Combine.cc: 715  QCDscale_singletop_ACCEPT_CMS_HWW_boosted_In 
INFO: (function: run) Combine.cc: 715  QCDscale_ttH_In 
INFO: (function: run) Combine.cc: 715  QCDscale_ttH_ACCEPT_CMS_HWW_boosted_In 
INFO: (function: run) Combine.cc: 715  QCDscale_ttbar_In 
INFO: (function: run) Combine.cc: 715  QCDscale_ttbar_ACCEPT_CMS_HWW_boosted_In 
INFO: (function: run) Combine.cc: 715  QCDscale_wjets_In 
INFO: (function: run) Combine.cc: 715  QCDscale_wjets_ACCEPT_CMS_HWW_boosted_In 
INFO: (function: run) Combine.cc: 715  alpha_s_In 
INFO: (function: run) Combine.cc: 715  lumi_13TeV_1718_In 
INFO: (function: run) Combine.cc: 715  lumi_13TeV_2016_In 
INFO: (function: run) Combine.cc: 715  lumi_13TeV_2017_In 
INFO: (function: run) Combine.cc: 715  lumi_13TeV_2018_In 
INFO: (function: run) Combine.cc: 715  lumi_13TeV_correlated_In 
INFO: (function: run) Combine.cc: 715  pdf_Higgs_WH_In 
INFO: (function: run) Combine.cc: 715  pdf_Higgs_ZH_In 
INFO: (function: run) Combine.cc: 715  pdf_Higgs_ggH_In 
INFO: (function: run) Combine.cc: 715  pdf_Higgs_qqH_In 
INFO: (function: run) Combine.cc: 715  pdf_Higgs_ttH_In 
INFO: (function: run) Combine.cc: 715  pdf_rest_bkg_In 
INFO: (function: run) Combine.cc: 715  pdf_single_top_In 
INFO: (function: run) Combine.cc: 715  pdf_ttbar_In 
INFO: (function: run) Combine.cc: 715  pdf_wjets_In 
INFO: (function: run) Combine.cc: 715  ps_fsr_WH_In 
INFO: (function: run) Combine.cc: 715  ps_fsr_ZH_In 
INFO: (function: run) Combine.cc: 715  ps_fsr_ggH_In 
INFO: (function: run) Combine.cc: 715  ps_fsr_qqH_In 
INFO: (function: run) Combine.cc: 715  ps_fsr_rest_bkg_In 
INFO: (function: run) Combine.cc: 715  ps_fsr_single_top_In 
INFO: (function: run) Combine.cc: 715  ps_fsr_singletop_In 
INFO: (function: run) Combine.cc: 715  ps_fsr_ttH_In 
INFO: (function: run) Combine.cc: 715  ps_fsr_ttbar_In 
INFO: (function: run) Combine.cc: 715  ps_fsr_wjets_In 
INFO: (function: run) Combine.cc: 715  ps_isr_WH_In 
INFO: (function: run) Combine.cc: 715  ps_isr_ZH_In 
INFO: (function: run) Combine.cc: 715  ps_isr_ggH_In 
INFO: (function: run) Combine.cc: 715  ps_isr_qqH_In 
INFO: (function: run) Combine.cc: 715  ps_isr_rest_bkg_In 
INFO: (function: run) Combine.cc: 715  ps_isr_single_top_In 
INFO: (function: run) Combine.cc: 715  ps_isr_singletop_In 
INFO: (function: run) Combine.cc: 715  ps_isr_ttH_In 
INFO: (function: run) Combine.cc: 715  ps_isr_ttbar_In 
INFO: (function: run) Combine.cc: 715  ps_isr_wjets_In 
INFO: (function: run) Combine.cc: 715  unclustered_Energy_In 
INFO: (function: run) Combine.cc: 715  shapeBkg_ttbar_CR1__norm 
INFO: (function: run) Combine.cc: 715  shapeBkg_single_top_CR1__norm 
INFO: (function: run) Combine.cc: 715  shapeBkg_wjets_CR1__norm 
INFO: (function: run) Combine.cc: 715  shapeBkg_rest_bkg_CR1__norm 
INFO: (function: run) Combine.cc: 715  shapeBkg_ttbar_CR1Blinded__norm 
INFO: (function: run) Combine.cc: 715  shapeBkg_single_top_CR1Blinded__norm 
INFO: (function: run) Combine.cc: 715  shapeBkg_wjets_CR1Blinded__norm 
INFO: (function: run) Combine.cc: 715  shapeBkg_rest_bkg_CR1Blinded__norm 
INFO: (function: run) Combine.cc: 715  shapeSig_ggH_hww_SR1a__norm 
INFO: (function: run) Combine.cc: 715  shapeSig_qqH_hww_SR1a__norm 
INFO: (function: run) Combine.cc: 715  shapeSig_WH_hww_SR1a__norm 
INFO: (function: run) Combine.cc: 715  shapeSig_ZH_hww_SR1a__norm 
INFO: (function: run) Combine.cc: 715  shapeSig_ttH_hww_SR1a__norm 
INFO: (function: run) Combine.cc: 715  shapeBkg_ttbar_SR1a__norm 
INFO: (function: run) Combine.cc: 715  shapeBkg_single_top_SR1a__norm 
INFO: (function: run) Combine.cc: 715  shapeBkg_wjets_SR1a__norm 
INFO: (function: run) Combine.cc: 715  shapeBkg_rest_bkg_SR1a__norm 
INFO: (function: run) Combine.cc: 715  shapeSig_ggH_hww_SR1aBlinded__norm 
INFO: (function: run) Combine.cc: 715  shapeSig_qqH_hww_SR1aBlinded__norm 
INFO: (function: run) Combine.cc: 715  shapeSig_WH_hww_SR1aBlinded__norm 
INFO: (function: run) Combine.cc: 715  shapeSig_ZH_hww_SR1aBlinded__norm 
INFO: (function: run) Combine.cc: 715  shapeSig_ttH_hww_SR1aBlinded__norm 
INFO: (function: run) Combine.cc: 715  shapeBkg_ttbar_SR1aBlinded__norm 
INFO: (function: run) Combine.cc: 715  shapeBkg_single_top_SR1aBlinded__norm 
INFO: (function: run) Combine.cc: 715  shapeBkg_wjets_SR1aBlinded__norm 
INFO: (function: run) Combine.cc: 715  shapeBkg_rest_bkg_SR1aBlinded__norm 
INFO: (function: run) Combine.cc: 715  shapeSig_ggH_hww_SR1b__norm 
INFO: (function: run) Combine.cc: 715  shapeSig_qqH_hww_SR1b__norm 
INFO: (function: run) Combine.cc: 715  shapeSig_WH_hww_SR1b__norm 
INFO: (function: run) Combine.cc: 715  shapeSig_ZH_hww_SR1b__norm 
INFO: (function: run) Combine.cc: 715  shapeSig_ttH_hww_SR1b__norm 
INFO: (function: run) Combine.cc: 715  shapeBkg_ttbar_SR1b__norm 
INFO: (function: run) Combine.cc: 715  shapeBkg_single_top_SR1b__norm 
INFO: (function: run) Combine.cc: 715  shapeBkg_wjets_SR1b__norm 
INFO: (function: run) Combine.cc: 715  shapeBkg_rest_bkg_SR1b__norm 
INFO: (function: run) Combine.cc: 715  shapeSig_ggH_hww_SR1bBlinded__norm 
INFO: (function: run) Combine.cc: 715  shapeSig_qqH_hww_SR1bBlinded__norm 
INFO: (function: run) Combine.cc: 715  shapeSig_WH_hww_SR1bBlinded__norm 
INFO: (function: run) Combine.cc: 715  shapeSig_ZH_hww_SR1bBlinded__norm 
INFO: (function: run) Combine.cc: 715  shapeSig_ttH_hww_SR1bBlinded__norm 
INFO: (function: run) Combine.cc: 715  shapeBkg_ttbar_SR1bBlinded__norm 
INFO: (function: run) Combine.cc: 715  shapeBkg_single_top_SR1bBlinded__norm 
INFO: (function: run) Combine.cc: 715  shapeBkg_wjets_SR1bBlinded__norm 
INFO: (function: run) Combine.cc: 715  shapeBkg_rest_bkg_SR1bBlinded__norm 
INFO: (function: run) Combine.cc: 715  shapeBkg_ttbar_CR2__norm 
INFO: (function: run) Combine.cc: 715  shapeBkg_single_top_CR2__norm 
INFO: (function: run) Combine.cc: 715  shapeBkg_wjets_CR2__norm 
INFO: (function: run) Combine.cc: 715  shapeBkg_rest_bkg_CR2__norm 
INFO: (function: run) Combine.cc: 715  shapeBkg_ttbar_CR2Blinded__norm 
INFO: (function: run) Combine.cc: 715  shapeBkg_single_top_CR2Blinded__norm 
INFO: (function: run) Combine.cc: 715  shapeBkg_wjets_CR2Blinded__norm 
INFO: (function: run) Combine.cc: 715  shapeBkg_rest_bkg_CR2Blinded__norm 
INFO: (function: run) Combine.cc: 715  shapeSig_ggH_hww_SR2a__norm 
INFO: (function: run) Combine.cc: 715  shapeSig_qqH_hww_SR2a__norm 
INFO: (function: run) Combine.cc: 715  shapeSig_WH_hww_SR2a__norm 
INFO: (function: run) Combine.cc: 715  shapeSig_ZH_hww_SR2a__norm 
INFO: (function: run) Combine.cc: 715  shapeSig_ttH_hww_SR2a__norm 
INFO: (function: run) Combine.cc: 715  shapeBkg_ttbar_SR2a__norm 
INFO: (function: run) Combine.cc: 715  shapeBkg_single_top_SR2a__norm 
INFO: (function: run) Combine.cc: 715  shapeBkg_wjets_SR2a__norm 
INFO: (function: run) Combine.cc: 715  shapeBkg_rest_bkg_SR2a__norm 
INFO: (function: run) Combine.cc: 715  shapeSig_ggH_hww_SR2aBlinded__norm 
INFO: (function: run) Combine.cc: 715  shapeSig_qqH_hww_SR2aBlinded__norm 
INFO: (function: run) Combine.cc: 715  shapeSig_WH_hww_SR2aBlinded__norm 
INFO: (function: run) Combine.cc: 715  shapeSig_ZH_hww_SR2aBlinded__norm 
INFO: (function: run) Combine.cc: 715  shapeSig_ttH_hww_SR2aBlinded__norm 
INFO: (function: run) Combine.cc: 715  shapeBkg_ttbar_SR2aBlinded__norm 
INFO: (function: run) Combine.cc: 715  shapeBkg_single_top_SR2aBlinded__norm 
INFO: (function: run) Combine.cc: 715  shapeBkg_wjets_SR2aBlinded__norm 
INFO: (function: run) Combine.cc: 715  shapeBkg_rest_bkg_SR2aBlinded__norm 
INFO: (function: run) Combine.cc: 715  shapeSig_ggH_hww_SR2b__norm 
INFO: (function: run) Combine.cc: 715  shapeSig_qqH_hww_SR2b__norm 
INFO: (function: run) Combine.cc: 715  shapeSig_WH_hww_SR2b__norm 
INFO: (function: run) Combine.cc: 715  shapeSig_ZH_hww_SR2b__norm 
INFO: (function: run) Combine.cc: 715  shapeSig_ttH_hww_SR2b__norm 
INFO: (function: run) Combine.cc: 715  shapeBkg_ttbar_SR2b__norm 
INFO: (function: run) Combine.cc: 715  shapeBkg_single_top_SR2b__norm 
INFO: (function: run) Combine.cc: 715  shapeBkg_wjets_SR2b__norm 
INFO: (function: run) Combine.cc: 715  shapeBkg_rest_bkg_SR2b__norm 
INFO: (function: run) Combine.cc: 715  shapeSig_ggH_hww_SR2bBlinded__norm 
INFO: (function: run) Combine.cc: 715  shapeSig_qqH_hww_SR2bBlinded__norm 
INFO: (function: run) Combine.cc: 715  shapeSig_WH_hww_SR2bBlinded__norm 
INFO: (function: run) Combine.cc: 715  shapeSig_ZH_hww_SR2bBlinded__norm 
INFO: (function: run) Combine.cc: 715  shapeSig_ttH_hww_SR2bBlinded__norm 
INFO: (function: run) Combine.cc: 715  shapeBkg_ttbar_SR2bBlinded__norm 
INFO: (function: run) Combine.cc: 715  shapeBkg_single_top_SR2bBlinded__norm 
INFO: (function: run) Combine.cc: 715  shapeBkg_wjets_SR2bBlinded__norm 
INFO: (function: run) Combine.cc: 715  shapeBkg_rest_bkg_SR2bBlinded__norm 
INFO: (function: run) Combine.cc: 715  shapeSig_ggH_hww_VBF__norm 
INFO: (function: run) Combine.cc: 715  shapeSig_qqH_hww_VBF__norm 
INFO: (function: run) Combine.cc: 715  shapeSig_WH_hww_VBF__norm 
INFO: (function: run) Combine.cc: 715  shapeSig_ZH_hww_VBF__norm 
INFO: (function: run) Combine.cc: 715  shapeSig_ttH_hww_VBF__norm 
INFO: (function: run) Combine.cc: 715  shapeBkg_ttbar_VBF__norm 
INFO: (function: run) Combine.cc: 715  shapeBkg_wjets_VBF__norm 
INFO: (function: run) Combine.cc: 715  shapeBkg_singletop_VBF__norm 
INFO: (function: run) Combine.cc: 715  shapeBkg_zjets_VBF__norm 
INFO: (function: run) Combine.cc: 715  shapeBkg_wzqq_VBF__norm 
INFO: (function: run) Combine.cc: 715  shapeBkg_diboson_VBF__norm 
INFO: (function: run) Combine.cc: 715  shapeBkg_ewkvjets_VBF__norm 
INFO: (function: run) Combine.cc: 715  shapeBkg_fake_VBF__norm 
INFO: (function: run) Combine.cc: 715  shapeSig_ggH_hww_ggFpt250to350__norm 
INFO: (function: run) Combine.cc: 715  shapeSig_qqH_hww_ggFpt250to350__norm 
INFO: (function: run) Combine.cc: 715  shapeSig_WH_hww_ggFpt250to350__norm 
INFO: (function: run) Combine.cc: 715  shapeSig_ZH_hww_ggFpt250to350__norm 
INFO: (function: run) Combine.cc: 715  shapeSig_ttH_hww_ggFpt250to350__norm 
INFO: (function: run) Combine.cc: 715  shapeBkg_ttbar_ggFpt250to350__norm 
INFO: (function: run) Combine.cc: 715  shapeBkg_wjets_ggFpt250to350__norm 
INFO: (function: run) Combine.cc: 715  shapeBkg_singletop_ggFpt250to350__norm 
INFO: (function: run) Combine.cc: 715  shapeBkg_zjets_ggFpt250to350__norm 
INFO: (function: run) Combine.cc: 715  shapeBkg_wzqq_ggFpt250to350__norm 
INFO: (function: run) Combine.cc: 715  shapeBkg_diboson_ggFpt250to350__norm 
INFO: (function: run) Combine.cc: 715  shapeBkg_ewkvjets_ggFpt250to350__norm 
INFO: (function: run) Combine.cc: 715  shapeBkg_fake_ggFpt250to350__norm 
INFO: (function: run) Combine.cc: 715  shapeSig_ggH_hww_ggFpt350to500__norm 
INFO: (function: run) Combine.cc: 715  shapeSig_qqH_hww_ggFpt350to500__norm 
INFO: (function: run) Combine.cc: 715  shapeSig_WH_hww_ggFpt350to500__norm 
INFO: (function: run) Combine.cc: 715  shapeSig_ZH_hww_ggFpt350to500__norm 
INFO: (function: run) Combine.cc: 715  shapeSig_ttH_hww_ggFpt350to500__norm 
INFO: (function: run) Combine.cc: 715  shapeBkg_ttbar_ggFpt350to500__norm 
INFO: (function: run) Combine.cc: 715  shapeBkg_wjets_ggFpt350to500__norm 
INFO: (function: run) Combine.cc: 715  shapeBkg_singletop_ggFpt350to500__norm 
INFO: (function: run) Combine.cc: 715  shapeBkg_zjets_ggFpt350to500__norm 
INFO: (function: run) Combine.cc: 715  shapeBkg_wzqq_ggFpt350to500__norm 
INFO: (function: run) Combine.cc: 715  shapeBkg_diboson_ggFpt350to500__norm 
INFO: (function: run) Combine.cc: 715  shapeBkg_ewkvjets_ggFpt350to500__norm 
INFO: (function: run) Combine.cc: 715  shapeBkg_fake_ggFpt350to500__norm 
INFO: (function: run) Combine.cc: 715  shapeSig_ggH_hww_ggFpt500toInf__norm 
INFO: (function: run) Combine.cc: 715  shapeSig_qqH_hww_ggFpt500toInf__norm 
INFO: (function: run) Combine.cc: 715  shapeSig_WH_hww_ggFpt500toInf__norm 
INFO: (function: run) Combine.cc: 715  shapeSig_ZH_hww_ggFpt500toInf__norm 
INFO: (function: run) Combine.cc: 715  shapeSig_ttH_hww_ggFpt500toInf__norm 
INFO: (function: run) Combine.cc: 715  shapeBkg_ttbar_ggFpt500toInf__norm 
INFO: (function: run) Combine.cc: 715  shapeBkg_wjets_ggFpt500toInf__norm 
INFO: (function: run) Combine.cc: 715  shapeBkg_singletop_ggFpt500toInf__norm 
INFO: (function: run) Combine.cc: 715  shapeBkg_zjets_ggFpt500toInf__norm 
INFO: (function: run) Combine.cc: 715  shapeBkg_wzqq_ggFpt500toInf__norm 
INFO: (function: run) Combine.cc: 715  shapeBkg_diboson_ggFpt500toInf__norm 
INFO: (function: run) Combine.cc: 715  shapeBkg_ewkvjets_ggFpt500toInf__norm 
INFO: (function: run) Combine.cc: 715  shapeBkg_fake_ggFpt500toInf__norm 
INFO: (function: run) Combine.cc: 715  shapeSig_ggH_hww_TopCR__norm 
INFO: (function: run) Combine.cc: 715  shapeSig_qqH_hww_TopCR__norm 
INFO: (function: run) Combine.cc: 715  shapeSig_WH_hww_TopCR__norm 
INFO: (function: run) Combine.cc: 715  shapeSig_ZH_hww_TopCR__norm 
INFO: (function: run) Combine.cc: 715  shapeSig_ttH_hww_TopCR__norm 
INFO: (function: run) Combine.cc: 715  shapeBkg_ttbar_TopCR__norm 
INFO: (function: run) Combine.cc: 715  shapeBkg_wjets_TopCR__norm 
INFO: (function: run) Combine.cc: 715  shapeBkg_singletop_TopCR__norm 
INFO: (function: run) Combine.cc: 715  shapeBkg_zjets_TopCR__norm 
INFO: (function: run) Combine.cc: 715  shapeBkg_wzqq_TopCR__norm 
INFO: (function: run) Combine.cc: 715  shapeBkg_diboson_TopCR__norm 
INFO: (function: run) Combine.cc: 715  shapeBkg_ewkvjets_TopCR__norm 
INFO: (function: run) Combine.cc: 715  shapeBkg_fake_TopCR__norm 
INFO: (function: run) Combine.cc: 715  shapeSig_ggH_hww_WJetsCR__norm 
INFO: (function: run) Combine.cc: 715  shapeSig_qqH_hww_WJetsCR__norm 
INFO: (function: run) Combine.cc: 715  shapeSig_WH_hww_WJetsCR__norm 
INFO: (function: run) Combine.cc: 715  shapeSig_ZH_hww_WJetsCR__norm 
INFO: (function: run) Combine.cc: 715  shapeSig_ttH_hww_WJetsCR__norm 
INFO: (function: run) Combine.cc: 715  shapeBkg_ttbar_WJetsCR__norm 
INFO: (function: run) Combine.cc: 715  shapeBkg_wjets_WJetsCR__norm 
INFO: (function: run) Combine.cc: 715  shapeBkg_singletop_WJetsCR__norm 
INFO: (function: run) Combine.cc: 715  shapeBkg_zjets_WJetsCR__norm 
INFO: (function: run) Combine.cc: 715  shapeBkg_wzqq_WJetsCR__norm 
INFO: (function: run) Combine.cc: 715  shapeBkg_diboson_WJetsCR__norm 
INFO: (function: run) Combine.cc: 715  shapeBkg_ewkvjets_WJetsCR__norm 
INFO: (function: run) Combine.cc: 715  shapeBkg_fake_WJetsCR__norm 
INFO: (function: run) Combine.cc: 715  shapeSig_WH_SR1fail2016__norm 
INFO: (function: run) Combine.cc: 715  shapeSig_ZH_SR1fail2016__norm 
INFO: (function: run) Combine.cc: 715  shapeSig_VBF_SR1fail2016__norm 
INFO: (function: run) Combine.cc: 715  shapeSig_ggF_SR1fail2016__norm 
INFO: (function: run) Combine.cc: 715  shapeSig_ttH_SR1fail2016__norm 
INFO: (function: run) Combine.cc: 715  shapeBkg_WJetsLNu_SR1fail2016__norm 
INFO: (function: run) Combine.cc: 715  shapeBkg_TTbar_SR1fail2016__norm 
INFO: (function: run) Combine.cc: 715  shapeBkg_SingleTop_SR1fail2016__norm 
INFO: (function: run) Combine.cc: 715  shapeBkg_DYJets_SR1fail2016__norm 
INFO: (function: run) Combine.cc: 715  shapeBkg_Diboson_SR1fail2016__norm 
INFO: (function: run) Combine.cc: 715  shapeBkg_WZQQ_SR1fail2016__norm 
INFO: (function: run) Combine.cc: 715  shapeSig_WH_SR1fail2016APV__norm 
INFO: (function: run) Combine.cc: 715  shapeSig_ZH_SR1fail2016APV__norm 
INFO: (function: run) Combine.cc: 715  shapeSig_VBF_SR1fail2016APV__norm 
INFO: (function: run) Combine.cc: 715  shapeSig_ggF_SR1fail2016APV__norm 
INFO: (function: run) Combine.cc: 715  shapeSig_ttH_SR1fail2016APV__norm 
INFO: (function: run) Combine.cc: 715  shapeBkg_WJetsLNu_SR1fail2016APV__norm 
INFO: (function: run) Combine.cc: 715  shapeBkg_TTbar_SR1fail2016APV__norm 
INFO: (function: run) Combine.cc: 715  shapeBkg_SingleTop_SR1fail2016APV__norm 
INFO: (function: run) Combine.cc: 715  shapeBkg_DYJets_SR1fail2016APV__norm 
INFO: (function: run) Combine.cc: 715  shapeBkg_Diboson_SR1fail2016APV__norm 
INFO: (function: run) Combine.cc: 715  shapeBkg_WZQQ_SR1fail2016APV__norm 
INFO: (function: run) Combine.cc: 715  shapeBkg_EWKvjets_SR1fail2016APV__norm 
INFO: (function: run) Combine.cc: 715  shapeSig_WH_SR1fail2017__norm 
INFO: (function: run) Combine.cc: 715  shapeSig_ZH_SR1fail2017__norm 
INFO: (function: run) Combine.cc: 715  shapeSig_VBF_SR1fail2017__norm 
INFO: (function: run) Combine.cc: 715  shapeSig_ggF_SR1fail2017__norm 
INFO: (function: run) Combine.cc: 715  shapeSig_ttH_SR1fail2017__norm 
INFO: (function: run) Combine.cc: 715  shapeBkg_WJetsLNu_SR1fail2017__norm 
INFO: (function: run) Combine.cc: 715  shapeBkg_TTbar_SR1fail2017__norm 
INFO: (function: run) Combine.cc: 715  shapeBkg_SingleTop_SR1fail2017__norm 
INFO: (function: run) Combine.cc: 715  shapeBkg_DYJets_SR1fail2017__norm 
INFO: (function: run) Combine.cc: 715  shapeBkg_Diboson_SR1fail2017__norm 
INFO: (function: run) Combine.cc: 715  shapeBkg_WZQQ_SR1fail2017__norm 
INFO: (function: run) Combine.cc: 715  shapeBkg_EWKvjets_SR1fail2017__norm 
INFO: (function: run) Combine.cc: 715  shapeBkg_fake_SR1fail2017__norm 
INFO: (function: run) Combine.cc: 715  shapeBkg_WJetsLNu_SR1fail2018__norm 
INFO: (function: run) Combine.cc: 715  shapeBkg_TTbar_SR1fail2018__norm 
INFO: (function: run) Combine.cc: 715  shapeBkg_SingleTop_SR1fail2018__norm 
INFO: (function: run) Combine.cc: 715  shapeBkg_DYJets_SR1fail2018__norm 
INFO: (function: run) Combine.cc: 715  shapeBkg_Diboson_SR1fail2018__norm 
INFO: (function: run) Combine.cc: 715  shapeBkg_WZQQ_SR1fail2018__norm 
INFO: (function: run) Combine.cc: 715  shapeBkg_fake_SR1fail2018__norm 
INFO: (function: run) Combine.cc: 715  shapeSig_WH_SR1pass2016__norm 
INFO: (function: run) Combine.cc: 715  shapeSig_ZH_SR1pass2016__norm 
INFO: (function: run) Combine.cc: 715  shapeSig_VBF_SR1pass2016__norm 
INFO: (function: run) Combine.cc: 715  shapeSig_ggF_SR1pass2016__norm 
INFO: (function: run) Combine.cc: 715  shapeSig_ttH_SR1pass2016__norm 
INFO: (function: run) Combine.cc: 715  shapeBkg_WJetsLNu_SR1pass2016__norm 
INFO: (function: run) Combine.cc: 715  shapeBkg_TTbar_SR1pass2016__norm 
INFO: (function: run) Combine.cc: 715  shapeBkg_SingleTop_SR1pass2016__norm 
INFO: (function: run) Combine.cc: 715  shapeBkg_DYJets_SR1pass2016__norm 
INFO: (function: run) Combine.cc: 715  shapeBkg_Diboson_SR1pass2016__norm 
INFO: (function: run) Combine.cc: 715  shapeBkg_WZQQ_SR1pass2016__norm 
INFO: (function: run) Combine.cc: 715  shapeBkg_EWKvjets_SR1pass2016__norm 
INFO: (function: run) Combine.cc: 715  shapeSig_WH_SR1pass2016APV__norm 
INFO: (function: run) Combine.cc: 715  shapeSig_ZH_SR1pass2016APV__norm 
INFO: (function: run) Combine.cc: 715  shapeSig_VBF_SR1pass2016APV__norm 
INFO: (function: run) Combine.cc: 715  shapeSig_ggF_SR1pass2016APV__norm 
INFO: (function: run) Combine.cc: 715  shapeSig_ttH_SR1pass2016APV__norm 
INFO: (function: run) Combine.cc: 715  shapeBkg_WJetsLNu_SR1pass2016APV__norm 
INFO: (function: run) Combine.cc: 715  shapeBkg_TTbar_SR1pass2016APV__norm 
INFO: (function: run) Combine.cc: 715  shapeBkg_SingleTop_SR1pass2016APV__norm 
INFO: (function: run) Combine.cc: 715  shapeBkg_DYJets_SR1pass2016APV__norm 
INFO: (function: run) Combine.cc: 715  shapeBkg_Diboson_SR1pass2016APV__norm 
INFO: (function: run) Combine.cc: 715  shapeBkg_WZQQ_SR1pass2016APV__norm 
INFO: (function: run) Combine.cc: 715  shapeBkg_EWKvjets_SR1pass2016APV__norm 
INFO: (function: run) Combine.cc: 715  shapeSig_WH_SR1pass2017__norm 
INFO: (function: run) Combine.cc: 715  shapeSig_ZH_SR1pass2017__norm 
INFO: (function: run) Combine.cc: 715  shapeSig_VBF_SR1pass2017__norm 
INFO: (function: run) Combine.cc: 715  shapeSig_ggF_SR1pass2017__norm 
INFO: (function: run) Combine.cc: 715  shapeSig_ttH_SR1pass2017__norm 
INFO: (function: run) Combine.cc: 715  shapeBkg_WJetsLNu_SR1pass2017__norm 
INFO: (function: run) Combine.cc: 715  shapeBkg_TTbar_SR1pass2017__norm 
INFO: (function: run) Combine.cc: 715  shapeBkg_SingleTop_SR1pass2017__norm 
INFO: (function: run) Combine.cc: 715  shapeBkg_DYJets_SR1pass2017__norm 
INFO: (function: run) Combine.cc: 715  shapeBkg_Diboson_SR1pass2017__norm 
INFO: (function: run) Combine.cc: 715  shapeBkg_WZQQ_SR1pass2017__norm 
INFO: (function: run) Combine.cc: 715  shapeBkg_EWKvjets_SR1pass2017__norm 
INFO: (function: run) Combine.cc: 715  shapeSig_WH_SR1pass2018__norm 
INFO: (function: run) Combine.cc: 715  shapeSig_ZH_SR1pass2018__norm 
INFO: (function: run) Combine.cc: 715  shapeSig_VBF_SR1pass2018__norm 
INFO: (function: run) Combine.cc: 715  shapeSig_ggF_SR1pass2018__norm 
INFO: (function: run) Combine.cc: 715  shapeSig_ttH_SR1pass2018__norm 
INFO: (function: run) Combine.cc: 715  shapeBkg_WJetsLNu_SR1pass2018__norm 
INFO: (function: run) Combine.cc: 715  shapeBkg_TTbar_SR1pass2018__norm 
INFO: (function: run) Combine.cc: 715  shapeBkg_SingleTop_SR1pass2018__norm 
INFO: (function: run) Combine.cc: 715  shapeBkg_DYJets_SR1pass2018__norm 
INFO: (function: run) Combine.cc: 715  shapeBkg_EWKvjets_SR1pass2018__norm 
INFO: (function: run) Combine.cc: 715  shapeBkg_Diboson_SR1pass2018__norm 
INFO: (function: run) Combine.cc: 715  shapeBkg_WZQQ_SR1pass2018__norm 
INFO: (function: run) Combine.cc: 715  shapeBkg_fake_SR1pass2018__norm 
INFO: (function: run) Combine.cc: 715  shapeBkg_WJetsLNu_TopCRfail2016__norm 
INFO: (function: run) Combine.cc: 715  shapeBkg_DYJets_TopCRfail2016__norm 
INFO: (function: run) Combine.cc: 715  shapeBkg_TTbar_TopCRfail2016__norm 
INFO: (function: run) Combine.cc: 715  shapeBkg_SingleTop_TopCRfail2016__norm 
INFO: (function: run) Combine.cc: 715  shapeBkg_WJetsLNu_TopCRfail2016APV__norm 
INFO: (function: run) Combine.cc: 715  shapeBkg_DYJets_TopCRfail2016APV__norm 
INFO: (function: run) Combine.cc: 715  shapeBkg_TTbar_TopCRfail2016APV__norm 
INFO: (function: run) Combine.cc: 715  shapeBkg_SingleTop_TopCRfail2016APV__norm 
INFO: (function: run) Combine.cc: 715  shapeBkg_WJetsLNu_TopCRfail2017__norm 
INFO: (function: run) Combine.cc: 715  shapeBkg_DYJets_TopCRfail2017__norm 
INFO: (function: run) Combine.cc: 715  shapeBkg_TTbar_TopCRfail2017__norm 
INFO: (function: run) Combine.cc: 715  shapeBkg_SingleTop_TopCRfail2017__norm 
INFO: (function: run) Combine.cc: 715  shapeBkg_WJetsLNu_TopCRfail2018__norm 
INFO: (function: run) Combine.cc: 715  shapeBkg_DYJets_TopCRfail2018__norm 
INFO: (function: run) Combine.cc: 715  shapeBkg_TTbar_TopCRfail2018__norm 
INFO: (function: run) Combine.cc: 715  shapeBkg_SingleTop_TopCRfail2018__norm 
INFO: (function: run) Combine.cc: 715  shapeBkg_WJetsLNu_TopCRpass2016__norm 
INFO: (function: run) Combine.cc: 715  shapeBkg_DYJets_TopCRpass2016__norm 
INFO: (function: run) Combine.cc: 715  shapeBkg_TTbar_TopCRpass2016__norm 
INFO: (function: run) Combine.cc: 715  shapeBkg_SingleTop_TopCRpass2016__norm 
INFO: (function: run) Combine.cc: 715  shapeBkg_WJetsLNu_TopCRpass2016APV__norm 
INFO: (function: run) Combine.cc: 715  shapeBkg_DYJets_TopCRpass2016APV__norm 
INFO: (function: run) Combine.cc: 715  shapeBkg_TTbar_TopCRpass2016APV__norm 
INFO: (function: run) Combine.cc: 715  shapeBkg_SingleTop_TopCRpass2016APV__norm 
INFO: (function: run) Combine.cc: 715  shapeBkg_WJetsLNu_TopCRpass2017__norm 
INFO: (function: run) Combine.cc: 715  shapeBkg_DYJets_TopCRpass2017__norm 
INFO: (function: run) Combine.cc: 715  shapeBkg_TTbar_TopCRpass2017__norm 
INFO: (function: run) Combine.cc: 715  shapeBkg_SingleTop_TopCRpass2017__norm 
INFO: (function: run) Combine.cc: 715  shapeBkg_WJetsLNu_TopCRpass2018__norm 
INFO: (function: run) Combine.cc: 715  shapeBkg_DYJets_TopCRpass2018__norm 
INFO: (function: run) Combine.cc: 715  shapeBkg_TTbar_TopCRpass2018__norm 
INFO: (function: run) Combine.cc: 715  shapeBkg_SingleTop_TopCRpass2018__norm 
INFO: (function: run) Combine.cc: 715  n_exp_binCR1_proc_CMS_HWW_boosted_qcd_datadriven 
INFO: (function: run) Combine.cc: 715  n_exp_binCR1Blinded_proc_CMS_HWW_boosted_qcd_datadriven 
INFO: (function: run) Combine.cc: 715  n_exp_binSR1a_proc_CMS_HWW_boosted_qcd_datadriven 
INFO: (function: run) Combine.cc: 715  n_exp_binSR1aBlinded_proc_CMS_HWW_boosted_qcd_datadriven 
INFO: (function: run) Combine.cc: 715  n_exp_binSR1b_proc_CMS_HWW_boosted_qcd_datadriven 
INFO: (function: run) Combine.cc: 715  n_exp_binSR1bBlinded_proc_CMS_HWW_boosted_qcd_datadriven 
INFO: (function: run) Combine.cc: 715  n_exp_binCR2_proc_CMS_HWW_boosted_qcd_datadriven 
INFO: (function: run) Combine.cc: 715  n_exp_binCR2Blinded_proc_CMS_HWW_boosted_qcd_datadriven 
INFO: (function: run) Combine.cc: 715  n_exp_binSR2a_proc_CMS_HWW_boosted_qcd_datadriven 
INFO: (function: run) Combine.cc: 715  n_exp_binSR2aBlinded_proc_CMS_HWW_boosted_qcd_datadriven 
INFO: (function: run) Combine.cc: 715  n_exp_binSR2b_proc_CMS_HWW_boosted_qcd_datadriven 
INFO: (function: run) Combine.cc: 715  n_exp_binSR2bBlinded_proc_CMS_HWW_boosted_qcd_datadriven 
INFO: (function: generateAsimov) ToyMCSamplerOpt.cc: 146 -- Using internal logic for binned/unbinned Asimov dataset generation
INFO: (function: generateWithHisto) ToyMCSamplerOpt.cc: 221 -- Generating asimov with histogram for pdf pdf_binCR1_obsOnly: in 20 x-bins
INFO: (function: generateAsimov) ToyMCSamplerOpt.cc: 146 -- Using internal logic for binned/unbinned Asimov dataset generation
INFO: (function: generateWithHisto) ToyMCSamplerOpt.cc: 221 -- Generating asimov with histogram for pdf pdf_binCR1Blinded_obsOnly: in 20 x-bins
INFO: (function: generateAsimov) ToyMCSamplerOpt.cc: 146 -- Using internal logic for binned/unbinned Asimov dataset generation
INFO: (function: generateWithHisto) ToyMCSamplerOpt.cc: 221 -- Generating asimov with histogram for pdf pdf_binSR1a_obsOnly: in 20 x-bins
INFO: (function: generateAsimov) ToyMCSamplerOpt.cc: 146 -- Using internal logic for binned/unbinned Asimov dataset generation
INFO: (function: generateWithHisto) ToyMCSamplerOpt.cc: 221 -- Generating asimov with histogram for pdf pdf_binSR1aBlinded_obsOnly: in 20 x-bins
INFO: (function: generateAsimov) ToyMCSamplerOpt.cc: 146 -- Using internal logic for binned/unbinned Asimov dataset generation
INFO: (function: generateWithHisto) ToyMCSamplerOpt.cc: 221 -- Generating asimov with histogram for pdf pdf_binSR1b_obsOnly: in 20 x-bins
INFO: (function: generateAsimov) ToyMCSamplerOpt.cc: 146 -- Using internal logic for binned/unbinned Asimov dataset generation
INFO: (function: generateWithHisto) ToyMCSamplerOpt.cc: 221 -- Generating asimov with histogram for pdf pdf_binSR1bBlinded_obsOnly: in 20 x-bins
INFO: (function: generateAsimov) ToyMCSamplerOpt.cc: 146 -- Using internal logic for binned/unbinned Asimov dataset generation
INFO: (function: generateWithHisto) ToyMCSamplerOpt.cc: 221 -- Generating asimov with histogram for pdf pdf_binCR2_obsOnly: in 20 x-bins
INFO: (function: generateAsimov) ToyMCSamplerOpt.cc: 146 -- Using internal logic for binned/unbinned Asimov dataset generation
INFO: (function: generateWithHisto) ToyMCSamplerOpt.cc: 221 -- Generating asimov with histogram for pdf pdf_binCR2Blinded_obsOnly: in 20 x-bins
INFO: (function: generateAsimov) ToyMCSamplerOpt.cc: 146 -- Using internal logic for binned/unbinned Asimov dataset generation
INFO: (function: generateWithHisto) ToyMCSamplerOpt.cc: 221 -- Generating asimov with histogram for pdf pdf_binSR2a_obsOnly: in 20 x-bins
INFO: (function: generateAsimov) ToyMCSamplerOpt.cc: 146 -- Using internal logic for binned/unbinned Asimov dataset generation
INFO: (function: generateWithHisto) ToyMCSamplerOpt.cc: 221 -- Generating asimov with histogram for pdf pdf_binSR2aBlinded_obsOnly: in 20 x-bins
INFO: (function: generateAsimov) ToyMCSamplerOpt.cc: 146 -- Using internal logic for binned/unbinned Asimov dataset generation
INFO: (function: generateWithHisto) ToyMCSamplerOpt.cc: 221 -- Generating asimov with histogram for pdf pdf_binSR2b_obsOnly: in 20 x-bins
INFO: (function: generateAsimov) ToyMCSamplerOpt.cc: 146 -- Using internal logic for binned/unbinned Asimov dataset generation
INFO: (function: generateWithHisto) ToyMCSamplerOpt.cc: 221 -- Generating asimov with histogram for pdf pdf_binSR2bBlinded_obsOnly: in 20 x-bins
INFO: (function: generateAsimov) ToyMCSamplerOpt.cc: 146 -- Using internal logic for binned/unbinned Asimov dataset generation
INFO: (function: generateWithHisto) ToyMCSamplerOpt.cc: 221 -- Generating asimov with histogram for pdf pdf_binVBF_obsOnly: in 9 x-bins
INFO: (function: generateAsimov) ToyMCSamplerOpt.cc: 146 -- Using internal logic for binned/unbinned Asimov dataset generation
INFO: (function: generateWithHisto) ToyMCSamplerOpt.cc: 221 -- Generating asimov with histogram for pdf pdf_binggFpt250to350_obsOnly: in 9 x-bins
INFO: (function: generateAsimov) ToyMCSamplerOpt.cc: 146 -- Using internal logic for binned/unbinned Asimov dataset generation
INFO: (function: generateWithHisto) ToyMCSamplerOpt.cc: 221 -- Generating asimov with histogram for pdf pdf_binggFpt350to500_obsOnly: in 9 x-bins
INFO: (function: generateAsimov) ToyMCSamplerOpt.cc: 146 -- Using internal logic for binned/unbinned Asimov dataset generation
INFO: (function: generateWithHisto) ToyMCSamplerOpt.cc: 221 -- Generating asimov with histogram for pdf pdf_binggFpt500toInf_obsOnly: in 9 x-bins
INFO: (function: generateAsimov) ToyMCSamplerOpt.cc: 146 -- Using internal logic for binned/unbinned Asimov dataset generation
INFO: (function: generateWithHisto) ToyMCSamplerOpt.cc: 221 -- Generating asimov with histogram for pdf pdf_binTopCR_obsOnly: in 9 x-bins
INFO: (function: generateAsimov) ToyMCSamplerOpt.cc: 146 -- Using internal logic for binned/unbinned Asimov dataset generation
INFO: (function: generateWithHisto) ToyMCSamplerOpt.cc: 221 -- Generating asimov with histogram for pdf pdf_binWJetsCR_obsOnly: in 9 x-bins
INFO: (function: generateAsimov) ToyMCSamplerOpt.cc: 146 -- Using internal logic for binned/unbinned Asimov dataset generation
INFO: (function: generateWithHisto) ToyMCSamplerOpt.cc: 221 -- Generating asimov with histogram for pdf pdf_binSR1fail2016_obsOnly: in 6 x-bins
INFO: (function: generateAsimov) ToyMCSamplerOpt.cc: 146 -- Using internal logic for binned/unbinned Asimov dataset generation
INFO: (function: generateWithHisto) ToyMCSamplerOpt.cc: 221 -- Generating asimov with histogram for pdf pdf_binSR1fail2016APV_obsOnly: in 6 x-bins
INFO: (function: generateAsimov) ToyMCSamplerOpt.cc: 146 -- Using internal logic for binned/unbinned Asimov dataset generation
INFO: (function: generateWithHisto) ToyMCSamplerOpt.cc: 221 -- Generating asimov with histogram for pdf pdf_binSR1fail2017_obsOnly: in 6 x-bins
INFO: (function: generateAsimov) ToyMCSamplerOpt.cc: 146 -- Using internal logic for binned/unbinned Asimov dataset generation
INFO: (function: generateWithHisto) ToyMCSamplerOpt.cc: 221 -- Generating asimov with histogram for pdf pdf_binSR1fail2018_obsOnly: in 6 x-bins
INFO: (function: generateAsimov) ToyMCSamplerOpt.cc: 146 -- Using internal logic for binned/unbinned Asimov dataset generation
INFO: (function: generateWithHisto) ToyMCSamplerOpt.cc: 221 -- Generating asimov with histogram for pdf pdf_binSR1pass2016_obsOnly: in 6 x-bins
INFO: (function: generateAsimov) ToyMCSamplerOpt.cc: 146 -- Using internal logic for binned/unbinned Asimov dataset generation
INFO: (function: generateWithHisto) ToyMCSamplerOpt.cc: 221 -- Generating asimov with histogram for pdf pdf_binSR1pass2016APV_obsOnly: in 6 x-bins
INFO: (function: generateAsimov) ToyMCSamplerOpt.cc: 146 -- Using internal logic for binned/unbinned Asimov dataset generation
INFO: (function: generateWithHisto) ToyMCSamplerOpt.cc: 221 -- Generating asimov with histogram for pdf pdf_binSR1pass2017_obsOnly: in 6 x-bins
INFO: (function: generateAsimov) ToyMCSamplerOpt.cc: 146 -- Using internal logic for binned/unbinned Asimov dataset generation
INFO: (function: generateWithHisto) ToyMCSamplerOpt.cc: 221 -- Generating asimov with histogram for pdf pdf_binSR1pass2018_obsOnly: in 6 x-bins
INFO: (function: generateAsimov) ToyMCSamplerOpt.cc: 146 -- Using internal logic for binned/unbinned Asimov dataset generation
INFO: (function: generateWithHisto) ToyMCSamplerOpt.cc: 221 -- Generating asimov with histogram for pdf pdf_binTopCRfail2016_obsOnly: in 6 x-bins
INFO: (function: generateAsimov) ToyMCSamplerOpt.cc: 146 -- Using internal logic for binned/unbinned Asimov dataset generation
INFO: (function: generateWithHisto) ToyMCSamplerOpt.cc: 221 -- Generating asimov with histogram for pdf pdf_binTopCRfail2016APV_obsOnly: in 6 x-bins
INFO: (function: generateAsimov) ToyMCSamplerOpt.cc: 146 -- Using internal logic for binned/unbinned Asimov dataset generation
INFO: (function: generateWithHisto) ToyMCSamplerOpt.cc: 221 -- Generating asimov with histogram for pdf pdf_binTopCRfail2017_obsOnly: in 6 x-bins
INFO: (function: generateAsimov) ToyMCSamplerOpt.cc: 146 -- Using internal logic for binned/unbinned Asimov dataset generation
INFO: (function: generateWithHisto) ToyMCSamplerOpt.cc: 221 -- Generating asimov with histogram for pdf pdf_binTopCRfail2018_obsOnly: in 6 x-bins
INFO: (function: generateAsimov) ToyMCSamplerOpt.cc: 146 -- Using internal logic for binned/unbinned Asimov dataset generation
INFO: (function: generateWithHisto) ToyMCSamplerOpt.cc: 221 -- Generating asimov with histogram for pdf pdf_binTopCRpass2016_obsOnly: in 6 x-bins
INFO: (function: generateAsimov) ToyMCSamplerOpt.cc: 146 -- Using internal logic for binned/unbinned Asimov dataset generation
INFO: (function: generateWithHisto) ToyMCSamplerOpt.cc: 221 -- Generating asimov with histogram for pdf pdf_binTopCRpass2016APV_obsOnly: in 6 x-bins
INFO: (function: generateAsimov) ToyMCSamplerOpt.cc: 146 -- Using internal logic for binned/unbinned Asimov dataset generation
INFO: (function: generateWithHisto) ToyMCSamplerOpt.cc: 221 -- Generating asimov with histogram for pdf pdf_binTopCRpass2017_obsOnly: in 6 x-bins
INFO: (function: generateAsimov) ToyMCSamplerOpt.cc: 146 -- Using internal logic for binned/unbinned Asimov dataset generation
INFO: (function: generateWithHisto) ToyMCSamplerOpt.cc: 221 -- Generating asimov with histogram for pdf pdf_binTopCRpass2018_obsOnly: in 6 x-bins
INFO: (function: improveOnce) CascadeMinimizer.cc: 188 -- Minimisation configured with Type=Minuit2, Algo=Migrad, strategy=0, tolerance=0.1
INFO: (function: improveOnce) CascadeMinimizer.cc: 211 -- Minimisation finished with status=0
INFO: (function: improveOnce) CascadeMinimizer.cc: 216 -- Minimization success! status=0
INFO: (function: doFit) FitterAlgoBase.cc: 360 -- Running RobustFit for POI CMS_HWW_boosted_tf_dataResidual_CR1_Bin16. Configured with strategy 0  
INFO: (function: findCrossing) FitterAlgoBase.cc: 406 -- Searching for crossing at nll = 0.494473, in the interval 0.208831 < CMS_HWW_boosted_tf_dataResidual_CR1_Bin16 < 10
INFO: (function: improveOnce) CascadeMinimizer.cc: 188 -- Minimisation configured with Type=Minuit2, Algo=Migrad, strategy=0, tolerance=0.1
INFO: (function: improveOnce) CascadeMinimizer.cc: 211 -- Minimisation finished with status=0
INFO: (function: improveOnce) CascadeMinimizer.cc: 216 -- Minimization success! status=0
INFO: (function: findCrossing) FitterAlgoBase.cc: 427 -- CMS_HWW_boosted_tf_dataResidual_CR1_Bin16 lvl-here lvl-there 	stepping 
INFO: (function: improveOnce) CascadeMinimizer.cc: 188 -- Minimisation configured with Type=Minuit2, Algo=Migrad, strategy=0, tolerance=0.1
INFO: (function: improveOnce) CascadeMinimizer.cc: 211 -- Minimisation finished with status=0
INFO: (function: improveOnce) CascadeMinimizer.cc: 216 -- Minimization success! status=0
INFO: (function: findCrossing) FitterAlgoBase.cc: 460 -- 1.187948    -3.15656  +0.49447    0.979117
INFO: (function: improveOnce) CascadeMinimizer.cc: 188 -- Minimisation configured with Type=Minuit2, Algo=Migrad, strategy=0, tolerance=0.1
INFO: (function: improveOnce) CascadeMinimizer.cc: 211 -- Minimisation finished with status=0
INFO: (function: improveOnce) CascadeMinimizer.cc: 216 -- Minimization success! status=0
INFO: (function: findCrossing) FitterAlgoBase.cc: 460 -- 0.502566    +0.19613  -3.15656    0.293735
INFO: (function: improveOnce) CascadeMinimizer.cc: 188 -- Minimisation configured with Type=Minuit2, Algo=Migrad, strategy=0, tolerance=0.1
                                                                                                                                                                                                                                                                                                                                                                                                                                                                                                                                                                                                                                                                                                                                                                                                                     INFO: (function: improveOnce) CascadeMinimizer.cc: 211 -- Minimisation finished with status=0
IINFO: (function: improveOnce) CascadeMinimizer.cc: 211 -- Minimisation finished with status=0
INFO: (function: improveOnce) CascadeMinimizer.cc: 216 -- Minimization success! status=0
INFO: (function: findCrossing) FitterAlgoBase.cc: 460 -- 0.995655    -3.30276  -42.63683    0.015406
INFO: (function: improveOnce) CascadeMinimizINFO: (function: improveOnce) CascadeMinimizer.cc: 211 -- Minimisation finished with status=0
ININFO: (function: improveOnce) CascadeMinimizer.cc: 211 -- Minimisation finished with status=0
INFO: (function: improveOnce) CascadeMinimizer.cc: 216 -- Minimization success! status=0
INFO: (function: findCrossing) FitterAlgoBase.cc: 460 -- 0.984871    +0.15342  -3.30276    0.004622
INFO: (function: improveOnce) CascadeMinimizer.cc: 188 -- Minimisation configured with Type=Minuit2, Algo=Migrad, strategy=0, tolerance=0.1
INFO: (function: improveOnce) CascadeMinimizer.cc: 211 -- Minimisation finished with status=0
INFO: (function: improveOnce) CascadeMinimizer.cc: 216 -- Minimization success! status=0
INFO: (function: findCrossing) FitterAlgoBase.cc: 460 -- 0.989492    -0.86926  +0.15342    0.004622
INFO: (function: improveOnce) CascadeMinimizer.cc: 188 -- Minimisation configured with Type=Minuit2, Algo=Migrad, strategy=0, tolerance=0.1
INFO: (function: improveOnce) CascadeMinimizer.cc: 211 -- Minimisation finished with status=0
INFO: (function: improveOnce) CascadeMinimizer.cc: 216 -- Minimization success! status=0
INFO: (function: findCrossing) FitterAlgoBase.cc: 460 -- 0.986257    -0.08003  -0.86926    0.001387
INFO: (function: improveOnce) CascadeMinimizer.cc: 188 -- Minimisation configured with Type=Minuit2, Algo=Migrad, strategy=0, tolerance=0.1
FO: (function: improveOnce) CascadeMinimizer.cc: 216 -- Minimization success! status=0
INFO: (function: findCrossing) FitterAlgoBase.cc: 460 -- 1.819700    +0.09055  -0.18806    0.002211
INFO: (function: improveOnce) CascadeMinimizer.cc: 188 -- Minimisation configured with Type=Minuit2, Algo=Migrad, strategy=0, tolerance=0.1
INFO: (function: improveOnce) CascadeMinimizer.cc: 211 -- Minimisation finished with status=0
INFO: (function: improveOnce) CascadeMinimizer.cc: 216 -- Minimization success! status=0
INFO: (function: findCrossing) FitterAlgoBase.cc: 460 -- 1.821911    -0.01757  +0.09055    0.002211
INFO: (function: improveOnce) CascadeMinimizer.cc: 188 -- Minimisation configured with Type=Minuit2, Algo=Migrad, strategy=0, tolerance=0.1
1
INFO: (function: improveOnce) CascadeMinimizer.cc: 211 -- Minimisation finished with status=0
INFO: (function: improveOnce) CascadeMinimizer.cc: 216 -- Minimization success! status=0
INFO: (function: findCrossing) FitterAlgoBase.cc: 460 -- 1.233319    -0.07354  +0.03838    0.002283
INFO: (function: improveOnce) CascadeMinimizer.cc: 188 -- Minimisation configured with Type=Minuit2, Algo=Migrad, strategy=0, tolerance=0.1
inimisation configured with Type=Minuit2, Algo=Migrad, strategy=0, tolerance=0.1
INFO: (function: improveOnce) CascadeMinimizer.cc: 211 -- Minimisation finished with status=0
INFO: (function: improveOnce) CascadeMinimizer.cc: 216 -- Minimization success! status=0
INFO: (function: findCrossing) FitterAlgoBase.cc: 460 -- 1.881977    -0.03018  -0.10656    0.001324
INFO: (function: improveOnce) CascadeMinimizer.cc: 188 -- Minimisation configured with Type=Minuit2, Algo=Migrad, strategy=0, tolerance=0.1
INFO: (function: improveOnce) CascadeMinimizer.cc: 211 -- Minimisation finished with status=0
INFO: (function: improveOnce) CascadeMinimizer.cc: 216 -- Minimization success! status=0
INFO: (function: findCrossing) FitterAlgoBase.cc: 460 -- 1.881051    -0.00749  -0.03018    0.000397
INFO: (function: findCrossing) FitterAlgoBase.cc: 406 -- Searching for crossing at nll = 0.494473, in the interval 1.83799 < CMS_HWW_boosted_tf_dataResidual_b_MH_Reco_par5 < -20
INFO: (function: improveOnce) CascadeMinimizer.cc: 188 -- Minimisation configured with Type=Minuit2, Algo=Migrad, strategy=0, tolerance=0.1
INFO: (function: improveOnce) CascadeMinimizer.cc: 211 -- Minimisation finished with status=0
INFO: (function: improveOnce) CascadeMinimizer.cc: 216 -- Minimization success! status=0
INFO: (function: findCrossing) FitterAlgoBase.cc: 427 -- CMS_HWW_boosted_tf_dataResidual_b_MH_Reco_par5 lvl-here lvl-there 	stepping 
INFO: (function: improveOnce) CascadeMinimizer.cc: 188 -- Minimisation configured with Type=Minuit2, Algo=Migrad, strategy=0, tolerance=0.1
nction: findCrossing) FitterAlgoBase.cc: 406 -- Searching for crossing at nll = 0.494473, in the interval 0.814593 < CMS_HWW_boosted_tf_dataResidual_a_MH_Reco_par0 < -20
INFO: (function: improveOnce) CascadeMinimizer.ccINFO: (function: improveOnce) CascadeMinimizer.cc: 211 -- Minimisation finished with statusINFO: (function: improveOnce) CascadeMinimizer.cc: 211 -- Minimisation finished with status=0
INFO: (function: improveOnce) CascadeMinimizer.cc: 216 -- Minimization success! status=0
INFO: (function: findCrossing) FitterAlgoBase.cc: 427 -- CMS_HWW_boosted_tf_dataResidual_a_MH_Reco_par0 lvl-here lvl-there 	stepping 
INFO: (function: improveOnce) CascadeMinimizer.cc: 1INFO: (function: improveOnce) CascadeMinimizer.cc: 211 -- Minimisation finished with staINFO: (function: improveOnce) CascadeMinimizer.cc: 211 -- Minimisation finished with status=0
INFO: (function: improveOnce) CascadeMinimizer.cc: 216 -- Minimization success! status=0
INFO: (function: findCrossing) FitterAlgoBase.cc: 460 -- -1.266867    -556.87881  +0.49447    -2.081459
INFO: (function: improveOnce) CascadeMinimizer.cc: INFO: (function: improveOnce) CascadeMinimizer.cc: 211 -- Minimisation finished with status=0
INFO: (function: improveOnce) CascadeMinimizer.cc: 216 -- Minimization success! status=0
INFO: (function: findCrossing) FitterAlgoBase.cc: 460 -- 0.691297    -4.78636  -29.33588    -0.187913
INFO: (function: improveOnce) CascadeMinimizer.cc: 188 -- Minimisation configured with Type=Minuit2, Algo=Migrad, strategy=0, tolerance=0.1
INFO: (function: improveOnce) CascadeMinimizer.cc: 211 -- Minimisation finished with status=0
INFO: (function: improveOnce) CascadeMinimizer.cc: 216 -- Minimization success! status=0
INFO: (function: findCrossing) FitterAlgoBase.cc: 460 -- 0.822836    -0.07057  -4.78636    -0.056374
INFO: (function: improveOnce) CascadeMinimizer.cc: 188 -- Minimisation configured with Type=Minuit2, Algo=Migrad, strategy=0, tolerance=0.1
 Algo=Migrad, strategy=0, tolerance=0.1
r.cc: 188 -- Minimisation configured with Type=Minuit2, Algo=Migrad, strategy=0, tolerance=0.1
mproveOnce) CascadeMinimizer.cc: 211 -- Minimisation finished with status=0
INFO: (function: improveOnce) CascadeMinimizer.cc: 216 -- Minimization success! status=0
INFO: (function: findCrossing) FitterAlgoBase.cc: 460 -- -0.180000    -0.08350  +0.34299    -0.090000
INFO: (function: improveOnce) CascadeMinimizer.cc: 188 -- Minimisation configured with Type=Minuit2INFO: (function: improveOnce) CascadeMiniINFO: (function: improveOnce) CascadeMinimizer.cc: 211 -- Minimisation finished with status=0
INFO: (function: improveOnce) CascadeMinimizer.cc: 216 -- Minimization success! status=0
INFO: (function: findCrossing) FitterAlgoBase.cc: 460 -- -0.117000    +0.24418  -0.08350    -0.027000
INFO: (function: improveOnce) CascadeMinimizer.cc: 188INFO: (function: improveOnce) CascadeMinimizer.cc: 211 -- Minimisation finished with status=0
ININFO: (fINFO: (function: improveOnce) CascadeMinimizer.cc: 211 -- Minimisation finished with status=0
INFO: (function: improveOnce) CascadeMinimizer.cc: 216 -- Minimization success! status=0
INFO: (function: findCrossing) FitterAlgoBase.cc: 460 -- -0.033410    +0.12610  +0.24569    -0.027303
INFO: (function: improveOnce) CascadeMinimizer.cc: 188 -- Minimisation configured with Type=Minuit2, Algo=Migrad, strategy=0, tolerance=0.1
INFO: (function: improveOnce) CascadeMinimizer.cc: 211 -- Minimisation finished with status=0
INFO: (function: improveOnce) CascadeMinimizer.cc: 216 -- Minimization success! status=0
INFO: (function: findCrossing) FitterAlgoBase.cc: 460 -- -0.073731    +0.02525  +0.15833    -0.027267
INFO: (function: improveOnce) CascadeMinimizer.cc: 188 -- Minimisation configured with Type=MiINFO: (function: improveOnce) CascadeMinimizer.cc: 211 -- Minimisation finished with status=0
INFO: (function: improveOnce) CascadeMinimizer.cc: 216 -- Minimization success! status=0
INFO: (function: findCrossing) FitterAlgoBase.cc: 460 -- 1.190978    +0.03155  +0.09469    -0.001546
INFO: (function: improveOnce) CascadeMinimizer.cc: 188 -- Minimisation configured with Type=Minuit2, Algo=Migrad, strategy=0, tolerance=0.1
nuit2, Algo=Migrad, strategy=0, tolerance=0.1
INFO: (function: improveOnce) CascadeMinimizer.cc: 211 -- Minimisation finished with status=0
INFO: (function: improveOnce) CascadeMinimizer.cc: 216 -- Minimization success! status=0
INFO: (function: findCrossing) FitterAlgoBase.cc: 460 -- -0.175962    +0.00127  -0.00309    -0.000745
INFO: (function: improveOnce) CascadeMinimizer.cc: 188 -- Minimisation configured with Type=Minuit2, Algo=Migrad, strategy=0, tolerance=0.1
saINFO: (function: improveOnce) CascadeMinimizer.cc: 211 -- Minimisation finished with status=0
INFO: (function: improveOnce) CascadeMinimizer.cc: 216 -- Minimization success! status=0
INFO: (function: findCrossing) FitterAlgoBase.cc: 460 -- -0.141879    -0.00001  -0.01458    -0.002490
INFO: (function: improveOnce) CascadeMinimizer.cc: 188 -- Minimisation coINFO: (function: improveOnce) CascadeMinimizer.cc: 211 -- Minimisation finished with status=0
INFO: (function: improveOnce) CascadeMinimizer.cc: 216 -- Minimization success! status=0
INFO: (function: findCrossing) FitterAlgoBase.cc: 460 -- 0.833495    +0.03804  +0.08939    -0.005083
INFO: (function: improveOnce) CascadeMinimizer.cc: 188 -- Minimisation configured with Type=Minuit2, Algo=Migrad, strategy=0, tolerance=0.1
Once) CascadeMinimizer.cc: 211 -- Minimisation finished with status=0
INFO: (function: improveOnce) CascadeMinimizer.cc: 216 -- Minimization success! status=0
INFO: (function: findCrossing) FitterAlgoBase.cc: 460 -- -0.165497    +0.00097  +0.00228    -0.000219
INFO: (function: improveOnce) CascadeMinimizer.cc: 188 -- Minimisation configured with Type=Minuit2, Algo=Migrad, strategy=0, tolerance=0.1
INFO: (function: improveOnce) CascadeMinimizer.cc: 211 -- Minimisation finished with status=0
INFO: (function: improveOnce) CascadeMinimizer.cc: 216 -- Minimization success! status=0
INFO: (function: findCrossing) FitterAlgoBase.cc: 460 -- -0.165716    +0.00028  +0.00097    -0.000219
INFO: (function: improveOnce) CascadeMinimizer.cc: 188 -- Minimisation configured with Type=Minuit2, Algo=Migrad, strategy=0, tolerance=0.1
ance=0.1
INFO: (function: improveOnce) CascadeMinimizer.cc: 211 -- Minimisation finished with status=0
INFO: (function: improveOnce) CascadeMinimizer.cc: 216 -- Minimization success! status=0
INFO: (function: findCrossing) FitterAlgoBase.cc: 460 -- -0.092533    +0.00189  -0.00086    -0.000221
INFO: (function: improveOnce) CascadeMinimizer.cc: 188 -- Minimisation confiINFO: (function: improveOnce) CascadeMinimizer.cc: 211 -- Minimisation finished with status=0
INFO: (function: improveOnce) CascadeMinimizer.cc: 216 -- Minimization success! status=0
INFO: (function: improveOnce) CascadeMinimizer.cc: 188 -- Minimisation configured with Type=Minuit2, Algo=Migrad, strategy=0, tolerance=0.1
73  +0.00189    -0.000221
INFO: (function: improveOnce) CascadeMinimizer.cc: 188 -- Minimisation configured with Type=Minuit2, Algo=Migrad, strategy=0, tolerance=0.1
.1
Once) CascadeMinimizer.cc: 211 -- Minimisation finishINFO: (function: improveOnce) CascadeMinimizer.cc: 211 -- Minimisation finished with status=0
INFO: (function: improveOnce) CascadeMinimizer.cc: 216 -- Minimization success! status=0
INFO: (function: improveOnce) CascadeMinimizer.cc: 188 -- Minimisation configured with Type=Minuit2, Algo=Migrad, strategy=0, tolerance=0.1
tegy=0, tolerance=0.1
Migrad, strategy=0, tolerance=0.1
INFO: (function: improveOnce) CascadeMinimizer.cINFO: (function: improveOnce) CascadeMinimizer.cc: 211 -- Minimisation finished with status=0
INFO: (function: improveOnce) CascadeMinimizer.cc: 216 -- Minimization success! status=0
INFO: (function: improveOnce) CascadeMinimizer.cc: 188 -- Minimisation configured with Type=Minuit2, Algo=Migrad, strategy=0, tolerance=0.1
INFO: (function: improveOnce) CascadeMinimizer.cc: 211 -- Minimisation finished with status=0
INFO: (function: improveOnce) CascadeMinimizer.cc: 216 -- Minimization success! status=0
eMinimizer.cc: 216 -- Minimization success! status=0
INFO: (function: findCrossing) FitterAlgoBase.cc: 460 -- 0.829851    -0.00018  -0.00370    -0.000137
INFO: (function: improveOnce) CascadeMinimizer.cc: 188 -- Minimisation configured with Type=Minuit2, Algo=Migrad, strategy=0, tolerance=0.1
INFO: (function: improveOnce) CascadeMinimizer.cc: 211 -- Minimisation finished with status=0
INFO: (function: improveOnce) CascadeMinimizer.cc: 216 -- Minimization success! status=0
INFO: (function: improveOnce) CascadeMinimizer.cc: 188 -- Minimisation configured with Type=Minuit2, Algo=Migrad, strategy=0, tolerance=0.1
zer.cc: 188 -- Minimisation configured with Type=Minuit2, Algo=Migrad, strategy=0, tolerance=0.1
(function: improveOnce) CascadeMinimizer.cc: 211 -- Minimisation finished with status=0
INFO: (function: improveOnce) CascadeMinimizer.cc: 216 -- Minimization success! status=0
INFO: (function: findCrossing) FitterAlgoBase.cc: 460 -- -0.072598    +0.00094  +0.00125    -0.000033
INFO: (function: improveOnce) CascadeMinimizer.cc: 188 -- Minimisation configured with Type=Minuit2, Algo=Migrad, strategy=0, tolerance=0.1
INFO: (function: improveOnce) CascadeMinimizer.cc: 211 -- Minimisation finished with status=0
INFO: (function: improveOnce) CascadeMinimizer.cc: 216 -- Minimization success! status=0
INFO: (function: findCrossing) FitterAlgoBase.cc: 460 -- -0.072630    +0.00064  +0.00094    -0.000033
INFO: (function: improveOnce) CascadeMinimizer.cc: 188 -- Minimisation configured with Type=Minuit2, Algo=Migrad, strategy=0, tolerance=0.1
INFO: (function: improveOnce) CascadeMinimizer.cc: 211 -- Minimisation finished with status=0
INFO: (function: improveOnce) CascadeMinimizer.cc: 216 -- Minimization success! status=0
INFO: (function: findCrossing) FitterAlgoBase.cc: 460 -- -0.072663    +0.00033  +0.00064    -0.000033
INFO: (function: improveOnce) CascadeMinimizer.cc: 188 -- Minimisation configured with Type=Minuit2, Algo=Migrad, strategy=0, tolerance=0.1
INFO: (function: improveOnce) CascadeMinimizer.cc: 211 -- Minimisation finished with status=0
INFO: (function: improveOnce) CascadeMinimizer.cc: 216 -- Minimization success! status=0
INFO: (function: improveOnce) CascadeMinimizer.cc: 188 -- Minimisation configured with Type=Minuit2, Algo=Migrad, strategy=0, tolerance=0.1
INFO: (function: improveOnce) CascadeMinimizer.cc: 211 -- Minimisation finished with status=0
INFO: (function: improveOnce) CascadeMinimizer.cc: 216 -- Minimization success! status=0
#line 1 "Forward declarations from /cvmfs/cms.cern.ch/slc7_amd64_gcc900/cms/cmssw/CMSSW_11_3_4/lib/slc7_amd64_gcc900/DataFormatsTauReco_x2r.rootmap"
namespace reco { class RecoTauPiZero; }namespace reco { class PFRecoTauChargedHadron; }namespace reco { class PFTauDecayMode; }namespace reco { class CompositePtrCandidate; }
#line 1 "Forward declarations from /cvmfs/cms.cern.ch/slc7_amd64_gcc900/cms/cmssw/CMSSW_11_3_4/lib/slc7_amd64_gcc900/DataFormatsSiStripDigi_xr.rootmap"
class SiStripProcessedRawDigi;class SiStripRawDigi;
#line 1 "Forward declarations from /cvmfs/cms.cern.ch/slc7_amd64_gcc900/cms/cmssw/CMSSW_11_3_4/lib/slc7_amd64_gcc900/FireworksFWInterface_xr.rootmap"

#line 1 "Forward declarations from /cvmfs/cms.cern.ch/slc7_amd64_gcc900/cms/cmssw/CMSSW_11_3_4/lib/slc7_amd64_gcc900/DataFormatsTrackReco_xr.rootmap"
namespace reco { class TrackExtra; }namespace reco { class DeDxHitInfo; }namespace reco { class DeDxData; }
#line 1 "Forward declarations from /cvmfs/cms.cern.ch/slc7_amd64_gcc900/cms/cmssw/CMSSW_11_3_4/lib/slc7_amd64_gcc900/FireworksEve_xr.rootmap"

#line 1 "Forward declarations from /cvmfs/cms.cern.ch/slc7_amd64_gcc900/cms/cmssw/CMSSW_11_3_4/lib/slc7_amd64_gcc900/PhysicsToolsMVAComputer_xr.rootmap"
namespace PhysicsTools {  }
#line 1 "Forward declarations from /cvmfs/cms.cern.ch/slc7_amd64_gcc900/cms/cmssw/CMSSW_11_3_4/lib/slc7_amd64_gcc900/PhysicsToolsSelectorUtils_xr.rootmap"
namespace pat { class strbitset; }
#line 1 "Forward declarations from /cvmfs/cms.cern.ch/slc7_amd64_gcc900/cms/cmssw/CMSSW_11_3_4/lib/slc7_amd64_gcc900/PhysicsToolsUtilities_xr.rootmap"
namespace reweight {  }
#line 1 "Forward declarations from /cvmfs/cms.cern.ch/slc7_amd64_gcc900/cms/cmssw/CMSSW_11_3_4/lib/slc7_amd64_gcc900/MuonAnalysisMomentumScaleCalibration_xr.rootmap"

#line 1 "Forward declarations from /cvmfs/cms.cern.ch/slc7_amd64_gcc900/cms/cmssw/CMSSW_11_3_4/lib/slc7_amd64_gcc900/TrackingToolsTrajectoryState_xr.rootmap"

#line 1 "Forward declarations from /cvmfs/cms.cern.ch/slc7_amd64_gcc900/cms/cmssw/CMSSW_11_3_4/lib/slc7_amd64_gcc900/SimDataFormatsRPCDigiSimLink_xr.rootmap"
class RPCDigiSimLink;
#line 1 "Forward declarations from /cvmfs/cms.cern.ch/slc7_amd64_gcc900/cms/cmssw/CMSSW_11_3_4/lib/slc7_amd64_gcc900/SimDataFormatsCaloHit_xr.rootmap"
class HFShowerLibraryEventInfo;
#line 1 "Forward declarations from /cvmfs/cms.cern.ch/slc7_amd64_gcc900/cms/cmssw/CMSSW_11_3_4/lib/slc7_amd64_gcc900/RecoTrackerTkTrackingRegions_xr.rootmap"
class TrackingRegion;class TrackingRegionsSeedingLayerSets;
#line 1 "Forward declarations from /cvmfs/cms.cern.ch/slc7_amd64_gcc900/cms/cmssw/CMSSW_11_3_4/lib/slc7_amd64_gcc900/AnalysisDataFormatsEWK_xr.rootmap"
namespace reco { class WMuNuCandidate; }namespace reco { class WMuNuCandidatePtr; }
#line 1 "Forward declarations from /cvmfs/cms.cern.ch/slc7_amd64_gcc900/cms/cmssw/CMSSW_11_3_4/lib/slc7_amd64_gcc900/SimDataFormatsTrackingHit_xr.rootmap"

#line 1 "Forward declarations from /cvmfs/cms.cern.ch/slc7_amd64_gcc900/cms/cmssw/CMSSW_11_3_4/lib/slc7_amd64_gcc900/SimDataFormatsVertex_xr.rootmap"

#line 1 "Forward declarations from /cvmfs/cms.cern.ch/slc7_amd64_gcc900/cms/cmssw/CMSSW_11_3_4/lib/slc7_amd64_gcc900/SimDataFormatsTrack_xr.rootmap"

#line 1 "Forward declarations from /cvmfs/cms.cern.ch/slc7_amd64_gcc900/cms/cmssw/CMSSW_11_3_4/lib/slc7_amd64_gcc900/CUDADataFormatsSiPixelCluster_xr.rootmap"
class SiPixelClustersCUDA;
#line 1 "Forward declarations from /cvmfs/cms.cern.ch/slc7_amd64_gcc900/cms/cmssw/CMSSW_11_3_4/lib/slc7_amd64_gcc900/CondFormatsHcalObjects_xr.rootmap"
class HcalPedestal;template <typename Item> class HcalCondObjectContainer;class HcalPedestalWidth;class HcalGain;class HcalGainWidth;class HcalQIECoder;class HcalQIEType;class HcalCalibrationQIECoder;class HcalChannelStatus;class HcalZSThreshold;class HcalRespCorr;class HcalL1TriggerObject;class HcalTimeCorr;class HcalLUTCorr;class HcalPFCorr;class HcalValidationCorr;class HcalLutMetadatum;class HcalRecoParam;class HcalLongRecoParam;class HcalZDCLowGainFraction;class HcalMCParam;class HcalFlagHFDigiTimeParam;class HcalTimingParam;class HcalSiPMParameter;class HcalTPChannelParameter;template <unsigned int> class InterpolatedPulse;class AbsOOTPileupCorrection;template <typename T> class StorableDoubleMap;class HFPhase1PMTData;template <typename Item> class HcalItemCollById;
#line 1 "Forward declarations from /cvmfs/cms.cern.ch/slc7_amd64_gcc900/cms/cmssw/CMSSW_11_3_4/lib/slc7_amd64_gcc900/CondFormatsSiPhase2TrackerObjects_xr.rootmap"

#line 1 "Forward declarations from /cvmfs/cms.cern.ch/slc7_amd64_gcc900/cms/cmssw/CMSSW_11_3_4/lib/slc7_amd64_gcc900/DataFormatsCommon_xr.rootmap"
namespace edm { template <typename KEY> class RefVectorBase; }namespace edm { class ConditionsInLumiBlock; }namespace edm { class ConditionsInRunBlock; }namespace edm { class ConditionsInEventBlock; }namespace edm { class MergeableCounter; }namespace edm { class TriggerResults; }namespace edm { class HLTGlobalStatus; }namespace edm { class EndPathStatus; }namespace edm { class HLTPathStatus; }namespace edm { class DataFrameContainer; }namespace edm { class ThinnedAssociation; }namespace edm { template <typename T> class CopyPolicy; }namespace edmNew { namespace dstvdetails {  } }namespace test_with_dictionaries {  }
#line 1 "Forward declarations from /cvmfs/cms.cern.ch/slc7_amd64_gcc900/cms/cmssw/CMSSW_11_3_4/lib/slc7_amd64_gcc900/DataFormatsCTPPSDetId_xr.rootmap"

#line 1 "Forward declarations from /cvmfs/cms.cern.ch/slc7_amd64_gcc900/cms/cmssw/CMSSW_11_3_4/lib/slc7_amd64_gcc900/CondFormatsPCLConfig_xr.rootmap"

#line 1 "Forward declarations from /cvmfs/cms.cern.ch/slc7_amd64_gcc900/cms/cmssw/CMSSW_11_3_4/lib/slc7_amd64_gcc900/DataFormatsEgammaCandidates_xr.rootmap"
namespace reco { class Conversion; }namespace reco { class PhotonCore; }namespace reco { class Electron; }namespace reco { class GsfElectronCore; }namespace reco { class SiStripElectron; }namespace reco { class HIPhotonIsolation; }
#line 1 "Forward declarations from /cvmfs/cms.cern.ch/slc7_amd64_gcc900/cms/cmssw/CMSSW_11_3_4/lib/slc7_amd64_gcc900/DataFormatsFP420Cluster_xr.rootmap"
class RecoCollectionFP420;class RecoFP420;class TrackCollectionFP420;class TrackFP420;class ClusterCollectionFP420;class ClusterFP420;
#line 1 "Forward declarations from /cvmfs/cms.cern.ch/slc7_amd64_gcc900/cms/cmssw/CMSSW_11_3_4/lib/slc7_amd64_gcc900/DataFormatsTrajectoryState_xr.rootmap"

#line 1 "Forward declarations from /cvmfs/cms.cern.ch/slc7_amd64_gcc900/cms/cmssw/CMSSW_11_3_4/lib/slc7_amd64_gcc900/DataFormatsSiPixelDetId_xr.rootmap"
class PixelFEDChannel;
#line 1 "Forward declarations from /cvmfs/cms.cern.ch/slc7_amd64_gcc900/cms/cmssw/CMSSW_11_3_4/lib/slc7_amd64_gcc900/DataFormatsRPCDigi_xr.rootmap"
class RPCDigi;class RPCAMCLinkCounters;class LinkBoardElectronicIndex;class RPCRawDataCounts;
#line 1 "Forward declarations from /cvmfs/cms.cern.ch/slc7_amd64_gcc900/cms/cmssw/CMSSW_11_3_4/lib/slc7_amd64_gcc900/DataFormatsGEMDigi_xr.rootmap"
class GEMDigi;class GEMPadDigi;class GEMPadDigiCluster;class GEMCoPadDigi;class GEMAMC13Status;class GEMAMCStatus;class GEMOHStatus;class GEMVFATStatus;class GEMVfatStatusDigi;namespace gem { class GEBdata; }namespace gem { class AMCdata; }namespace gem { class AMC13Event; }class ME0DigiPreReco;class ME0Digi;class ME0PadDigi;class ME0PadDigiCluster;class ME0TriggerDigi;namespace gem {  }
#line 1 "Forward declarations from /cvmfs/cms.cern.ch/slc7_amd64_gcc900/cms/cmssw/CMSSW_11_3_4/lib/slc7_amd64_gcc900/DataFormatsStdDictionaries_x3r.rootmap"

#line 1 "Forward declarations from /cvmfs/cms.cern.ch/slc7_amd64_gcc900/cms/cmssw/CMSSW_11_3_4/lib/slc7_amd64_gcc900/DataFormatsParticleFlowReco_xr.rootmap"
namespace reco { class PFDisplacedTrackerVertex; }namespace reco { class PFNuclearInteraction; }namespace reco { class PFConversion; }namespace reco { class PFV0; }namespace reco { class ConvBremSeed; }
#line 1 "Forward declarations from /cvmfs/cms.cern.ch/slc7_amd64_gcc900/cms/cmssw/CMSSW_11_3_4/lib/slc7_amd64_gcc900/DataFormatsGsfTrackReco_xr.rootmap"
namespace reco { class GsfTrackExtra; }
#line 1 "Forward declarations from /cvmfs/cms.cern.ch/slc7_amd64_gcc900/cms/cmssw/CMSSW_11_3_4/lib/slc7_amd64_gcc900/EgammaAnalysisElectronTools_xr.rootmap"

#line 1 "Forward declarations from /cvmfs/cms.cern.ch/slc7_amd64_gcc900/cms/cmssw/CMSSW_11_3_4/lib/slc7_amd64_gcc900/DataFormatsTestObjects_xr.rootmap"
namespace edmtest { class Thing; }namespace edmtest { class Simple; }namespace edm { namespace soa { template <typename ... Args> class Table; } }namespace edmtest { class MissingDictionaryTestA; }namespace edm { class EventID; }namespace edmtest { class DeleteEarly; }namespace edmtestprod { class X0123456789012345678901234567890123456789012345678901234567890123456789012345678901; }namespace edmtestprod { class StreamTestThing; }namespace edmtestprod { class Simple; }namespace edmtestprod { template <typename T> class Ord; }namespace edmtestprod { template <typename T> class StreamTestTmpl; }namespace edmtest { class ThingWithIsEqual; }namespace edmtest { class ThingWithMerge; }namespace edmtest { class SimpleDerived; }namespace edmtest { class Sortable; }namespace edmtest { class Unsortable; }namespace edmtest { class Prodigal; }namespace edmtest { class StringProduct; }namespace edmtest { class DoubleProduct; }namespace edmtest { class Int16_tProduct; }namespace edmtest { class TransientIntProduct; }namespace edmtest { class UInt64Product; }namespace edmtest { class IntProduct; }namespace edmtest { class DummyProduct; }namespace edmtest {  }namespace edmtestprod {  }namespace edm { namespace soa {  } }
#line 1 "Forward declarations from /cvmfs/cms.cern.ch/slc7_amd64_gcc900/cms/cmssw/CMSSW_11_3_4/lib/slc7_amd64_gcc900/L1TriggerL1TGlobal_xr.rootmap"

#line 1 "Forward declarations from /cvmfs/cms.cern.ch/slc7_amd64_gcc900/cms/cmssw/CMSSW_11_3_4/lib/slc7_amd64_gcc900/IORawDataHcalTBInputService_xr.rootmap"

#line 1 "Forward declarations from /cvmfs/cms.cern.ch/slc7_amd64_gcc900/cms/cmssw/CMSSW_11_3_4/lib/slc7_amd64_gcc900/RecoPixelVertexingPixelTrackFitting_xr.rootmap"
class PixelFitter;class PixelTrackFilter;
#line 1 "Forward declarations from /cvmfs/cms.cern.ch/slc7_amd64_gcc900/cms/cmssw/CMSSW_11_3_4/lib/slc7_amd64_gcc900/TBDataFormatsHcalTBObjects_xr.rootmap"
class HcalTBParticleId;class HcalTBBeamCounters;class HcalTBTiming;class HcalTBEventPosition;class HcalTBRunData;class HcalTBTriggerData;
#line 1 "Forward declarations from /cvmfs/cms.cern.ch/slc7_amd64_gcc900/cms/cmssw/CMSSW_11_3_4/lib/slc7_amd64_gcc900/SimDataFormatsValidationFormats_xr.rootmap"
class PHGCalValidInfo;class PTrackerSimHit;class PMuonSimHit;class PHcalValidInfoJets;class PHcalValidInfoNxN;class PHcalValidInfoLayer;class PEcalValidInfo;class PGlobalRecHit;class PGlobalDigi;class PGlobalSimHit;
#line 1 "Forward declarations from /cvmfs/cms.cern.ch/slc7_amd64_gcc900/cms/cmssw/CMSSW_11_3_4/lib/slc7_amd64_gcc900/ValidationRecoParticleFlow_xr.rootmap"

#line 1 "Forward declarations from /cvmfs/cms.cern.ch/slc7_amd64_gcc900/cms/cmssw/CMSSW_11_3_4/lib/slc7_amd64_gcc900/TrackingToolsPatternTools_xr.rootmap"
class MomentumConstraint;class ErrorMatrixTag;template <typename T, typename ErrorWeightType> class GlobalErrorBase;
#line 1 "Forward declarations from /cvmfs/cms.cern.ch/slc7_amd64_gcc900/cms/cmssw/CMSSW_11_3_4/lib/slc7_amd64_gcc900/testCondDBDict_xr.rootmap"

#line 1 "Forward declarations from /cvmfs/cms.cern.ch/slc7_amd64_gcc900/cms/cmssw/CMSSW_11_3_4/lib/slc7_amd64_gcc900/testDTCalibration_xr.rootmap"

#line 1 "Forward declarations from /cvmfs/cms.cern.ch/slc7_amd64_gcc900/cms/cmssw/CMSSW_11_3_4/lib/slc7_amd64_gcc900/testSimMuonDTDigitizer_xr.rootmap"

#line 1 "Forward declarations from /cvmfs/cms.cern.ch/slc7_amd64_gcc900/cms/cmssw/CMSSW_11_3_4/external/slc7_amd64_gcc900/lib/libGenVector32.rootmap"
namespace ROOT { namespace Math { template <typename T> class Cartesian2D; } }namespace ROOT { namespace Math { template <typename T> class Polar2D; } }namespace ROOT { namespace Math { template <typename CoordSystem, typename Tag> class DisplacementVector2D; } }namespace ROOT { namespace Math { template <typename T> class CylindricalEta3D; } }namespace ROOT { namespace Math { template <typename T> class Polar3D; } }namespace ROOT { namespace Math { template <typename T> class Cylindrical3D; } }namespace ROOT { namespace Math { class LocalCoordinateSystemTag; } }namespace ROOT { namespace Math { class GlobalCoordinateSystemTag; } }namespace ROOT { namespace Math { template <typename T> class PxPyPzE4D; } }namespace ROOT { namespace Math { template <typename T> class PxPyPzM4D; } }namespace ROOT { namespace Math { template <typename T> class PtEtaPhiE4D; } }namespace ROOT { namespace Math { template <typename T> class PtEtaPhiM4D; } }
#line 1 "Forward declarations from /cvmfs/cms.cern.ch/slc7_amd64_gcc900/cms/cmssw/CMSSW_11_3_4/external/slc7_amd64_gcc900/lib/libSmatrix32.rootmap"

#line 1 "Forward declarations from /cvmfs/cms.cern.ch/slc7_amd64_gcc900/cms/cmssw/CMSSW_11_3_4/external/slc7_amd64_gcc900/lib/libcomplexDict.rootmap"
template <typename T> class _root_std_complex;
#line 1 "Forward declarations from /cvmfs/cms.cern.ch/slc7_amd64_gcc900/cms/cmssw/CMSSW_11_3_4/external/slc7_amd64_gcc900/lib/libdequeDict.rootmap"

#line 1 "Forward declarations from /cvmfs/cms.cern.ch/slc7_amd64_gcc900/cms/cmssw/CMSSW_11_3_4/external/slc7_amd64_gcc900/lib/libforward_listDict.rootmap"

#line 1 "Forward declarations from /cvmfs/cms.cern.ch/slc7_amd64_gcc900/cms/cmssw/CMSSW_11_3_4/external/slc7_amd64_gcc900/lib/libmultimapDict.rootmap"

#line 1 "Forward declarations from /cvmfs/cms.cern.ch/slc7_amd64_gcc900/cms/cmssw/CMSSW_11_3_4/external/slc7_amd64_gcc900/lib/libmultisetDict.rootmap"

#line 1 "Forward declarations from /cvmfs/cms.cern.ch/slc7_amd64_gcc900/cms/cmssw/CMSSW_11_3_4/external/slc7_amd64_gcc900/lib/liblistDict.rootmap"

#line 1 "Forward declarations from /cvmfs/cms.cern.ch/slc7_amd64_gcc900/cms/cmssw/CMSSW_11_3_4/external/slc7_amd64_gcc900/lib/libmap2Dict.rootmap"

#line 1 "Forward declarations from /cvmfs/cms.cern.ch/slc7_amd64_gcc900/cms/cmssw/CMSSW_11_3_4/external/slc7_amd64_gcc900/lib/libmapDict.rootmap"

#line 1 "Forward declarations from /cvmfs/cms.cern.ch/slc7_amd64_gcc900/cms/cmssw/CMSSW_11_3_4/external/slc7_amd64_gcc900/lib/libmultimap2Dict.rootmap"

#line 1 "Forward declarations from /cvmfs/cms.cern.ch/slc7_amd64_gcc900/cms/cmssw/CMSSW_11_3_4/external/slc7_amd64_gcc900/lib/libsetDict.rootmap"

#line 1 "Forward declarations from /cvmfs/cms.cern.ch/slc7_amd64_gcc900/cms/cmssw/CMSSW_11_3_4/external/slc7_amd64_gcc900/lib/libunordered_mapDict.rootmap"

#line 1 "Forward declarations from /cvmfs/cms.cern.ch/slc7_amd64_gcc900/cms/cmssw/CMSSW_11_3_4/external/slc7_amd64_gcc900/lib/libunordered_multimapDict.rootmap"

#line 1 "Forward declarations from /cvmfs/cms.cern.ch/slc7_amd64_gcc900/cms/cmssw/CMSSW_11_3_4/external/slc7_amd64_gcc900/lib/libunordered_multisetDict.rootmap"

#line 1 "Forward declarations from /cvmfs/cms.cern.ch/slc7_amd64_gcc900/cms/cmssw/CMSSW_11_3_4/external/slc7_amd64_gcc900/lib/libunordered_setDict.rootmap"

#line 1 "Forward declarations from /cvmfs/cms.cern.ch/slc7_amd64_gcc900/cms/cmssw/CMSSW_11_3_4/external/slc7_amd64_gcc900/lib/libvalarrayDict.rootmap"

#line 1 "Forward declarations from /cvmfs/cms.cern.ch/slc7_amd64_gcc900/cms/cmssw/CMSSW_11_3_4/external/slc7_amd64_gcc900/lib/libvectorDict.rootmap"
' were encountered.
Error in <TClass::LoadClassInfo>: no interpreter information for class TTree is available even though it has a TClass initialization routine.
Error in <TClass::LoadClassInfo>: no interpreter information for class TTree is available even though it has a TClass initialization routine.
Error in <TClass::LoadClassInfo>: no interpreter information for class TTree is available even though it has a TClass initialization routine.
Error in <TClass::LoadClassInfo>: no interpreter information for class TTree is available even though it has a TClass initialization routine.
Error in <TClass::LoadClassInfo>: no interpreter information for class TTree is available even though it has a TClass initialization routine.
Error in <TClass::LoadClassInfo>: no interpreter information for class TTree is available even though it has a TClass initialization routine.
Error in <TClass::LoadClassInfo>: no interpreter information for class TTree is available even though it has a TClass initialization routine.
Error in <TClass::LoadClassInfo>: no interpreter information for class TTree is available even though it has a TClass initialization routine.
Error in <TClass::LoadClassInfo>: no interpreter information for class TTree is available even though it has a TClass initialization routine.
Error in <TClass::LoadClassInfo>: no interpreter information for class TTree is available even though it has a TClass initialization routine.
Error in <TClass::LoadClassInfo>: no interpreter information for class TTree is available even though it has a TClass initialization routine.
Error in <TClass::LoadClassInfo>: no interpreter information for class TTree is available even though it has a TClass initialization routine.
Error in <TClass::LoadClassInfo>: no interpreter information for class TTree is available even though it has a TClass initialization routine.
Error in <TClass::LoadClassInfo>: no interpreter information for class TTree is available even though it has a TClass initialization routine.
Warning in <TGenericClassInfo>: The rule for class: "TTree": version, "[-16]" and data members: "fDefaultEntryOffsetLen" has been skipped because the target member (fDefaultEntryOffsetLen) is unknown.
Error in <TClass::LoadClassInfo>: no interpreter information for class TTree is available even though it has a TClass initialization routine.
Error in <TClass::LoadClassInfo>: no interpreter information for class TTree is available even though it has a TClass initialization routine.
Error in <TClass::LoadClassInfo>: no interpreter information for class TTree is available even though it has a TClass initialization routine.
Error in <TClass::LoadClassInfo>: no interpreter information for class TTree is available even though it has a TClass initialization routine.
Error in <TClass::LoadClassInfo>: no interpreter information for class TTree is available even though it has a TClass initialization routine.
Error in <TClass::LoadClassInfo>: no interpreter information for class TTree is available even though it has a TClass initialization routine.
Error in <TClass::LoadClassInfo>: no interpreter information for class TTree is available even though it has a TClass initialization routine.
Error in <TClass::LoadClassInfo>: no interpreter information for class TTree is available even though it has a TClass initialization routine.
Error in <TClass::LoadClassInfo>: no interpreter information for class TTree is available even though it has a TClass initialization routine.
Error in <TClass::LoadClassInfo>: no interpreter information for class TTree is available even though it has a TClass initialization routine.
Error in <TClass::LoadClassInfo>: no interpreter information for class TTree is available even though it has a TClass initialization routine.
Error in <TClass::LoadClassInfo>: no interpreter information for class TTree is available even though it has a TClass initialization routine.
Error in <TClass::LoadClassInfo>: no interpreter information for class TTree is available even though it has a TClass initialization routine.
Error in <TClass::LoadClassInfo>: no interpreter information for class TTree is available even though it has a TClass initialization routine.
Warning in <TGenericClassInfo>: The rule for class: "TTree": version, "[-18]" and data members: "fNClusterRange" has been skipped because the target member (fNClusterRange) is unknown.
Error in <TClass::LoadClassInfo>: no interpreter information for class TTree is available even though it has a TClass initialization routine.
Error in <TClass::LoadClassInfo>: no interpreter information for class TTree is available even though it has a TClass initialization routine.
Error in <TClass::LoadClassInfo>: no interpreter information for class TTree is available even though it has a TClass initialization routine.
Error in <TClass::LoadClassInfo>: no interpreter information for class TTree is available even though it has a TClass initialization routine.
Error in <TClass::LoadClassInfo>: no interpreter information for class TLeafD is available even though it has a TClass initialization routine.
Error in <TClass::LoadClassInfo>: no interpreter information for class TLeafD is available even though it has a TClass initialization routine.
Error in <TClass::LoadClassInfo>: no interpreter information for class TLeafD is available even though it has a TClass initialization routine.
Error in <TClass::LoadClassInfo>: no interpreter information for class TLeafI is available even though it has a TClass initialization routine.
Error in <TClass::LoadClassInfo>: no interpreter information for class TLeafI is available even though it has a TClass initialization routine.
Error in <TClass::LoadClassInfo>: no interpreter information for class TLeafI is available even though it has a TClass initialization routine.
Error in <TClass::LoadClassInfo>: no interpreter information for class TLeafI is available even though it has a TClass initialization routine.
Error in <TClass::LoadClassInfo>: no interpreter information for class TLeafF is available even though it has a TClass initialization routine.
Error in <TClass::LoadClassInfo>: no interpreter information for class TLeafF is available even though it has a TClass initialization routine.
Error in <TClass::LoadClassInfo>: no interpreter information for class TLeafF is available even though it has a TClass initialization routine.
input_line_12:1:2: error: unknown type name 'include'
#include "/cvmfs/cms.cern.ch/slc7_amd64_gcc900/lcg/root/6.22.08-ljfedo/etc/plugins/TFile/P010_TWebFile.C"
 ^
In file included from input_line_12:1:
/cvmfs/cms.cern.ch/slc7_amd64_gcc900/lcg/root/6.22.08-ljfedo/etc/plugins/TFile/P010_TWebFile.C:1:1: error: expected unqualified-id
void P010_TWebFile()
^
input_line_13:1:2: error: unknown type name 'include'
#include "/cvmfs/cms.cern.ch/slc7_amd64_gcc900/lcg/root/6.22.08-ljfedo/etc/plugins/TFile/P040_TDCacheFile.C"
 ^
In file included from input_line_13:1:
/cvmfs/cms.cern.ch/slc7_amd64_gcc900/lcg/root/6.22.08-ljfedo/etc/plugins/TFile/P040_TDCacheFile.C:1:1: error: expected unqualified-id
void P040_TDCacheFile()
^
input_line_14:1:2: error: unknown type name 'include'
#include "/cvmfs/cms.cern.ch/slc7_amd64_gcc900/lcg/root/6.22.08-ljfedo/etc/plugins/TFile/P050_TGFALFile.C"
 ^
In file included from input_line_14:1:
/cvmfs/cms.cern.ch/slc7_amd64_gcc900/lcg/root/6.22.08-ljfedo/etc/plugins/TFile/P050_TGFALFile.C:1:1: error: expected unqualified-id
void P050_TGFALFile()
^
input_line_15:1:2: error: unknown type name 'include'
#include "/cvmfs/cms.cern.ch/slc7_amd64_gcc900/lcg/root/6.22.08-ljfedo/etc/plugins/TFile/P070_TAlienFile.C"
 ^
In file included from input_line_15:1:
/cvmfs/cms.cern.ch/slc7_amd64_gcc900/lcg/root/6.22.08-ljfedo/etc/plugins/TFile/P070_TAlienFile.C:1:1: error: expected unqualified-id
void P070_TAlienFile()
^
input_line_16:1:2: error: unknown type name 'include'
#include "/cvmfs/cms.cern.ch/slc7_amd64_gcc900/lcg/root/6.22.08-ljfedo/etc/plugins/TFile/P080_TXMLFile.C"
 ^
In file included from input_line_16:1:
/cvmfs/cms.cern.ch/slc7_amd64_gcc900/lcg/root/6.22.08-ljfedo/etc/plugins/TFile/P080_TXMLFile.C:1:1: error: expected unqualified-id
void P080_TXMLFile()
^
input_line_17:1:2: error: unknown type name 'include'
#include "/cvmfs/cms.cern.ch/slc7_amd64_gcc900/lcg/root/6.22.08-ljfedo/etc/plugins/TFile/P090_TSQLFile.C"
 ^
In file included from input_line_17:1:
/cvmfs/cms.cern.ch/slc7_amd64_gcc900/lcg/root/6.22.08-ljfedo/etc/plugins/TFile/P090_TSQLFile.C:1:1: error: expected unqualified-id
void P090_TSQLFile()
^
input_line_18:1:2: error: unknown type name 'include'
#include "/cvmfs/cms.cern.ch/slc7_amd64_gcc900/lcg/root/6.22.08-ljfedo/etc/plugins/TFile/P100_TXNetFile.C"
 ^
In file included from input_line_18:1:
/cvmfs/cms.cern.ch/slc7_amd64_gcc900/lcg/root/6.22.08-ljfedo/etc/plugins/TFile/P100_TXNetFile.C:1:1: error: expected unqualified-id
void P100_TXNetFile()
^
input_line_19:1:2: error: unknown type name 'include'
#include "/cvmfs/cms.cern.ch/slc7_amd64_gcc900/lcg/root/6.22.08-ljfedo/etc/plugins/TFile/P120_TNetFile.C"
 ^
In file included from input_line_19:1:
/cvmfs/cms.cern.ch/slc7_amd64_gcc900/lcg/root/6.22.08-ljfedo/etc/plugins/TFile/P120_TNetFile.C:1:1: error: expected unqualified-id
void P120_TNetFile()
^
input_line_20:1:2: error: unknown type name 'include'
#include "/cvmfs/cms.cern.ch/slc7_amd64_gcc900/lcg/root/6.22.08-ljfedo/etc/plugins/TFile/P130_TDavixFile.C"
 ^
In file included from input_line_20:1:
/cvmfs/cms.cern.ch/slc7_amd64_gcc900/lcg/root/6.22.08-ljfedo/etc/plugins/TFile/P130_TDavixFile.C:1:1: error: expected unqualified-id
void P130_TDavixFile()
^
input_line_21:1:2: error: unknown type name 'include'
#include "/cvmfs/cms.cern.ch/slc7_amd64_gcc900/lcg/root/6.22.08-ljfedo/etc/plugins/TFile/P150_TS3WebFile.C"
 ^
In file included from input_line_21:1:
/cvmfs/cms.cern.ch/slc7_amd64_gcc900/lcg/root/6.22.08-ljfedo/etc/plugins/TFile/P150_TS3WebFile.C:1:1: error: expected unqualified-id
void P150_TS3WebFile()
^
input_line_22:1:2: error: unknown type name 'include'
#include "/cvmfs/cms.cern.ch/slc7_amd64_gcc900/lcg/root/6.22.08-ljfedo/etc/plugins/TArchiveFile/P010_TZIPFile.C"
 ^
In file included from input_line_22:1:
/cvmfs/cms.cern.ch/slc7_amd64_gcc900/lcg/root/6.22.08-ljfedo/etc/plugins/TArchiveFile/P010_TZIPFile.C:1:1: error: expected unqualified-id
void P010_TZIPFile()
^
Error in <TClass::LoadClassInfo>: no interpreter information for class RooArgSet is available even though it has a TClass initialization routine.
Error in <TClass::LoadClassInfo>: no interpreter information for class RooArgSet is available even though it has a TClass initialization routine.
Error in <TClass::LoadClassInfo>: no interpreter information for class RooArgSet is available even though it has a TClass initialization routine.
Error in <TClass::LoadClassInfo>: no interpreter information for class RooArgSet is available even though it has a TClass initialization routine.
Error in <TClass::LoadClassInfo>: no interpreter information for class RooArgSet is available even though it has a TClass initialization routine.
Error in <TClass::LoadClassInfo>: no interpreter information for class RooArgSet is available even though it has a TClass initialization routine.
Error in <TClass::LoadClassInfo>: no interpreter information for class RooArgSet is available even though it has a TClass initialization routine.
Error in <TClass::LoadClassInfo>: no interpreter information for class RooArgSet is available even though it has a TClass initialization routine.
Error in <TClass::LoadClassInfo>: no interpreter information for class RooArgSet is available even though it has a TClass initialization routine.
Error in <TClass::LoadClassInfo>: no interpreter information for class RooArgSet is available even though it has a TClass initialization routine.
Error in <TClass::LoadClassInfo>: no interpreter information for class RooArgSet is available even though it has a TClass initialization routine.
Error in <TClass::LoadClassInfo>: no interpreter information for class RooArgSet is available even though it has a TClass initialization routine.
Error in <TClass::LoadClassInfo>: no interpreter information for class RooArgSet is available even though it has a TClass initialization routine.
Error in <TClass::LoadClassInfo>: no interpreter information for class RooArgSet is available even though it has a TClass initialization routine.
Error in <TClass::LoadClassInfo>: no interpreter information for class RooArgSet is available even though it has a TClass initialization routine.
Error in <TClass::LoadClassInfo>: no interpreter information for class RooArgSet is available even though it has a TClass initialization routine.
Error in <TClass::LoadClassInfo>: no interpreter information for class RooArgSet is available even though it has a TClass initialization routine.
Error in <TClass::LoadClassInfo>: no interpreter information for class RooArgSet is available even though it has a TClass initialization routine.
Error in <TClass::LoadClassInfo>: no interpreter information for class RooArgSet is available even though it has a TClass initialization routine.
Error in <TClass::LoadClassInfo>: no interpreter information for class RooArgSet is available even though it has a TClass initialization routine.
Error in <TClass::LoadClassInfo>: no interpreter information for class RooArgSet is available even though it has a TClass initialization routine.
Error in <TClass::LoadClassInfo>: no interpreter information for class RooArgSet is available even though it has a TClass initialization routine.
Error in <TClass::LoadClassInfo>: no interpreter information for class RooAbsCollection is available even though it has a TClass initialization routine.
Error in <TClass::LoadClassInfo>: no interpreter information for class RooAbsCollection is available even though it has a TClass initialization routine.
Error in <TClass::LoadClassInfo>: no interpreter information for class RooAbsCollection is available even though it has a TClass initialization routine.
Error in <TClass::LoadClassInfo>: no interpreter information for class RooAbsCollection is available even though it has a TClass initialization routine.
Error in <TClass::LoadClassInfo>: no interpreter information for class RooAbsCollection is available even though it has a TClass initialization routine.
Error in <TClass::LoadClassInfo>: no interpreter information for class RooAbsCollection is available even though it has a TClass initialization routine.
Error in <TClass::LoadClassInfo>: no interpreter information for class RooAbsCollection is available even though it has a TClass initialization routine.
Error in <TClass::LoadClassInfo>: no interpreter information for class RooAbsCollection is available even though it has a TClass initialization routine.
Error in <TClass::LoadClassInfo>: no interpreter information for class RooAbsCollection is available even though it has a TClass initialization routine.
Error in <TClass::LoadClassInfo>: no interpreter information for class RooAbsCollection is available even though it has a TClass initialization routine.
Error in <TClass::LoadClassInfo>: no interpreter information for class RooAbsCollection is available even though it has a TClass initialization routine.
Error in <TClass::LoadClassInfo>: no interpreter information for class RooAbsCollection is available even though it has a TClass initialization routine.
Error in <TClass::LoadClassInfo>: no interpreter information for class RooAbsCollection is available even though it has a TClass initialization routine.
Error in <TClass::LoadClassInfo>: no interpreter information for class RooAbsCollection is available even though it has a TClass initialization routine.
Warning in <TGenericClassInfo>: The rule for class: "RooAbsCollection": version, "[1]" and data members: "_allRRV" has been skipped because the target member (_allRRV) is unknown.
Error in <TClass::LoadClassInfo>: no interpreter information for class RooAbsCollection is available even though it has a TClass initialization routine.
Error in <TClass::LoadClassInfo>: no interpreter information for class RooAbsCollection is available even though it has a TClass initialization routine.
Error in <TClass::LoadClassInfo>: no interpreter information for class RooAbsCollection is available even though it has a TClass initialization routine.
Error in <TClass::LoadClassInfo>: no interpreter information for class RooAbsCollection is available even though it has a TClass initialization routine.
Error in <TClass::LoadClassInfo>: no interpreter information for class RooAbsCollection is available even though it has a TClass initialization routine.
Error in <TClass::LoadClassInfo>: no interpreter information for class RooAbsCollection is available even though it has a TClass initialization routine.
Error in <TClass::LoadClassInfo>: no interpreter information for class RooAbsCollection is available even though it has a TClass initialization routine.
Error in <TClass::LoadClassInfo>: no interpreter information for class RooAbsCollection is available even though it has a TClass initialization routine.
Error in <TClass::LoadClassInfo>: no interpreter information for class RooAbsCollection is available even though it has a TClass initialization routine.
Error in <TClass::LoadClassInfo>: no interpreter information for class RooAbsCollection is available even though it has a TClass initialization routine.
Error in <TClass::LoadClassInfo>: no interpreter information for class RooAbsCollection is available even though it has a TClass initialization routine.
Error in <TClass::LoadClassInfo>: no interpreter information for class RooAbsCollection is available even though it has a TClass initialization routine.
Error in <TClass::LoadClassInfo>: no interpreter information for class RooAbsCollection is available even though it has a TClass initialization routine.
Error in <TClass::LoadClassInfo>: no interpreter information for class RooAbsCollection is available even though it has a TClass initialization routine.
Warning in <TGenericClassInfo>: The rule for class: "RooAbsCollection": version, "[2]" and data members: "_list" has been skipped because the target member (_list) is unknown.
Error in <TClass::LoadClassInfo>: no interpreter information for class RooAbsCollection is available even though it has a TClass initialization routine.
Error in <TClass::LoadClassInfo>: no interpreter information for class RooAbsCollection is available even though it has a TClass initialization routine.
Error in <TClass::LoadClassInfo>: no interpreter information for class RooAbsCollection is available even though it has a TClass initialization routine.
Error in <TClass::LoadClassInfo>: no interpreter information for class RooAbsCollection is available even though it has a TClass initialization routine.
Error in <TClass::LoadClassInfo>: no interpreter information for class RooAbsCollection is available even though it has a TClass initialization routine.
Error in <TClass::LoadClassInfo>: no interpreter information for class RooAbsCollection is available even though it has a TClass initialization routine.
Error in <TClass::LoadClassInfo>: no interpreter information for class RooAbsCollection is available even though it has a TClass initialization routine.
Error in <TClass::LoadClassInfo>: no interpreter information for class RooAbsCollection is available even though it has a TClass initialization routine.
Error in <TClass::LoadClassInfo>: no interpreter information for class RooAbsCollection is available even though it has a TClass initialization routine.
Error in <TClass::LoadClassInfo>: no interpreter information for class RooAbsCollection is available even though it has a TClass initialization routine.
Error in <TClass::LoadClassInfo>: no interpreter information for class RooAbsCollection is available even though it has a TClass initialization routine.
Error in <TClass::LoadClassInfo>: no interpreter information for class RooAbsCollection is available even though it has a TClass initialization routine.
Error in <TClass::LoadClassInfo>: no interpreter information for class RooAbsCollection is available even though it has a TClass initialization routine.
Error in <TClass::LoadClassInfo>: no interpreter information for class RooAbsCollection is available even though it has a TClass initialization routine.
Error in <TClass::LoadClassInfo>: no interpreter information for class RooAbsCollection is available even though it has a TClass initialization routine.
Error in <TClass::LoadClassInfo>: no interpreter information for class RooAbsCollection is available even though it has a TClass initialization routine.
Error in <TClass::LoadClassInfo>: no interpreter information for class RooAbsCollection is available even though it has a TClass initialization routine.
Error in <TClass::LoadClassInfo>: no interpreter information for class RooAbsCollection is available even though it has a TClass initialization routine.
Error in <TClass::LoadClassInfo>: no interpreter information for class RooAbsCollection is available even though it has a TClass initialization routine.
Error in <TClass::LoadClassInfo>: no interpreter information for class RooAbsCollection is available even though it has a TClass initialization routine.
Error in <TClass::LoadClassInfo>: no interpreter information for class RooAbsCollection is available even though it has a TClass initialization routine.
Error in <TClass::LoadClassInfo>: no interpreter information for class RooAbsCollection is available even though it has a TClass initialization routine.
Error in <TClass::LoadClassInfo>: no interpreter information for class RooAbsCollection is available even though it has a TClass initialization routine.
Error in <TClass::LoadClassInfo>: no interpreter information for class RooAbsCollection is available even though it has a TClass initialization routine.
Error in <TClass::LoadClassInfo>: no interpreter information for class RooAbsCollection is available even though it has a TClass initialization routine.
Error in <TClass::LoadClassInfo>: no interpreter information for class RooAbsCollection is available even though it has a TClass initialization routine.
Error in <TClass::LoadClassInfo>: no interpreter information for class RooAbsCollection is available even though it has a TClass initialization routine.
Error in <TClass::LoadClassInfo>: no interpreter information for class RooAbsCollection is available even though it has a TClass initialization routine.
Error in <TClass::LoadClassInfo>: no interpreter information for class RooAbsCollection is available even though it has a TClass initialization routine.
Error in <TClass::LoadClassInfo>: no interpreter information for class RooAbsCollection is available even though it has a TClass initialization routine.
Error in <TClass::LoadClassInfo>: no interpreter information for class RooAbsCollection is available even though it has a TClass initialization routine.
Error in <TClass::LoadClassInfo>: no interpreter information for class RooAbsCollection is available even though it has a TClass initialization routine.
Error in <TClass::LoadClassInfo>: no interpreter information for class RooAbsCollection is available even though it has a TClass initialization routine.
Error in <TClass::LoadClassInfo>: no interpreter information for class RooAbsCollection is available even though it has a TClass initialization routine.
Error in <TClass::LoadClassInfo>: no interpreter information for class RooAbsCollection is available even though it has a TClass initialization routine.
Error in <TClass::LoadClassInfo>: no interpreter information for class RooAbsCollection is available even though it has a TClass initialization routine.
Error in <TClass::LoadClassInfo>: no interpreter information for class RooAbsCollection is available even though it has a TClass initialization routine.
Error in <TClass::LoadClassInfo>: no interpreter information for class RooAbsCollection is available even though it has a TClass initialization routine.
Error in <TClass::LoadClassInfo>: no interpreter information for class RooAbsCollection is available even though it has a TClass initialization routine.
Error in <TClass::LoadClassInfo>: no interpreter information for class RooAbsCollection is available even though it has a TClass initialization routine.
Error in <TClass::LoadClassInfo>: no interpreter information for class RooAbsCollection is available even though it has a TClass initialization routine.
Error in <TClass::LoadClassInfo>: no interpreter information for class RooAbsCollection is available even though it has a TClass initialization routine.
Error in <TClass::LoadClassInfo>: no interpreter information for class RooAbsCollection is available even though it has a TClass initialization routine.
Error in <TClass::LoadClassInfo>: no interpreter information for class RooAbsCollection is available even though it has a TClass initialization routine.
Error in <TClass::LoadClassInfo>: no interpreter information for class RooAbsCollection is available even though it has a TClass initialization routine.
Error in <TClass::LoadClassInfo>: no interpreter information for class RooAbsCollection is available even though it has a TClass initialization routine.
Error in <TClass::LoadClassInfo>: no interpreter information for class RooAbsCollection is available even though it has a TClass initialization routine.
Error in <TClass::LoadClassInfo>: no interpreter information for class RooAbsCollection is available even though it has a TClass initialization routine.
Error in <TClass::LoadClassInfo>: no interpreter information for class RooAbsCollection is available even though it has a TClass initialization routine.
Error in <TClass::LoadClassInfo>: no interpreter information for class RooAbsCollection is available even though it has a TClass initialization routine.
Error in <TClass::LoadClassInfo>: no interpreter information for class RooAbsCollection is available even though it has a TClass initialization routine.
Error in <TClass::LoadClassInfo>: no interpreter information for class RooAbsCollection is available even though it has a TClass initialization routine.
Error in <TClass::LoadClassInfo>: no interpreter information for class RooAbsCollection is available even though it has a TClass initialization routine.
Error in <TClass::LoadClassInfo>: no interpreter information for class RooAbsCollection is available even though it has a TClass initialization routine.
Error in <TClass::LoadClassInfo>: no interpreter information for class RooAbsCollection is available even though it has a TClass initialization routine.
Error in <TClass::LoadClassInfo>: no interpreter information for class RooAbsCollection is available even though it has a TClass initialization routine.
Error in <TClass::LoadClassInfo>: no interpreter information for class RooAbsCollection is available even though it has a TClass initialization routine.
Error in <TClass::LoadClassInfo>: no interpreter information for class RooAbsCollection is available even though it has a TClass initialization routine.
Error in <TClass::LoadClassInfo>: no interpreter information for class RooAbsCollection is available even though it has a TClass initialization routine.
Error in <TClass::LoadClassInfo>: no interpreter information for class RooAbsCollection is available even though it has a TClass initialization routine.
Error in <TClass::LoadClassInfo>: no interpreter information for class RooAbsCollection is available even though it has a TClass initialization routine.
Error in <TClass::LoadClassInfo>: no interpreter information for class RooAbsCollection is available even though it has a TClass initialization routine.
Error in <TClass::LoadClassInfo>: no interpreter information for class RooAbsCollection is available even though it has a TClass initialization routine.
Error in <TClass::LoadClassInfo>: no interpreter information for class RooAbsCollection is available even though it has a TClass initialization routine.
Error in <TClass::LoadClassInfo>: no interpreter information for class RooAbsCollection is available even though it has a TClass initialization routine.
Error in <TClass::LoadClassInfo>: no interpreter information for class RooAbsCollection is available even though it has a TClass initialization routine.
Error in <TClass::LoadClassInfo>: no interpreter information for class RooAbsCollection is available even though it has a TClass initialization routine.
Error in <TClass::LoadClassInfo>: no interpreter information for class RooAbsCollection is available even though it has a TClass initialization routine.
Error in <TClass::LoadClassInfo>: no interpreter information for class RooAbsCollection is available even though it has a TClass initialization routine.
Error in <TClass::LoadClassInfo>: no interpreter information for class RooAbsCollection is available even though it has a TClass initialization routine.
Error in <TClass::LoadClassInfo>: no interpreter information for class RooAbsCollection is available even though it has a TClass initialization routine.
Error in <TClass::LoadClassInfo>: no interpreter information for class RooAbsCollection is available even though it has a TClass initialization routine.
Error in <TClass::LoadClassInfo>: no interpreter information for class RooAbsCollection is available even though it has a TClass initialization routine.
Error in <TClass::LoadClassInfo>: no interpreter information for class RooAbsCollection is available even though it has a TClass initialization routine.
Error in <TClass::LoadClassInfo>: no interpreter information for class RooAbsCollection is available even though it has a TClass initialization routine.
Error in <TClass::LoadClassInfo>: no interpreter information for class RooAbsCollection is available even though it has a TClass initialization routine.
Error in <TClass::LoadClassInfo>: no interpreter information for class RooAbsCollection is available even though it has a TClass initialization routine.
Error in <TClass::LoadClassInfo>: no interpreter information for class RooAbsCollection is available even though it has a TClass initialization routine.
Error in <TClass::LoadClassInfo>: no interpreter information for class RooAbsCollection is available even though it has a TClass initialization routine.
Error in <TClass::LoadClassInfo>: no interpreter information for class RooAbsCollection is available even though it has a TClass initialization routine.
Error in <TClass::LoadClassInfo>: no interpreter information for class RooAbsCollection is available even though it has a TClass initialization routine.
Error in <TClass::LoadClassInfo>: no interpreter information for class RooAbsCollection is available even though it has a TClass initialization routine.
Error in <TClass::LoadClassInfo>: no interpreter information for class RooAbsCollection is available even though it has a TClass initialization routine.
Error in <TClass::LoadClassInfo>: no interpreter information for class RooAbsCollection is available even though it has a TClass initialization routine.
Error in <TClass::LoadClassInfo>: no interpreter information for class RooAbsCollection is available even though it has a TClass initialization routine.
Error in <TClass::LoadClassInfo>: no interpreter information for class RooAbsCollection is available even though it has a TClass initialization routine.
Error in <TClass::LoadClassInfo>: no interpreter information for class RooAbsCollection is available even though it has a TClass initialization routine.
Error in <TClass::LoadClassInfo>: no interpreter information for class RooAbsCollection is available even though it has a TClass initialization routine.
Error in <TClass::LoadClassInfo>: no interpreter information for class RooAbsCollection is available even though it has a TClass initialization routine.
Error in <TClass::LoadClassInfo>: no interpreter information for class RooAbsCollection is available even though it has a TClass initialization routine.
Error in <TClass::LoadClassInfo>: no interpreter information for class RooAbsCollection is available even though it has a TClass initialization routine.
Error in <TClass::LoadClassInfo>: no interpreter information for class RooAbsCollection is available even though it has a TClass initialization routine.
Error in <TClass::LoadClassInfo>: no interpreter information for class RooAbsCollection is available even though it has a TClass initialization routine.
Error in <TClass::LoadClassInfo>: no interpreter information for class RooAbsCollection is available even though it has a TClass initialization routine.
Error in <TClass::LoadClassInfo>: no interpreter information for class RooAbsCollection is available even though it has a TClass initialization routine.
Error in <TClass::LoadClassInfo>: no interpreter information for class RooAbsCollection is available even though it has a TClass initialization routine.
Error in <TClass::LoadClassInfo>: no interpreter information for class RooAbsCollection is available even though it has a TClass initialization routine.
Error in <TClass::LoadClassInfo>: no interpreter information for class RooAbsCollection is available even though it has a TClass initialization routine.
Error in <TClass::LoadClassInfo>: no interpreter information for class RooAbsCollection is available even though it has a TClass initialization routine.
Error in <TClass::LoadClassInfo>: no interpreter information for class RooAbsCollection is available even though it has a TClass initialization routine.
Error in <TClass::LoadClassInfo>: no interpreter information for class RooAbsCollection is available even though it has a TClass initialization routine.
Error in <TClass::LoadClassInfo>: no interpreter information for class RooAbsCollection is available even though it has a TClass initialization routine.
Error in <TClass::LoadClassInfo>: no interpreter information for class RooAbsCollection is available even though it has a TClass initialization routine.
Error in <TClass::LoadClassInfo>: no interpreter information for class RooAbsCollection is available even though it has a TClass initialization routine.
Error in <TClass::LoadClassInfo>: no interpreter information for class RooAbsCollection is available even though it has a TClass initialization routine.
Error in <TClass::LoadClassInfo>: no interpreter information for class RooAbsCollection is available even though it has a TClass initialization routine.
Error in <TClass::LoadClassInfo>: no interpreter information for class RooAbsCollection is available even though it has a TClass initialization routine.
Error in <TClass::LoadClassInfo>: no interpreter information for class RooAbsCollection is available even though it has a TClass initialization routine.
Error in <TClass::LoadClassInfo>: no interpreter information for class RooAbsCollection is available even though it has a TClass initialization routine.
Error in <TClass::LoadClassInfo>: no interpreter information for class RooAbsCollection is available even though it has a TClass initialization routine.
Error in <TClass::LoadClassInfo>: no interpreter information for class RooAbsCollection is available even though it has a TClass initialization routine.
Error in <TClass::LoadClassInfo>: no interpreter information for class RooAbsCollection is available even though it has a TClass initialization routine.
Error in <TClass::LoadClassInfo>: no interpreter information for class RooAbsCollection is available even though it has a TClass initialization routine.
Error in <TClass::LoadClassInfo>: no interpreter information for class RooAbsCollection is available even though it has a TClass initialization routine.
Error in <TClass::LoadClassInfo>: no interpreter information for class RooAbsCollection is available even though it has a TClass initialization routine.
Error in <TClass::LoadClassInfo>: no interpreter information for class RooAbsCollection is available even though it has a TClass initialization routine.
Error in <TClass::LoadClassInfo>: no interpreter information for class RooAbsCollection is available even though it has a TClass initialization routine.
Error in <TClass::LoadClassInfo>: no interpreter information for class RooAbsCollection is available even though it has a TClass initialization routine.
Error in <TClass::LoadClassInfo>: no interpreter information for class RooAbsCollection is available even though it has a TClass initialization routine.
Error in <TClass::LoadClassInfo>: no interpreter information for class RooAbsCollection is available even though it has a TClass initialization routine.
Error in <TClass::LoadClassInfo>: no interpreter information for class RooAbsCollection is available even though it has a TClass initialization routine.
Error in <TClass::LoadClassInfo>: no interpreter information for class RooAbsCollection is available even though it has a TClass initialization routine.
Error in <TClass::LoadClassInfo>: no interpreter information for class RooAbsCollection is available even though it has a TClass initialization routine.
Error in <TClass::LoadClassInfo>: no interpreter information for class RooAbsCollection is available even though it has a TClass initialization routine.
Error in <TClass::LoadClassInfo>: no interpreter information for class RooAbsCollection is available even though it has a TClass initialization routine.
Error in <TClass::LoadClassInfo>: no interpreter information for class RooAbsCollection is available even though it has a TClass initialization routine.
Warning in <TStreamerInfo::BuildCheck>: 
   The StreamerInfo of class RooAbsCollection read from file /data/pku/home/zhaoyz/Higgs/boostedHWW/combine/combination/full_datacards/higgsCombineSnapshot.MultiDimFit.mH125.root
   has the same version (=3) as the active class but a different checksum.
   You should update the version to ClassDef(RooAbsCollection,4).
   Do not try to write objects with the current class definition,
   the files will not be readable.

Error in <TClass::LoadClassInfo>: no interpreter information for class RooAbsCollection is available even though it has a TClass initialization routine.
Error in <TClass::LoadClassInfo>: no interpreter information for class RooAbsCollection is available even though it has a TClass initialization routine.
Error in <TClass::LoadClassInfo>: no interpreter information for class RooAbsCollection is available even though it has a TClass initialization routine.
Error in <TClass::LoadClassInfo>: no interpreter information for class RooAbsCollection is available even though it has a TClass initialization routine.
Error in <TClass::LoadClassInfo>: no interpreter information for class RooAbsCollection is available even though it has a TClass initialization routine.
Error in <TClass::LoadClassInfo>: no interpreter information for class RooAbsCollection is available even though it has a TClass initialization routine.
Error in <TClass::LoadClassInfo>: no interpreter information for class RooAbsCollection is available even though it has a TClass initialization routine.
Error in <TClass::LoadClassInfo>: no interpreter information for class RooAbsCollection is available even though it has a TClass initialization routine.
Error in <TClass::LoadClassInfo>: no interpreter information for class RooAbsCollection is available even though it has a TClass initialization routine.
Error in <TClass::LoadClassInfo>: no interpreter information for class RooAbsCollection is available even though it has a TClass initialization routine.
Error in <TClass::LoadClassInfo>: no interpreter information for class RooAbsCollection is available even though it has a TClass initialization routine.
Error in <TClass::LoadClassInfo>: no interpreter information for class RooAbsCollection is available even though it has a TClass initialization routine.
Error in <TClass::LoadClassInfo>: no interpreter information for class RooAbsCollection is available even though it has a TClass initialization routine.
Error in <TClass::LoadClassInfo>: no interpreter information for class RooAbsCollection is available even though it has a TClass initialization routine.
Warning in <TStreamerInfo::CompareContent>: The on-file layout version 3 for class 'RooAbsCollection'  has a base class (TObject) that the in-memory layout version 3 does not have
Warning in <TStreamerInfo::CompareContent>: The on-file layout version 3 for class 'RooAbsCollection'  has a base class (RooPrintable) that the in-memory layout version 3 does not have
Error in <TClass::LoadClassInfo>: no interpreter information for class RooPrintable is available even though it has a TClass initialization routine.
Error in <TClass::LoadClassInfo>: no interpreter information for class RooPrintable is available even though it has a TClass initialization routine.
Error in <TClass::LoadClassInfo>: no interpreter information for class RooPrintable is available even though it has a TClass initialization routine.
Error in <TClass::LoadClassInfo>: no interpreter information for class RooPrintable is available even though it has a TClass initialization routine.
Error in <TClass::LoadClassInfo>: no interpreter information for class RooPrintable is available even though it has a TClass initialization routine.
Error in <TClass::LoadClassInfo>: no interpreter information for class RooPrintable is available even though it has a TClass initialization routine.
Error in <TClass::LoadClassInfo>: no interpreter information for class RooPrintable is available even though it has a TClass initialization routine.
Error in <TClass::LoadClassInfo>: no interpreter information for class RooPrintable is available even though it has a TClass initialization routine.
Error in <TClass::LoadClassInfo>: no interpreter information for class RooPrintable is available even though it has a TClass initialization routine.
Error in <TClass::LoadClassInfo>: no interpreter information for class RooPrintable is available even though it has a TClass initialization routine.
Error in <TClass::LoadClassInfo>: no interpreter information for class RooPrintable is available even though it has a TClass initialization routine.
Error in <TClass::LoadClassInfo>: no interpreter information for class RooPrintable is available even though it has a TClass initialization routine.
Error in <TClass::LoadClassInfo>: no interpreter information for class RooPrintable is available even though it has a TClass initialization routine.
Error in <TClass::LoadClassInfo>: no interpreter information for class RooPrintable is available even though it has a TClass initialization routine.
Error in <TClass::LoadClassInfo>: no interpreter information for class RooPrintable is available even though it has a TClass initialization routine.
Error in <TClass::LoadClassInfo>: no interpreter information for class RooPrintable is available even though it has a TClass initialization routine.
Error in <TClass::LoadClassInfo>: no interpreter information for class RooPrintable is available even though it has a TClass initialization routine.
Error in <TClass::LoadClassInfo>: no interpreter information for class RooPrintable is available even though it has a TClass initialization routine.
Error in <TClass::LoadClassInfo>: no interpreter information for class RooPrintable is available even though it has a TClass initialization routine.
Error in <TClass::LoadClassInfo>: no interpreter information for class RooPrintable is available even though it has a TClass initialization routine.
Error in <TClass::LoadClassInfo>: no interpreter information for class RooPrintable is available even though it has a TClass initialization routine.
Error in <TClass::LoadClassInfo>: no interpreter information for class RooPrintable is available even though it has a TClass initialization routine.
Error in <TClass::LoadClassInfo>: no interpreter information for class RooPrintable is available even though it has a TClass initialization routine.
Error in <TClass::LoadClassInfo>: no interpreter information for class RooPrintable is available even though it has a TClass initialization routine.
Error in <TClass::LoadClassInfo>: no interpreter information for class RooPrintable is available even though it has a TClass initialization routine.
Error in <TClass::LoadClassInfo>: no interpreter information for class RooPrintable is available even though it has a TClass initialization routine.
Warning in <TStreamerInfo::CompareContent>: The following data member of
the in-memory layout version 3 of class 'RooAbsCollection' is missing from 
the on-file layout version 3:
   vector<RooAbsArg*> _list; //
Warning in <TStreamerInfo::CompareContent>: The following data member of
the in-memory layout version 3 of class 'RooAbsCollection' is missing from 
the on-file layout version 3:
   bool _ownCont; //
Warning in <TStreamerInfo::CompareContent>: The following data member of
the in-memory layout version 3 of class 'RooAbsCollection' is missing from 
the on-file layout version 3:
   TString _name; //
Warning in <TStreamerInfo::CompareContent>: The following data member of
the in-memory layout version 3 of class 'RooAbsCollection' is missing from 
the on-file layout version 3:
   bool _allRRV; //
Error in <TClass::LoadClassInfo>: no interpreter information for class RooPrintable is available even though it has a TClass initialization routine.
Error in <TClass::LoadClassInfo>: no interpreter information for class RooPrintable is available even though it has a TClass initialization routine.
Error in <TClass::LoadClassInfo>: no interpreter information for class RooPrintable is available even though it has a TClass initialization routine.
Error in <TClass::LoadClassInfo>: no interpreter information for class RooPrintable is available even though it has a TClass initialization routine.
Error in <TClass::LoadClassInfo>: no interpreter information for class RooWorkspace is available even though it has a TClass initialization routine.
Error in <TClass::LoadClassInfo>: no interpreter information for class RooWorkspace is available even though it has a TClass initialization routine.
Error in <TClass::LoadClassInfo>: no interpreter information for class RooWorkspace is available even though it has a TClass initialization routine.
Error in <TClass::LoadClassInfo>: no interpreter information for class RooWorkspace is available even though it has a TClass initialization routine.
Error in <TClass::LoadClassInfo>: no interpreter information for class RooWorkspace is available even though it has a TClass initialization routine.
Error in <TClass::LoadClassInfo>: no interpreter information for class RooWorkspace is available even though it has a TClass initialization routine.
Error in <TClass::LoadClassInfo>: no interpreter information for class RooWorkspace is available even though it has a TClass initialization routine.
Error in <TClass::LoadClassInfo>: no interpreter information for class RooWorkspace is available even though it has a TClass initialization routine.
Error in <TClass::LoadClassInfo>: no interpreter information for class RooWorkspace is available even though it has a TClass initialization routine.
Error in <TClass::LoadClassInfo>: no interpreter information for class RooWorkspace is available even though it has a TClass initialization routine.
Error in <TClass::LoadClassInfo>: no interpreter information for class RooWorkspace is available even though it has a TClass initialization routine.
Error in <TClass::LoadClassInfo>: no interpreter information for class RooWorkspace is available even though it has a TClass initialization routine.
Error in <TClass::LoadClassInfo>: no interpreter information for class RooWorkspace is available even though it has a TClass initialization routine.
Error in <TClass::LoadClassInfo>: no interpreter information for class RooWorkspace is available even though it has a TClass initialization routine.
Error in <TClass::LoadClassInfo>: no interpreter information for class RooWorkspace is available even though it has a TClass initialization routine.
Error in <TClass::LoadClassInfo>: no interpreter information for class RooWorkspace is available even though it has a TClass initialization routine.
Error in <TClass::LoadClassInfo>: no interpreter information for class RooWorkspace is available even though it has a TClass initialization routine.
Error in <TClass::LoadClassInfo>: no interpreter information for class RooWorkspace is available even though it has a TClass initialization routine.
Error in <TClass::LoadClassInfo>: no interpreter information for class RooWorkspace is available even though it has a TClass initialization routine.
Error in <TClass::LoadClassInfo>: no interpreter information for class RooWorkspace is available even though it has a TClass initialization routine.
Error in <TClass::LoadClassInfo>: no interpreter information for class RooWorkspace is available even though it has a TClass initialization routine.
Error in <TClass::LoadClassInfo>: no interpreter information for class RooWorkspace is available even though it has a TClass initialization routine.
Error in <TClass::LoadClassInfo>: no interpreter information for class RooWorkspace is available even though it has a TClass initialization routine.
Error in <TClass::LoadClassInfo>: no interpreter information for class RooWorkspace is available even though it has a TClass initialization routine.
Error in <TClass::LoadClassInfo>: no interpreter information for class RooWorkspace is available even though it has a TClass initialization routine.
Error in <TClass::LoadClassInfo>: no interpreter information for class RooWorkspace is available even though it has a TClass initialization routine.
Error in <TClass::LoadClassInfo>: no interpreter information for class RooWorkspace is available even though it has a TClass initialization routine.
Error in <TClass::LoadClassInfo>: no interpreter information for class RooWorkspace is available even though it has a TClass initialization routine.
Error in <TClass::LoadClassInfo>: no interpreter information for class RooWorkspace is available even though it has a TClass initialization routine.
Error in <TClass::LoadClassInfo>: no interpreter information for class RooWorkspace is available even though it has a TClass initialization routine.
Error in <TClass::LoadClassInfo>: no interpreter information for class RooWorkspace is available even though it has a TClass initialization routine.
Error in <TClass::LoadClassInfo>: no interpreter information for class RooWorkspace is available even though it has a TClass initialization routine.
Error in <TClass::LoadClassInfo>: no interpreter information for class RooWorkspace is available even though it has a TClass initialization routine.
Error in <TClass::LoadClassInfo>: no interpreter information for class RooWorkspace is available even though it has a TClass initialization routine.
Error in <TClass::LoadClassInfo>: no interpreter information for class RooWorkspace is available even though it has a TClass initialization routine.
Error in <TClass::LoadClassInfo>: no interpreter information for class RooWorkspace is available even though it has a TClass initialization routine.
Error in <TClass::LoadClassInfo>: no interpreter information for class RooWorkspace is available even though it has a TClass initialization routine.
Error in <TClass::LoadClassInfo>: no interpreter information for class RooWorkspace is available even though it has a TClass initialization routine.
Error in <TClass::LoadClassInfo>: no interpreter information for class RooWorkspace is available even though it has a TClass initialization routine.
Error in <TClass::LoadClassInfo>: no interpreter information for class RooWorkspace is available even though it has a TClass initialization routine.
Error in <TClass::LoadClassInfo>: no interpreter information for class RooWorkspace is available even though it has a TClass initialization routine.
Error in <TClass::LoadClassInfo>: no interpreter information for class RooWorkspace is available even though it has a TClass initialization routine.
Error in <TClass::LoadClassInfo>: no interpreter information for class RooWorkspace is available even though it has a TClass initialization routine.
Error in <TClass::LoadClassInfo>: no interpreter information for class RooWorkspace is available even though it has a TClass initialization routine.
Error in <TClass::LoadClassInfo>: no interpreter information for class RooWorkspace is available even though it has a TClass initialization routine.
Error in <TClass::LoadClassInfo>: no interpreter information for class RooWorkspace is available even though it has a TClass initialization routine.
Error in <TClass::LoadClassInfo>: no interpreter information for class RooWorkspace is available even though it has a TClass initialization routine.
Error in <TClass::LoadClassInfo>: no interpreter information for class RooWorkspace is available even though it has a TClass initialization routine.
Error in <TClass::LoadClassInfo>: no interpreter information for class RooWorkspace is available even though it has a TClass initialization routine.
Error in <TClass::LoadClassInfo>: no interpreter information for class RooWorkspace is available even though it has a TClass initialization routine.
Error in <TClass::LoadClassInfo>: no interpreter information for class RooWorkspace is available even though it has a TClass initialization routine.
Error in <TClass::LoadClassInfo>: no interpreter information for class RooWorkspace is available even though it has a TClass initialization routine.
Error in <TClass::LoadClassInfo>: no interpreter information for class RooWorkspace is available even though it has a TClass initialization routine.
Error in <TClass::LoadClassInfo>: no interpreter information for class RooWorkspace is available even though it has a TClass initialization routine.
Error in <TClass::LoadClassInfo>: no interpreter information for class RooWorkspace is available even though it has a TClass initialization routine.
Error in <TClass::LoadClassInfo>: no interpreter information for class RooWorkspace is available even though it has a TClass initialization routine.
Error in <TClass::LoadClassInfo>: no interpreter information for class RooWorkspace is available even though it has a TClass initialization routine.
Error in <TClass::LoadClassInfo>: no interpreter information for class RooWorkspace is available even though it has a TClass initialization routine.
Error in <TClass::LoadClassInfo>: no interpreter information for class RooWorkspace is available even though it has a TClass initialization routine.
Error in <TClass::LoadClassInfo>: no interpreter information for class RooWorkspace is available even though it has a TClass initialization routine.
Error in <TClass::LoadClassInfo>: no interpreter information for class RooWorkspace is available even though it has a TClass initialization routine.
Error in <TClass::LoadClassInfo>: no interpreter information for class RooWorkspace is available even though it has a TClass initialization routine.
Error in <TClass::LoadClassInfo>: no interpreter information for class RooWorkspace is available even though it has a TClass initialization routine.
Error in <TClass::LoadClassInfo>: no interpreter information for class RooWorkspace is available even though it has a TClass initialization routine.
Error in <TClass::LoadClassInfo>: no interpreter information for class RooWorkspace is available even though it has a TClass initialization routine.
Error in <TClass::LoadClassInfo>: no interpreter information for class RooWorkspace is available even though it has a TClass initialization routine.
Error in <TClass::LoadClassInfo>: no interpreter information for class RooWorkspace is available even though it has a TClass initialization routine.
Error in <TClass::LoadClassInfo>: no interpreter information for class RooWorkspace is available even though it has a TClass initialization routine.
Error in <TClass::LoadClassInfo>: no interpreter information for class RooWorkspace is available even though it has a TClass initialization routine.
Error in <TClass::LoadClassInfo>: no interpreter information for class RooWorkspace is available even though it has a TClass initialization routine.
Error in <TClass::LoadClassInfo>: no interpreter information for class RooWorkspace is available even though it has a TClass initialization routine.
Error in <TClass::LoadClassInfo>: no interpreter information for class RooWorkspace is available even though it has a TClass initialization routine.
Error in <TClass::LoadClassInfo>: no interpreter information for class RooWorkspace is available even though it has a TClass initialization routine.
Error in <TClass::LoadClassInfo>: no interpreter information for class RooWorkspace is available even though it has a TClass initialization routine.
Error in <TClass::LoadClassInfo>: no interpreter information for class RooWorkspace is available even though it has a TClass initialization routine.
Error in <TClass::LoadClassInfo>: no interpreter information for class RooWorkspace is available even though it has a TClass initialization routine.
Error in <TClass::LoadClassInfo>: no interpreter information for class RooWorkspace is available even though it has a TClass initialization routine.
Error in <TClass::LoadClassInfo>: no interpreter information for class RooWorkspace is available even though it has a TClass initialization routine.
Error in <TClass::LoadClassInfo>: no interpreter information for class RooWorkspace is available even though it has a TClass initialization routine.
Error in <TClass::LoadClassInfo>: no interpreter information for class RooWorkspace is available even though it has a TClass initialization routine.
Error in <TClass::LoadClassInfo>: no interpreter information for class RooWorkspace is available even though it has a TClass initialization routine.
Error in <TClass::LoadClassInfo>: no interpreter information for class RooWorkspace is available even though it has a TClass initialization routine.
Error in <TClass::LoadClassInfo>: no interpreter information for class RooWorkspace is available even though it has a TClass initialization routine.
Error in <TClass::LoadClassInfo>: no interpreter information for class RooWorkspace is available even though it has a TClass initialization routine.
Error in <TClass::LoadClassInfo>: no interpreter information for class RooWorkspace is available even though it has a TClass initialization routine.
Error in <TClass::LoadClassInfo>: no interpreter information for class RooWorkspace is available even though it has a TClass initialization routine.
Error in <TClass::LoadClassInfo>: no interpreter information for class RooWorkspace is available even though it has a TClass initialization routine.
Error in <TClass::LoadClassInfo>: no interpreter information for class RooWorkspace is available even though it has a TClass initialization routine.
Error in <TClass::LoadClassInfo>: no interpreter information for class RooWorkspace is available even though it has a TClass initialization routine.
Error in <TClass::LoadClassInfo>: no interpreter information for class RooWorkspace is available even though it has a TClass initialization routine.
Error in <TClass::LoadClassInfo>: no interpreter information for class RooWorkspace is available even though it has a TClass initialization routine.
Error in <TClass::LoadClassInfo>: no interpreter information for class RooWorkspace is available even though it has a TClass initialization routine.
Error in <TClass::LoadClassInfo>: no interpreter information for class RooWorkspace is available even though it has a TClass initialization routine.
Error in <TClass::LoadClassInfo>: no interpreter information for class RooWorkspace is available even though it has a TClass initialization routine.
Error in <TClass::LoadClassInfo>: no interpreter information for class RooWorkspace is available even though it has a TClass initialization routine.
Error in <TClass::LoadClassInfo>: no interpreter information for class RooWorkspace is available even though it has a TClass initialization routine.
Error in <TClass::LoadClassInfo>: no interpreter information for class RooWorkspace is available even though it has a TClass initialization routine.
Error in <TClass::LoadClassInfo>: no interpreter information for class RooWorkspace is available even though it has a TClass initialization routine.
Error in <TClass::LoadClassInfo>: no interpreter information for class RooWorkspace is available even though it has a TClass initialization routine.
Error in <TClass::LoadClassInfo>: no interpreter information for class RooWorkspace is available even though it has a TClass initialization routine.
Error in <TClass::LoadClassInfo>: no interpreter information for class RooWorkspace is available even though it has a TClass initialization routine.
Error in <TClass::LoadClassInfo>: no interpreter information for class RooWorkspace is available even though it has a TClass initialization routine.
Error in <TClass::LoadClassInfo>: no interpreter information for class RooWorkspace is available even though it has a TClass initialization routine.
Error in <TClass::LoadClassInfo>: no interpreter information for class RooWorkspace is available even though it has a TClass initialization routine.
Error in <TClass::LoadClassInfo>: no interpreter information for class RooWorkspace is available even though it has a TClass initialization routine.
Error in <TClass::LoadClassInfo>: no interpreter information for class RooWorkspace is available even though it has a TClass initialization routine.
Error in <TClass::LoadClassInfo>: no interpreter information for class RooWorkspace is available even though it has a TClass initialization routine.
Error in <TClass::LoadClassInfo>: no interpreter information for class RooWorkspace is available even though it has a TClass initialization routine.
Error in <TClass::LoadClassInfo>: no interpreter information for class RooWorkspace is available even though it has a TClass initialization routine.
Error in <TClass::LoadClassInfo>: no interpreter information for class RooWorkspace is available even though it has a TClass initialization routine.
Error in <TClass::LoadClassInfo>: no interpreter information for class RooWorkspace is available even though it has a TClass initialization routine.
Error in <TClass::LoadClassInfo>: no interpreter information for class RooWorkspace is available even though it has a TClass initialization routine.
Error in <TClass::LoadClassInfo>: no interpreter information for class RooWorkspace is available even though it has a TClass initialization routine.
Error in <TClass::LoadClassInfo>: no interpreter information for class RooWorkspace is available even though it has a TClass initialization routine.
Error in <TClass::LoadClassInfo>: no interpreter information for class RooWorkspace is available even though it has a TClass initialization routine.
Error in <TClass::LoadClassInfo>: no interpreter information for class RooWorkspace is available even though it has a TClass initialization routine.
Error in <TClass::LoadClassInfo>: no interpreter information for class RooWorkspace is available even though it has a TClass initialization routine.
Error in <TClass::LoadClassInfo>: no interpreter information for class RooWorkspace is available even though it has a TClass initialization routine.
Error in <TClass::LoadClassInfo>: no interpreter information for class RooWorkspace is available even though it has a TClass initialization routine.
Error in <TClass::LoadClassInfo>: no interpreter information for class RooWorkspace is available even though it has a TClass initialization routine.
Error in <TClass::LoadClassInfo>: no interpreter information for class RooWorkspace is available even though it has a TClass initialization routine.
Error in <TClass::LoadClassInfo>: no interpreter information for class RooWorkspace is available even though it has a TClass initialization routine.
Error in <TClass::LoadClassInfo>: no interpreter information for class RooWorkspace is available even though it has a TClass initialization routine.
Error in <TClass::LoadClassInfo>: no interpreter information for class RooWorkspace is available even though it has a TClass initialization routine.
Error in <TClass::LoadClassInfo>: no interpreter information for class RooWorkspace is available even though it has a TClass initialization routine.
Error in <TClass::LoadClassInfo>: no interpreter information for class RooWorkspace is available even though it has a TClass initialization routine.
Warning in <TStreamerInfo::BuildCheck>: 
   The StreamerInfo of class RooWorkspace read from file /data/pku/home/zhaoyz/Higgs/boostedHWW/combine/combination/full_datacards/higgsCombineSnapshot.MultiDimFit.mH125.root
   has the same version (=8) as the active class but a different checksum.
   You should update the version to ClassDef(RooWorkspace,9).
   Do not try to write objects with the current class definition,
   the files will not be readable.

Error in <TClass::LoadClassInfo>: no interpreter information for class RooWorkspace is available even though it has a TClass initialization routine.
Error in <TClass::LoadClassInfo>: no interpreter information for class RooWorkspace is available even though it has a TClass initialization routine.
Error in <TClass::LoadClassInfo>: no interpreter information for class RooWorkspace is available even though it has a TClass initialization routine.
Error in <TClass::LoadClassInfo>: no interpreter information for class RooWorkspace is available even though it has a TClass initialization routine.
Error in <TClass::LoadClassInfo>: no interpreter information for class RooWorkspace is available even though it has a TClass initialization routine.
Error in <TClass::LoadClassInfo>: no interpreter information for class RooWorkspace is available even though it has a TClass initialization routine.
Error in <TClass::LoadClassInfo>: no interpreter information for class RooWorkspace is available even though it has a TClass initialization routine.
Error in <TClass::LoadClassInfo>: no interpreter information for class RooWorkspace is available even though it has a TClass initialization routine.
Error in <TClass::LoadClassInfo>: no interpreter information for class RooWorkspace is available even though it has a TClass initialization routine.
Error in <TClass::LoadClassInfo>: no interpreter information for class RooWorkspace is available even though it has a TClass initialization routine.
Error in <TClass::LoadClassInfo>: no interpreter information for class RooWorkspace is available even though it has a TClass initialization routine.
Error in <TClass::LoadClassInfo>: no interpreter information for class RooWorkspace is available even though it has a TClass initialization routine.
Error in <TClass::LoadClassInfo>: no interpreter information for class RooWorkspace is available even though it has a TClass initialization routine.
Error in <TClass::LoadClassInfo>: no interpreter information for class RooWorkspace is available even though it has a TClass initialization routine.
Warning in <TStreamerInfo::CompareContent>: The on-file layout version 8 for class 'RooWorkspace'  has a base class (TNamed) that the in-memory layout version 8 does not have
Warning in <TStreamerInfo::CompareContent>: The following data member of
the in-memory layout version 8 of class 'RooWorkspace' is missing from 
the on-file layout version 8:
   TUUID _uuid; //
Warning in <TStreamerInfo::CompareContent>: The following data member of
the in-memory layout version 8 of class 'RooWorkspace' is missing from 
the on-file layout version 8:
   RooWorkspace::CodeRepo _classes; //
Warning in <TStreamerInfo::CompareContent>: The following data member of
the in-memory layout version 8 of class 'RooWorkspace' is missing from 
the on-file layout version 8:
   RooArgSet _allOwnedNodes; //
Warning in <TStreamerInfo::CompareContent>: The following data member of
the in-memory layout version 8 of class 'RooWorkspace' is missing from 
the on-file layout version 8:
   RooLinkedList _dataList; //
Warning in <TStreamerInfo::CompareContent>: The following data member of
the in-memory layout version 8 of class 'RooWorkspace' is missing from 
the on-file layout version 8:
   RooLinkedList _embeddedDataList; //
Warning in <TStreamerInfo::CompareContent>: The following data member of
the in-memory layout version 8 of class 'RooWorkspace' is missing from 
the on-file layout version 8:
   RooLinkedList _views; //
Warning in <TStreamerInfo::CompareContent>: The following data member of
the in-memory layout version 8 of class 'RooWorkspace' is missing from 
the on-file layout version 8:
   RooLinkedList _snapshots; //
Warning in <TStreamerInfo::CompareContent>: The following data member of
the in-memory layout version 8 of class 'RooWorkspace' is missing from 
the on-file layout version 8:
   RooLinkedList _genObjects; //
Warning in <TStreamerInfo::CompareContent>: The following data member of
the in-memory layout version 8 of class 'RooWorkspace' is missing from 
the on-file layout version 8:
   RooLinkedList _studyMods; //
Warning in <TStreamerInfo::CompareContent>: The following data member of
the in-memory layout version 8 of class 'RooWorkspace' is missing from 
the on-file layout version 8:
   map<string,RooArgSet> _namedSets; //
Warning in <TStreamerInfo::CompareContent>: The following data member of
the in-memory layout version 8 of class 'RooWorkspace' is missing from 
the on-file layout version 8:
   RooExpensiveObjectCache _eocache; //
Error in <TClass::LoadClassInfo>: no interpreter information for class RooAbsRealLValue is available even though it has a TClass initialization routine.
Error in <TClass::LoadClassInfo>: no interpreter information for class RooAbsRealLValue is available even though it has a TClass initialization routine.
Error in <TClass::LoadClassInfo>: no interpreter information for class RooAbsRealLValue is available even though it has a TClass initialization routine.
Error in <TClass::LoadClassInfo>: no interpreter information for class RooAbsRealLValue is available even though it has a TClass initialization routine.
Error in <TClass::LoadClassInfo>: no interpreter information for class RooAbsRealLValue is available even though it has a TClass initialization routine.
Error in <TClass::LoadClassInfo>: no interpreter information for class RooAbsRealLValue is available even though it has a TClass initialization routine.
Error in <TClass::LoadClassInfo>: no interpreter information for class RooAbsRealLValue is available even though it has a TClass initialization routine.
Error in <TClass::LoadClassInfo>: no interpreter information for class RooAbsRealLValue is available even though it has a TClass initialization routine.
Error in <TClass::LoadClassInfo>: no interpreter information for class RooAbsRealLValue is available even though it has a TClass initialization routine.
Error in <TClass::LoadClassInfo>: no interpreter information for class RooAbsRealLValue is available even though it has a TClass initialization routine.
Error in <TClass::LoadClassInfo>: no interpreter information for class RooAbsRealLValue is available even though it has a TClass initialization routine.
Error in <TClass::LoadClassInfo>: no interpreter information for class RooAbsRealLValue is available even though it has a TClass initialization routine.
Error in <TClass::LoadClassInfo>: no interpreter information for class RooAbsRealLValue is available even though it has a TClass initialization routine.
Error in <TClass::LoadClassInfo>: no interpreter information for class RooAbsRealLValue is available even though it has a TClass initialization routine.
Error in <TClass::LoadClassInfo>: no interpreter information for class RooAbsRealLValue is available even though it has a TClass initialization routine.
Error in <TClass::LoadClassInfo>: no interpreter information for class RooAbsRealLValue is available even though it has a TClass initialization routine.
Error in <TClass::LoadClassInfo>: no interpreter information for class RooAbsRealLValue is available even though it has a TClass initialization routine.
Error in <TClass::LoadClassInfo>: no interpreter information for class RooAbsRealLValue is available even though it has a TClass initialization routine.
Error in <TClass::LoadClassInfo>: no interpreter information for class RooAbsRealLValue is available even though it has a TClass initialization routine.
Error in <TClass::LoadClassInfo>: no interpreter information for class RooAbsRealLValue is available even though it has a TClass initialization routine.
Error in <TClass::LoadClassInfo>: no interpreter information for class RooAbsRealLValue is available even though it has a TClass initialization routine.
Error in <TClass::LoadClassInfo>: no interpreter information for class RooAbsRealLValue is available even though it has a TClass initialization routine.
Error in <TClass::LoadClassInfo>: no interpreter information for class RooAbsReal is available even though it has a TClass initialization routine.
Error in <TClass::LoadClassInfo>: no interpreter information for class RooAbsReal is available even though it has a TClass initialization routine.
Error in <TClass::LoadClassInfo>: no interpreter information for class RooAbsReal is available even though it has a TClass initialization routine.
Error in <TClass::LoadClassInfo>: no interpreter information for class RooAbsReal is available even though it has a TClass initialization routine.
Error in <TClass::LoadClassInfo>: no interpreter information for class RooAbsReal is available even though it has a TClass initialization routine.
Error in <TClass::LoadClassInfo>: no interpreter information for class RooAbsReal is available even though it has a TClass initialization routine.
Error in <TClass::LoadClassInfo>: no interpreter information for class RooAbsReal is available even though it has a TClass initialization routine.
Error in <TClass::LoadClassInfo>: no interpreter information for class RooAbsReal is available even though it has a TClass initialization routine.
Error in <TClass::LoadClassInfo>: no interpreter information for class RooAbsReal is available even though it has a TClass initialization routine.
Error in <TClass::LoadClassInfo>: no interpreter information for class RooAbsReal is available even though it has a TClass initialization routine.
Error in <TClass::LoadClassInfo>: no interpreter information for class RooAbsReal is available even though it has a TClass initialization routine.
Error in <TClass::LoadClassInfo>: no interpreter information for class RooAbsReal is available even though it has a TClass initialization routine.
Error in <TClass::LoadClassInfo>: no interpreter information for class RooAbsReal is available even though it has a TClass initialization routine.
Error in <TClass::LoadClassInfo>: no interpreter information for class RooAbsReal is available even though it has a TClass initialization routine.
Error in <TClass::LoadClassInfo>: no interpreter information for class RooAbsReal is available even though it has a TClass initialization routine.
Error in <TClass::LoadClassInfo>: no interpreter information for class RooAbsReal is available even though it has a TClass initialization routine.
Error in <TClass::LoadClassInfo>: no interpreter information for class RooAbsReal is available even though it has a TClass initialization routine.
Error in <TClass::LoadClassInfo>: no interpreter information for class RooAbsReal is available even though it has a TClass initialization routine.
Error in <TClass::LoadClassInfo>: no interpreter information for class RooAbsReal is available even though it has a TClass initialization routine.
Error in <TClass::LoadClassInfo>: no interpreter information for class RooAbsReal is available even though it has a TClass initialization routine.
Error in <TClass::LoadClassInfo>: no interpreter information for class RooAbsReal is available even though it has a TClass initialization routine.
Error in <TClass::LoadClassInfo>: no interpreter information for class RooAbsReal is available even though it has a TClass initialization routine.
Error in <TClass::LoadClassInfo>: no interpreter information for class RooAbsReal is available even though it has a TClass initialization routine.
Error in <TClass::LoadClassInfo>: no interpreter information for class RooAbsReal is available even though it has a TClass initialization routine.
Error in <TClass::LoadClassInfo>: no interpreter information for class RooAbsReal is available even though it has a TClass initialization routine.
Error in <TClass::LoadClassInfo>: no interpreter information for class RooAbsReal is available even though it has a TClass initialization routine.
Error in <TClass::LoadClassInfo>: no interpreter information for class RooAbsReal is available even though it has a TClass initialization routine.
Error in <TClass::LoadClassInfo>: no interpreter information for class RooAbsReal is available even though it has a TClass initialization routine.
Error in <TClass::LoadClassInfo>: no interpreter information for class RooAbsReal is available even though it has a TClass initialization routine.
Error in <TClass::LoadClassInfo>: no interpreter information for class RooAbsReal is available even though it has a TClass initialization routine.
Error in <TClass::LoadClassInfo>: no interpreter information for class RooAbsReal is available even though it has a TClass initialization routine.
Error in <TClass::LoadClassInfo>: no interpreter information for class RooAbsReal is available even though it has a TClass initialization routine.
Error in <TClass::LoadClassInfo>: no interpreter information for class RooAbsReal is available even though it has a TClass initialization routine.
Error in <TClass::LoadClassInfo>: no interpreter information for class RooAbsReal is available even though it has a TClass initialization routine.
Error in <TClass::LoadClassInfo>: no interpreter information for class RooAbsReal is available even though it has a TClass initialization routine.
Error in <TClass::LoadClassInfo>: no interpreter information for class RooAbsReal is available even though it has a TClass initialization routine.
Error in <TClass::LoadClassInfo>: no interpreter information for class RooAbsReal is available even though it has a TClass initialization routine.
Error in <TClass::LoadClassInfo>: no interpreter information for class RooAbsReal is available even though it has a TClass initialization routine.
Error in <TClass::LoadClassInfo>: no interpreter information for class RooAbsReal is available even though it has a TClass initialization routine.
Error in <TClass::LoadClassInfo>: no interpreter information for class RooAbsReal is available even though it has a TClass initialization routine.
Error in <TClass::LoadClassInfo>: no interpreter information for class RooAbsReal is available even though it has a TClass initialization routine.
Error in <TClass::LoadClassInfo>: no interpreter information for class RooAbsReal is available even though it has a TClass initialization routine.
Error in <TClass::LoadClassInfo>: no interpreter information for class RooAbsReal is available even though it has a TClass initialization routine.
Error in <TClass::LoadClassInfo>: no interpreter information for class RooAbsReal is available even though it has a TClass initialization routine.
Error in <TClass::LoadClassInfo>: no interpreter information for class RooAbsReal is available even though it has a TClass initialization routine.
Error in <TClass::LoadClassInfo>: no interpreter information for class RooAbsReal is available even though it has a TClass initialization routine.
Error in <TClass::LoadClassInfo>: no interpreter information for class RooAbsReal is available even though it has a TClass initialization routine.
Error in <TClass::LoadClassInfo>: no interpreter information for class RooAbsReal is available even though it has a TClass initialization routine.
Error in <TClass::LoadClassInfo>: no interpreter information for class RooAbsReal is available even though it has a TClass initialization routine.
Error in <TClass::LoadClassInfo>: no interpreter information for class RooAbsReal is available even though it has a TClass initialization routine.
Error in <TClass::LoadClassInfo>: no interpreter information for class RooAbsReal is available even though it has a TClass initialization routine.
Error in <TClass::LoadClassInfo>: no interpreter information for class RooAbsReal is available even though it has a TClass initialization routine.
Error in <TClass::LoadClassInfo>: no interpreter information for class RooAbsReal is available even though it has a TClass initialization routine.
Error in <TClass::LoadClassInfo>: no interpreter information for class RooAbsReal is available even though it has a TClass initialization routine.
Error in <TClass::LoadClassInfo>: no interpreter information for class RooAbsReal is available even though it has a TClass initialization routine.
Error in <TClass::LoadClassInfo>: no interpreter information for class RooAbsReal is available even though it has a TClass initialization routine.
Error in <TClass::LoadClassInfo>: no interpreter information for class RooAbsReal is available even though it has a TClass initialization routine.
Error in <TClass::LoadClassInfo>: no interpreter information for class RooAbsReal is available even though it has a TClass initialization routine.
Error in <TClass::LoadClassInfo>: no interpreter information for class RooAbsReal is available even though it has a TClass initialization routine.
Error in <TClass::LoadClassInfo>: no interpreter information for class RooAbsReal is available even though it has a TClass initialization routine.
Error in <TClass::LoadClassInfo>: no interpreter information for class RooAbsReal is available even though it has a TClass initialization routine.
Error in <TClass::LoadClassInfo>: no interpreter information for class RooAbsReal is available even though it has a TClass initialization routine.
Error in <TClass::LoadClassInfo>: no interpreter information for class RooAbsReal is available even though it has a TClass initialization routine.
Error in <TClass::LoadClassInfo>: no interpreter information for class RooAbsReal is available even though it has a TClass initialization routine.
Error in <TClass::LoadClassInfo>: no interpreter information for class RooAbsReal is available even though it has a TClass initialization routine.
Error in <TClass::LoadClassInfo>: no interpreter information for class RooAbsReal is available even though it has a TClass initialization routine.
Error in <TClass::LoadClassInfo>: no interpreter information for class RooAbsReal is available even though it has a TClass initialization routine.
Error in <TClass::LoadClassInfo>: no interpreter information for class RooAbsReal is available even though it has a TClass initialization routine.
Error in <TClass::LoadClassInfo>: no interpreter information for class RooAbsReal is available even though it has a TClass initialization routine.
Error in <TClass::LoadClassInfo>: no interpreter information for class RooAbsReal is available even though it has a TClass initialization routine.
Error in <TClass::LoadClassInfo>: no interpreter information for class RooAbsReal is available even though it has a TClass initialization routine.
Error in <TClass::LoadClassInfo>: no interpreter information for class RooAbsReal is available even though it has a TClass initialization routine.
Error in <TClass::LoadClassInfo>: no interpreter information for class RooAbsReal is available even though it has a TClass initialization routine.
Error in <TClass::LoadClassInfo>: no interpreter information for class RooAbsReal is available even though it has a TClass initialization routine.
Error in <TClass::LoadClassInfo>: no interpreter information for class RooAbsReal is available even though it has a TClass initialization routine.
Error in <TClass::LoadClassInfo>: no interpreter information for class RooAbsReal is available even though it has a TClass initialization routine.
Error in <TClass::LoadClassInfo>: no interpreter information for class RooAbsReal is available even though it has a TClass initialization routine.
Error in <TClass::LoadClassInfo>: no interpreter information for class RooAbsReal is available even though it has a TClass initialization routine.
Error in <TClass::LoadClassInfo>: no interpreter information for class RooAbsReal is available even though it has a TClass initialization routine.
Error in <TClass::LoadClassInfo>: no interpreter information for class RooAbsReal is available even though it has a TClass initialization routine.
Error in <TClass::LoadClassInfo>: no interpreter information for class RooAbsReal is available even though it has a TClass initialization routine.
Error in <TClass::LoadClassInfo>: no interpreter information for class RooAbsReal is available even though it has a TClass initialization routine.
Error in <TClass::LoadClassInfo>: no interpreter information for class RooAbsReal is available even though it has a TClass initialization routine.
Error in <TClass::LoadClassInfo>: no interpreter information for class RooAbsReal is available even though it has a TClass initialization routine.
Error in <TClass::LoadClassInfo>: no interpreter information for class RooAbsReal is available even though it has a TClass initialization routine.
Error in <TClass::LoadClassInfo>: no interpreter information for class RooAbsReal is available even though it has a TClass initialization routine.
Error in <TClass::LoadClassInfo>: no interpreter information for class RooAbsReal is available even though it has a TClass initialization routine.
Error in <TClass::LoadClassInfo>: no interpreter information for class RooAbsReal is available even though it has a TClass initialization routine.
Error in <TClass::LoadClassInfo>: no interpreter information for class RooAbsReal is available even though it has a TClass initialization routine.
Error in <TClass::LoadClassInfo>: no interpreter information for class RooAbsReal is available even though it has a TClass initialization routine.
Error in <TClass::LoadClassInfo>: no interpreter information for class RooAbsReal is available even though it has a TClass initialization routine.
Error in <TClass::LoadClassInfo>: no interpreter information for class RooAbsReal is available even though it has a TClass initialization routine.
Error in <TClass::LoadClassInfo>: no interpreter information for class RooAbsReal is available even though it has a TClass initialization routine.
Error in <TClass::LoadClassInfo>: no interpreter information for class RooAbsReal is available even though it has a TClass initialization routine.
Error in <TClass::LoadClassInfo>: no interpreter information for class RooAbsReal is available even though it has a TClass initialization routine.
Error in <TClass::LoadClassInfo>: no interpreter information for class RooAbsReal is available even though it has a TClass initialization routine.
Error in <TClass::LoadClassInfo>: no interpreter information for class RooAbsReal is available even though it has a TClass initialization routine.
Error in <TClass::LoadClassInfo>: no interpreter information for class RooAbsReal is available even though it has a TClass initialization routine.
Error in <TClass::LoadClassInfo>: no interpreter information for class RooAbsReal is available even though it has a TClass initialization routine.
Error in <TClass::LoadClassInfo>: no interpreter information for class RooAbsReal is available even though it has a TClass initialization routine.
Error in <TClass::LoadClassInfo>: no interpreter information for class RooAbsReal is available even though it has a TClass initialization routine.
Error in <TClass::LoadClassInfo>: no interpreter information for class RooAbsReal is available even though it has a TClass initialization routine.
Error in <TClass::LoadClassInfo>: no interpreter information for class RooAbsReal is available even though it has a TClass initialization routine.
Error in <TClass::LoadClassInfo>: no interpreter information for class RooAbsReal is available even though it has a TClass initialization routine.
Error in <TClass::LoadClassInfo>: no interpreter information for class RooAbsReal is available even though it has a TClass initialization routine.
Error in <TClass::LoadClassInfo>: no interpreter information for class RooAbsReal is available even though it has a TClass initialization routine.
Error in <TClass::LoadClassInfo>: no interpreter information for class RooAbsReal is available even though it has a TClass initialization routine.
Error in <TClass::LoadClassInfo>: no interpreter information for class RooAbsReal is available even though it has a TClass initialization routine.
Error in <TClass::LoadClassInfo>: no interpreter information for class RooAbsReal is available even though it has a TClass initialization routine.
Error in <TClass::LoadClassInfo>: no interpreter information for class RooAbsReal is available even though it has a TClass initialization routine.
Error in <TClass::LoadClassInfo>: no interpreter information for class RooAbsReal is available even though it has a TClass initialization routine.
Error in <TClass::LoadClassInfo>: no interpreter information for class RooAbsReal is available even though it has a TClass initialization routine.
Error in <TClass::LoadClassInfo>: no interpreter information for class RooAbsReal is available even though it has a TClass initialization routine.
Error in <TClass::LoadClassInfo>: no interpreter information for class RooAbsReal is available even though it has a TClass initialization routine.
Error in <TClass::LoadClassInfo>: no interpreter information for class RooAbsReal is available even though it has a TClass initialization routine.
Error in <TClass::LoadClassInfo>: no interpreter information for class RooAbsReal is available even though it has a TClass initialization routine.
Error in <TClass::LoadClassInfo>: no interpreter information for class RooAbsReal is available even though it has a TClass initialization routine.
Error in <TClass::LoadClassInfo>: no interpreter information for class RooAbsReal is available even though it has a TClass initialization routine.
Error in <TClass::LoadClassInfo>: no interpreter information for class RooAbsReal is available even though it has a TClass initialization routine.
Error in <TClass::LoadClassInfo>: no interpreter information for class RooAbsReal is available even though it has a TClass initialization routine.
Error in <TClass::LoadClassInfo>: no interpreter information for class RooAbsReal is available even though it has a TClass initialization routine.
Error in <TClass::LoadClassInfo>: no interpreter information for class RooAbsReal is available even though it has a TClass initialization routine.
Error in <TClass::LoadClassInfo>: no interpreter information for class RooAbsReal is available even though it has a TClass initialization routine.
Error in <TClass::LoadClassInfo>: no interpreter information for class RooAbsReal is available even though it has a TClass initialization routine.
Error in <TClass::LoadClassInfo>: no interpreter information for class RooAbsReal is available even though it has a TClass initialization routine.
Error in <TClass::LoadClassInfo>: no interpreter information for class RooAbsReal is available even though it has a TClass initialization routine.
Warning in <TStreamerInfo::BuildCheck>: 
   The StreamerInfo of class RooAbsReal read from file /data/pku/home/zhaoyz/Higgs/boostedHWW/combine/combination/full_datacards/higgsCombineSnapshot.MultiDimFit.mH125.root
   has the same version (=2) as the active class but a different checksum.
   You should update the version to ClassDef(RooAbsReal,3).
   Do not try to write objects with the current class definition,
   the files will not be readable.

Error in <TClass::LoadClassInfo>: no interpreter information for class RooAbsReal is available even though it has a TClass initialization routine.
Error in <TClass::LoadClassInfo>: no interpreter information for class RooAbsReal is available even though it has a TClass initialization routine.
Error in <TClass::LoadClassInfo>: no interpreter information for class RooAbsReal is available even though it has a TClass initialization routine.
Error in <TClass::LoadClassInfo>: no interpreter information for class RooAbsReal is available even though it has a TClass initialization routine.
Error in <TClass::LoadClassInfo>: no interpreter information for class RooAbsReal is available even though it has a TClass initialization routine.
Error in <TClass::LoadClassInfo>: no interpreter information for class RooAbsReal is available even though it has a TClass initialization routine.
Error in <TClass::LoadClassInfo>: no interpreter information for class RooAbsReal is available even though it has a TClass initialization routine.
Error in <TClass::LoadClassInfo>: no interpreter information for class RooAbsReal is available even though it has a TClass initialization routine.
Error in <TClass::LoadClassInfo>: no interpreter information for class RooAbsReal is available even though it has a TClass initialization routine.
Error in <TClass::LoadClassInfo>: no interpreter information for class RooAbsReal is available even though it has a TClass initialization routine.
Error in <TClass::LoadClassInfo>: no interpreter information for class RooAbsReal is available even though it has a TClass initialization routine.
Error in <TClass::LoadClassInfo>: no interpreter information for class RooAbsReal is available even though it has a TClass initialization routine.
Error in <TClass::LoadClassInfo>: no interpreter information for class RooAbsReal is available even though it has a TClass initialization routine.
Error in <TClass::LoadClassInfo>: no interpreter information for class RooAbsReal is available even though it has a TClass initialization routine.
Warning in <TStreamerInfo::CompareContent>: The on-file layout version 2 for class 'RooAbsReal'  has a base class (RooAbsArg) that the in-memory layout version 2 does not have
Error in <TClass::LoadClassInfo>: no interpreter information for class RooAbsArg is available even though it has a TClass initialization routine.
Error in <TClass::LoadClassInfo>: no interpreter information for class RooAbsArg is available even though it has a TClass initialization routine.
Error in <TClass::LoadClassInfo>: no interpreter information for class RooAbsArg is available even though it has a TClass initialization routine.
Error in <TClass::LoadClassInfo>: no interpreter information for class RooAbsArg is available even though it has a TClass initialization routine.
Error in <TClass::LoadClassInfo>: no interpreter information for class RooAbsArg is available even though it has a TClass initialization routine.
Error in <TClass::LoadClassInfo>: no interpreter information for class RooAbsArg is available even though it has a TClass initialization routine.
Error in <TClass::LoadClassInfo>: no interpreter information for class RooAbsArg is available even though it has a TClass initialization routine.
Error in <TClass::LoadClassInfo>: no interpreter information for class RooAbsArg is available even though it has a TClass initialization routine.
Error in <TClass::LoadClassInfo>: no interpreter information for class RooAbsArg is available even though it has a TClass initialization routine.
Error in <TClass::LoadClassInfo>: no interpreter information for class RooAbsArg is available even though it has a TClass initialization routine.
Error in <TClass::LoadClassInfo>: no interpreter information for class RooAbsArg is available even though it has a TClass initialization routine.
Error in <TClass::LoadClassInfo>: no interpreter information for class RooAbsArg is available even though it has a TClass initialization routine.
Error in <TClass::LoadClassInfo>: no interpreter information for class RooAbsArg is available even though it has a TClass initialization routine.
Error in <TClass::LoadClassInfo>: no interpreter information for class RooAbsArg is available even though it has a TClass initialization routine.
Warning in <TGenericClassInfo>: The rule for class: "RooAbsArg": version, "[1-4]" and data members: "_proxyList" has been skipped because the target member (_proxyList) is unknown.
Error in <TClass::LoadClassInfo>: no interpreter information for class RooAbsArg is available even though it has a TClass initialization routine.
Error in <TClass::LoadClassInfo>: no interpreter information for class RooAbsArg is available even though it has a TClass initialization routine.
Error in <TClass::LoadClassInfo>: no interpreter information for class RooAbsArg is available even though it has a TClass initialization routine.
Error in <TClass::LoadClassInfo>: no interpreter information for class RooAbsArg is available even though it has a TClass initialization routine.
Error in <TClass::LoadClassInfo>: no interpreter information for class RooAbsArg is available even though it has a TClass initialization routine.
Error in <TClass::LoadClassInfo>: no interpreter information for class RooAbsArg is available even though it has a TClass initialization routine.
Error in <TClass::LoadClassInfo>: no interpreter information for class RooAbsArg is available even though it has a TClass initialization routine.
Error in <TClass::LoadClassInfo>: no interpreter information for class RooAbsArg is available even though it has a TClass initialization routine.
Error in <TClass::LoadClassInfo>: no interpreter information for class RooAbsArg is available even though it has a TClass initialization routine.
Error in <TClass::LoadClassInfo>: no interpreter information for class RooAbsArg is available even though it has a TClass initialization routine.
Error in <TClass::LoadClassInfo>: no interpreter information for class RooAbsArg is available even though it has a TClass initialization routine.
Error in <TClass::LoadClassInfo>: no interpreter information for class RooAbsArg is available even though it has a TClass initialization routine.
Error in <TClass::LoadClassInfo>: no interpreter information for class RooAbsArg is available even though it has a TClass initialization routine.
Error in <TClass::LoadClassInfo>: no interpreter information for class RooAbsArg is available even though it has a TClass initialization routine.
Warning in <TGenericClassInfo>: The rule for class: "RooAbsArg": version, "[5]" and data members: "_proxyList" has been skipped because the target member (_proxyList) is unknown.
Error in <TClass::LoadClassInfo>: no interpreter information for class RooAbsArg is available even though it has a TClass initialization routine.
Error in <TClass::LoadClassInfo>: no interpreter information for class RooAbsArg is available even though it has a TClass initialization routine.
Error in <TClass::LoadClassInfo>: no interpreter information for class RooAbsArg is available even though it has a TClass initialization routine.
Error in <TClass::LoadClassInfo>: no interpreter information for class RooAbsArg is available even though it has a TClass initialization routine.
Error in <TClass::LoadClassInfo>: no interpreter information for class RooAbsArg is available even though it has a TClass initialization routine.
Error in <TClass::LoadClassInfo>: no interpreter information for class RooAbsArg is available even though it has a TClass initialization routine.
Error in <TClass::LoadClassInfo>: no interpreter information for class RooAbsArg is available even though it has a TClass initialization routine.
Error in <TClass::LoadClassInfo>: no interpreter information for class RooAbsArg is available even though it has a TClass initialization routine.
Error in <TClass::LoadClassInfo>: no interpreter information for class RooAbsArg is available even though it has a TClass initialization routine.
Error in <TClass::LoadClassInfo>: no interpreter information for class RooAbsArg is available even though it has a TClass initialization routine.
Error in <TClass::LoadClassInfo>: no interpreter information for class RooAbsArg is available even though it has a TClass initialization routine.
Error in <TClass::LoadClassInfo>: no interpreter information for class RooAbsArg is available even though it has a TClass initialization routine.
Error in <TClass::LoadClassInfo>: no interpreter information for class RooAbsArg is available even though it has a TClass initialization routine.
Error in <TClass::LoadClassInfo>: no interpreter information for class RooAbsArg is available even though it has a TClass initialization routine.
Warning in <TGenericClassInfo>: The rule for class: "RooAbsArg": version, "[1-6]" and data members: "_serverList" has been skipped because the target member (_serverList) is unknown.
Error in <TClass::LoadClassInfo>: no interpreter information for class RooAbsArg is available even though it has a TClass initialization routine.
Error in <TClass::LoadClassInfo>: no interpreter information for class RooAbsArg is available even though it has a TClass initialization routine.
Error in <TClass::LoadClassInfo>: no interpreter information for class RooAbsArg is available even though it has a TClass initialization routine.
Error in <TClass::LoadClassInfo>: no interpreter information for class RooAbsArg is available even though it has a TClass initialization routine.
Error in <TClass::LoadClassInfo>: no interpreter information for class RooAbsArg is available even though it has a TClass initialization routine.
Error in <TClass::LoadClassInfo>: no interpreter information for class RooAbsArg is available even though it has a TClass initialization routine.
Error in <TClass::LoadClassInfo>: no interpreter information for class RooAbsArg is available even though it has a TClass initialization routine.
Error in <TClass::LoadClassInfo>: no interpreter information for class RooAbsArg is available even though it has a TClass initialization routine.
Error in <TClass::LoadClassInfo>: no interpreter information for class RooAbsArg is available even though it has a TClass initialization routine.
Error in <TClass::LoadClassInfo>: no interpreter information for class RooAbsArg is available even though it has a TClass initialization routine.
Error in <TClass::LoadClassInfo>: no interpreter information for class RooAbsArg is available even though it has a TClass initialization routine.
Error in <TClass::LoadClassInfo>: no interpreter information for class RooAbsArg is available even though it has a TClass initialization routine.
Error in <TClass::LoadClassInfo>: no interpreter information for class RooAbsArg is available even though it has a TClass initialization routine.
Error in <TClass::LoadClassInfo>: no interpreter information for class RooAbsArg is available even though it has a TClass initialization routine.
Warning in <TGenericClassInfo>: The rule for class: "RooAbsArg": version, "[1-6]" and data members: "_clientList" has been skipped because the target member (_clientList) is unknown.
Error in <TClass::LoadClassInfo>: no interpreter information for class RooAbsArg is available even though it has a TClass initialization routine.
Error in <TClass::LoadClassInfo>: no interpreter information for class RooAbsArg is available even though it has a TClass initialization routine.
Error in <TClass::LoadClassInfo>: no interpreter information for class RooAbsArg is available even though it has a TClass initialization routine.
Error in <TClass::LoadClassInfo>: no interpreter information for class RooAbsArg is available even though it has a TClass initialization routine.
Error in <TClass::LoadClassInfo>: no interpreter information for class RooAbsArg is available even though it has a TClass initialization routine.
Error in <TClass::LoadClassInfo>: no interpreter information for class RooAbsArg is available even though it has a TClass initialization routine.
Error in <TClass::LoadClassInfo>: no interpreter information for class RooAbsArg is available even though it has a TClass initialization routine.
Error in <TClass::LoadClassInfo>: no interpreter information for class RooAbsArg is available even though it has a TClass initialization routine.
Error in <TClass::LoadClassInfo>: no interpreter information for class RooAbsArg is available even though it has a TClass initialization routine.
Error in <TClass::LoadClassInfo>: no interpreter information for class RooAbsArg is available even though it has a TClass initialization routine.
Error in <TClass::LoadClassInfo>: no interpreter information for class RooAbsArg is available even though it has a TClass initialization routine.
Error in <TClass::LoadClassInfo>: no interpreter information for class RooAbsArg is available even though it has a TClass initialization routine.
Error in <TClass::LoadClassInfo>: no interpreter information for class RooAbsArg is available even though it has a TClass initialization routine.
Error in <TClass::LoadClassInfo>: no interpreter information for class RooAbsArg is available even though it has a TClass initialization routine.
Warning in <TGenericClassInfo>: The rule for class: "RooAbsArg": version, "[1-6]" and data members: "_clientListValue" has been skipped because the target member (_clientListValue) is unknown.
Error in <TClass::LoadClassInfo>: no interpreter information for class RooAbsArg is available even though it has a TClass initialization routine.
Error in <TClass::LoadClassInfo>: no interpreter information for class RooAbsArg is available even though it has a TClass initialization routine.
Error in <TClass::LoadClassInfo>: no interpreter information for class RooAbsArg is available even though it has a TClass initialization routine.
Error in <TClass::LoadClassInfo>: no interpreter information for class RooAbsArg is available even though it has a TClass initialization routine.
Error in <TClass::LoadClassInfo>: no interpreter information for class RooAbsArg is available even though it has a TClass initialization routine.
Error in <TClass::LoadClassInfo>: no interpreter information for class RooAbsArg is available even though it has a TClass initialization routine.
Error in <TClass::LoadClassInfo>: no interpreter information for class RooAbsArg is available even though it has a TClass initialization routine.
Error in <TClass::LoadClassInfo>: no interpreter information for class RooAbsArg is available even though it has a TClass initialization routine.
Error in <TClass::LoadClassInfo>: no interpreter information for class RooAbsArg is available even though it has a TClass initialization routine.
Error in <TClass::LoadClassInfo>: no interpreter information for class RooAbsArg is available even though it has a TClass initialization routine.
Error in <TClass::LoadClassInfo>: no interpreter information for class RooAbsArg is available even though it has a TClass initialization routine.
Error in <TClass::LoadClassInfo>: no interpreter information for class RooAbsArg is available even though it has a TClass initialization routine.
Error in <TClass::LoadClassInfo>: no interpreter information for class RooAbsArg is available even though it has a TClass initialization routine.
Error in <TClass::LoadClassInfo>: no interpreter information for class RooAbsArg is available even though it has a TClass initialization routine.
Warning in <TGenericClassInfo>: The rule for class: "RooAbsArg": version, "[1-6]" and data members: "_clientListShape" has been skipped because the target member (_clientListShape) is unknown.
Warning in <TStreamerInfo::CompareContent>: The following data member of
the in-memory layout version 2 of class 'RooAbsReal' is missing from 
the on-file layout version 2:
   double _plotMin; //
Warning in <TStreamerInfo::CompareContent>: The following data member of
the in-memory layout version 2 of class 'RooAbsReal' is missing from 
the on-file layout version 2:
   double _plotMax; //
Warning in <TStreamerInfo::CompareContent>: The following data member of
the in-memory layout version 2 of class 'RooAbsReal' is missing from 
the on-file layout version 2:
   int _plotBins; //
Warning in <TStreamerInfo::CompareContent>: The following data member of
the in-memory layout version 2 of class 'RooAbsReal' is missing from 
the on-file layout version 2:
   double _value; //
Warning in <TStreamerInfo::CompareContent>: The following data member of
the in-memory layout version 2 of class 'RooAbsReal' is missing from 
the on-file layout version 2:
   TString _unit; //
Warning in <TStreamerInfo::CompareContent>: The following data member of
the in-memory layout version 2 of class 'RooAbsReal' is missing from 
the on-file layout version 2:
   TString _label; //
Warning in <TStreamerInfo::CompareContent>: The following data member of
the in-memory layout version 2 of class 'RooAbsReal' is missing from 
the on-file layout version 2:
   bool _forceNumInt; //
Warning in <TStreamerInfo::CompareContent>: The following data member of
the in-memory layout version 2 of class 'RooAbsReal' is missing from 
the on-file layout version 2:
   RooNumIntConfig* _specIntegratorConfig; //
Error in <TClass::LoadClassInfo>: no interpreter information for class RooAbsArg is available even though it has a TClass initialization routine.
Error in <TClass::LoadClassInfo>: no interpreter information for class RooAbsArg is available even though it has a TClass initialization routine.
Error in <TClass::LoadClassInfo>: no interpreter information for class RooAbsArg is available even though it has a TClass initialization routine.
Error in <TClass::LoadClassInfo>: no interpreter information for class RooAbsArg is available even though it has a TClass initialization routine.
Error in <TClass::LoadClassInfo>: no interpreter information for class RooAbsArg is available even though it has a TClass initialization routine.
Error in <TClass::LoadClassInfo>: no interpreter information for class RooAbsArg is available even though it has a TClass initialization routine.
Error in <TClass::LoadClassInfo>: no interpreter information for class RooAbsArg is available even though it has a TClass initialization routine.
Error in <TClass::LoadClassInfo>: no interpreter information for class RooAbsArg is available even though it has a TClass initialization routine.
Error in <TClass::LoadClassInfo>: no interpreter information for class RooAbsArg is available even though it has a TClass initialization routine.
Error in <TClass::LoadClassInfo>: no interpreter information for class RooAbsArg is available even though it has a TClass initialization routine.
Error in <TClass::LoadClassInfo>: no interpreter information for class RooAbsArg is available even though it has a TClass initialization routine.
Error in <TClass::LoadClassInfo>: no interpreter information for class RooAbsArg is available even though it has a TClass initialization routine.
Error in <TClass::LoadClassInfo>: no interpreter information for class RooAbsArg is available even though it has a TClass initialization routine.
Error in <TClass::LoadClassInfo>: no interpreter information for class RooAbsArg is available even though it has a TClass initialization routine.
Error in <TClass::LoadClassInfo>: no interpreter information for class RooAbsArg is available even though it has a TClass initialization routine.
Error in <TClass::LoadClassInfo>: no interpreter information for class RooAbsArg is available even though it has a TClass initialization routine.
Error in <TClass::LoadClassInfo>: no interpreter information for class RooAbsArg is available even though it has a TClass initialization routine.
Error in <TClass::LoadClassInfo>: no interpreter information for class RooAbsArg is available even though it has a TClass initialization routine.
Error in <TClass::LoadClassInfo>: no interpreter information for class RooAbsArg is available even though it has a TClass initialization routine.
Error in <TClass::LoadClassInfo>: no interpreter information for class RooAbsArg is available even though it has a TClass initialization routine.
Error in <TClass::LoadClassInfo>: no interpreter information for class RooAbsArg is available even though it has a TClass initialization routine.
Error in <TClass::LoadClassInfo>: no interpreter information for class RooAbsArg is available even though it has a TClass initialization routine.
Error in <TClass::LoadClassInfo>: no interpreter information for class RooAbsArg is available even though it has a TClass initialization routine.
Error in <TClass::LoadClassInfo>: no interpreter information for class RooAbsArg is available even though it has a TClass initialization routine.
Error in <TClass::LoadClassInfo>: no interpreter information for class RooAbsArg is available even though it has a TClass initialization routine.
Error in <TClass::LoadClassInfo>: no interpreter information for class RooAbsArg is available even though it has a TClass initialization routine.
Error in <TClass::LoadClassInfo>: no interpreter information for class RooAbsArg is available even though it has a TClass initialization routine.
Error in <TClass::LoadClassInfo>: no interpreter information for class RooAbsArg is available even though it has a TClass initialization routine.
Error in <TClass::LoadClassInfo>: no interpreter information for class RooAbsArg is available even though it has a TClass initialization routine.
Error in <TClass::LoadClassInfo>: no interpreter information for class RooAbsArg is available even though it has a TClass initialization routine.
Error in <TClass::LoadClassInfo>: no interpreter information for class RooAbsArg is available even though it has a TClass initialization routine.
Error in <TClass::LoadClassInfo>: no interpreter information for class RooAbsArg is available even though it has a TClass initialization routine.
Error in <TClass::LoadClassInfo>: no interpreter information for class RooAbsArg is available even though it has a TClass initialization routine.
Error in <TClass::LoadClassInfo>: no interpreter information for class RooAbsArg is available even though it has a TClass initialization routine.
Error in <TClass::LoadClassInfo>: no interpreter information for class RooAbsArg is available even though it has a TClass initialization routine.
Error in <TClass::LoadClassInfo>: no interpreter information for class RooAbsArg is available even though it has a TClass initialization routine.
Error in <TClass::LoadClassInfo>: no interpreter information for class RooAbsArg is available even though it has a TClass initialization routine.
Error in <TClass::LoadClassInfo>: no interpreter information for class RooAbsArg is available even though it has a TClass initialization routine.
Error in <TClass::LoadClassInfo>: no interpreter information for class RooAbsArg is available even though it has a TClass initialization routine.
Error in <TClass::LoadClassInfo>: no interpreter information for class RooAbsArg is available even though it has a TClass initialization routine.
Error in <TClass::LoadClassInfo>: no interpreter information for class RooAbsArg is available even though it has a TClass initialization routine.
Error in <TClass::LoadClassInfo>: no interpreter information for class RooAbsArg is available even though it has a TClass initialization routine.
Error in <TClass::LoadClassInfo>: no interpreter information for class RooAbsArg is available even though it has a TClass initialization routine.
Error in <TClass::LoadClassInfo>: no interpreter information for class RooAbsArg is available even though it has a TClass initialization routine.
Error in <TClass::LoadClassInfo>: no interpreter information for class RooAbsArg is available even though it has a TClass initialization routine.
Error in <TClass::LoadClassInfo>: no interpreter information for class RooAbsArg is available even though it has a TClass initialization routine.
Error in <TClass::LoadClassInfo>: no interpreter information for class RooAbsArg is available even though it has a TClass initialization routine.
Error in <TClass::LoadClassInfo>: no interpreter information for class RooAbsArg is available even though it has a TClass initialization routine.
Error in <TClass::LoadClassInfo>: no interpreter information for class RooAbsArg is available even though it has a TClass initialization routine.
Error in <TClass::LoadClassInfo>: no interpreter information for class RooAbsArg is available even though it has a TClass initialization routine.
Error in <TClass::LoadClassInfo>: no interpreter information for class RooAbsArg is available even though it has a TClass initialization routine.
Error in <TClass::LoadClassInfo>: no interpreter information for class RooAbsArg is available even though it has a TClass initialization routine.
Error in <TClass::LoadClassInfo>: no interpreter information for class RooAbsArg is available even though it has a TClass initialization routine.
Error in <TClass::LoadClassInfo>: no interpreter information for class RooAbsArg is available even though it has a TClass initialization routine.
Error in <TClass::LoadClassInfo>: no interpreter information for class RooAbsArg is available even though it has a TClass initialization routine.
Error in <TClass::LoadClassInfo>: no interpreter information for class RooAbsArg is available even though it has a TClass initialization routine.
Error in <TClass::LoadClassInfo>: no interpreter information for class RooAbsArg is available even though it has a TClass initialization routine.
Error in <TClass::LoadClassInfo>: no interpreter information for class RooAbsArg is available even though it has a TClass initialization routine.
Error in <TClass::LoadClassInfo>: no interpreter information for class RooAbsArg is available even though it has a TClass initialization routine.
Error in <TClass::LoadClassInfo>: no interpreter information for class RooAbsArg is available even though it has a TClass initialization routine.
Error in <TClass::LoadClassInfo>: no interpreter information for class RooAbsArg is available even though it has a TClass initialization routine.
Error in <TClass::LoadClassInfo>: no interpreter information for class RooAbsArg is available even though it has a TClass initialization routine.
Error in <TClass::LoadClassInfo>: no interpreter information for class RooAbsArg is available even though it has a TClass initialization routine.
Error in <TClass::LoadClassInfo>: no interpreter information for class RooAbsArg is available even though it has a TClass initialization routine.
Error in <TClass::LoadClassInfo>: no interpreter information for class RooAbsArg is available even though it has a TClass initialization routine.
Error in <TClass::LoadClassInfo>: no interpreter information for class RooAbsArg is available even though it has a TClass initialization routine.
Error in <TClass::LoadClassInfo>: no interpreter information for class RooAbsArg is available even though it has a TClass initialization routine.
Error in <TClass::LoadClassInfo>: no interpreter information for class RooAbsArg is available even though it has a TClass initialization routine.
Error in <TClass::LoadClassInfo>: no interpreter information for class RooAbsArg is available even though it has a TClass initialization routine.
Error in <TClass::LoadClassInfo>: no interpreter information for class RooAbsArg is available even though it has a TClass initialization routine.
Error in <TClass::LoadClassInfo>: no interpreter information for class RooAbsArg is available even though it has a TClass initialization routine.
Error in <TClass::LoadClassInfo>: no interpreter information for class RooAbsArg is available even though it has a TClass initialization routine.
Error in <TClass::LoadClassInfo>: no interpreter information for class RooAbsArg is available even though it has a TClass initialization routine.
Error in <TClass::LoadClassInfo>: no interpreter information for class RooAbsArg is available even though it has a TClass initialization routine.
Error in <TClass::LoadClassInfo>: no interpreter information for class RooAbsArg is available even though it has a TClass initialization routine.
Error in <TClass::LoadClassInfo>: no interpreter information for class RooAbsArg is available even though it has a TClass initialization routine.
Error in <TClass::LoadClassInfo>: no interpreter information for class RooAbsArg is available even though it has a TClass initialization routine.
Error in <TClass::LoadClassInfo>: no interpreter information for class RooAbsArg is available even though it has a TClass initialization routine.
Error in <TClass::LoadClassInfo>: no interpreter information for class RooAbsArg is available even though it has a TClass initialization routine.
Error in <TClass::LoadClassInfo>: no interpreter information for class RooAbsArg is available even though it has a TClass initialization routine.
Error in <TClass::LoadClassInfo>: no interpreter information for class RooAbsArg is available even though it has a TClass initialization routine.
Error in <TClass::LoadClassInfo>: no interpreter information for class RooAbsArg is available even though it has a TClass initialization routine.
Error in <TClass::LoadClassInfo>: no interpreter information for class RooAbsArg is available even though it has a TClass initialization routine.
Error in <TClass::LoadClassInfo>: no interpreter information for class RooAbsArg is available even though it has a TClass initialization routine.
Error in <TClass::LoadClassInfo>: no interpreter information for class RooAbsArg is available even though it has a TClass initialization routine.
Error in <TClass::LoadClassInfo>: no interpreter information for class RooAbsArg is available even though it has a TClass initialization routine.
Error in <TClass::LoadClassInfo>: no interpreter information for class RooAbsArg is available even though it has a TClass initialization routine.
Error in <TClass::LoadClassInfo>: no interpreter information for class RooAbsArg is available even though it has a TClass initialization routine.
Error in <TClass::LoadClassInfo>: no interpreter information for class RooAbsArg is available even though it has a TClass initialization routine.
Error in <TClass::LoadClassInfo>: no interpreter information for class RooAbsArg is available even though it has a TClass initialization routine.
Error in <TClass::LoadClassInfo>: no interpreter information for class RooAbsArg is available even though it has a TClass initialization routine.
Error in <TClass::LoadClassInfo>: no interpreter information for class RooAbsArg is available even though it has a TClass initialization routine.
Error in <TClass::LoadClassInfo>: no interpreter information for class RooAbsArg is available even though it has a TClass initialization routine.
Error in <TClass::LoadClassInfo>: no interpreter information for class RooAbsArg is available even though it has a TClass initialization routine.
Error in <TClass::LoadClassInfo>: no interpreter information for class RooAbsArg is available even though it has a TClass initialization routine.
Error in <TClass::LoadClassInfo>: no interpreter information for class RooAbsArg is available even though it has a TClass initialization routine.
Error in <TClass::LoadClassInfo>: no interpreter information for class RooAbsArg is available even though it has a TClass initialization routine.
Error in <TClass::LoadClassInfo>: no interpreter information for class RooAbsArg is available even though it has a TClass initialization routine.
Error in <TClass::LoadClassInfo>: no interpreter information for class RooAbsArg is available even though it has a TClass initialization routine.
Error in <TClass::LoadClassInfo>: no interpreter information for class RooAbsArg is available even though it has a TClass initialization routine.
Error in <TClass::LoadClassInfo>: no interpreter information for class RooAbsArg is available even though it has a TClass initialization routine.
Error in <TClass::LoadClassInfo>: no interpreter information for class RooAbsArg is available even though it has a TClass initialization routine.
Error in <TClass::LoadClassInfo>: no interpreter information for class RooAbsArg is available even though it has a TClass initialization routine.
Error in <TClass::LoadClassInfo>: no interpreter information for class RooAbsArg is available even though it has a TClass initialization routine.
Error in <TClass::LoadClassInfo>: no interpreter information for class RooAbsArg is available even though it has a TClass initialization routine.
Error in <TClass::LoadClassInfo>: no interpreter information for class RooAbsArg is available even though it has a TClass initialization routine.
Error in <TClass::LoadClassInfo>: no interpreter information for class RooAbsArg is available even though it has a TClass initialization routine.
Error in <TClass::LoadClassInfo>: no interpreter information for class RooAbsArg is available even though it has a TClass initialization routine.
Error in <TClass::LoadClassInfo>: no interpreter information for class RooAbsArg is available even though it has a TClass initialization routine.
Error in <TClass::LoadClassInfo>: no interpreter information for class RooAbsArg is available even though it has a TClass initialization routine.
Error in <TClass::LoadClassInfo>: no interpreter information for class RooAbsArg is available even though it has a TClass initialization routine.
Error in <TClass::LoadClassInfo>: no interpreter information for class RooAbsArg is available even though it has a TClass initialization routine.
Error in <TClass::LoadClassInfo>: no interpreter information for class RooAbsArg is available even though it has a TClass initialization routine.
Error in <TClass::LoadClassInfo>: no interpreter information for class RooAbsArg is available even though it has a TClass initialization routine.
Error in <TClass::LoadClassInfo>: no interpreter information for class RooAbsArg is available even though it has a TClass initialization routine.
Error in <TClass::LoadClassInfo>: no interpreter information for class RooAbsArg is available even though it has a TClass initialization routine.
Error in <TClass::LoadClassInfo>: no interpreter information for class RooAbsArg is available even though it has a TClass initialization routine.
Error in <TClass::LoadClassInfo>: no interpreter information for class RooAbsArg is available even though it has a TClass initialization routine.
Error in <TClass::LoadClassInfo>: no interpreter information for class RooAbsArg is available even though it has a TClass initialization routine.
Error in <TClass::LoadClassInfo>: no interpreter information for class RooAbsArg is available even though it has a TClass initialization routine.
Error in <TClass::LoadClassInfo>: no interpreter information for class RooAbsArg is available even though it has a TClass initialization routine.
Error in <TClass::LoadClassInfo>: no interpreter information for class RooAbsArg is available even though it has a TClass initialization routine.
Error in <TClass::LoadClassInfo>: no interpreter information for class RooAbsArg is available even though it has a TClass initialization routine.
Error in <TClass::LoadClassInfo>: no interpreter information for class RooAbsArg is available even though it has a TClass initialization routine.
Error in <TClass::LoadClassInfo>: no interpreter information for class RooAbsArg is available even though it has a TClass initialization routine.
Error in <TClass::LoadClassInfo>: no interpreter information for class RooAbsArg is available even though it has a TClass initialization routine.
Warning in <TStreamerInfo::BuildCheck>: 
   The StreamerInfo of class RooAbsArg read from file /data/pku/home/zhaoyz/Higgs/boostedHWW/combine/combination/full_datacards/higgsCombineSnapshot.MultiDimFit.mH125.root
   has the same version (=7) as the active class but a different checksum.
   You should update the version to ClassDef(RooAbsArg,8).
   Do not try to write objects with the current class definition,
   the files will not be readable.

Error in <TClass::LoadClassInfo>: no interpreter information for class RooAbsArg is available even though it has a TClass initialization routine.
Error in <TClass::LoadClassInfo>: no interpreter information for class RooAbsArg is available even though it has a TClass initialization routine.
Error in <TClass::LoadClassInfo>: no interpreter information for class RooAbsArg is available even though it has a TClass initialization routine.
Error in <TClass::LoadClassInfo>: no interpreter information for class RooAbsArg is available even though it has a TClass initialization routine.
Error in <TClass::LoadClassInfo>: no interpreter information for class RooAbsArg is available even though it has a TClass initialization routine.
Error in <TClass::LoadClassInfo>: no interpreter information for class RooAbsArg is available even though it has a TClass initialization routine.
Error in <TClass::LoadClassInfo>: no interpreter information for class RooAbsArg is available even though it has a TClass initialization routine.
Error in <TClass::LoadClassInfo>: no interpreter information for class RooAbsArg is available even though it has a TClass initialization routine.
Error in <TClass::LoadClassInfo>: no interpreter information for class RooAbsArg is available even though it has a TClass initialization routine.
Error in <TClass::LoadClassInfo>: no interpreter information for class RooAbsArg is available even though it has a TClass initialization routine.
Error in <TClass::LoadClassInfo>: no interpreter information for class RooAbsArg is available even though it has a TClass initialization routine.
Error in <TClass::LoadClassInfo>: no interpreter information for class RooAbsArg is available even though it has a TClass initialization routine.
Error in <TClass::LoadClassInfo>: no interpreter information for class RooAbsArg is available even though it has a TClass initialization routine.
Error in <TClass::LoadClassInfo>: no interpreter information for class RooAbsArg is available even though it has a TClass initialization routine.
Warning in <TStreamerInfo::CompareContent>: The on-file layout version 7 for class 'RooAbsArg'  has a base class (TNamed) that the in-memory layout version 7 does not have
Warning in <TStreamerInfo::CompareContent>: The on-file layout version 7 for class 'RooAbsArg'  has a base class (RooPrintable) that the in-memory layout version 7 does not have
Error in <TClass::LoadClassInfo>: no interpreter information for class RooPrintable is available even though it has a TClass initialization routine.
Error in <TClass::LoadClassInfo>: no interpreter information for class RooPrintable is available even though it has a TClass initialization routine.
Error in <TClass::LoadClassInfo>: no interpreter information for class RooPrintable is available even though it has a TClass initialization routine.
Error in <TClass::LoadClassInfo>: no interpreter information for class RooPrintable is available even though it has a TClass initialization routine.
Error in <TClass::LoadClassInfo>: no interpreter information for class RooPrintable is available even though it has a TClass initialization routine.
Error in <TClass::LoadClassInfo>: no interpreter information for class RooPrintable is available even though it has a TClass initialization routine.
Error in <TClass::LoadClassInfo>: no interpreter information for class RooPrintable is available even though it has a TClass initialization routine.
Error in <TClass::LoadClassInfo>: no interpreter information for class RooPrintable is available even though it has a TClass initialization routine.
Warning in <TStreamerInfo::CompareContent>: The following data member of
the in-memory layout version 7 of class 'RooAbsArg' is missing from 
the on-file layout version 7:
   RooSTLRefCountList<RooAbsArg> _serverList; //
Warning in <TStreamerInfo::CompareContent>: The following data member of
the in-memory layout version 7 of class 'RooAbsArg' is missing from 
the on-file layout version 7:
   RooSTLRefCountList<RooAbsArg> _clientList; //
Warning in <TStreamerInfo::CompareContent>: The following data member of
the in-memory layout version 7 of class 'RooAbsArg' is missing from 
the on-file layout version 7:
   RooSTLRefCountList<RooAbsArg> _clientListShape; //
Warning in <TStreamerInfo::CompareContent>: The following data member of
the in-memory layout version 7 of class 'RooAbsArg' is missing from 
the on-file layout version 7:
   RooSTLRefCountList<RooAbsArg> _clientListValue; //
Warning in <TStreamerInfo::CompareContent>: The following data member of
the in-memory layout version 7 of class 'RooAbsArg' is missing from 
the on-file layout version 7:
   RooRefArray _proxyList; //
Warning in <TStreamerInfo::CompareContent>: The following data member of
the in-memory layout version 7 of class 'RooAbsArg' is missing from 
the on-file layout version 7:
   deque<RooAbsCache*> _cacheList; //
Warning in <TStreamerInfo::CompareContent>: The following data member of
the in-memory layout version 7 of class 'RooAbsArg' is missing from 
the on-file layout version 7:
   set<string> _boolAttrib; //
Warning in <TStreamerInfo::CompareContent>: The following data member of
the in-memory layout version 7 of class 'RooAbsArg' is missing from 
the on-file layout version 7:
   map<string,string> _stringAttrib; //
Warning in <TStreamerInfo::CompareContent>: The following data member of
the in-memory layout version 7 of class 'RooAbsArg' is missing from 
the on-file layout version 7:
   bool _valueDirty; //
Warning in <TStreamerInfo::CompareContent>: The following data member of
the in-memory layout version 7 of class 'RooAbsArg' is missing from 
the on-file layout version 7:
   bool _shapeDirty; //
Error in <TClass::LoadClassInfo>: no interpreter information for class RooAbsArg is available even though it has a TClass initialization routine.
Error in <TClass::LoadClassInfo>: no interpreter information for class RooAbsArg is available even though it has a TClass initialization routine.
Error in <TClass::LoadClassInfo>: no interpreter information for class RooAbsArg is available even though it has a TClass initialization routine.
Error in <TClass::LoadClassInfo>: no interpreter information for class RooAbsArg is available even though it has a TClass initialization routine.
Warning in <TStreamerInfo::CompareContent>: The following data member of
the in-memory layout version 7 of class 'RooAbsArg' is missing from 
the on-file layout version 7:
   RooAbsArg::OperMode _operMode; //
Warning in <TStreamerInfo::CompareContent>: The following data member of
the in-memory layout version 7 of class 'RooAbsArg' is missing from 
the on-file layout version 7:
   bool _fast; //
Warning in <TStreamerInfo::CompareContent>: The following data member of
the in-memory layout version 7 of class 'RooAbsArg' is missing from 
the on-file layout version 7:
   RooExpensiveObjectCache* _eocache; //
Error in <TClass::LoadClassInfo>: no interpreter information for class RooAbsLValue is available even though it has a TClass initialization routine.
Error in <TClass::LoadClassInfo>: no interpreter information for class RooAbsLValue is available even though it has a TClass initialization routine.
Error in <TClass::LoadClassInfo>: no interpreter information for class RooAbsLValue is available even though it has a TClass initialization routine.
Error in <TClass::LoadClassInfo>: no interpreter information for class RooAbsLValue is available even though it has a TClass initialization routine.
Error in <TClass::LoadClassInfo>: no interpreter information for class RooAbsLValue is available even though it has a TClass initialization routine.
Error in <TClass::LoadClassInfo>: no interpreter information for class RooAbsLValue is available even though it has a TClass initialization routine.
Error in <TClass::LoadClassInfo>: no interpreter information for class RooAbsLValue is available even though it has a TClass initialization routine.
Error in <TClass::LoadClassInfo>: no interpreter information for class RooAbsLValue is available even though it has a TClass initialization routine.
Error in <TClass::LoadClassInfo>: no interpreter information for class RooAbsLValue is available even though it has a TClass initialization routine.
Error in <TClass::LoadClassInfo>: no interpreter information for class RooAbsLValue is available even though it has a TClass initialization routine.
Error in <TClass::LoadClassInfo>: no interpreter information for class RooAbsLValue is available even though it has a TClass initialization routine.
Error in <TClass::LoadClassInfo>: no interpreter information for class RooAbsLValue is available even though it has a TClass initialization routine.
Error in <TClass::LoadClassInfo>: no interpreter information for class RooAbsLValue is available even though it has a TClass initialization routine.
Error in <TClass::LoadClassInfo>: no interpreter information for class RooAbsLValue is available even though it has a TClass initialization routine.
Error in <TClass::LoadClassInfo>: no interpreter information for class RooAbsLValue is available even though it has a TClass initialization routine.
Error in <TClass::LoadClassInfo>: no interpreter information for class RooAbsLValue is available even though it has a TClass initialization routine.
Error in <TClass::LoadClassInfo>: no interpreter information for class RooAbsLValue is available even though it has a TClass initialization routine.
Error in <TClass::LoadClassInfo>: no interpreter information for class RooAbsLValue is available even though it has a TClass initialization routine.
Error in <TClass::LoadClassInfo>: no interpreter information for class RooAbsLValue is available even though it has a TClass initialization routine.
Error in <TClass::LoadClassInfo>: no interpreter information for class RooAbsLValue is available even though it has a TClass initialization routine.
Error in <TClass::LoadClassInfo>: no interpreter information for class RooAbsLValue is available even though it has a TClass initialization routine.
Error in <TClass::LoadClassInfo>: no interpreter information for class RooAbsLValue is available even though it has a TClass initialization routine.
Error in <TClass::LoadClassInfo>: no interpreter information for class RooSTLRefCountList<RooAbsArg> is available even though it has a TClass initialization routine.
Error in <TClass::LoadClassInfo>: no interpreter information for class RooSTLRefCountList<RooAbsArg> is available even though it has a TClass initialization routine.
Error in <TClass::LoadClassInfo>: no interpreter information for class RooSTLRefCountList<RooAbsArg> is available even though it has a TClass initialization routine.
Error in <TClass::LoadClassInfo>: no interpreter information for class RooSTLRefCountList<RooAbsArg> is available even though it has a TClass initialization routine.
Error in <TClass::LoadClassInfo>: no interpreter information for class RooSTLRefCountList<RooAbsArg> is available even though it has a TClass initialization routine.
Error in <TClass::LoadClassInfo>: no interpreter information for class RooSTLRefCountList<RooAbsArg> is available even though it has a TClass initialization routine.
Error in <TClass::LoadClassInfo>: no interpreter information for class RooSTLRefCountList<RooAbsArg> is available even though it has a TClass initialization routine.
Error in <TClass::LoadClassInfo>: no interpreter information for class RooSTLRefCountList<RooAbsArg> is available even though it has a TClass initialization routine.
Error in <TClass::LoadClassInfo>: no interpreter information for class RooSTLRefCountList<RooAbsArg> is available even though it has a TClass initialization routine.
Error in <TClass::LoadClassInfo>: no interpreter information for class RooSTLRefCountList<RooAbsArg> is available even though it has a TClass initialization routine.
Error in <TClass::LoadClassInfo>: no interpreter information for class RooSTLRefCountList<RooAbsArg> is available even though it has a TClass initialization routine.
Error in <TClass::LoadClassInfo>: no interpreter information for class RooSTLRefCountList<RooAbsArg> is available even though it has a TClass initialization routine.
Error in <TClass::LoadClassInfo>: no interpreter information for class RooSTLRefCountList<RooAbsArg> is available even though it has a TClass initialization routine.
Error in <TClass::LoadClassInfo>: no interpreter information for class RooSTLRefCountList<RooAbsArg> is available even though it has a TClass initialization routine.
Error in <TClass::LoadClassInfo>: no interpreter information for class RooSTLRefCountList<RooAbsArg> is available even though it has a TClass initialization routine.
Error in <TClass::LoadClassInfo>: no interpreter information for class RooSTLRefCountList<RooAbsArg> is available even though it has a TClass initialization routine.
Error in <TClass::LoadClassInfo>: no interpreter information for class RooSTLRefCountList<RooAbsArg> is available even though it has a TClass initialization routine.
Error in <TClass::LoadClassInfo>: no interpreter information for class RooSTLRefCountList<RooAbsArg> is available even though it has a TClass initialization routine.
Error in <TClass::LoadClassInfo>: no interpreter information for class RooSTLRefCountList<RooAbsArg> is available even though it has a TClass initialization routine.
Error in <TClass::LoadClassInfo>: no interpreter information for class RooSTLRefCountList<RooAbsArg> is available even though it has a TClass initialization routine.
Error in <TClass::LoadClassInfo>: no interpreter information for class RooSTLRefCountList<RooAbsArg> is available even though it has a TClass initialization routine.
Error in <TClass::LoadClassInfo>: no interpreter information for class RooSTLRefCountList<RooAbsArg> is available even though it has a TClass initialization routine.
Error in <TClass::LoadClassInfo>: no interpreter information for class RooAbsPdf is available even though it has a TClass initialization routine.
Error in <TClass::LoadClassInfo>: no interpreter information for class RooAbsPdf is available even though it has a TClass initialization routine.
Error in <TClass::LoadClassInfo>: no interpreter information for class RooAbsPdf is available even though it has a TClass initialization routine.
Error in <TClass::LoadClassInfo>: no interpreter information for class RooAbsPdf is available even though it has a TClass initialization routine.
Error in <TClass::LoadClassInfo>: no interpreter information for class RooAbsPdf is available even though it has a TClass initialization routine.
Error in <TClass::LoadClassInfo>: no interpreter information for class RooAbsPdf is available even though it has a TClass initialization routine.
Error in <TClass::LoadClassInfo>: no interpreter information for class RooAbsPdf is available even though it has a TClass initialization routine.
Error in <TClass::LoadClassInfo>: no interpreter information for class RooAbsPdf is available even though it has a TClass initialization routine.
Error in <TClass::LoadClassInfo>: no interpreter information for class RooAbsPdf is available even though it has a TClass initialization routine.
Error in <TClass::LoadClassInfo>: no interpreter information for class RooAbsPdf is available even though it has a TClass initialization routine.
Error in <TClass::LoadClassInfo>: no interpreter information for class RooAbsPdf is available even though it has a TClass initialization routine.
Error in <TClass::LoadClassInfo>: no interpreter information for class RooAbsPdf is available even though it has a TClass initialization routine.
Error in <TClass::LoadClassInfo>: no interpreter information for class RooAbsPdf is available even though it has a TClass initialization routine.
Error in <TClass::LoadClassInfo>: no interpreter information for class RooAbsPdf is available even though it has a TClass initialization routine.
Error in <TClass::LoadClassInfo>: no interpreter information for class RooAbsPdf is available even though it has a TClass initialization routine.
Error in <TClass::LoadClassInfo>: no interpreter information for class RooAbsPdf is available even though it has a TClass initialization routine.
Error in <TClass::LoadClassInfo>: no interpreter information for class RooAbsPdf is available even though it has a TClass initialization routine.
Error in <TClass::LoadClassInfo>: no interpreter information for class RooAbsPdf is available even though it has a TClass initialization routine.
Error in <TClass::LoadClassInfo>: no interpreter information for class RooAbsPdf is available even though it has a TClass initialization routine.
Error in <TClass::LoadClassInfo>: no interpreter information for class RooAbsPdf is available even though it has a TClass initialization routine.
Error in <TClass::LoadClassInfo>: no interpreter information for class RooAbsPdf is available even though it has a TClass initialization routine.
Error in <TClass::LoadClassInfo>: no interpreter information for class RooAbsPdf is available even though it has a TClass initialization routine.
Error in <TClass::LoadClassInfo>: no interpreter information for class RooAbsPdf is available even though it has a TClass initialization routine.
Error in <TClass::LoadClassInfo>: no interpreter information for class RooAbsPdf is available even though it has a TClass initialization routine.
Error in <TClass::LoadClassInfo>: no interpreter information for class RooAbsPdf is available even though it has a TClass initialization routine.
Error in <TClass::LoadClassInfo>: no interpreter information for class RooAbsPdf is available even though it has a TClass initialization routine.
Error in <TClass::LoadClassInfo>: no interpreter information for class RooAbsPdf is available even though it has a TClass initialization routine.
Error in <TClass::LoadClassInfo>: no interpreter information for class RooAbsPdf is available even though it has a TClass initialization routine.
Error in <TClass::LoadClassInfo>: no interpreter information for class RooAbsPdf is available even though it has a TClass initialization routine.
Error in <TClass::LoadClassInfo>: no interpreter information for class RooAbsPdf is available even though it has a TClass initialization routine.
Error in <TClass::LoadClassInfo>: no interpreter information for class RooAbsPdf is available even though it has a TClass initialization routine.
Error in <TClass::LoadClassInfo>: no interpreter information for class RooAbsPdf is available even though it has a TClass initialization routine.
Error in <TClass::LoadClassInfo>: no interpreter information for class RooAbsPdf is available even though it has a TClass initialization routine.
Error in <TClass::LoadClassInfo>: no interpreter information for class RooAbsPdf is available even though it has a TClass initialization routine.
Error in <TClass::LoadClassInfo>: no interpreter information for class RooAbsPdf is available even though it has a TClass initialization routine.
Error in <TClass::LoadClassInfo>: no interpreter information for class RooAbsPdf is available even though it has a TClass initialization routine.
Error in <TClass::LoadClassInfo>: no interpreter information for class RooAbsPdf is available even though it has a TClass initialization routine.
Error in <TClass::LoadClassInfo>: no interpreter information for class RooAbsPdf is available even though it has a TClass initialization routine.
Error in <TClass::LoadClassInfo>: no interpreter information for class RooAbsPdf is available even though it has a TClass initialization routine.
Error in <TClass::LoadClassInfo>: no interpreter information for class RooAbsPdf is available even though it has a TClass initialization routine.
Error in <TClass::LoadClassInfo>: no interpreter information for class RooAbsPdf is available even though it has a TClass initialization routine.
Error in <TClass::LoadClassInfo>: no interpreter information for class RooAbsPdf is available even though it has a TClass initialization routine.
Error in <TClass::LoadClassInfo>: no interpreter information for class RooAbsPdf is available even though it has a TClass initialization routine.
Error in <TClass::LoadClassInfo>: no interpreter information for class RooAbsPdf is available even though it has a TClass initialization routine.
Error in <TClass::LoadClassInfo>: no interpreter information for class RooAbsPdf is available even though it has a TClass initialization routine.
Error in <TClass::LoadClassInfo>: no interpreter information for class RooAbsPdf is available even though it has a TClass initialization routine.
Error in <TClass::LoadClassInfo>: no interpreter information for class RooAbsPdf is available even though it has a TClass initialization routine.
Error in <TClass::LoadClassInfo>: no interpreter information for class RooAbsPdf is available even though it has a TClass initialization routine.
Error in <TClass::LoadClassInfo>: no interpreter information for class RooAbsPdf is available even though it has a TClass initialization routine.
Error in <TClass::LoadClassInfo>: no interpreter information for class RooAbsPdf is available even though it has a TClass initialization routine.
Error in <TClass::LoadClassInfo>: no interpreter information for class RooAbsPdf is available even though it has a TClass initialization routine.
Error in <TClass::LoadClassInfo>: no interpreter information for class RooAbsPdf is available even though it has a TClass initialization routine.
Error in <TClass::LoadClassInfo>: no interpreter information for class RooAbsPdf is available even though it has a TClass initialization routine.
Error in <TClass::LoadClassInfo>: no interpreter information for class RooAbsPdf is available even though it has a TClass initialization routine.
Error in <TClass::LoadClassInfo>: no interpreter information for class RooAbsPdf is available even though it has a TClass initialization routine.
Error in <TClass::LoadClassInfo>: no interpreter information for class RooAbsPdf is available even though it has a TClass initialization routine.
Error in <TClass::LoadClassInfo>: no interpreter information for class RooAbsPdf is available even though it has a TClass initialization routine.
Error in <TClass::LoadClassInfo>: no interpreter information for class RooAbsPdf is available even though it has a TClass initialization routine.
Error in <TClass::LoadClassInfo>: no interpreter information for class RooAbsPdf is available even though it has a TClass initialization routine.
Error in <TClass::LoadClassInfo>: no interpreter information for class RooAbsPdf is available even though it has a TClass initialization routine.
Error in <TClass::LoadClassInfo>: no interpreter information for class RooAbsPdf is available even though it has a TClass initialization routine.
Error in <TClass::LoadClassInfo>: no interpreter information for class RooAbsPdf is available even though it has a TClass initialization routine.
Error in <TClass::LoadClassInfo>: no interpreter information for class RooAbsPdf is available even though it has a TClass initialization routine.
Error in <TClass::LoadClassInfo>: no interpreter information for class RooAbsPdf is available even though it has a TClass initialization routine.
Error in <TClass::LoadClassInfo>: no interpreter information for class RooAbsPdf is available even though it has a TClass initialization routine.
Error in <TClass::LoadClassInfo>: no interpreter information for class RooAbsPdf is available even though it has a TClass initialization routine.
Error in <TClass::LoadClassInfo>: no interpreter information for class RooAbsPdf is available even though it has a TClass initialization routine.
Error in <TClass::LoadClassInfo>: no interpreter information for class RooAbsPdf is available even though it has a TClass initialization routine.
Error in <TClass::LoadClassInfo>: no interpreter information for class RooAbsPdf is available even though it has a TClass initialization routine.
Error in <TClass::LoadClassInfo>: no interpreter information for class RooAbsPdf is available even though it has a TClass initialization routine.
Error in <TClass::LoadClassInfo>: no interpreter information for class RooAbsPdf is available even though it has a TClass initialization routine.
Error in <TClass::LoadClassInfo>: no interpreter information for class RooAbsPdf is available even though it has a TClass initialization routine.
Error in <TClass::LoadClassInfo>: no interpreter information for class RooAbsPdf is available even though it has a TClass initialization routine.
Error in <TClass::LoadClassInfo>: no interpreter information for class RooAbsPdf is available even though it has a TClass initialization routine.
Error in <TClass::LoadClassInfo>: no interpreter information for class RooAbsPdf is available even though it has a TClass initialization routine.
Error in <TClass::LoadClassInfo>: no interpreter information for class RooAbsPdf is available even though it has a TClass initialization routine.
Error in <TClass::LoadClassInfo>: no interpreter information for class RooAbsPdf is available even though it has a TClass initialization routine.
Error in <TClass::LoadClassInfo>: no interpreter information for class RooAbsPdf is available even though it has a TClass initialization routine.
Error in <TClass::LoadClassInfo>: no interpreter information for class RooAbsPdf is available even though it has a TClass initialization routine.
Error in <TClass::LoadClassInfo>: no interpreter information for class RooAbsPdf is available even though it has a TClass initialization routine.
Error in <TClass::LoadClassInfo>: no interpreter information for class RooAbsPdf is available even though it has a TClass initialization routine.
Error in <TClass::LoadClassInfo>: no interpreter information for class RooAbsPdf is available even though it has a TClass initialization routine.
Error in <TClass::LoadClassInfo>: no interpreter information for class RooAbsPdf is available even though it has a TClass initialization routine.
Error in <TClass::LoadClassInfo>: no interpreter information for class RooAbsPdf is available even though it has a TClass initialization routine.
Error in <TClass::LoadClassInfo>: no interpreter information for class RooAbsPdf is available even though it has a TClass initialization routine.
Error in <TClass::LoadClassInfo>: no interpreter information for class RooAbsPdf is available even though it has a TClass initialization routine.
Error in <TClass::LoadClassInfo>: no interpreter information for class RooAbsPdf is available even though it has a TClass initialization routine.
Error in <TClass::LoadClassInfo>: no interpreter information for class RooAbsPdf is available even though it has a TClass initialization routine.
Error in <TClass::LoadClassInfo>: no interpreter information for class RooAbsPdf is available even though it has a TClass initialization routine.
Error in <TClass::LoadClassInfo>: no interpreter information for class RooAbsPdf is available even though it has a TClass initialization routine.
Error in <TClass::LoadClassInfo>: no interpreter information for class RooAbsPdf is available even though it has a TClass initialization routine.
Error in <TClass::LoadClassInfo>: no interpreter information for class RooAbsPdf is available even though it has a TClass initialization routine.
Error in <TClass::LoadClassInfo>: no interpreter information for class RooAbsPdf is available even though it has a TClass initialization routine.
Error in <TClass::LoadClassInfo>: no interpreter information for class RooAbsPdf is available even though it has a TClass initialization routine.
Error in <TClass::LoadClassInfo>: no interpreter information for class RooAbsPdf is available even though it has a TClass initialization routine.
Error in <TClass::LoadClassInfo>: no interpreter information for class RooAbsPdf is available even though it has a TClass initialization routine.
Error in <TClass::LoadClassInfo>: no interpreter information for class RooAbsPdf is available even though it has a TClass initialization routine.
Error in <TClass::LoadClassInfo>: no interpreter information for class RooAbsPdf is available even though it has a TClass initialization routine.
Error in <TClass::LoadClassInfo>: no interpreter information for class RooAbsPdf is available even though it has a TClass initialization routine.
Error in <TClass::LoadClassInfo>: no interpreter information for class RooAbsPdf is available even though it has a TClass initialization routine.
Error in <TClass::LoadClassInfo>: no interpreter information for class RooAbsPdf is available even though it has a TClass initialization routine.
Error in <TClass::LoadClassInfo>: no interpreter information for class RooAbsPdf is available even though it has a TClass initialization routine.
Error in <TClass::LoadClassInfo>: no interpreter information for class RooAbsPdf is available even though it has a TClass initialization routine.
Error in <TClass::LoadClassInfo>: no interpreter information for class RooAbsPdf is available even though it has a TClass initialization routine.
Error in <TClass::LoadClassInfo>: no interpreter information for class RooAbsPdf is available even though it has a TClass initialization routine.
Error in <TClass::LoadClassInfo>: no interpreter information for class RooAbsPdf is available even though it has a TClass initialization routine.
Error in <TClass::LoadClassInfo>: no interpreter information for class RooAbsPdf is available even though it has a TClass initialization routine.
Error in <TClass::LoadClassInfo>: no interpreter information for class RooAbsPdf is available even though it has a TClass initialization routine.
Error in <TClass::LoadClassInfo>: no interpreter information for class RooAbsPdf is available even though it has a TClass initialization routine.
Error in <TClass::LoadClassInfo>: no interpreter information for class RooAbsPdf is available even though it has a TClass initialization routine.
Error in <TClass::LoadClassInfo>: no interpreter information for class RooAbsPdf is available even though it has a TClass initialization routine.
Error in <TClass::LoadClassInfo>: no interpreter information for class RooAbsPdf is available even though it has a TClass initialization routine.
Error in <TClass::LoadClassInfo>: no interpreter information for class RooAbsPdf is available even though it has a TClass initialization routine.
Error in <TClass::LoadClassInfo>: no interpreter information for class RooAbsPdf is available even though it has a TClass initialization routine.
Error in <TClass::LoadClassInfo>: no interpreter information for class RooAbsPdf is available even though it has a TClass initialization routine.
Error in <TClass::LoadClassInfo>: no interpreter information for class RooAbsPdf is available even though it has a TClass initialization routine.
Error in <TClass::LoadClassInfo>: no interpreter information for class RooAbsPdf is available even though it has a TClass initialization routine.
Error in <TClass::LoadClassInfo>: no interpreter information for class RooAbsPdf is available even though it has a TClass initialization routine.
Error in <TClass::LoadClassInfo>: no interpreter information for class RooAbsPdf is available even though it has a TClass initialization routine.
Error in <TClass::LoadClassInfo>: no interpreter information for class RooAbsPdf is available even though it has a TClass initialization routine.
Error in <TClass::LoadClassInfo>: no interpreter information for class RooAbsPdf is available even though it has a TClass initialization routine.
Error in <TClass::LoadClassInfo>: no interpreter information for class RooAbsPdf is available even though it has a TClass initialization routine.
Error in <TClass::LoadClassInfo>: no interpreter information for class RooAbsPdf is available even though it has a TClass initialization routine.
Error in <TClass::LoadClassInfo>: no interpreter information for class RooAbsPdf is available even though it has a TClass initialization routine.
Error in <TClass::LoadClassInfo>: no interpreter information for class RooAbsPdf is available even though it has a TClass initialization routine.
Error in <TClass::LoadClassInfo>: no interpreter information for class RooAbsPdf is available even though it has a TClass initialization routine.
Warning in <TStreamerInfo::BuildCheck>: 
   The StreamerInfo of class RooAbsPdf read from file /data/pku/home/zhaoyz/Higgs/boostedHWW/combine/combination/full_datacards/higgsCombineSnapshot.MultiDimFit.mH125.root
   has the same version (=4) as the active class but a different checksum.
   You should update the version to ClassDef(RooAbsPdf,5).
   Do not try to write objects with the current class definition,
   the files will not be readable.

Error in <TClass::LoadClassInfo>: no interpreter information for class RooAbsPdf is available even though it has a TClass initialization routine.
Error in <TClass::LoadClassInfo>: no interpreter information for class RooAbsPdf is available even though it has a TClass initialization routine.
Error in <TClass::LoadClassInfo>: no interpreter information for class RooAbsPdf is available even though it has a TClass initialization routine.
Error in <TClass::LoadClassInfo>: no interpreter information for class RooAbsPdf is available even though it has a TClass initialization routine.
Error in <TClass::LoadClassInfo>: no interpreter information for class RooAbsPdf is available even though it has a TClass initialization routine.
Error in <TClass::LoadClassInfo>: no interpreter information for class RooAbsPdf is available even though it has a TClass initialization routine.
Error in <TClass::LoadClassInfo>: no interpreter information for class RooAbsPdf is available even though it has a TClass initialization routine.
Error in <TClass::LoadClassInfo>: no interpreter information for class RooAbsPdf is available even though it has a TClass initialization routine.
Error in <TClass::LoadClassInfo>: no interpreter information for class RooAbsPdf is available even though it has a TClass initialization routine.
Error in <TClass::LoadClassInfo>: no interpreter information for class RooAbsPdf is available even though it has a TClass initialization routine.
Error in <TClass::LoadClassInfo>: no interpreter information for class RooAbsPdf is available even though it has a TClass initialization routine.
Error in <TClass::LoadClassInfo>: no interpreter information for class RooAbsPdf is available even though it has a TClass initialization routine.
Error in <TClass::LoadClassInfo>: no interpreter information for class RooAbsPdf is available even though it has a TClass initialization routine.
Error in <TClass::LoadClassInfo>: no interpreter information for class RooAbsPdf is available even though it has a TClass initialization routine.
Warning in <TStreamerInfo::CompareContent>: The on-file layout version 4 for class 'RooAbsPdf'  has a base class (RooAbsReal) that the in-memory layout version 4 does not have
Warning in <TStreamerInfo::CompareContent>: The following data member of
the in-memory layout version 4 of class 'RooAbsPdf' is missing from 
the on-file layout version 4:
   double _rawValue; //
Warning in <TStreamerInfo::CompareContent>: The following data member of
the in-memory layout version 4 of class 'RooAbsPdf' is missing from 
the on-file layout version 4:
   RooObjCacheManager _normMgr; //
Warning in <TStreamerInfo::CompareContent>: The following data member of
the in-memory layout version 4 of class 'RooAbsPdf' is missing from 
the on-file layout version 4:
   int _errorCount; //
Warning in <TStreamerInfo::CompareContent>: The following data member of
the in-memory layout version 4 of class 'RooAbsPdf' is missing from 
the on-file layout version 4:
   int _traceCount; //
Warning in <TStreamerInfo::CompareContent>: The following data member of
the in-memory layout version 4 of class 'RooAbsPdf' is missing from 
the on-file layout version 4:
   int _negCount; //
Warning in <TStreamerInfo::CompareContent>: The following data member of
the in-memory layout version 4 of class 'RooAbsPdf' is missing from 
the on-file layout version 4:
   bool _selectComp; //
Warning in <TStreamerInfo::CompareContent>: The following data member of
the in-memory layout version 4 of class 'RooAbsPdf' is missing from 
the on-file layout version 4:
   TString _normRange; //
Error in <TClass::LoadClassInfo>: no interpreter information for class RooAddPdf is available even though it has a TClass initialization routine.
Error in <TClass::LoadClassInfo>: no interpreter information for class RooAddPdf is available even though it has a TClass initialization routine.
Error in <TClass::LoadClassInfo>: no interpreter information for class RooAddPdf is available even though it has a TClass initialization routine.
Error in <TClass::LoadClassInfo>: no interpreter information for class RooAddPdf is available even though it has a TClass initialization routine.
Error in <TClass::LoadClassInfo>: no interpreter information for class RooAddPdf is available even though it has a TClass initialization routine.
Error in <TClass::LoadClassInfo>: no interpreter information for class RooAddPdf is available even though it has a TClass initialization routine.
Error in <TClass::LoadClassInfo>: no interpreter information for class RooAddPdf is available even though it has a TClass initialization routine.
Error in <TClass::LoadClassInfo>: no interpreter information for class RooAddPdf is available even though it has a TClass initialization routine.
Error in <TClass::LoadClassInfo>: no interpreter information for class RooAddPdf is available even though it has a TClass initialization routine.
Error in <TClass::LoadClassInfo>: no interpreter information for class RooAddPdf is available even though it has a TClass initialization routine.
Error in <TClass::LoadClassInfo>: no interpreter information for class RooAddPdf is available even though it has a TClass initialization routine.
Error in <TClass::LoadClassInfo>: no interpreter information for class RooAddPdf is available even though it has a TClass initialization routine.
Error in <TClass::LoadClassInfo>: no interpreter information for class RooAddPdf is available even though it has a TClass initialization routine.
Error in <TClass::LoadClassInfo>: no interpreter information for class RooAddPdf is available even though it has a TClass initialization routine.
Error in <TClass::LoadClassInfo>: no interpreter information for class RooAddPdf is available even though it has a TClass initialization routine.
Error in <TClass::LoadClassInfo>: no interpreter information for class RooAddPdf is available even though it has a TClass initialization routine.
Error in <TClass::LoadClassInfo>: no interpreter information for class RooAddPdf is available even though it has a TClass initialization routine.
Error in <TClass::LoadClassInfo>: no interpreter information for class RooAddPdf is available even though it has a TClass initialization routine.
Error in <TClass::LoadClassInfo>: no interpreter information for class RooAddPdf is available even though it has a TClass initialization routine.
Error in <TClass::LoadClassInfo>: no interpreter information for class RooAddPdf is available even though it has a TClass initialization routine.
Error in <TClass::LoadClassInfo>: no interpreter information for class RooAddPdf is available even though it has a TClass initialization routine.
Error in <TClass::LoadClassInfo>: no interpreter information for class RooAddPdf is available even though it has a TClass initialization routine.
Error in <TClass::LoadClassInfo>: no interpreter information for class RooAddPdf is available even though it has a TClass initialization routine.
Error in <TClass::LoadClassInfo>: no interpreter information for class RooAddPdf is available even though it has a TClass initialization routine.
Error in <TClass::LoadClassInfo>: no interpreter information for class RooAddPdf is available even though it has a TClass initialization routine.
Error in <TClass::LoadClassInfo>: no interpreter information for class RooAddPdf is available even though it has a TClass initialization routine.
Error in <TClass::LoadClassInfo>: no interpreter information for class RooAddPdf is available even though it has a TClass initialization routine.
Error in <TClass::LoadClassInfo>: no interpreter information for class RooAddPdf is available even though it has a TClass initialization routine.
Error in <TClass::LoadClassInfo>: no interpreter information for class RooAddPdf is available even though it has a TClass initialization routine.
Error in <TClass::LoadClassInfo>: no interpreter information for class RooAddPdf is available even though it has a TClass initialization routine.
Error in <TClass::LoadClassInfo>: no interpreter information for class RooAddPdf is available even though it has a TClass initialization routine.
Error in <TClass::LoadClassInfo>: no interpreter information for class RooAddPdf is available even though it has a TClass initialization routine.
Error in <TClass::LoadClassInfo>: no interpreter information for class RooAddPdf is available even though it has a TClass initialization routine.
Error in <TClass::LoadClassInfo>: no interpreter information for class RooAddPdf is available even though it has a TClass initialization routine.
Error in <TClass::LoadClassInfo>: no interpreter information for class RooAddPdf is available even though it has a TClass initialization routine.
Error in <TClass::LoadClassInfo>: no interpreter information for class RooAddPdf is available even though it has a TClass initialization routine.
Error in <TClass::LoadClassInfo>: no interpreter information for class RooAddPdf is available even though it has a TClass initialization routine.
Error in <TClass::LoadClassInfo>: no interpreter information for class RooAddPdf is available even though it has a TClass initialization routine.
Error in <TClass::LoadClassInfo>: no interpreter information for class RooAddPdf is available even though it has a TClass initialization routine.
Error in <TClass::LoadClassInfo>: no interpreter information for class RooAddPdf is available even though it has a TClass initialization routine.
Error in <TClass::LoadClassInfo>: no interpreter information for class RooAddPdf is available even though it has a TClass initialization routine.
Error in <TClass::LoadClassInfo>: no interpreter information for class RooAddPdf is available even though it has a TClass initialization routine.
Error in <TClass::LoadClassInfo>: no interpreter information for class RooAddPdf is available even though it has a TClass initialization routine.
Error in <TClass::LoadClassInfo>: no interpreter information for class RooAddPdf is available even though it has a TClass initialization routine.
Error in <TClass::LoadClassInfo>: no interpreter information for class RooAddPdf is available even though it has a TClass initialization routine.
Error in <TClass::LoadClassInfo>: no interpreter information for class RooAddPdf is available even though it has a TClass initialization routine.
Error in <TClass::LoadClassInfo>: no interpreter information for class RooAddPdf is available even though it has a TClass initialization routine.
Error in <TClass::LoadClassInfo>: no interpreter information for class RooAddPdf is available even though it has a TClass initialization routine.
Error in <TClass::LoadClassInfo>: no interpreter information for class RooAddPdf is available even though it has a TClass initialization routine.
Error in <TClass::LoadClassInfo>: no interpreter information for class RooAddPdf is available even though it has a TClass initialization routine.
Error in <TClass::LoadClassInfo>: no interpreter information for class RooAddPdf is available even though it has a TClass initialization routine.
Error in <TClass::LoadClassInfo>: no interpreter information for class RooAddPdf is available even though it has a TClass initialization routine.
Error in <TClass::LoadClassInfo>: no interpreter information for class RooAddPdf is available even though it has a TClass initialization routine.
Error in <TClass::LoadClassInfo>: no interpreter information for class RooAddPdf is available even though it has a TClass initialization routine.
Error in <TClass::LoadClassInfo>: no interpreter information for class RooAddPdf is available even though it has a TClass initialization routine.
Error in <TClass::LoadClassInfo>: no interpreter information for class RooAddPdf is available even though it has a TClass initialization routine.
Error in <TClass::LoadClassInfo>: no interpreter information for class RooAddPdf is available even though it has a TClass initialization routine.
Error in <TClass::LoadClassInfo>: no interpreter information for class RooAddPdf is available even though it has a TClass initialization routine.
Error in <TClass::LoadClassInfo>: no interpreter information for class RooAddPdf is available even though it has a TClass initialization routine.
Error in <TClass::LoadClassInfo>: no interpreter information for class RooAddPdf is available even though it has a TClass initialization routine.
Error in <TClass::LoadClassInfo>: no interpreter information for class RooAddPdf is available even though it has a TClass initialization routine.
Error in <TClass::LoadClassInfo>: no interpreter information for class RooAddPdf is available even though it has a TClass initialization routine.
Error in <TClass::LoadClassInfo>: no interpreter information for class RooAddPdf is available even though it has a TClass initialization routine.
Error in <TClass::LoadClassInfo>: no interpreter information for class RooAddPdf is available even though it has a TClass initialization routine.
Error in <TClass::LoadClassInfo>: no interpreter information for class RooAddPdf is available even though it has a TClass initialization routine.
Error in <TClass::LoadClassInfo>: no interpreter information for class RooAddPdf is available even though it has a TClass initialization routine.
Error in <TClass::LoadClassInfo>: no interpreter information for class RooAddPdf is available even though it has a TClass initialization routine.
Error in <TClass::LoadClassInfo>: no interpreter information for class RooAddPdf is available even though it has a TClass initialization routine.
Error in <TClass::LoadClassInfo>: no interpreter information for class RooAddPdf is available even though it has a TClass initialization routine.
Error in <TClass::LoadClassInfo>: no interpreter information for class RooAddPdf is available even though it has a TClass initialization routine.
Error in <TClass::LoadClassInfo>: no interpreter information for class RooAddPdf is available even though it has a TClass initialization routine.
Error in <TClass::LoadClassInfo>: no interpreter information for class RooAddPdf is available even though it has a TClass initialization routine.
Error in <TClass::LoadClassInfo>: no interpreter information for class RooAddPdf is available even though it has a TClass initialization routine.
Error in <TClass::LoadClassInfo>: no interpreter information for class RooAddPdf is available even though it has a TClass initialization routine.
Error in <TClass::LoadClassInfo>: no interpreter information for class RooAddPdf is available even though it has a TClass initialization routine.
Error in <TClass::LoadClassInfo>: no interpreter information for class RooAddPdf is available even though it has a TClass initialization routine.
Error in <TClass::LoadClassInfo>: no interpreter information for class RooAddPdf is available even though it has a TClass initialization routine.
Error in <TClass::LoadClassInfo>: no interpreter information for class RooAddPdf is available even though it has a TClass initialization routine.
Error in <TClass::LoadClassInfo>: no interpreter information for class RooAddPdf is available even though it has a TClass initialization routine.
Error in <TClass::LoadClassInfo>: no interpreter information for class RooAddPdf is available even though it has a TClass initialization routine.
Error in <TClass::LoadClassInfo>: no interpreter information for class RooAddPdf is available even though it has a TClass initialization routine.
Error in <TClass::LoadClassInfo>: no interpreter information for class RooAddPdf is available even though it has a TClass initialization routine.
Error in <TClass::LoadClassInfo>: no interpreter information for class RooAddPdf is available even though it has a TClass initialization routine.
Error in <TClass::LoadClassInfo>: no interpreter information for class RooAddPdf is available even though it has a TClass initialization routine.
Error in <TClass::LoadClassInfo>: no interpreter information for class RooAddPdf is available even though it has a TClass initialization routine.
Error in <TClass::LoadClassInfo>: no interpreter information for class RooAddPdf is available even though it has a TClass initialization routine.
Error in <TClass::LoadClassInfo>: no interpreter information for class RooAddPdf is available even though it has a TClass initialization routine.
Error in <TClass::LoadClassInfo>: no interpreter information for class RooAddPdf is available even though it has a TClass initialization routine.
Error in <TClass::LoadClassInfo>: no interpreter information for class RooAddPdf is available even though it has a TClass initialization routine.
Error in <TClass::LoadClassInfo>: no interpreter information for class RooAddPdf is available even though it has a TClass initialization routine.
Error in <TClass::LoadClassInfo>: no interpreter information for class RooAddPdf is available even though it has a TClass initialization routine.
Error in <TClass::LoadClassInfo>: no interpreter information for class RooAddPdf is available even though it has a TClass initialization routine.
Error in <TClass::LoadClassInfo>: no interpreter information for class RooAddPdf is available even though it has a TClass initialization routine.
Error in <TClass::LoadClassInfo>: no interpreter information for class RooAddPdf is available even though it has a TClass initialization routine.
Error in <TClass::LoadClassInfo>: no interpreter information for class RooAddPdf is available even though it has a TClass initialization routine.
Error in <TClass::LoadClassInfo>: no interpreter information for class RooAddPdf is available even though it has a TClass initialization routine.
Error in <TClass::LoadClassInfo>: no interpreter information for class RooAddPdf is available even though it has a TClass initialization routine.
Error in <TClass::LoadClassInfo>: no interpreter information for class RooAddPdf is available even though it has a TClass initialization routine.
Error in <TClass::LoadClassInfo>: no interpreter information for class RooAddPdf is available even though it has a TClass initialization routine.
Error in <TClass::LoadClassInfo>: no interpreter information for class RooAddPdf is available even though it has a TClass initialization routine.
Error in <TClass::LoadClassInfo>: no interpreter information for class RooAddPdf is available even though it has a TClass initialization routine.
Error in <TClass::LoadClassInfo>: no interpreter information for class RooAddPdf is available even though it has a TClass initialization routine.
Error in <TClass::LoadClassInfo>: no interpreter information for class RooAddPdf is available even though it has a TClass initialization routine.
Error in <TClass::LoadClassInfo>: no interpreter information for class RooAddPdf is available even though it has a TClass initialization routine.
Error in <TClass::LoadClassInfo>: no interpreter information for class RooAddPdf is available even though it has a TClass initialization routine.
Error in <TClass::LoadClassInfo>: no interpreter information for class RooAddPdf is available even though it has a TClass initialization routine.
Error in <TClass::LoadClassInfo>: no interpreter information for class RooAddPdf is available even though it has a TClass initialization routine.
Error in <TClass::LoadClassInfo>: no interpreter information for class RooAddPdf is available even though it has a TClass initialization routine.
Error in <TClass::LoadClassInfo>: no interpreter information for class RooAddPdf is available even though it has a TClass initialization routine.
Error in <TClass::LoadClassInfo>: no interpreter information for class RooAddPdf is available even though it has a TClass initialization routine.
Error in <TClass::LoadClassInfo>: no interpreter information for class RooAddPdf is available even though it has a TClass initialization routine.
Error in <TClass::LoadClassInfo>: no interpreter information for class RooAddPdf is available even though it has a TClass initialization routine.
Error in <TClass::LoadClassInfo>: no interpreter information for class RooAddPdf is available even though it has a TClass initialization routine.
Error in <TClass::LoadClassInfo>: no interpreter information for class RooAddPdf is available even though it has a TClass initialization routine.
Error in <TClass::LoadClassInfo>: no interpreter information for class RooAddPdf is available even though it has a TClass initialization routine.
Error in <TClass::LoadClassInfo>: no interpreter information for class RooAddPdf is available even though it has a TClass initialization routine.
Error in <TClass::LoadClassInfo>: no interpreter information for class RooAddPdf is available even though it has a TClass initialization routine.
Error in <TClass::LoadClassInfo>: no interpreter information for class RooAddPdf is available even though it has a TClass initialization routine.
Error in <TClass::LoadClassInfo>: no interpreter information for class RooAddPdf is available even though it has a TClass initialization routine.
Error in <TClass::LoadClassInfo>: no interpreter information for class RooAddPdf is available even though it has a TClass initialization routine.
Error in <TClass::LoadClassInfo>: no interpreter information for class RooAddPdf is available even though it has a TClass initialization routine.
Error in <TClass::LoadClassInfo>: no interpreter information for class RooAddPdf is available even though it has a TClass initialization routine.
Error in <TClass::LoadClassInfo>: no interpreter information for class RooAddPdf is available even though it has a TClass initialization routine.
Error in <TClass::LoadClassInfo>: no interpreter information for class RooAddPdf is available even though it has a TClass initialization routine.
Error in <TClass::LoadClassInfo>: no interpreter information for class RooAddPdf is available even though it has a TClass initialization routine.
Error in <TClass::LoadClassInfo>: no interpreter information for class RooAddPdf is available even though it has a TClass initialization routine.
Warning in <TStreamerInfo::BuildCheck>: 
   The StreamerInfo of class RooAddPdf read from file /data/pku/home/zhaoyz/Higgs/boostedHWW/combine/combination/full_datacards/higgsCombineSnapshot.MultiDimFit.mH125.root
   has the same version (=3) as the active class but a different checksum.
   You should update the version to ClassDef(RooAddPdf,4).
   Do not try to write objects with the current class definition,
   the files will not be readable.

Error in <TClass::LoadClassInfo>: no interpreter information for class RooAddPdf is available even though it has a TClass initialization routine.
Error in <TClass::LoadClassInfo>: no interpreter information for class RooAddPdf is available even though it has a TClass initialization routine.
Error in <TClass::LoadClassInfo>: no interpreter information for class RooAddPdf is available even though it has a TClass initialization routine.
Error in <TClass::LoadClassInfo>: no interpreter information for class RooAddPdf is available even though it has a TClass initialization routine.
Error in <TClass::LoadClassInfo>: no interpreter information for class RooAddPdf is available even though it has a TClass initialization routine.
Error in <TClass::LoadClassInfo>: no interpreter information for class RooAddPdf is available even though it has a TClass initialization routine.
Error in <TClass::LoadClassInfo>: no interpreter information for class RooAddPdf is available even though it has a TClass initialization routine.
Error in <TClass::LoadClassInfo>: no interpreter information for class RooAddPdf is available even though it has a TClass initialization routine.
Error in <TClass::LoadClassInfo>: no interpreter information for class RooAddPdf is available even though it has a TClass initialization routine.
Error in <TClass::LoadClassInfo>: no interpreter information for class RooAddPdf is available even though it has a TClass initialization routine.
Error in <TClass::LoadClassInfo>: no interpreter information for class RooAddPdf is available even though it has a TClass initialization routine.
Error in <TClass::LoadClassInfo>: no interpreter information for class RooAddPdf is available even though it has a TClass initialization routine.
Error in <TClass::LoadClassInfo>: no interpreter information for class RooAddPdf is available even though it has a TClass initialization routine.
Error in <TClass::LoadClassInfo>: no interpreter information for class RooAddPdf is available even though it has a TClass initialization routine.
Warning in <TStreamerInfo::CompareContent>: The on-file layout version 3 for class 'RooAddPdf'  has a base class (RooAbsPdf) that the in-memory layout version 3 does not have
Warning in <TStreamerInfo::CompareContent>: The following data member of
the in-memory layout version 3 of class 'RooAddPdf' is missing from 
the on-file layout version 3:
   RooSetProxy _refCoefNorm; //
Warning in <TStreamerInfo::CompareContent>: The following data member of
the in-memory layout version 3 of class 'RooAddPdf' is missing from 
the on-file layout version 3:
   TNamed* _refCoefRangeName; //
Warning in <TStreamerInfo::CompareContent>: The following data member of
the in-memory layout version 3 of class 'RooAddPdf' is missing from 
the on-file layout version 3:
   bool _projectCoefs; //
Warning in <TStreamerInfo::CompareContent>: The following data member of
the in-memory layout version 3 of class 'RooAddPdf' is missing from 
the on-file layout version 3:
   RooObjCacheManager _projCacheMgr; //
Warning in <TStreamerInfo::CompareContent>: The following data member of
the in-memory layout version 3 of class 'RooAddPdf' is missing from 
the on-file layout version 3:
   RooListProxy _pdfList; //
Warning in <TStreamerInfo::CompareContent>: The following data member of
the in-memory layout version 3 of class 'RooAddPdf' is missing from 
the on-file layout version 3:
   RooListProxy _coefList; //
Warning in <TStreamerInfo::CompareContent>: The following data member of
the in-memory layout version 3 of class 'RooAddPdf' is missing from 
the on-file layout version 3:
   bool _haveLastCoef; //
Warning in <TStreamerInfo::CompareContent>: The following data member of
the in-memory layout version 3 of class 'RooAddPdf' is missing from 
the on-file layout version 3:
   bool _allExtendable; //
Warning in <TStreamerInfo::CompareContent>: The following data member of
the in-memory layout version 3 of class 'RooAddPdf' is missing from 
the on-file layout version 3:
   bool _recursive; //
Error in <TClass::LoadClassInfo>: no interpreter information for class RooExpensiveObjectCache is available even though it has a TClass initialization routine.
Error in <TClass::LoadClassInfo>: no interpreter information for class RooExpensiveObjectCache is available even though it has a TClass initialization routine.
Error in <TClass::LoadClassInfo>: no interpreter information for class RooExpensiveObjectCache is available even though it has a TClass initialization routine.
Error in <TClass::LoadClassInfo>: no interpreter information for class RooExpensiveObjectCache is available even though it has a TClass initialization routine.
Error in <TClass::LoadClassInfo>: no interpreter information for class RooExpensiveObjectCache is available even though it has a TClass initialization routine.
Error in <TClass::LoadClassInfo>: no interpreter information for class RooExpensiveObjectCache is available even though it has a TClass initialization routine.
Error in <TClass::LoadClassInfo>: no interpreter information for class RooExpensiveObjectCache is available even though it has a TClass initialization routine.
Error in <TClass::LoadClassInfo>: no interpreter information for class RooExpensiveObjectCache is available even though it has a TClass initialization routine.
Error in <TClass::LoadClassInfo>: no interpreter information for class RooExpensiveObjectCache is available even though it has a TClass initialization routine.
Error in <TClass::LoadClassInfo>: no interpreter information for class RooExpensiveObjectCache is available even though it has a TClass initialization routine.
Error in <TClass::LoadClassInfo>: no interpreter information for class RooExpensiveObjectCache is available even though it has a TClass initialization routine.
Error in <TClass::LoadClassInfo>: no interpreter information for class RooExpensiveObjectCache is available even though it has a TClass initialization routine.
Error in <TClass::LoadClassInfo>: no interpreter information for class RooExpensiveObjectCache is available even though it has a TClass initialization routine.
Error in <TClass::LoadClassInfo>: no interpreter information for class RooExpensiveObjectCache is available even though it has a TClass initialization routine.
Error in <TClass::LoadClassInfo>: no interpreter information for class RooExpensiveObjectCache is available even though it has a TClass initialization routine.
Error in <TClass::LoadClassInfo>: no interpreter information for class RooExpensiveObjectCache is available even though it has a TClass initialization routine.
Error in <TClass::LoadClassInfo>: no interpreter information for class RooExpensiveObjectCache is available even though it has a TClass initialization routine.
Error in <TClass::LoadClassInfo>: no interpreter information for class RooExpensiveObjectCache is available even though it has a TClass initialization routine.
Error in <TClass::LoadClassInfo>: no interpreter information for class RooExpensiveObjectCache is available even though it has a TClass initialization routine.
Error in <TClass::LoadClassInfo>: no interpreter information for class RooExpensiveObjectCache is available even though it has a TClass initialization routine.
Error in <TClass::LoadClassInfo>: no interpreter information for class RooExpensiveObjectCache is available even though it has a TClass initialization routine.
Error in <TClass::LoadClassInfo>: no interpreter information for class RooExpensiveObjectCache is available even though it has a TClass initialization routine.
Error in <TClass::LoadClassInfo>: no interpreter information for class RooExpensiveObjectCache is available even though it has a TClass initialization routine.
Error in <TClass::LoadClassInfo>: no interpreter information for class RooExpensiveObjectCache is available even though it has a TClass initialization routine.
Error in <TClass::LoadClassInfo>: no interpreter information for class RooExpensiveObjectCache is available even though it has a TClass initialization routine.
Error in <TClass::LoadClassInfo>: no interpreter information for class RooExpensiveObjectCache is available even though it has a TClass initialization routine.
Error in <TClass::LoadClassInfo>: no interpreter information for class RooExpensiveObjectCache is available even though it has a TClass initialization routine.
Error in <TClass::LoadClassInfo>: no interpreter information for class RooExpensiveObjectCache is available even though it has a TClass initialization routine.
Error in <TClass::LoadClassInfo>: no interpreter information for class RooExpensiveObjectCache is available even though it has a TClass initialization routine.
Error in <TClass::LoadClassInfo>: no interpreter information for class RooExpensiveObjectCache is available even though it has a TClass initialization routine.
Error in <TClass::LoadClassInfo>: no interpreter information for class RooExpensiveObjectCache is available even though it has a TClass initialization routine.
Error in <TClass::LoadClassInfo>: no interpreter information for class RooExpensiveObjectCache is available even though it has a TClass initialization routine.
Error in <TClass::LoadClassInfo>: no interpreter information for class RooExpensiveObjectCache is available even though it has a TClass initialization routine.
Error in <TClass::LoadClassInfo>: no interpreter information for class RooExpensiveObjectCache is available even though it has a TClass initialization routine.
Error in <TClass::LoadClassInfo>: no interpreter information for class RooExpensiveObjectCache is available even though it has a TClass initialization routine.
Error in <TClass::LoadClassInfo>: no interpreter information for class RooExpensiveObjectCache is available even though it has a TClass initialization routine.
Error in <TClass::LoadClassInfo>: no interpreter information for class RooExpensiveObjectCache is available even though it has a TClass initialization routine.
Error in <TClass::LoadClassInfo>: no interpreter information for class RooExpensiveObjectCache is available even though it has a TClass initialization routine.
Error in <TClass::LoadClassInfo>: no interpreter information for class RooExpensiveObjectCache is available even though it has a TClass initialization routine.
Error in <TClass::LoadClassInfo>: no interpreter information for class RooExpensiveObjectCache is available even though it has a TClass initialization routine.
Error in <TClass::LoadClassInfo>: no interpreter information for class RooExpensiveObjectCache is available even though it has a TClass initialization routine.
Error in <TClass::LoadClassInfo>: no interpreter information for class RooExpensiveObjectCache is available even though it has a TClass initialization routine.
Error in <TClass::LoadClassInfo>: no interpreter information for class RooExpensiveObjectCache is available even though it has a TClass initialization routine.
Error in <TClass::LoadClassInfo>: no interpreter information for class RooExpensiveObjectCache is available even though it has a TClass initialization routine.
Error in <TClass::LoadClassInfo>: no interpreter information for class RooExpensiveObjectCache is available even though it has a TClass initialization routine.
Error in <TClass::LoadClassInfo>: no interpreter information for class RooExpensiveObjectCache is available even though it has a TClass initialization routine.
Error in <TClass::LoadClassInfo>: no interpreter information for class RooExpensiveObjectCache is available even though it has a TClass initialization routine.
Error in <TClass::LoadClassInfo>: no interpreter information for class RooExpensiveObjectCache is available even though it has a TClass initialization routine.
Error in <TClass::LoadClassInfo>: no interpreter information for class RooExpensiveObjectCache is available even though it has a TClass initialization routine.
Error in <TClass::LoadClassInfo>: no interpreter information for class RooExpensiveObjectCache is available even though it has a TClass initialization routine.
Error in <TClass::LoadClassInfo>: no interpreter information for class RooExpensiveObjectCache is available even though it has a TClass initialization routine.
Error in <TClass::LoadClassInfo>: no interpreter information for class RooExpensiveObjectCache is available even though it has a TClass initialization routine.
Error in <TClass::LoadClassInfo>: no interpreter information for class RooExpensiveObjectCache is available even though it has a TClass initialization routine.
Error in <TClass::LoadClassInfo>: no interpreter information for class RooExpensiveObjectCache is available even though it has a TClass initialization routine.
Error in <TClass::LoadClassInfo>: no interpreter information for class RooExpensiveObjectCache is available even though it has a TClass initialization routine.
Error in <TClass::LoadClassInfo>: no interpreter information for class RooExpensiveObjectCache is available even though it has a TClass initialization routine.
Error in <TClass::LoadClassInfo>: no interpreter information for class RooExpensiveObjectCache is available even though it has a TClass initialization routine.
Error in <TClass::LoadClassInfo>: no interpreter information for class RooExpensiveObjectCache is available even though it has a TClass initialization routine.
Error in <TClass::LoadClassInfo>: no interpreter information for class RooExpensiveObjectCache is available even though it has a TClass initialization routine.
Error in <TClass::LoadClassInfo>: no interpreter information for class RooExpensiveObjectCache is available even though it has a TClass initialization routine.
Error in <TClass::LoadClassInfo>: no interpreter information for class RooExpensiveObjectCache is available even though it has a TClass initialization routine.
Error in <TClass::LoadClassInfo>: no interpreter information for class RooExpensiveObjectCache is available even though it has a TClass initialization routine.
Error in <TClass::LoadClassInfo>: no interpreter information for class RooExpensiveObjectCache is available even though it has a TClass initialization routine.
Error in <TClass::LoadClassInfo>: no interpreter information for class RooExpensiveObjectCache is available even though it has a TClass initialization routine.
Error in <TClass::LoadClassInfo>: no interpreter information for class RooExpensiveObjectCache is available even though it has a TClass initialization routine.
Error in <TClass::LoadClassInfo>: no interpreter information for class RooExpensiveObjectCache is available even though it has a TClass initialization routine.
Error in <TClass::LoadClassInfo>: no interpreter information for class RooExpensiveObjectCache is available even though it has a TClass initialization routine.
Error in <TClass::LoadClassInfo>: no interpreter information for class RooExpensiveObjectCache is available even though it has a TClass initialization routine.
Error in <TClass::LoadClassInfo>: no interpreter information for class RooExpensiveObjectCache is available even though it has a TClass initialization routine.
Error in <TClass::LoadClassInfo>: no interpreter information for class RooExpensiveObjectCache is available even though it has a TClass initialization routine.
Error in <TClass::LoadClassInfo>: no interpreter information for class RooExpensiveObjectCache is available even though it has a TClass initialization routine.
Error in <TClass::LoadClassInfo>: no interpreter information for class RooExpensiveObjectCache is available even though it has a TClass initialization routine.
Error in <TClass::LoadClassInfo>: no interpreter information for class RooExpensiveObjectCache is available even though it has a TClass initialization routine.
Error in <TClass::LoadClassInfo>: no interpreter information for class RooExpensiveObjectCache is available even though it has a TClass initialization routine.
Error in <TClass::LoadClassInfo>: no interpreter information for class RooExpensiveObjectCache is available even though it has a TClass initialization routine.
Error in <TClass::LoadClassInfo>: no interpreter information for class RooExpensiveObjectCache is available even though it has a TClass initialization routine.
Error in <TClass::LoadClassInfo>: no interpreter information for class RooExpensiveObjectCache is available even though it has a TClass initialization routine.
Error in <TClass::LoadClassInfo>: no interpreter information for class RooExpensiveObjectCache is available even though it has a TClass initialization routine.
Error in <TClass::LoadClassInfo>: no interpreter information for class RooExpensiveObjectCache is available even though it has a TClass initialization routine.
Error in <TClass::LoadClassInfo>: no interpreter information for class RooExpensiveObjectCache is available even though it has a TClass initialization routine.
Error in <TClass::LoadClassInfo>: no interpreter information for class RooExpensiveObjectCache is available even though it has a TClass initialization routine.
Error in <TClass::LoadClassInfo>: no interpreter information for class RooExpensiveObjectCache is available even though it has a TClass initialization routine.
Error in <TClass::LoadClassInfo>: no interpreter information for class RooExpensiveObjectCache is available even though it has a TClass initialization routine.
Error in <TClass::LoadClassInfo>: no interpreter information for class RooExpensiveObjectCache is available even though it has a TClass initialization routine.
Error in <TClass::LoadClassInfo>: no interpreter information for class RooExpensiveObjectCache is available even though it has a TClass initialization routine.
Error in <TClass::LoadClassInfo>: no interpreter information for class RooExpensiveObjectCache is available even though it has a TClass initialization routine.
Error in <TClass::LoadClassInfo>: no interpreter information for class RooExpensiveObjectCache is available even though it has a TClass initialization routine.
Error in <TClass::LoadClassInfo>: no interpreter information for class RooExpensiveObjectCache is available even though it has a TClass initialization routine.
Error in <TClass::LoadClassInfo>: no interpreter information for class RooExpensiveObjectCache is available even though it has a TClass initialization routine.
Error in <TClass::LoadClassInfo>: no interpreter information for class RooExpensiveObjectCache is available even though it has a TClass initialization routine.
Error in <TClass::LoadClassInfo>: no interpreter information for class RooExpensiveObjectCache is available even though it has a TClass initialization routine.
Error in <TClass::LoadClassInfo>: no interpreter information for class RooExpensiveObjectCache is available even though it has a TClass initialization routine.
Error in <TClass::LoadClassInfo>: no interpreter information for class RooExpensiveObjectCache is available even though it has a TClass initialization routine.
Error in <TClass::LoadClassInfo>: no interpreter information for class RooExpensiveObjectCache is available even though it has a TClass initialization routine.
Error in <TClass::LoadClassInfo>: no interpreter information for class RooExpensiveObjectCache is available even though it has a TClass initialization routine.
Error in <TClass::LoadClassInfo>: no interpreter information for class RooExpensiveObjectCache is available even though it has a TClass initialization routine.
Error in <TClass::LoadClassInfo>: no interpreter information for class RooExpensiveObjectCache is available even though it has a TClass initialization routine.
Error in <TClass::LoadClassInfo>: no interpreter information for class RooExpensiveObjectCache is available even though it has a TClass initialization routine.
Error in <TClass::LoadClassInfo>: no interpreter information for class RooExpensiveObjectCache is available even though it has a TClass initialization routine.
Error in <TClass::LoadClassInfo>: no interpreter information for class RooExpensiveObjectCache is available even though it has a TClass initialization routine.
Error in <TClass::LoadClassInfo>: no interpreter information for class RooExpensiveObjectCache is available even though it has a TClass initialization routine.
Error in <TClass::LoadClassInfo>: no interpreter information for class RooExpensiveObjectCache is available even though it has a TClass initialization routine.
Error in <TClass::LoadClassInfo>: no interpreter information for class RooExpensiveObjectCache is available even though it has a TClass initialization routine.
Error in <TClass::LoadClassInfo>: no interpreter information for class RooExpensiveObjectCache is available even though it has a TClass initialization routine.
Error in <TClass::LoadClassInfo>: no interpreter information for class RooExpensiveObjectCache is available even though it has a TClass initialization routine.
Error in <TClass::LoadClassInfo>: no interpreter information for class RooExpensiveObjectCache is available even though it has a TClass initialization routine.
Error in <TClass::LoadClassInfo>: no interpreter information for class RooExpensiveObjectCache is available even though it has a TClass initialization routine.
Error in <TClass::LoadClassInfo>: no interpreter information for class RooExpensiveObjectCache is available even though it has a TClass initialization routine.
Error in <TClass::LoadClassInfo>: no interpreter information for class RooExpensiveObjectCache is available even though it has a TClass initialization routine.
Error in <TClass::LoadClassInfo>: no interpreter information for class RooExpensiveObjectCache is available even though it has a TClass initialization routine.
Error in <TClass::LoadClassInfo>: no interpreter information for class RooExpensiveObjectCache is available even though it has a TClass initialization routine.
Error in <TClass::LoadClassInfo>: no interpreter information for class RooExpensiveObjectCache is available even though it has a TClass initialization routine.
Error in <TClass::LoadClassInfo>: no interpreter information for class RooExpensiveObjectCache is available even though it has a TClass initialization routine.
Error in <TClass::LoadClassInfo>: no interpreter information for class RooExpensiveObjectCache is available even though it has a TClass initialization routine.
Error in <TClass::LoadClassInfo>: no interpreter information for class RooExpensiveObjectCache is available even though it has a TClass initialization routine.
Error in <TClass::LoadClassInfo>: no interpreter information for class RooExpensiveObjectCache is available even though it has a TClass initialization routine.
Error in <TClass::LoadClassInfo>: no interpreter information for class RooExpensiveObjectCache is available even though it has a TClass initialization routine.
Error in <TClass::LoadClassInfo>: no interpreter information for class RooExpensiveObjectCache is available even though it has a TClass initialization routine.
Error in <TClass::LoadClassInfo>: no interpreter information for class RooExpensiveObjectCache is available even though it has a TClass initialization routine.
Error in <TClass::LoadClassInfo>: no interpreter information for class RooExpensiveObjectCache is available even though it has a TClass initialization routine.
Error in <TClass::LoadClassInfo>: no interpreter information for class RooExpensiveObjectCache is available even though it has a TClass initialization routine.
Error in <TClass::LoadClassInfo>: no interpreter information for class RooExpensiveObjectCache is available even though it has a TClass initialization routine.
Error in <TClass::LoadClassInfo>: no interpreter information for class RooExpensiveObjectCache is available even though it has a TClass initialization routine.
Error in <TClass::LoadClassInfo>: no interpreter information for class RooExpensiveObjectCache is available even though it has a TClass initialization routine.
Error in <TClass::LoadClassInfo>: no interpreter information for class RooExpensiveObjectCache is available even though it has a TClass initialization routine.
Error in <TClass::LoadClassInfo>: no interpreter information for class RooExpensiveObjectCache is available even though it has a TClass initialization routine.
Warning in <TStreamerInfo::BuildCheck>: 
   The StreamerInfo of class RooExpensiveObjectCache read from file /data/pku/home/zhaoyz/Higgs/boostedHWW/combine/combination/full_datacards/higgsCombineSnapshot.MultiDimFit.mH125.root
   has the same version (=2) as the active class but a different checksum.
   You should update the version to ClassDef(RooExpensiveObjectCache,3).
   Do not try to write objects with the current class definition,
   the files will not be readable.

Error in <TClass::LoadClassInfo>: no interpreter information for class RooExpensiveObjectCache is available even though it has a TClass initialization routine.
Error in <TClass::LoadClassInfo>: no interpreter information for class RooExpensiveObjectCache is available even though it has a TClass initialization routine.
Error in <TClass::LoadClassInfo>: no interpreter information for class RooExpensiveObjectCache is available even though it has a TClass initialization routine.
Error in <TClass::LoadClassInfo>: no interpreter information for class RooExpensiveObjectCache is available even though it has a TClass initialization routine.
Error in <TClass::LoadClassInfo>: no interpreter information for class RooExpensiveObjectCache is available even though it has a TClass initialization routine.
Error in <TClass::LoadClassInfo>: no interpreter information for class RooExpensiveObjectCache is available even though it has a TClass initialization routine.
Error in <TClass::LoadClassInfo>: no interpreter information for class RooExpensiveObjectCache is available even though it has a TClass initialization routine.
Error in <TClass::LoadClassInfo>: no interpreter information for class RooExpensiveObjectCache is available even though it has a TClass initialization routine.
Error in <TClass::LoadClassInfo>: no interpreter information for class RooExpensiveObjectCache is available even though it has a TClass initialization routine.
Error in <TClass::LoadClassInfo>: no interpreter information for class RooExpensiveObjectCache is available even though it has a TClass initialization routine.
Error in <TClass::LoadClassInfo>: no interpreter information for class RooExpensiveObjectCache is available even though it has a TClass initialization routine.
Error in <TClass::LoadClassInfo>: no interpreter information for class RooExpensiveObjectCache is available even though it has a TClass initialization routine.
Error in <TClass::LoadClassInfo>: no interpreter information for class RooExpensiveObjectCache is available even though it has a TClass initialization routine.
Error in <TClass::LoadClassInfo>: no interpreter information for class RooExpensiveObjectCache is available even though it has a TClass initialization routine.
Warning in <TStreamerInfo::CompareContent>: The on-file layout version 2 for class 'RooExpensiveObjectCache'  has a base class (TObject) that the in-memory layout version 2 does not have
Warning in <TStreamerInfo::CompareContent>: The following data member of
the in-memory layout version 2 of class 'RooExpensiveObjectCache' is missing from 
the on-file layout version 2:
   int _nextUID; //
Warning in <TStreamerInfo::CompareContent>: The following data member of
the in-memory layout version 2 of class 'RooExpensiveObjectCache' is missing from 
the on-file layout version 2:
   map<TString,RooExpensiveObjectCache::ExpensiveObject*> _map; //
Error in <TClass::LoadClassInfo>: no interpreter information for class RooNumIntConfig is available even though it has a TClass initialization routine.
Error in <TClass::LoadClassInfo>: no interpreter information for class RooNumIntConfig is available even though it has a TClass initialization routine.
Error in <TClass::LoadClassInfo>: no interpreter information for class RooNumIntConfig is available even though it has a TClass initialization routine.
Error in <TClass::LoadClassInfo>: no interpreter information for class RooNumIntConfig is available even though it has a TClass initialization routine.
Error in <TClass::LoadClassInfo>: no interpreter information for class RooNumIntConfig is available even though it has a TClass initialization routine.
Error in <TClass::LoadClassInfo>: no interpreter information for class RooNumIntConfig is available even though it has a TClass initialization routine.
Error in <TClass::LoadClassInfo>: no interpreter information for class RooNumIntConfig is available even though it has a TClass initialization routine.
Error in <TClass::LoadClassInfo>: no interpreter information for class RooNumIntConfig is available even though it has a TClass initialization routine.
Error in <TClass::LoadClassInfo>: no interpreter information for class RooNumIntConfig is available even though it has a TClass initialization routine.
Error in <TClass::LoadClassInfo>: no interpreter information for class RooNumIntConfig is available even though it has a TClass initialization routine.
Error in <TClass::LoadClassInfo>: no interpreter information for class RooNumIntConfig is available even though it has a TClass initialization routine.
Error in <TClass::LoadClassInfo>: no interpreter information for class RooNumIntConfig is available even though it has a TClass initialization routine.
Error in <TClass::LoadClassInfo>: no interpreter information for class RooNumIntConfig is available even though it has a TClass initialization routine.
Error in <TClass::LoadClassInfo>: no interpreter information for class RooNumIntConfig is available even though it has a TClass initialization routine.
Error in <TClass::LoadClassInfo>: no interpreter information for class RooNumIntConfig is available even though it has a TClass initialization routine.
Error in <TClass::LoadClassInfo>: no interpreter information for class RooNumIntConfig is available even though it has a TClass initialization routine.
Error in <TClass::LoadClassInfo>: no interpreter information for class RooNumIntConfig is available even though it has a TClass initialization routine.
Error in <TClass::LoadClassInfo>: no interpreter information for class RooNumIntConfig is available even though it has a TClass initialization routine.
Error in <TClass::LoadClassInfo>: no interpreter information for class RooNumIntConfig is available even though it has a TClass initialization routine.
Error in <TClass::LoadClassInfo>: no interpreter information for class RooNumIntConfig is available even though it has a TClass initialization routine.
Error in <TClass::LoadClassInfo>: no interpreter information for class RooNumIntConfig is available even though it has a TClass initialization routine.
Error in <TClass::LoadClassInfo>: no interpreter information for class RooNumIntConfig is available even though it has a TClass initialization routine.
Error in <TClass::LoadClassInfo>: no interpreter information for class RooCategory is available even though it has a TClass initialization routine.
Error in <TClass::LoadClassInfo>: no interpreter information for class RooCategory is available even though it has a TClass initialization routine.
Error in <TClass::LoadClassInfo>: no interpreter information for class RooCategory is available even though it has a TClass initialization routine.
Error in <TClass::LoadClassInfo>: no interpreter information for class RooCategory is available even though it has a TClass initialization routine.
Error in <TClass::LoadClassInfo>: no interpreter information for class RooCategory is available even though it has a TClass initialization routine.
Error in <TClass::LoadClassInfo>: no interpreter information for class RooCategory is available even though it has a TClass initialization routine.
Error in <TClass::LoadClassInfo>: no interpreter information for class RooCategory is available even though it has a TClass initialization routine.
Error in <TClass::LoadClassInfo>: no interpreter information for class RooCategory is available even though it has a TClass initialization routine.
Error in <TClass::LoadClassInfo>: no interpreter information for class RooCategory is available even though it has a TClass initialization routine.
Error in <TClass::LoadClassInfo>: no interpreter information for class RooCategory is available even though it has a TClass initialization routine.
Error in <TClass::LoadClassInfo>: no interpreter information for class RooCategory is available even though it has a TClass initialization routine.
Error in <TClass::LoadClassInfo>: no interpreter information for class RooCategory is available even though it has a TClass initialization routine.
Error in <TClass::LoadClassInfo>: no interpreter information for class RooCategory is available even though it has a TClass initialization routine.
Error in <TClass::LoadClassInfo>: no interpreter information for class RooCategory is available even though it has a TClass initialization routine.
Error in <TClass::LoadClassInfo>: no interpreter information for class RooCategory is available even though it has a TClass initialization routine.
Error in <TClass::LoadClassInfo>: no interpreter information for class RooCategory is available even though it has a TClass initialization routine.
Error in <TClass::LoadClassInfo>: no interpreter information for class RooCategory is available even though it has a TClass initialization routine.
Error in <TClass::LoadClassInfo>: no interpreter information for class RooCategory is available even though it has a TClass initialization routine.
Error in <TClass::LoadClassInfo>: no interpreter information for class RooCategory is available even though it has a TClass initialization routine.
Error in <TClass::LoadClassInfo>: no interpreter information for class RooCategory is available even though it has a TClass initialization routine.
Error in <TClass::LoadClassInfo>: no interpreter information for class RooCategory is available even though it has a TClass initialization routine.
Error in <TClass::LoadClassInfo>: no interpreter information for class RooCategory is available even though it has a TClass initialization routine.
Error in <TClass::LoadClassInfo>: no interpreter information for class RooCategory is available even though it has a TClass initialization routine.
Error in <TClass::LoadClassInfo>: no interpreter information for class RooCategory is available even though it has a TClass initialization routine.
Error in <TClass::LoadClassInfo>: no interpreter information for class RooCategory is available even though it has a TClass initialization routine.
Error in <TClass::LoadClassInfo>: no interpreter information for class RooCategory is available even though it has a TClass initialization routine.
Error in <TClass::LoadClassInfo>: no interpreter information for class RooCategory is available even though it has a TClass initialization routine.
Error in <TClass::LoadClassInfo>: no interpreter information for class RooCategory is available even though it has a TClass initialization routine.
Error in <TClass::LoadClassInfo>: no interpreter information for class RooCategory is available even though it has a TClass initialization routine.
Error in <TClass::LoadClassInfo>: no interpreter information for class RooCategory is available even though it has a TClass initialization routine.
Error in <TClass::LoadClassInfo>: no interpreter information for class RooCategory is available even though it has a TClass initialization routine.
Error in <TClass::LoadClassInfo>: no interpreter information for class RooCategory is available even though it has a TClass initialization routine.
Error in <TClass::LoadClassInfo>: no interpreter information for class RooCategory is available even though it has a TClass initialization routine.
Error in <TClass::LoadClassInfo>: no interpreter information for class RooCategory is available even though it has a TClass initialization routine.
Error in <TClass::LoadClassInfo>: no interpreter information for class RooCategory is available even though it has a TClass initialization routine.
Error in <TClass::LoadClassInfo>: no interpreter information for class RooCategory is available even though it has a TClass initialization routine.
Error in <TClass::LoadClassInfo>: no interpreter information for class RooCategory is available even though it has a TClass initialization routine.
Error in <TClass::LoadClassInfo>: no interpreter information for class RooCategory is available even though it has a TClass initialization routine.
Error in <TClass::LoadClassInfo>: no interpreter information for class RooCategory is available even though it has a TClass initialization routine.
Error in <TClass::LoadClassInfo>: no interpreter information for class RooCategory is available even though it has a TClass initialization routine.
Error in <TClass::LoadClassInfo>: no interpreter information for class RooCategory is available even though it has a TClass initialization routine.
Error in <TClass::LoadClassInfo>: no interpreter information for class RooCategory is available even though it has a TClass initialization routine.
Error in <TClass::LoadClassInfo>: no interpreter information for class RooCategory is available even though it has a TClass initialization routine.
Error in <TClass::LoadClassInfo>: no interpreter information for class RooCategory is available even though it has a TClass initialization routine.
Error in <TClass::LoadClassInfo>: no interpreter information for class RooCategory is available even though it has a TClass initialization routine.
Error in <TClass::LoadClassInfo>: no interpreter information for class RooCategory is available even though it has a TClass initialization routine.
Error in <TClass::LoadClassInfo>: no interpreter information for class RooCategory is available even though it has a TClass initialization routine.
Error in <TClass::LoadClassInfo>: no interpreter information for class RooCategory is available even though it has a TClass initialization routine.
Error in <TClass::LoadClassInfo>: no interpreter information for class RooCategory is available even though it has a TClass initialization routine.
Error in <TClass::LoadClassInfo>: no interpreter information for class RooCategory is available even though it has a TClass initialization routine.
Error in <TClass::LoadClassInfo>: no interpreter information for class RooCategory is available even though it has a TClass initialization routine.
Error in <TClass::LoadClassInfo>: no interpreter information for class RooCategory is available even though it has a TClass initialization routine.
Error in <TClass::LoadClassInfo>: no interpreter information for class RooCategory is available even though it has a TClass initialization routine.
Error in <TClass::LoadClassInfo>: no interpreter information for class RooCategory is available even though it has a TClass initialization routine.
Error in <TClass::LoadClassInfo>: no interpreter information for class RooCategory is available even though it has a TClass initialization routine.
Error in <TClass::LoadClassInfo>: no interpreter information for class RooCategory is available even though it has a TClass initialization routine.
Error in <TClass::LoadClassInfo>: no interpreter information for class RooCategory is available even though it has a TClass initialization routine.
Error in <TClass::LoadClassInfo>: no interpreter information for class RooCategory is available even though it has a TClass initialization routine.
Error in <TClass::LoadClassInfo>: no interpreter information for class RooCategory is available even though it has a TClass initialization routine.
Error in <TClass::LoadClassInfo>: no interpreter information for class RooCategory is available even though it has a TClass initialization routine.
Error in <TClass::LoadClassInfo>: no interpreter information for class RooCategory is available even though it has a TClass initialization routine.
Error in <TClass::LoadClassInfo>: no interpreter information for class RooCategory is available even though it has a TClass initialization routine.
Error in <TClass::LoadClassInfo>: no interpreter information for class RooCategory is available even though it has a TClass initialization routine.
Error in <TClass::LoadClassInfo>: no interpreter information for class RooCategory is available even though it has a TClass initialization routine.
Error in <TClass::LoadClassInfo>: no interpreter information for class RooCategory is available even though it has a TClass initialization routine.
Error in <TClass::LoadClassInfo>: no interpreter information for class RooCategory is available even though it has a TClass initialization routine.
Error in <TClass::LoadClassInfo>: no interpreter information for class RooCategory is available even though it has a TClass initialization routine.
Error in <TClass::LoadClassInfo>: no interpreter information for class RooCategory is available even though it has a TClass initialization routine.
Error in <TClass::LoadClassInfo>: no interpreter information for class RooCategory is available even though it has a TClass initialization routine.
Error in <TClass::LoadClassInfo>: no interpreter information for class RooCategory is available even though it has a TClass initialization routine.
Error in <TClass::LoadClassInfo>: no interpreter information for class RooCategory is available even though it has a TClass initialization routine.
Error in <TClass::LoadClassInfo>: no interpreter information for class RooCategory is available even though it has a TClass initialization routine.
Error in <TClass::LoadClassInfo>: no interpreter information for class RooCategory is available even though it has a TClass initialization routine.
Error in <TClass::LoadClassInfo>: no interpreter information for class RooCategory is available even though it has a TClass initialization routine.
Error in <TClass::LoadClassInfo>: no interpreter information for class RooCategory is available even though it has a TClass initialization routine.
Error in <TClass::LoadClassInfo>: no interpreter information for class RooCategory is available even though it has a TClass initialization routine.
Error in <TClass::LoadClassInfo>: no interpreter information for class RooCategory is available even though it has a TClass initialization routine.
Error in <TClass::LoadClassInfo>: no interpreter information for class RooCategory is available even though it has a TClass initialization routine.
Error in <TClass::LoadClassInfo>: no interpreter information for class RooCategory is available even though it has a TClass initialization routine.
Error in <TClass::LoadClassInfo>: no interpreter information for class RooCategory is available even though it has a TClass initialization routine.
Error in <TClass::LoadClassInfo>: no interpreter information for class RooCategory is available even though it has a TClass initialization routine.
Error in <TClass::LoadClassInfo>: no interpreter information for class RooCategory is available even though it has a TClass initialization routine.
Error in <TClass::LoadClassInfo>: no interpreter information for class RooCategory is available even though it has a TClass initialization routine.
Error in <TClass::LoadClassInfo>: no interpreter information for class RooCategory is available even though it has a TClass initialization routine.
Error in <TClass::LoadClassInfo>: no interpreter information for class RooCategory is available even though it has a TClass initialization routine.
Error in <TClass::LoadClassInfo>: no interpreter information for class RooCategory is available even though it has a TClass initialization routine.
Error in <TClass::LoadClassInfo>: no interpreter information for class RooCategory is available even though it has a TClass initialization routine.
Error in <TClass::LoadClassInfo>: no interpreter information for class RooCategory is available even though it has a TClass initialization routine.
Error in <TClass::LoadClassInfo>: no interpreter information for class RooCategory is available even though it has a TClass initialization routine.
Error in <TClass::LoadClassInfo>: no interpreter information for class RooCategory is available even though it has a TClass initialization routine.
Error in <TClass::LoadClassInfo>: no interpreter information for class RooCategory is available even though it has a TClass initialization routine.
Error in <TClass::LoadClassInfo>: no interpreter information for class RooCategory is available even though it has a TClass initialization routine.
Error in <TClass::LoadClassInfo>: no interpreter information for class RooCategory is available even though it has a TClass initialization routine.
Error in <TClass::LoadClassInfo>: no interpreter information for class RooCategory is available even though it has a TClass initialization routine.
Error in <TClass::LoadClassInfo>: no interpreter information for class RooCategory is available even though it has a TClass initialization routine.
Error in <TClass::LoadClassInfo>: no interpreter information for class RooCategory is available even though it has a TClass initialization routine.
Error in <TClass::LoadClassInfo>: no interpreter information for class RooCategory is available even though it has a TClass initialization routine.
Error in <TClass::LoadClassInfo>: no interpreter information for class RooCategory is available even though it has a TClass initialization routine.
Error in <TClass::LoadClassInfo>: no interpreter information for class RooCategory is available even though it has a TClass initialization routine.
Error in <TClass::LoadClassInfo>: no interpreter information for class RooCategory is available even though it has a TClass initialization routine.
Error in <TClass::LoadClassInfo>: no interpreter information for class RooCategory is available even though it has a TClass initialization routine.
Error in <TClass::LoadClassInfo>: no interpreter information for class RooCategory is available even though it has a TClass initialization routine.
Error in <TClass::LoadClassInfo>: no interpreter information for class RooCategory is available even though it has a TClass initialization routine.
Error in <TClass::LoadClassInfo>: no interpreter information for class RooCategory is available even though it has a TClass initialization routine.
Error in <TClass::LoadClassInfo>: no interpreter information for class RooCategory is available even though it has a TClass initialization routine.
Error in <TClass::LoadClassInfo>: no interpreter information for class RooCategory is available even though it has a TClass initialization routine.
Error in <TClass::LoadClassInfo>: no interpreter information for class RooCategory is available even though it has a TClass initialization routine.
Error in <TClass::LoadClassInfo>: no interpreter information for class RooCategory is available even though it has a TClass initialization routine.
Error in <TClass::LoadClassInfo>: no interpreter information for class RooCategory is available even though it has a TClass initialization routine.
Error in <TClass::LoadClassInfo>: no interpreter information for class RooCategory is available even though it has a TClass initialization routine.
Error in <TClass::LoadClassInfo>: no interpreter information for class RooCategory is available even though it has a TClass initialization routine.
Error in <TClass::LoadClassInfo>: no interpreter information for class RooCategory is available even though it has a TClass initialization routine.
Error in <TClass::LoadClassInfo>: no interpreter information for class RooCategory is available even though it has a TClass initialization routine.
Error in <TClass::LoadClassInfo>: no interpreter information for class RooCategory is available even though it has a TClass initialization routine.
Error in <TClass::LoadClassInfo>: no interpreter information for class RooCategory is available even though it has a TClass initialization routine.
Error in <TClass::LoadClassInfo>: no interpreter information for class RooCategory is available even though it has a TClass initialization routine.
Error in <TClass::LoadClassInfo>: no interpreter information for class RooCategory is available even though it has a TClass initialization routine.
Error in <TClass::LoadClassInfo>: no interpreter information for class RooCategory is available even though it has a TClass initialization routine.
Error in <TClass::LoadClassInfo>: no interpreter information for class RooCategory is available even though it has a TClass initialization routine.
Error in <TClass::LoadClassInfo>: no interpreter information for class RooCategory is available even though it has a TClass initialization routine.
Error in <TClass::LoadClassInfo>: no interpreter information for class RooCategory is available even though it has a TClass initialization routine.
Error in <TClass::LoadClassInfo>: no interpreter information for class RooCategory is available even though it has a TClass initialization routine.
Error in <TClass::LoadClassInfo>: no interpreter information for class RooCategory is available even though it has a TClass initialization routine.
Error in <TClass::LoadClassInfo>: no interpreter information for class RooCategory is available even though it has a TClass initialization routine.
Error in <TClass::LoadClassInfo>: no interpreter information for class RooCategory is available even though it has a TClass initialization routine.
Error in <TClass::LoadClassInfo>: no interpreter information for class RooCategory is available even though it has a TClass initialization routine.
Warning in <TStreamerInfo::BuildCheck>: 
   The StreamerInfo of class RooCategory read from file /data/pku/home/zhaoyz/Higgs/boostedHWW/combine/combination/full_datacards/higgsCombineSnapshot.MultiDimFit.mH125.root
   has the same version (=3) as the active class but a different checksum.
   You should update the version to ClassDef(RooCategory,4).
   Do not try to write objects with the current class definition,
   the files will not be readable.

Error in <TClass::LoadClassInfo>: no interpreter information for class RooCategory is available even though it has a TClass initialization routine.
Error in <TClass::LoadClassInfo>: no interpreter information for class RooCategory is available even though it has a TClass initialization routine.
Error in <TClass::LoadClassInfo>: no interpreter information for class RooCategory is available even though it has a TClass initialization routine.
Error in <TClass::LoadClassInfo>: no interpreter information for class RooCategory is available even though it has a TClass initialization routine.
Error in <TClass::LoadClassInfo>: no interpreter information for class RooCategory is available even though it has a TClass initialization routine.
Error in <TClass::LoadClassInfo>: no interpreter information for class RooCategory is available even though it has a TClass initialization routine.
Error in <TClass::LoadClassInfo>: no interpreter information for class RooCategory is available even though it has a TClass initialization routine.
Error in <TClass::LoadClassInfo>: no interpreter information for class RooCategory is available even though it has a TClass initialization routine.
Error in <TClass::LoadClassInfo>: no interpreter information for class RooCategory is available even though it has a TClass initialization routine.
Error in <TClass::LoadClassInfo>: no interpreter information for class RooCategory is available even though it has a TClass initialization routine.
Error in <TClass::LoadClassInfo>: no interpreter information for class RooCategory is available even though it has a TClass initialization routine.
Error in <TClass::LoadClassInfo>: no interpreter information for class RooCategory is available even though it has a TClass initialization routine.
Error in <TClass::LoadClassInfo>: no interpreter information for class RooCategory is available even though it has a TClass initialization routine.
Error in <TClass::LoadClassInfo>: no interpreter information for class RooCategory is available even though it has a TClass initialization routine.
Warning in <TStreamerInfo::CompareContent>: The on-file layout version 3 for class 'RooCategory'  has a base class (RooAbsCategoryLValue) that the in-memory layout version 3 does not have
Error in <TClass::LoadClassInfo>: no interpreter information for class RooAbsCategoryLValue is available even though it has a TClass initialization routine.
Error in <TClass::LoadClassInfo>: no interpreter information for class RooAbsCategoryLValue is available even though it has a TClass initialization routine.
Error in <TClass::LoadClassInfo>: no interpreter information for class RooAbsCategoryLValue is available even though it has a TClass initialization routine.
Error in <TClass::LoadClassInfo>: no interpreter information for class RooAbsCategoryLValue is available even though it has a TClass initialization routine.
Error in <TClass::LoadClassInfo>: no interpreter information for class RooAbsCategoryLValue is available even though it has a TClass initialization routine.
Error in <TClass::LoadClassInfo>: no interpreter information for class RooAbsCategoryLValue is available even though it has a TClass initialization routine.
Error in <TClass::LoadClassInfo>: no interpreter information for class RooAbsCategoryLValue is available even though it has a TClass initialization routine.
Error in <TClass::LoadClassInfo>: no interpreter information for class RooAbsCategoryLValue is available even though it has a TClass initialization routine.
Error in <TClass::LoadClassInfo>: no interpreter information for class RooAbsCategoryLValue is available even though it has a TClass initialization routine.
Error in <TClass::LoadClassInfo>: no interpreter information for class RooAbsCategoryLValue is available even though it has a TClass initialization routine.
Error in <TClass::LoadClassInfo>: no interpreter information for class RooAbsCategoryLValue is available even though it has a TClass initialization routine.
Error in <TClass::LoadClassInfo>: no interpreter information for class RooAbsCategoryLValue is available even though it has a TClass initialization routine.
Error in <TClass::LoadClassInfo>: no interpreter information for class RooAbsCategoryLValue is available even though it has a TClass initialization routine.
Error in <TClass::LoadClassInfo>: no interpreter information for class RooAbsCategoryLValue is available even though it has a TClass initialization routine.
Error in <TClass::LoadClassInfo>: no interpreter information for class RooAbsCategoryLValue is available even though it has a TClass initialization routine.
Error in <TClass::LoadClassInfo>: no interpreter information for class RooAbsCategoryLValue is available even though it has a TClass initialization routine.
Error in <TClass::LoadClassInfo>: no interpreter information for class RooAbsCategoryLValue is available even though it has a TClass initialization routine.
Error in <TClass::LoadClassInfo>: no interpreter information for class RooAbsCategoryLValue is available even though it has a TClass initialization routine.
Error in <TClass::LoadClassInfo>: no interpreter information for class RooAbsCategoryLValue is available even though it has a TClass initialization routine.
Error in <TClass::LoadClassInfo>: no interpreter information for class RooAbsCategoryLValue is available even though it has a TClass initialization routine.
Error in <TClass::LoadClassInfo>: no interpreter information for class RooAbsCategoryLValue is available even though it has a TClass initialization routine.
Error in <TClass::LoadClassInfo>: no interpreter information for class RooAbsCategoryLValue is available even though it has a TClass initialization routine.
Error in <TClass::LoadClassInfo>: no interpreter information for class RooAbsCategoryLValue is available even though it has a TClass initialization routine.
Error in <TClass::LoadClassInfo>: no interpreter information for class RooAbsCategoryLValue is available even though it has a TClass initialization routine.
Error in <TClass::LoadClassInfo>: no interpreter information for class RooAbsCategoryLValue is available even though it has a TClass initialization routine.
Error in <TClass::LoadClassInfo>: no interpreter information for class RooAbsCategoryLValue is available even though it has a TClass initialization routine.
Error in <TClass::LoadClassInfo>: no interpreter information for class RooAbsCategoryLValue is available even though it has a TClass initialization routine.
Error in <TClass::LoadClassInfo>: no interpreter information for class RooAbsCategoryLValue is available even though it has a TClass initialization routine.
Error in <TClass::LoadClassInfo>: no interpreter information for class RooAbsCategoryLValue is available even though it has a TClass initialization routine.
Error in <TClass::LoadClassInfo>: no interpreter information for class RooAbsCategoryLValue is available even though it has a TClass initialization routine.
Error in <TClass::LoadClassInfo>: no interpreter information for class RooAbsCategoryLValue is available even though it has a TClass initialization routine.
Error in <TClass::LoadClassInfo>: no interpreter information for class RooAbsCategoryLValue is available even though it has a TClass initialization routine.
Error in <TClass::LoadClassInfo>: no interpreter information for class RooAbsCategoryLValue is available even though it has a TClass initialization routine.
Error in <TClass::LoadClassInfo>: no interpreter information for class RooAbsCategoryLValue is available even though it has a TClass initialization routine.
Error in <TClass::LoadClassInfo>: no interpreter information for class RooAbsCategoryLValue is available even though it has a TClass initialization routine.
Error in <TClass::LoadClassInfo>: no interpreter information for class RooAbsCategoryLValue is available even though it has a TClass initialization routine.
Error in <TClass::LoadClassInfo>: no interpreter information for class RooAbsCategoryLValue is available even though it has a TClass initialization routine.
Error in <TClass::LoadClassInfo>: no interpreter information for class RooAbsCategoryLValue is available even though it has a TClass initialization routine.
Error in <TClass::LoadClassInfo>: no interpreter information for class RooAbsCategoryLValue is available even though it has a TClass initialization routine.
Error in <TClass::LoadClassInfo>: no interpreter information for class RooAbsCategoryLValue is available even though it has a TClass initialization routine.
Error in <TClass::LoadClassInfo>: no interpreter information for class RooCategory is available even though it has a TClass initialization routine.
Error in <TClass::LoadClassInfo>: no interpreter information for class RooCategory is available even though it has a TClass initialization routine.
Error in <TClass::LoadClassInfo>: no interpreter information for class RooCategory is available even though it has a TClass initialization routine.
Error in <TClass::LoadClassInfo>: no interpreter information for class RooCategory is available even though it has a TClass initialization routine.
Error in <TClass::LoadClassInfo>: no interpreter information for class RooCategory is available even though it has a TClass initialization routine.
Error in <TClass::LoadClassInfo>: no interpreter information for class RooCategory is available even though it has a TClass initialization routine.
Error in <TClass::LoadClassInfo>: no interpreter information for class RooCategory is available even though it has a TClass initialization routine.
Error in <TClass::LoadClassInfo>: no interpreter information for class RooCategory is available even though it has a TClass initialization routine.
Error in <TClass::LoadClassInfo>: no interpreter information for class RooCategory is available even though it has a TClass initialization routine.
Error in <TClass::LoadClassInfo>: no interpreter information for class RooCategory is available even though it has a TClass initialization routine.
Error in <TClass::LoadClassInfo>: no interpreter information for class RooCategory is available even though it has a TClass initialization routine.
Error in <TClass::LoadClassInfo>: no interpreter information for class RooCategory is available even though it has a TClass initialization routine.
Error in <TClass::LoadClassInfo>: no interpreter information for class RooCategory is available even though it has a TClass initialization routine.
Error in <TClass::LoadClassInfo>: no interpreter information for class RooCategory is available even though it has a TClass initialization routine.
Error in <TClass::LoadClassInfo>: no interpreter information for class RooCategory is available even though it has a TClass initialization routine.
Error in <TClass::LoadClassInfo>: no interpreter information for class RooCategory is available even though it has a TClass initialization routine.

 *** Break *** segmentation violation



===========================================================
There was a crash.
This is the entire stack trace of all threads:
===========================================================
#0  0x00002b4c539ce46c in waitpid () from /lib64/libc.so.6
#1  0x00002b4c5394bf62 in do_system () from /lib64/libc.so.6
#2  0x00002b4c51607535 in TUnixSystem::StackTrace() () from /cvmfs/cms.cern.ch/slc7_amd64_gcc900/cms/cmssw/CMSSW_11_3_4/external/slc7_amd64_gcc900/lib/libCore.so
#3  0x00002b4c51604705 in TUnixSystem::DispatchSignals(ESignals) () from /cvmfs/cms.cern.ch/slc7_amd64_gcc900/cms/cmssw/CMSSW_11_3_4/external/slc7_amd64_gcc900/lib/libCore.so
#4  <signal handler called>
#5  0x00002b4c5150baff in TString::operator=(char const*) () from /cvmfs/cms.cern.ch/slc7_amd64_gcc900/cms/cmssw/CMSSW_11_3_4/external/slc7_amd64_gcc900/lib/libCore.so
#6  0x00002b4c51078106 in TStreamerInfo::CompareContent(TClass*, TVirtualStreamerInfo*, bool, bool, TFile*) () from /cvmfs/cms.cern.ch/slc7_amd64_gcc900/cms/cmssw/CMSSW_11_3_4/external/slc7_amd64_gcc900/lib/libRIO.so
#7  0x00002b4c51070d9c in TStreamerInfo::BuildCheck(TFile*, bool) () from /cvmfs/cms.cern.ch/slc7_amd64_gcc900/cms/cmssw/CMSSW_11_3_4/external/slc7_amd64_gcc900/lib/libRIO.so
#8  0x00002b4c510202c1 in TFile::ReadStreamerInfo() () from /cvmfs/cms.cern.ch/slc7_amd64_gcc900/cms/cmssw/CMSSW_11_3_4/external/slc7_amd64_gcc900/lib/libRIO.so
#9  0x00002b4c5102b77b in TFile::Init(bool) () from /cvmfs/cms.cern.ch/slc7_amd64_gcc900/cms/cmssw/CMSSW_11_3_4/external/slc7_amd64_gcc900/lib/libRIO.so
#10 0x00002b4c5102d019 in TFile::TFile(char const*, char const*, char const*, int) () from /cvmfs/cms.cern.ch/slc7_amd64_gcc900/cms/cmssw/CMSSW_11_3_4/external/slc7_amd64_gcc900/lib/libRIO.so
#11 0x00002b4c51030bd6 in TFile::Open(char const*, char const*, char const*, int, int) () from /cvmfs/cms.cern.ch/slc7_amd64_gcc900/cms/cmssw/CMSSW_11_3_4/external/slc7_amd64_gcc900/lib/libRIO.so
#12 0x00002b4c4f215a6a in Combine::run(TString, std::__cxx11::basic_string<char, std::char_traits<char>, std::allocator<char> > const&, double&, double&, int&, TTree*, int) () from /data/pku/home/zhaoyz/backup/CMSSW_11_3_4/lib/slc7_amd64_gcc900/libHiggsAnalysisCombinedLimit.so
#13 0x0000000000410d2a in main ()
===========================================================


The lines below might hint at the cause of the crash.
You may get help by asking at the ROOT forum https://root.cern.ch/forum
Only if you are really convinced it is a bug in ROOT then please submit a
report at https://root.cern.ch/bugs Please post the ENTIRE stack trace
from above as an attachment in addition to anything else
that might help us fixing this issue.
===========================================================
#5  0x00002b4c5150baff in TString::operator=(char const*) () from /cvmfs/cms.cern.ch/slc7_amd64_gcc900/cms/cmssw/CMSSW_11_3_4/external/slc7_amd64_gcc900/lib/libCore.so
#6  0x00002b4c51078106 in TStreamerInfo::CompareContent(TClass*, TVirtualStreamerInfo*, bool, bool, TFile*) () from /cvmfs/cms.cern.ch/slc7_amd64_gcc900/cms/cmssw/CMSSW_11_3_4/external/slc7_amd64_gcc900/lib/libRIO.so
#7  0x00002b4c51070d9c in TStreamerInfo::BuildCheck(TFile*, bool) () from /cvmfs/cms.cern.ch/slc7_amd64_gcc900/cms/cmssw/CMSSW_11_3_4/external/slc7_amd64_gcc900/lib/libRIO.so
#8  0x00002b4c510202c1 in TFile::ReadStreamerInfo() () from /cvmfs/cms.cern.ch/slc7_amd64_gcc900/cms/cmssw/CMSSW_11_3_4/external/slc7_amd64_gcc900/lib/libRIO.so
#9  0x00002b4c5102b77b in TFile::Init(bool) () from /cvmfs/cms.cern.ch/slc7_amd64_gcc900/cms/cmssw/CMSSW_11_3_4/external/slc7_amd64_gcc900/lib/libRIO.so
#10 0x00002b4c5102d019 in TFile::TFile(char const*, char const*, char const*, int) () from /cvmfs/cms.cern.ch/slc7_amd64_gcc900/cms/cmssw/CMSSW_11_3_4/external/slc7_amd64_gcc900/lib/libRIO.so
#11 0x00002b4c51030bd6 in TFile::Open(char const*, char const*, char const*, int, int) () from /cvmfs/cms.cern.ch/slc7_amd64_gcc900/cms/cmssw/CMSSW_11_3_4/external/slc7_amd64_gcc900/lib/libRIO.so
#12 0x00002b4c4f215a6a in Combine::run(TString, std::__cxx11::basic_string<char, std::char_traits<char>, std::allocator<char> > const&, double&, double&, int&, TTree*, int) () from /data/pku/home/zhaoyz/backup/CMSSW_11_3_4/lib/slc7_amd64_gcc900/libHiggsAnalysisCombinedLimit.so
#13 0x0000000000410d2a in main ()
===========================================================


Error in <TClass::LoadClassInfo>: no interpreter information for class TTree is available even though it has a TClass initialization routine.
Failed to load module Tree
Failed to load module TreePlayer
Failed to load module Physics
Failed to load module Proof
Failed to load module Geom
Failed to load module Unfold
Failed to load module RHTTPSniff
Failed to load module FitPanel
Failed to load module ROOTVecOps
Failed to load module RDAVIX
Failed to load module Physics
Failed to load module Genetic
Failed to load module Tree
Failed to load module DCache
Failed to load module RGL
Failed to load module ROOTEve
Failed to load module SPlot
Failed to load module GeomBuilder
Failed to load module Rint
Failed to load module XMLParser
Failed to load module Proof
Failed to load module Recorder
Failed to load module GuiBld
Failed to load module ROOTWebDisplay
Failed to load module XMLIO
Failed to load module GX11TTF
Failed to load module ProofPlayer
Failed to load module ROOTHistDraw
Failed to load module MathMore
Failed to load module SpectrumPainter
Failed to load module NetxNG
Failed to load module Minuit
Failed to load module TMVA
Failed to load module Gdml
Failed to load module ProofBench
Failed to load module WebGui6
Failed to load module ROOTTPython
Failed to load module ROOTHist
Failed to load module ROOTFitPanelv7
Failed to load module SessionViewer
Failed to load module ROOTBrowsable
Failed to load module PyMVA
Failed to load module HistPainter
Failed to load module ProofDraw
Failed to load module RHTTP
Failed to load module Quadp
Failed to load module Eve
Failed to load module TreeViewer
Failed to load module GeomPainter
Failed to load module ROOTNTuple
Failed to load module EG
Failed to load module HistFactory
Failed to load module Spectrum
Failed to load module GuiHtml
Failed to load module Postscript
Failed to load module TMVAGui
Failed to load module Html
Failed to load module Net
Failed to load module Fumili
Failed to load module Geom
Failed to load module RooFitMore
Failed to load module ROOTGpadv7
Failed to load module X3d
Failed to load module RCsg
Failed to load module RooFit
Failed to load module MultiProc
Failed to load module RooStats
Failed to load module Ged
Failed to load module FFTW
Failed to load module RooFitCore
Failed to load module Gui
Failed to load module SQLIO
Failed to load module ASImage
Failed to load module Foam
Failed to load module Minuit2
Failed to load module MLP
Failed to load module ROOTDataFrame
Failed to load module ROOTBrowserv7
Failed to load module RootAuth
Failed to load module Graf3d
Failed to load module ASImageGui
Failed to load module GX11
Failed to load module Gviz3d
Failed to load module TreePlayer
Failed to load module ROOTGraphicsPrimitives
