Arguments: resonant= workspace=0 bfit=0 limits=0 significance=0 dfit=0 gofdata=0 goftoys=0 seed=44 numtoys=40
Start running 0l parameters:
cards args=CR1=./CR1.txt CR1Blinded=./CR1Blinded.txt SR1a=./SR1a.txt SR1aBlinded=./SR1aBlinded.txt SR1b=./SR1b.txt SR1bBlinded=./SR1bBlinded.txt CR2=./CR2.txt CR2Blinded=./CR2Blinded.txt SR2a=./SR2a.txt SR2aBlinded=./SR2aBlinded.txt SR2b=./SR2b.txt SR2bBlinded=./SR2bBlinded.txt 
maskblinded=mask_SR1a=0,mask_SR1b=0,mask_CR1=0,mask_SR1aBlinded=1,mask_SR1bBlinded=1,mask_CR1Blinded=1,mask_SR2a=0,mask_SR2b=0,mask_CR2=0,mask_SR2aBlinded=1,mask_SR2bBlinded=1,mask_CR2Blinded=1
maskunblinded=mask_SR1a=1,mask_SR1b=1,mask_CR1=1,mask_SR1aBlinded=0,mask_SR1bBlinded=0,mask_CR1Blinded=0,mask_SR2a=1,mask_SR2b=1,mask_CR2=1,mask_SR2aBlinded=0,mask_SR2bBlinded=0,mask_CR2Blinded=0
mask args:
mask_SR1a=0,mask_SR1b=0,mask_CR1=0,mask_SR1aBlinded=1,mask_SR1bBlinded=1,mask_CR1Blinded=1,mask_SR2a=0,mask_SR2b=0,mask_CR2=0,mask_SR2aBlinded=1,mask_SR2bBlinded=1,mask_CR2Blinded=1
set params:
CMS_HWW_boosted_tf_dataResidual_CR1_Bin4=0,CMS_HWW_boosted_tf_dataResidual_CR2_Bin4=0,CMS_HWW_boosted_tf_dataResidual_CR1_Bin5=0,CMS_HWW_boosted_tf_dataResidual_CR2_Bin5=0,CMS_HWW_boosted_tf_dataResidual_CR1_Bin6=0,CMS_HWW_boosted_tf_dataResidual_CR2_Bin6=0,CMS_HWW_boosted_tf_dataResidual_CR1_Bin7=0,CMS_HWW_boosted_tf_dataResidual_CR2_Bin7=0,CMS_HWW_boosted_tf_dataResidual_CR1_Bin8=0,CMS_HWW_boosted_tf_dataResidual_CR2_Bin8=0,CMS_HWW_boosted_tf_dataResidual_CR1_Bin9=0,CMS_HWW_boosted_tf_dataResidual_CR2_Bin9=0
freeze params:
CMS_HWW_boosted_tf_dataResidual_CR1_Bin4,CMS_HWW_boosted_tf_dataResidual_CR2_Bin4,CMS_HWW_boosted_tf_dataResidual_CR1_Bin5,CMS_HWW_boosted_tf_dataResidual_CR2_Bin5,CMS_HWW_boosted_tf_dataResidual_CR1_Bin6,CMS_HWW_boosted_tf_dataResidual_CR2_Bin6,CMS_HWW_boosted_tf_dataResidual_CR1_Bin7,CMS_HWW_boosted_tf_dataResidual_CR2_Bin7,CMS_HWW_boosted_tf_dataResidual_CR1_Bin8,CMS_HWW_boosted_tf_dataResidual_CR2_Bin8,CMS_HWW_boosted_tf_dataResidual_CR1_Bin9,CMS_HWW_boosted_tf_dataResidual_CR2_Bin9
unblinded params:
--freezeParameters var{.*_In},var{.*__norm},var{n_exp_.*} --setParameters mask_SR1a=0,mask_SR1b=0,mask_CR1=0,mask_SR1aBlinded=1,mask_SR1bBlinded=1,mask_CR1Blinded=1,mask_SR2a=0,mask_SR2b=0,mask_CR2=0,mask_SR2aBlinded=1,mask_SR2bBlinded=1,mask_CR2Blinded=1
cards args for 0l: CR1=./CR1.txt CR1Blinded=./CR1Blinded.txt SR1a=./SR1a.txt SR1aBlinded=./SR1aBlinded.txt SR1b=./SR1b.txt SR1bBlinded=./SR1bBlinded.txt CR2=./CR2.txt CR2Blinded=./CR2Blinded.txt SR2a=./SR2a.txt SR2aBlinded=./SR2aBlinded.txt SR2b=./SR2b.txt SR2bBlinded=./SR2bBlinded.txt 
maskblinded=mask_SR1a=0,mask_SR1b=0,mask_CR1=0,mask_SR1aBlinded=1,mask_SR1bBlinded=1,mask_CR1Blinded=1,mask_SR2a=0,mask_SR2b=0,mask_CR2=0,mask_SR2aBlinded=1,mask_SR2bBlinded=1,mask_CR2Blinded=1
maskunblinded=mask_SR1a=1,mask_SR1b=1,mask_CR1=1,mask_SR1aBlinded=0,mask_SR1bBlinded=0,mask_CR1Blinded=0,mask_SR2a=1,mask_SR2b=1,mask_CR2=1,mask_SR2aBlinded=0,mask_SR2bBlinded=0,mask_CR2Blinded=0
Start running 1l parameters:
cards args for 1l: VBF=./VBF.txt ggFpt250to350=./ggFpt250to350.txt ggFpt350to500=./ggFpt350to500.txt ggFpt500toInf=./ggFpt500toInf.txt TopCR=./TopCR.txt WJetsCR=./WJetsCR.txt
added 1l parameters:
ccargs_VH:SR1fail2016=./SR1fail2016.txt SR1fail2016APV=./SR1fail2016APV.txt SR1fail2017=./SR1fail2017.txt SR1fail2018=./SR1fail2018.txt SR1pass2016=./SR1pass2016.txt SR1pass2016APV=./SR1pass2016APV.txt SR1pass2017=./SR1pass2017.txt SR1pass2018=./SR1pass2018.txt TopCRfail2016=./TopCRfail2016.txt TopCRfail2016APV=./TopCRfail2016APV.txt TopCRfail2017=./TopCRfail2017.txt TopCRfail2018=./TopCRfail2018.txt TopCRpass2016=./TopCRpass2016.txt TopCRpass2016APV=./TopCRpass2016APV.txt TopCRpass2017=./TopCRpass2017.txt TopCRpass2018=./TopCRpass2018.txt
total cards args=CR1=./CR1.txt CR1Blinded=./CR1Blinded.txt SR1a=./SR1a.txt SR1aBlinded=./SR1aBlinded.txt SR1b=./SR1b.txt SR1bBlinded=./SR1bBlinded.txt CR2=./CR2.txt CR2Blinded=./CR2Blinded.txt SR2a=./SR2a.txt SR2aBlinded=./SR2aBlinded.txt SR2b=./SR2b.txt SR2bBlinded=./SR2bBlinded.txt  VBF=./VBF.txt ggFpt250to350=./ggFpt250to350.txt ggFpt350to500=./ggFpt350to500.txt ggFpt500toInf=./ggFpt500toInf.txt TopCR=./TopCR.txt WJetsCR=./WJetsCR.txt SR1fail2016=./SR1fail2016.txt SR1fail2016APV=./SR1fail2016APV.txt SR1fail2017=./SR1fail2017.txt SR1fail2018=./SR1fail2018.txt SR1pass2016=./SR1pass2016.txt SR1pass2016APV=./SR1pass2016APV.txt SR1pass2017=./SR1pass2017.txt SR1pass2018=./SR1pass2018.txt TopCRfail2016=./TopCRfail2016.txt TopCRfail2016APV=./TopCRfail2016APV.txt TopCRfail2017=./TopCRfail2017.txt TopCRfail2018=./TopCRfail2018.txt TopCRpass2016=./TopCRpass2016.txt TopCRpass2016APV=./TopCRpass2016APV.txt TopCRpass2017=./TopCRpass2017.txt TopCRpass2018=./TopCRpass2018.txt
mask1l=mask_VBF=1,mask_ggFpt250to350=1,mask_ggFpt350to500=1,mask_ggFpt500toInf=1,mask_TopCR=1,mask_WJetsCR=1
un-mask1l=mask_VBF=0,mask_ggFpt250to350=0,mask_ggFpt350to500=0,mask_ggFpt500toInf=0,mask_TopCR=0,mask_WJetsCR=0
maskVH=mask_SR1fail2016=1,mask_SR1fail2016APV=1,mask_SR1fail2017=1,mask_SR1fail2018=1,mask_SR1pass2016=1,mask_SR1pass2016APV=1,mask_SR1pass2017=1,mask_SR1pass2018=1,mask_TopCRfail2016=1,mask_TopCRfail2016APV=1,mask_TopCRfail2017=1,mask_TopCRfail2018=1,mask_TopCRpass2016=1,mask_TopCRpass2016APV=1,mask_TopCRpass2017=1,mask_TopCRpass2018=1
un-maskVH=mask_SR1fail2016=0,mask_SR1fail2016APV=0,mask_SR1fail2017=0,mask_SR1fail2018=0,mask_SR1pass2016=0,mask_SR1pass2016APV=0,mask_SR1pass2017=0,mask_SR1pass2018=0,mask_TopCRfail2016=0,mask_TopCRfail2016APV=0,mask_TopCRfail2017=0,mask_TopCRfail2018=0,mask_TopCRpass2016=0,mask_TopCRpass2016APV=0,mask_TopCRpass2017=0,mask_TopCRpass2018=0
total unblinded para=--freezeParameters var{.*_In},var{.*__norm},var{n_exp_.*} --setParameters mask_SR1a=0,mask_SR1b=0,mask_CR1=0,mask_SR1aBlinded=1,mask_SR1bBlinded=1,mask_CR1Blinded=1,mask_SR2a=0,mask_SR2b=0,mask_CR2=0,mask_SR2aBlinded=1,mask_SR2bBlinded=1,mask_CR2Blinded=1,mask_VBF=0,mask_ggFpt250to350=0,mask_ggFpt350to500=0,mask_ggFpt500toInf=0,mask_TopCR=0,mask_WJetsCR=0,mask_SR1fail2016=0,mask_SR1fail2016APV=0,mask_SR1fail2017=0,mask_SR1fail2018=0,mask_SR1pass2016=0,mask_SR1pass2016APV=0,mask_SR1pass2017=0,mask_SR1pass2018=0,mask_TopCRfail2016=0,mask_TopCRfail2016APV=0,mask_TopCRfail2017=0,mask_TopCRfail2018=0,mask_TopCRpass2016=0,mask_TopCRpass2016APV=0,mask_TopCRpass2017=0,mask_TopCRpass2018=0
Impact scan for CMS_HWW_boosted_tf_dataResidual_CR1_Bin9
 <<< Combine >>> 
>>> random number generator seed is 123456
   Options for Robust Minimizer :: 
        Tolerance  0.1
        Strategy   0
        Type,Algo  Minuit2,Migrad
>>> method used is MultiDimFit
<<< cling interactive line includer >>>: fatal error: module file '/cvmfs/cms.cern.ch/slc7_amd64_gcc900/lcg/root/6.22.08-ljfedo/lib/RIO.pcm' not found: Too many open files
input_line_4:1:2: error: unknown type name 'ifdef'
#ifdef complex
 ^
<<< cling interactive line includer >>>:1:1: error: expected unqualified-id
input_line_5:1:2: error: unknown type name 'ifdef'
#ifdef PI
 ^
<<< cling interactive line includer >>>:1:1: error: expected unqualified-id
input_line_6:1:2: error: unknown type name 'ifdef'
#ifdef ERROR
 ^
<<< cling interactive line includer >>>:1:1: error: expected unqualified-id
input_line_7:2:2: error: unknown type name 'include'
#include "TError.h"
 ^
input_line_7:2:1: error: expected unqualified-id
#include "TError.h"
^
input_line_7:4:2: error: unknown type name 'define'
#define _ClassDefInterp_(name,id,virtual_keyword, overrd) \
 ^
input_line_7:21:7: error: expected ';' after top level declarator
#undef ClassDef
      ^
      ;
input_line_7:36:10: fatal error: 'cassert' file not found
#include <cassert>
         ^~~~~~~~~
input_line_8:1:2: error: unknown type name 'include'
#include "cling/Interpreter/DynamicLookupRuntimeUniverse.h"
 ^
input_line_8:1:1: error: expected unqualified-id
#include "cling/Interpreter/DynamicLookupRuntimeUniverse.h"
^
Info in <TInterpreter::TCling::RegisterModule>: Module Thread in modulemap failed to load.
input_line_10:2:2: error: unknown type name 'define'
#define __ROOTCLING__ 1
 ^
input_line_10:3:7: error: expected ';' after top level declarator
#undef ClassDef
      ^
      ;
Warning in <TInterpreter::TCling::RegisterModule>: Problems declaring payload for module libThread.
input_line_11:1:2: error: unknown type name 'ifdef'
#ifdef __ROOTCLING__
 ^
<<< cling interactive line includer >>>:1:1: error: expected unqualified-id
Info in <TInterpreter::TCling::RegisterModule>: Module Imt in modulemap failed to load.
input_line_12:2:2: error: unknown type name 'define'
#define __ROOTCLING__ 1
 ^
input_line_12:3:7: error: expected ';' after top level declarator
#undef ClassDef
      ^
      ;
Warning in <TInterpreter::TCling::RegisterModule>: Problems declaring payload for module libImt.
input_line_13:1:2: error: unknown type name 'ifdef'
#ifdef __ROOTCLING__
 ^
<<< cling interactive line includer >>>:1:1: error: expected unqualified-id
Info in <TInterpreter::TCling::RegisterModule>: Module MathCore in modulemap failed to load.
Error in <TCling::LoadPCM>: ROOT PCM /cvmfs/cms.cern.ch/slc7_amd64_gcc900/lcg/root/6.22.08-ljfedo/lib/libMathCore_rdict.pcm file does not exist
input_line_14:2:2: error: unknown type name 'define'
#define __ROOTCLING__ 1
 ^
input_line_14:3:7: error: expected ';' after top level declarator
#undef ClassDef
      ^
      ;
Warning in <TInterpreter::TCling::RegisterModule>: Problems declaring payload for module libMathCore.
input_line_15:1:2: error: unknown type name 'ifdef'
#ifdef __ROOTCLING__
 ^
<<< cling interactive line includer >>>:1:1: error: expected unqualified-id
Info in <TInterpreter::TCling::RegisterModule>: Module Smatrix in modulemap failed to load.
Error in <TCling::LoadPCM>: ROOT PCM /cvmfs/cms.cern.ch/slc7_amd64_gcc900/lcg/root/6.22.08-ljfedo/lib/libSmatrix_rdict.pcm file does not exist
input_line_16:2:2: error: unknown type name 'define'
#define __ROOTCLING__ 1
 ^
input_line_16:3:7: error: expected ';' after top level declarator
#undef ClassDef
      ^
      ;
Warning in <TInterpreter::TCling::RegisterModule>: Problems declaring payload for module libSmatrix.
input_line_17:1:2: error: unknown type name 'ifdef'
#ifdef __ROOTCLING__
 ^
<<< cling interactive line includer >>>:1:1: error: expected unqualified-id
Error in <TCling::LoadPCM>: ROOT PCM /cvmfs/cms.cern.ch/slc7_amd64_gcc900/lcg/root/6.22.08-ljfedo/lib/libSmatrix_G__Smatrix32_rdict.pcm file does not exist
Info in <TInterpreter::TCling::RegisterModule>: Module RIO in modulemap failed to load.
input_line_18:2:2: error: unknown type name 'define'
#define __ROOTCLING__ 1
 ^
input_line_18:3:7: error: expected ';' after top level declarator
#undef ClassDef
      ^
      ;
Warning in <TInterpreter::TCling::RegisterModule>: Problems declaring payload for module libRIO.
input_line_19:1:2: error: unknown type name 'ifdef'
#ifdef __ROOTCLING__
 ^
<<< cling interactive line includer >>>:1:1: error: expected unqualified-id
Info in <TInterpreter::TCling::RegisterModule>: Module Net in modulemap failed to load.
Error in <TCling::LoadPCM>: ROOT PCM /cvmfs/cms.cern.ch/slc7_amd64_gcc900/lcg/root/6.22.08-ljfedo/lib/libNet_rdict.pcm file does not exist
input_line_20:2:2: error: unknown type name 'define'
#define __ROOTCLING__ 1
 ^
input_line_20:3:7: error: expected ';' after top level declarator
#undef ClassDef
      ^
      ;
Warning in <TInterpreter::TCling::RegisterModule>: Problems declaring payload for module libNet.
input_line_21:1:2: error: unknown type name 'ifdef'
#ifdef __ROOTCLING__
 ^
<<< cling interactive line includer >>>:1:1: error: expected unqualified-id
Info in <TInterpreter::TCling::RegisterModule>: Module Tree in modulemap failed to load.
Error in <TCling::LoadPCM>: ROOT PCM /cvmfs/cms.cern.ch/slc7_amd64_gcc900/lcg/root/6.22.08-ljfedo/lib/libTree_rdict.pcm file does not exist
input_line_22:2:2: error: unknown type name 'define'
#define __ROOTCLING__ 1
 ^
input_line_22:3:7: error: expected ';' after top level declarator
#undef ClassDef
      ^
      ;
Warning in <TInterpreter::TCling::RegisterModule>: Problems declaring payload for module libTree.
input_line_23:1:2: error: unknown type name 'ifdef'
#ifdef __ROOTCLING__
 ^
<<< cling interactive line includer >>>:1:1: error: expected unqualified-id
Info in <TInterpreter::TCling::RegisterModule>: Module XMLParser in modulemap failed to load.
Error in <TCling::LoadPCM>: ROOT PCM /cvmfs/cms.cern.ch/slc7_amd64_gcc900/lcg/root/6.22.08-ljfedo/lib/libXMLParser_rdict.pcm file does not exist
input_line_24:2:2: error: unknown type name 'define'
#define __ROOTCLING__ 1
 ^
input_line_24:3:7: error: expected ';' after top level declarator
#undef ClassDef
      ^
      ;
Warning in <TInterpreter::TCling::RegisterModule>: Problems declaring payload for module libXMLParser.
input_line_25:1:2: error: unknown type name 'ifdef'
#ifdef __ROOTCLING__
 ^
<<< cling interactive line includer >>>:1:1: error: expected unqualified-id
Info in <TInterpreter::TCling::RegisterModule>: Module MathMore in modulemap failed to load.
Error in <TCling::LoadPCM>: ROOT PCM /cvmfs/cms.cern.ch/slc7_amd64_gcc900/lcg/root/6.22.08-ljfedo/lib/libMathMore_rdict.pcm file does not exist
input_line_26:2:2: error: unknown type name 'define'
#define __ROOTCLING__ 1
 ^
input_line_26:3:7: error: expected ';' after top level declarator
#undef ClassDef
      ^
      ;
Warning in <TInterpreter::TCling::RegisterModule>: Problems declaring payload for module libMathMore.
input_line_27:1:2: error: unknown type name 'ifdef'
#ifdef __ROOTCLING__
 ^
<<< cling interactive line includer >>>:1:1: error: expected unqualified-id
Info in <TInterpreter::TCling::RegisterModule>: Module GenVector in modulemap failed to load.
Error in <TCling::LoadPCM>: ROOT PCM /cvmfs/cms.cern.ch/slc7_amd64_gcc900/lcg/root/6.22.08-ljfedo/lib/libGenVector_rdict.pcm file does not exist
input_line_28:2:2: error: unknown type name 'define'
#define __ROOTCLING__ 1
 ^
input_line_28:3:7: error: expected ';' after top level declarator
#undef ClassDef
      ^
      ;
Warning in <TInterpreter::TCling::RegisterModule>: Problems declaring payload for module libGenVector.
input_line_29:1:2: error: unknown type name 'ifdef'
#ifdef __ROOTCLING__
 ^
<<< cling interactive line includer >>>:1:1: error: expected unqualified-id
Error in <TCling::LoadPCM>: ROOT PCM /cvmfs/cms.cern.ch/slc7_amd64_gcc900/lcg/root/6.22.08-ljfedo/lib/libGenVector_G__GenVector32_rdict.pcm file does not exist
Info in <TInterpreter::TCling::RegisterModule>: Module Matrix in modulemap failed to load.
Error in <TCling::LoadPCM>: ROOT PCM /cvmfs/cms.cern.ch/slc7_amd64_gcc900/lcg/root/6.22.08-ljfedo/lib/libMatrix_rdict.pcm file does not exist
input_line_30:2:2: error: unknown type name 'define'
#define __ROOTCLING__ 1
 ^
input_line_30:3:7: error: expected ';' after top level declarator
#undef ClassDef
      ^
      ;
Warning in <TInterpreter::TCling::RegisterModule>: Problems declaring payload for module libMatrix.
input_line_31:1:2: error: unknown type name 'ifdef'
#ifdef __ROOTCLING__
 ^
<<< cling interactive line includer >>>:1:1: error: expected unqualified-id
Info in <TInterpreter::TCling::RegisterModule>: Module Hist in modulemap failed to load.
Error in <TCling::LoadPCM>: ROOT PCM /cvmfs/cms.cern.ch/slc7_amd64_gcc900/lcg/root/6.22.08-ljfedo/lib/libHist_rdict.pcm file does not exist
input_line_32:2:2: error: unknown type name 'define'
#define __ROOTCLING__ 1
 ^
input_line_32:3:7: error: expected ';' after top level declarator
#undef ClassDef
      ^
      ;
Warning in <TInterpreter::TCling::RegisterModule>: Problems declaring payload for module libHist.
input_line_33:1:2: error: unknown type name 'ifdef'
#ifdef __ROOTCLING__
 ^
<<< cling interactive line includer >>>:1:1: error: expected unqualified-id
Info in <TInterpreter::TCling::RegisterModule>: Module Physics in modulemap failed to load.
Error in <TCling::LoadPCM>: ROOT PCM /cvmfs/cms.cern.ch/slc7_amd64_gcc900/lcg/root/6.22.08-ljfedo/lib/libPhysics_rdict.pcm file does not exist
input_line_34:2:2: error: unknown type name 'define'
#define __ROOTCLING__ 1
 ^
input_line_34:3:7: error: expected ';' after top level declarator
#undef ClassDef
      ^
      ;
Warning in <TInterpreter::TCling::RegisterModule>: Problems declaring payload for module libPhysics.
input_line_35:1:2: error: unknown type name 'ifdef'
#ifdef __ROOTCLING__
 ^
<<< cling interactive line includer >>>:1:1: error: expected unqualified-id
Error in <TCling::RegisterModule>: Dictionary trigger function for libGraf not found
Error in <TCling::RegisterModule>: Dictionary trigger function for libGpad not found
Error in <TCling::RegisterModule>: Dictionary trigger function for libFoam not found
Error in <TCling::RegisterModule>: Dictionary trigger function for libMinuit not found
Error in <TCling::RegisterModule>: Dictionary trigger function for libRooFitCore not found
Error in <TCling::RegisterModule>: Dictionary trigger function for libRooFit not found
Error in <TCling::RegisterModule>: Dictionary trigger function for libRooStats not found
Error in <TCling::RegisterModule>: Dictionary trigger function for libHistFactory not found
input_line_36:2:2: error: unknown type name 'line'
#line 1 "HiggsAnalysisCombinedLimit_xr dictionary forward declarations' payload"
 ^
HiggsAnalysisCombinedLimit_xr dictionary forward declarations' payload:1:8: error: expected ';' after top level declarator
#pragma clang diagnostic ignored "-Wkeyword-compat"
       ^
       ;
Warning in <TInterpreter::TCling::RegisterModule>: Problems in compiling forward declarations for module HiggsAnalysisCombinedLimit_xr: '
#line 1 "HiggsAnalysisCombinedLimit_xr dictionary forward declarations' payload"
#pragma clang diagnostic ignored "-Wkeyword-compat"
#pragma clang diagnostic ignored "-Wignored-attributes"
#pragma clang diagnostic ignored "-Wreturn-type-c-linkage"
extern int __Cling_AutoLoading_Map;
namespace std{template <typename _Tp> class __attribute__((annotate("$clingAutoload$bits/allocator.h")))  __attribute__((annotate("$clingAutoload$string")))  allocator;
}
namespace std{template <typename _T1, typename _T2> struct __attribute__((annotate("$clingAutoload$bits/stl_pair.h")))  __attribute__((annotate("$clingAutoload$string")))  pair;
}
class __attribute__((annotate(R"ATTRDUMP(transient@@@true)ATTRDUMP"))) __attribute__((annotate(R"ATTRDUMP(A concrete implementation of ProposalFunction, that uniformly samples the parameter space.)ATTRDUMP"))) __attribute__((annotate("$clingAutoload$HiggsAnalysis/CombinedLimit/interface/TestProposal.h")))  TestProposal;
class __attribute__((annotate(R"ATTRDUMP(transient@@@true)ATTRDUMP"))) __attribute__((annotate(R"ATTRDUMP(A concrete implementation of ProposalFunction, that uniformly samples the parameter space.)ATTRDUMP"))) __attribute__((annotate("$clingAutoload$HiggsAnalysis/CombinedLimit/interface/DebugProposal.h")))  DebugProposal;
class __attribute__((annotate(R"ATTRDUMP(PDF constructed from a sum of (non-pdf) functions)ATTRDUMP"))) __attribute__((annotate("$clingAutoload$HiggsAnalysis/CombinedLimit/interface/VerticalInterpPdf.h")))  VerticalInterpPdf;
class __attribute__((annotate("$clingAutoload$HiggsAnalysis/CombinedLimit/interface/VerticalInterpHistPdf.h")))  SimpleCacheSentry;
class __attribute__((annotate("$clingAutoload$HiggsAnalysis/CombinedLimit/interface/VerticalInterpHistPdf.h")))  FastTemplate;
class __attribute__((annotate("$clingAutoload$HiggsAnalysis/CombinedLimit/interface/VerticalInterpHistPdf.h")))  FastHisto;
class __attribute__((annotate("$clingAutoload$HiggsAnalysis/CombinedLimit/interface/VerticalInterpHistPdf.h")))  FastHisto2D;
class __attribute__((annotate("$clingAutoload$HiggsAnalysis/CombinedLimit/interface/VerticalInterpHistPdf.h")))  FastHisto3D;
class __attribute__((annotate("$clingAutoload$HiggsAnalysis/CombinedLimit/interface/VerticalInterpHistPdf.h")))  VerticalInterpHistPdf;
class __attribute__((annotate("$clingAutoload$HiggsAnalysis/CombinedLimit/interface/VerticalInterpHistPdf.h")))  FastVerticalInterpHistPdfBase;
class __attribute__((annotate("$clingAutoload$HiggsAnalysis/CombinedLimit/interface/VerticalInterpHistPdf.h")))  FastVerticalInterpHistPdf;
class __attribute__((annotate("$clingAutoload$HiggsAnalysis/CombinedLimit/interface/VerticalInterpHistPdf.h")))  FastVerticalInterpHistPdf2D;
class __attribute__((annotate("$clingAutoload$HiggsAnalysis/CombinedLimit/interface/VerticalInterpHistPdf.h")))  FastVerticalInterpHistPdf2Base;
class __attribute__((annotate("$clingAutoload$HiggsAnalysis/CombinedLimit/interface/VerticalInterpHistPdf.h")))  FastVerticalInterpHistPdf2;
class __attribute__((annotate("$clingAutoload$HiggsAnalysis/CombinedLimit/interface/VerticalInterpHistPdf.h")))  FastVerticalInterpHistPdf2D2;
class __attribute__((annotate("$clingAutoload$HiggsAnalysis/CombinedLimit/interface/VerticalInterpHistPdf.h")))  FastVerticalInterpHistPdf3D;
class __attribute__((annotate(R"ATTRDUMP(Asymmetric power)ATTRDUMP"))) __attribute__((annotate("$clingAutoload$HiggsAnalysis/CombinedLimit/interface/AsymPow.h")))  AsymPow;
class __attribute__((annotate(R"ATTRDUMP(Asymmetric power)ATTRDUMP"))) __attribute__((annotate("$clingAutoload$HiggsAnalysis/CombinedLimit/interface/AsymQuad.h")))  AsymQuad;
class __attribute__((annotate(R"ATTRDUMP(transient@@@true)ATTRDUMP"))) __attribute__((annotate(R"ATTRDUMP(Make RooDataHist)ATTRDUMP"))) __attribute__((annotate("$clingAutoload$HiggsAnalysis/CombinedLimit/interface/CombDataSetFactory.h")))  CombDataSetFactory;
class __attribute__((annotate("$clingAutoload$HiggsAnalysis/CombinedLimit/interface/TH1Keys.h")))  TH1Keys;
class __attribute__((annotate(R"ATTRDUMP(Variant of RooSimultaneous that can put together binned and unbinned stuff)ATTRDUMP"))) __attribute__((annotate("$clingAutoload$HiggsAnalysis/CombinedLimit/interface/RooSimultaneousOpt.h")))  RooSimultaneousOpt;
class __attribute__((annotate(R"ATTRDUMP(Your description goes here...)ATTRDUMP"))) __attribute__((annotate("$clingAutoload$HiggsAnalysis/CombinedLimit/interface/HZZ4L_RooCTauPdf_1D.h")))  HZZ4L_RooCTauPdf_1D;
class __attribute__((annotate(R"ATTRDUMP(Your description goes here...)ATTRDUMP"))) __attribute__((annotate("$clingAutoload$HiggsAnalysis/CombinedLimit/interface/HZZ4L_RooCTauPdf_1D_Expanded.h")))  HZZ4L_RooCTauPdf_1D_Expanded;
class __attribute__((annotate(R"ATTRDUMP(Your description goes here...)ATTRDUMP"))) __attribute__((annotate("$clingAutoload$HiggsAnalysis/CombinedLimit/interface/HZZ4L_RooCTauPdf_2D.h")))  HZZ4L_RooCTauPdf_2D;
class __attribute__((annotate(R"ATTRDUMP(Your description goes here...)ATTRDUMP"))) __attribute__((annotate("$clingAutoload$HiggsAnalysis/CombinedLimit/interface/HZZ4LRooPdfs.h")))  RooqqZZPdf;
class __attribute__((annotate(R"ATTRDUMP(Your description goes here...)ATTRDUMP"))) __attribute__((annotate("$clingAutoload$HiggsAnalysis/CombinedLimit/interface/HZZ4LRooPdfs.h")))  RooggZZPdf;
class __attribute__((annotate(R"ATTRDUMP(Your description goes here...)ATTRDUMP"))) __attribute__((annotate("$clingAutoload$HiggsAnalysis/CombinedLimit/interface/HZZ4LRooPdfs.h")))  RooqqZZPdf_v2;
class __attribute__((annotate(R"ATTRDUMP(Your description goes here...)ATTRDUMP"))) __attribute__((annotate("$clingAutoload$HiggsAnalysis/CombinedLimit/interface/HZZ4LRooPdfs.h")))  RooVBFZZPdf;
class __attribute__((annotate(R"ATTRDUMP(Your description goes here...)ATTRDUMP"))) __attribute__((annotate("$clingAutoload$HiggsAnalysis/CombinedLimit/interface/HZZ4LRooPdfs.h")))  RooVBFZZPdf_v2;
class __attribute__((annotate(R"ATTRDUMP(Your description goes here...)ATTRDUMP"))) __attribute__((annotate("$clingAutoload$HiggsAnalysis/CombinedLimit/interface/HZZ4LRooPdfs.h")))  RooggZZPdf_v2;
class __attribute__((annotate("$clingAutoload$HiggsAnalysis/CombinedLimit/interface/HZZ4LRooPdfs.h")))  RooBetaFunc_v2;
class __attribute__((annotate("$clingAutoload$HiggsAnalysis/CombinedLimit/interface/HZZ4LRooPdfs.h")))  Roo4lMasses2D_Bkg;
class __attribute__((annotate("$clingAutoload$HiggsAnalysis/CombinedLimit/interface/HZZ4LRooPdfs.h")))  Roo4lMasses2D_BkgGGZZ;
class __attribute__((annotate("$clingAutoload$HiggsAnalysis/CombinedLimit/interface/HZZ4LRooPdfs.h")))  Roo4lMasses2D;
class __attribute__((annotate(R"ATTRDUMP(Your description goes here...)ATTRDUMP"))) __attribute__((annotate("$clingAutoload$HiggsAnalysis/CombinedLimit/interface/HZZ4LRooPdfs.h")))  RooFourMuMassShapePdf2;
class __attribute__((annotate(R"ATTRDUMP(Your description goes here...)ATTRDUMP"))) __attribute__((annotate("$clingAutoload$HiggsAnalysis/CombinedLimit/interface/HZZ4LRooPdfs.h")))  RooFourEMassShapePdf2;
class __attribute__((annotate(R"ATTRDUMP(Your description goes here...)ATTRDUMP"))) __attribute__((annotate("$clingAutoload$HiggsAnalysis/CombinedLimit/interface/HZZ4LRooPdfs.h")))  RooTwoETwoMuMassShapePdf2;
class __attribute__((annotate(R"ATTRDUMP(Your description goes here...)ATTRDUMP"))) __attribute__((annotate("$clingAutoload$HiggsAnalysis/CombinedLimit/interface/HZZ4LRooPdfs.h")))  RooFourMuMassRes;
class __attribute__((annotate(R"ATTRDUMP(Your description goes here...)ATTRDUMP"))) __attribute__((annotate("$clingAutoload$HiggsAnalysis/CombinedLimit/interface/HZZ4LRooPdfs.h")))  RooFourEMassRes;
class __attribute__((annotate(R"ATTRDUMP(Your description goes here...)ATTRDUMP"))) __attribute__((annotate("$clingAutoload$HiggsAnalysis/CombinedLimit/interface/HZZ4LRooPdfs.h")))  RooTwoETwoMuMassRes;
class __attribute__((annotate(R"ATTRDUMP(Your description goes here...)ATTRDUMP"))) __attribute__((annotate("$clingAutoload$HiggsAnalysis/CombinedLimit/interface/HZZ4LRooPdfs.h")))  RooRelBW1;
class __attribute__((annotate(R"ATTRDUMP(Your description goes here...)ATTRDUMP"))) __attribute__((annotate("$clingAutoload$HiggsAnalysis/CombinedLimit/interface/HZZ4LRooPdfs.h")))  RooRelBWUF;
class __attribute__((annotate(R"ATTRDUMP(Your description goes here...)ATTRDUMP"))) __attribute__((annotate("$clingAutoload$HiggsAnalysis/CombinedLimit/interface/HZZ4LRooPdfs.h")))  RooRelBWUF_SM4;
class __attribute__((annotate(R"ATTRDUMP(Your description goes here...)ATTRDUMP"))) __attribute__((annotate("$clingAutoload$HiggsAnalysis/CombinedLimit/interface/HZZ4LRooPdfs.h")))  RooRelBWUFParamWidth;
class __attribute__((annotate(R"ATTRDUMP(Your description goes here...)ATTRDUMP"))) __attribute__((annotate("$clingAutoload$HiggsAnalysis/CombinedLimit/interface/HZZ4LRooPdfs.h")))  RooRelBWUFParam;
class __attribute__((annotate(R"ATTRDUMP(Your description goes here...)ATTRDUMP"))) __attribute__((annotate("$clingAutoload$HiggsAnalysis/CombinedLimit/interface/HZZ4LRooPdfs.h")))  RooRelBWHighMass;
class __attribute__((annotate(R"ATTRDUMP(Your description goes here...)ATTRDUMP"))) __attribute__((annotate("$clingAutoload$HiggsAnalysis/CombinedLimit/interface/HZZ4LRooPdfs.h")))  RooTsallis;
class __attribute__((annotate("$clingAutoload$HiggsAnalysis/CombinedLimit/interface/HZZ4LRooPdfs.h")))  RooaDoubleCBxBW;
class __attribute__((annotate("$clingAutoload$HiggsAnalysis/CombinedLimit/interface/HZZ4LRooPdfs.h")))  RooCPSHighMassGGH;
class __attribute__((annotate("$clingAutoload$HiggsAnalysis/CombinedLimit/interface/HZZ4LRooPdfs.h")))  RooBWHighMassGGH;
class __attribute__((annotate("$clingAutoload$HiggsAnalysis/CombinedLimit/interface/HZZ4LRooPdfs.h")))  RooCPSHighMassGGHNoInterf;
class __attribute__((annotate("$clingAutoload$HiggsAnalysis/CombinedLimit/interface/HZZ4LRooPdfs.h")))  RooCPSHighMassVBF;
class __attribute__((annotate("$clingAutoload$HiggsAnalysis/CombinedLimit/interface/HZZ4LRooPdfs.h")))  RooCPSHighMassVBFNoInterf;
class __attribute__((annotate(R"ATTRDUMP(Your description goes here...)ATTRDUMP"))) __attribute__((annotate("$clingAutoload$HiggsAnalysis/CombinedLimit/interface/HZZ4LRooPdfs.h")))  RooSigPlusInt;
class __attribute__((annotate(R"ATTRDUMP(Your description goes here...)ATTRDUMP"))) __attribute__((annotate("$clingAutoload$HiggsAnalysis/CombinedLimit/interface/HWWLVJRooPdfs.h")))  RooErfExpPdf;
class __attribute__((annotate("$clingAutoload$HiggsAnalysis/CombinedLimit/interface/HWWLVJRooPdfs.h")))  RooAlpha;
class __attribute__((annotate("$clingAutoload$HiggsAnalysis/CombinedLimit/interface/HWWLVJRooPdfs.h")))  RooAlphaExp;
class __attribute__((annotate(R"ATTRDUMP(Your description goes here...)ATTRDUMP"))) __attribute__((annotate("$clingAutoload$HiggsAnalysis/CombinedLimit/interface/HWWLVJRooPdfs.h")))  RooBWRunPdf;
class __attribute__((annotate(R"ATTRDUMP(Your description goes here...)ATTRDUMP"))) __attribute__((annotate("$clingAutoload$HiggsAnalysis/CombinedLimit/interface/HWWLVJRooPdfs.h")))  RooErfPow2Pdf;
class __attribute__((annotate(R"ATTRDUMP(Your description goes here...)ATTRDUMP"))) __attribute__((annotate("$clingAutoload$HiggsAnalysis/CombinedLimit/interface/HWWLVJRooPdfs.h")))  RooAlpha4ErfPow2Pdf;
class __attribute__((annotate(R"ATTRDUMP(Your description goes here...)ATTRDUMP"))) __attribute__((annotate("$clingAutoload$HiggsAnalysis/CombinedLimit/interface/HWWLVJRooPdfs.h")))  RooErfPowExpPdf;
class __attribute__((annotate(R"ATTRDUMP(Your description goes here...)ATTRDUMP"))) __attribute__((annotate("$clingAutoload$HiggsAnalysis/CombinedLimit/interface/HWWLVJRooPdfs.h")))  RooAlpha4ErfPowExpPdf;
class __attribute__((annotate(R"ATTRDUMP(Your description goes here...)ATTRDUMP"))) __attribute__((annotate("$clingAutoload$HiggsAnalysis/CombinedLimit/interface/HWWLVJRooPdfs.h")))  RooGausExpPdf;
class __attribute__((annotate(R"ATTRDUMP(Your description goes here...)ATTRDUMP"))) __attribute__((annotate("$clingAutoload$HiggsAnalysis/CombinedLimit/interface/HWWLVJRooPdfs.h")))  RooAlpha4GausExpPdf;
class __attribute__((annotate(R"ATTRDUMP(Your description goes here...)ATTRDUMP"))) __attribute__((annotate("$clingAutoload$HiggsAnalysis/CombinedLimit/interface/HWWLVJRooPdfs.h")))  RooErfPowPdf;
class __attribute__((annotate(R"ATTRDUMP(Your description goes here...)ATTRDUMP"))) __attribute__((annotate("$clingAutoload$HiggsAnalysis/CombinedLimit/interface/HWWLVJRooPdfs.h")))  RooAlpha4ErfPowPdf;
class __attribute__((annotate(R"ATTRDUMP(Your description goes here...)ATTRDUMP"))) __attribute__((annotate("$clingAutoload$HiggsAnalysis/CombinedLimit/interface/HWWLVJRooPdfs.h")))  RooPow2Pdf;
class __attribute__((annotate(R"ATTRDUMP(Your description goes here...)ATTRDUMP"))) __attribute__((annotate("$clingAutoload$HiggsAnalysis/CombinedLimit/interface/HWWLVJRooPdfs.h")))  RooPowPdf;
class __attribute__((annotate(R"ATTRDUMP(Your description goes here...)ATTRDUMP"))) __attribute__((annotate("$clingAutoload$HiggsAnalysis/CombinedLimit/interface/HWWLVJRooPdfs.h")))  RooQCDPdf;
class __attribute__((annotate(R"ATTRDUMP(Your description goes here...)ATTRDUMP"))) __attribute__((annotate("$clingAutoload$HiggsAnalysis/CombinedLimit/interface/HWWLVJRooPdfs.h")))  RooUser1Pdf;
class __attribute__((annotate(R"ATTRDUMP(Your description goes here...)ATTRDUMP"))) __attribute__((annotate("$clingAutoload$HiggsAnalysis/CombinedLimit/interface/HWWLVJRooPdfs.h")))  RooExpNPdf;
class __attribute__((annotate(R"ATTRDUMP(Your description goes here...)ATTRDUMP"))) __attribute__((annotate("$clingAutoload$HiggsAnalysis/CombinedLimit/interface/HWWLVJRooPdfs.h")))  RooAlpha4ExpNPdf;
class __attribute__((annotate(R"ATTRDUMP(Your description goes here...)ATTRDUMP"))) __attribute__((annotate("$clingAutoload$HiggsAnalysis/CombinedLimit/interface/HWWLVJRooPdfs.h")))  RooExpTailPdf;
class __attribute__((annotate(R"ATTRDUMP(Your description goes here...)ATTRDUMP"))) __attribute__((annotate("$clingAutoload$HiggsAnalysis/CombinedLimit/interface/HWWLVJRooPdfs.h")))  RooAlpha4ExpTailPdf;
class __attribute__((annotate(R"ATTRDUMP(Your description goes here...)ATTRDUMP"))) __attribute__((annotate("$clingAutoload$HiggsAnalysis/CombinedLimit/interface/HWWLVJRooPdfs.h")))  Roo2ExpPdf;
class __attribute__((annotate(R"ATTRDUMP(Your description goes here...)ATTRDUMP"))) __attribute__((annotate("$clingAutoload$HiggsAnalysis/CombinedLimit/interface/HWWLVJRooPdfs.h")))  RooAlpha42ExpPdf;
class __attribute__((annotate(R"ATTRDUMP(Your description goes here...)ATTRDUMP"))) __attribute__((annotate("$clingAutoload$HiggsAnalysis/CombinedLimit/interface/HWWLVJRooPdfs.h")))  RooAnaExpNPdf;
class __attribute__((annotate("$clingAutoload$HiggsAnalysis/CombinedLimit/interface/HWWLVJRooPdfs.h")))  RooDoubleCrystalBall;
class __attribute__((annotate("$clingAutoload$HiggsAnalysis/CombinedLimit/interface/HZZ2L2QRooPdfs.h")))  RooCB;
class __attribute__((annotate("$clingAutoload$HiggsAnalysis/CombinedLimit/interface/HZZ2L2QRooPdfs.h")))  RooDoubleCB;
class __attribute__((annotate("$clingAutoload$HiggsAnalysis/CombinedLimit/interface/HZZ2L2QRooPdfs.h")))  RooFermi;
class __attribute__((annotate("$clingAutoload$HiggsAnalysis/CombinedLimit/interface/HZZ2L2QRooPdfs.h")))  RooRelBW;
class __attribute__((annotate("$clingAutoload$HiggsAnalysis/CombinedLimit/interface/HZZ2L2QRooPdfs.h")))  Triangle;
class __attribute__((annotate("$clingAutoload$HiggsAnalysis/CombinedLimit/interface/HZZ2L2QRooPdfs.h")))  RooLevelledExp;
class __attribute__((annotate(R"ATTRDUMP(Exponential PDF)ATTRDUMP"))) __attribute__((annotate("$clingAutoload$HiggsAnalysis/CombinedLimit/interface/HGGRooPdfs.h")))  RooPower;
class __attribute__((annotate(R"ATTRDUMP(Bernstein polynomial PDF with step function)ATTRDUMP"))) __attribute__((annotate("$clingAutoload$HiggsAnalysis/CombinedLimit/interface/HZGRooPdfs.h")))  RooStepBernstein;
class __attribute__((annotate(R"ATTRDUMP(Bernstein polynomial PDF with step function convoluted with gaussian)ATTRDUMP"))) __attribute__((annotate("$clingAutoload$HiggsAnalysis/CombinedLimi1.000000    -5.32551  +0.49447    1.000000
0.300000    +0.02056  -5.32551    0.300000
0.600000    -1.47000  +0.02056    0.300000
0.390000    -0.31296  -1.47000    0.090000
0.327000    -0.07050  -0.31296    0.027000
0.308100    -0.00438  -0.07050    0.008100
0.302430    +0.01345  -0.00438    0.002430
0.304860    +0.00643  +0.01345    0.002430
0.307290    -0.00174  +0.00643    0.002430
0.305589    +0.00407  -0.00174    0.000729
0.306318    +0.00163  +0.00407    0.000729
0.307047    -0.00088  +0.00163    0.000729
0.306537    +0.00088  -0.00088    0.000219
0.306755    +0.00013  +0.00088    0.000219
Searching for crossing at nll = 0.494473 in the interval 0, -10
      CMS_HWW_boosted_tf_dataResidual_CR1_Bin9      lvl-here  lvl-there   stepping
-1.000000    -3.25191  +0.49447    -1.000000
-0.300000    +0.07899  -3.25191    -0.300000
-0.600000    -1.01265  +0.07899    -0.300000
-0.390000    -0.18464  -1.01265    -0.090000
-0.327000    +0.00596  -0.18464    -0.027000
-0.354000    -0.07415  +0.00596    -0.027000
-0.335100    -0.01640  -0.07415    -0.008100
-0.329430    -0.00032  -0.01640    -0.002430

 --- MultiDimFit ---
Parameter impacts: 
  Parameter                                :   Best-fit               r            
  CMS_HWW_boosted_tf_dataResidual_CR1_Bin9 :   +0.000  -0.330/+0.307  -0.049/+0.057
Done in 5.89 min (cpu), 21.09 min (real)
Printing Message Summary From ... combine_logger.out
----------------------------------------------
Messages of type INFO : 898
Messages of type DEBUG : 0
Messages of type ERROR : 0
----------------------------------------------
INFO: (function: applyOptionsBase) FitterAlgoBase.cc: 113 -- Setting robust fit options to Tolerance=0.1 / Strategy=0 / Type,Algo=Minuit2,Migrad (note that defaults of CascadeMinimizer were taken where option not specified)
INFO: (function: run) Combine.cc: 676 -- Set floating the following parameters: 
INFO: (function: run) Combine.cc: 679  CMS_HWW_boosted_tf_dataResidual_CR1_Bin4 
INFO: (function: run) Combine.cc: 679  CMS_HWW_boosted_tf_dataResidual_CR2_Bin4 
INFO: (function: run) Combine.cc: 679  CMS_HWW_boosted_tf_dataResidual_CR1_Bin5 
INFO: (function: run) Combine.cc: 679  CMS_HWW_boosted_tf_dataResidual_CR2_Bin5 
INFO: (function: run) Combine.cc: 679  CMS_HWW_boosted_tf_dataResidual_CR1_Bin6 
INFO: (function: run) Combine.cc: 679  CMS_HWW_boosted_tf_dataResidual_CR2_Bin6 
INFO: (function: run) Combine.cc: 679  CMS_HWW_boosted_tf_dataResidual_CR1_Bin7 
INFO: (function: run) Combine.cc: 679  CMS_HWW_boosted_tf_dataResidual_CR2_Bin7 
INFO: (function: run) Combine.cc: 679  CMS_HWW_boosted_tf_dataResidual_CR1_Bin8 
INFO: (function: run) Combine.cc: 679  CMS_HWW_boosted_tf_dataResidual_CR2_Bin8 
INFO: (function: run) Combine.cc: 679  CMS_HWW_boosted_tf_dataResidual_CR1_Bin9 
INFO: (function: run) Combine.cc: 679  CMS_HWW_boosted_tf_dataResidual_CR2_Bin9 
INFO: (function: run) Combine.cc: 712 -- Freezing the following parameters: 
INFO: (function: run) Combine.cc: 715  BR_hww_In 
INFO: (function: run) Combine.cc: 715  CMS_HWW_FakeRate_EWK_SF_flavor_uncertainty_In 
INFO: (function: run) Combine.cc: 715  CMS_HWW_boosted_CR1_mcstat_bin0_In 
INFO: (function: run) Combine.cc: 715  CMS_HWW_boosted_CR1_mcstat_bin1_In 
INFO: (function: run) Combine.cc: 715  CMS_HWW_boosted_CR1_mcstat_bin10_In 
INFO: (function: run) Combine.cc: 715  CMS_HWW_boosted_CR1_mcstat_bin11_In 
INFO: (function: run) Combine.cc: 715  CMS_HWW_boosted_CR1_mcstat_bin12_In 
INFO: (function: run) Combine.cc: 715  CMS_HWW_boosted_CR1_mcstat_bin13_In 
INFO: (function: run) Combine.cc: 715  CMS_HWW_boosted_CR1_mcstat_bin14_In 
INFO: (function: run) Combine.cc: 715  CMS_HWW_boosted_CR1_mcstat_bin15_In 
INFO: (function: run) Combine.cc: 715  CMS_HWW_boosted_CR1_mcstat_bin16_In 
INFO: (function: run) Combine.cc: 715  CMS_HWW_boosted_CR1_mcstat_bin17_In 
INFO: (function: run) Combine.cc: 715  CMS_HWW_boosted_CR1_mcstat_bin18_In 
INFO: (function: run) Combine.cc: 715  CMS_HWW_boosted_CR1_mcstat_bin19_In 
INFO: (function: run) Combine.cc: 715  CMS_HWW_boosted_CR1_mcstat_bin2_In 
INFO: (function: run) Combine.cc: 715  CMS_HWW_boosted_CR1_mcstat_bin3_In 
INFO: (function: run) Combine.cc: 715  CMS_HWW_boosted_CR1_mcstat_bin4_In 
INFO: (function: run) Combine.cc: 715  CMS_HWW_boosted_CR1_mcstat_bin5_In 
INFO: (function: run) Combine.cc: 715  CMS_HWW_boosted_CR1_mcstat_bin6_In 
INFO: (function: run) Combine.cc: 715  CMS_HWW_boosted_CR1_mcstat_bin7_In 
INFO: (function: run) Combine.cc: 715  CMS_HWW_boosted_CR1_mcstat_bin8_In 
INFO: (function: run) Combine.cc: 715  CMS_HWW_boosted_CR1_mcstat_bin9_In 
INFO: (function: run) Combine.cc: 715  CMS_HWW_boosted_CR2_mcstat_bin0_In 
INFO: (function: run) Combine.cc: 715  CMS_HWW_boosted_CR2_mcstat_bin1_In 
INFO: (function: run) Combine.cc: 715  CMS_HWW_boosted_CR2_mcstat_bin10_In 
INFO: (function: run) Combine.cc: 715  CMS_HWW_boosted_CR2_mcstat_bin11_In 
INFO: (function: run) Combine.cc: 715  CMS_HWW_boosted_CR2_mcstat_bin12_In 
INFO: (function: run) Combine.cc: 715  CMS_HWW_boosted_CR2_mcstat_bin13_In 
INFO: (function: run) Combine.cc: 715  CMS_HWW_boosted_CR2_mcstat_bin14_In 
INFO: (function: run) Combine.cc: 715  CMS_HWW_boosted_CR2_mcstat_bin15_In 
INFO: (function: run) Combine.cc: 715  CMS_HWW_boosted_CR2_mcstat_bin16_In 
INFO: (function: run) Combine.cc: 715  CMS_HWW_boosted_CR2_mcstat_bin17_In 
INFO: (function: run) Combine.cc: 715  CMS_HWW_boosted_CR2_mcstat_bin18_In 
INFO: (function: run) Combine.cc: 715  CMS_HWW_boosted_CR2_mcstat_bin19_In 
INFO: (function: run) Combine.cc: 715  CMS_HWW_boosted_CR2_mcstat_bin2_In 
INFO: (function: run) Combine.cc: 715  CMS_HWW_boosted_CR2_mcstat_bin3_In 
INFO: (function: run) Combine.cc: 715  CMS_HWW_boosted_CR2_mcstat_bin4_In 
INFO: (function: run) Combine.cc: 715  CMS_HWW_boosted_CR2_mcstat_bin5_In 
INFO: (function: run) Combine.cc: 715  CMS_HWW_boosted_CR2_mcstat_bin6_In 
INFO: (function: run) Combine.cc: 715  CMS_HWW_boosted_CR2_mcstat_bin7_In 
INFO: (function: run) Combine.cc: 715  CMS_HWW_boosted_CR2_mcstat_bin8_In 
INFO: (function: run) Combine.cc: 715  CMS_HWW_boosted_CR2_mcstat_bin9_In 
INFO: (function: run) Combine.cc: 715  CMS_HWW_boosted_FakeRate_EWK_SF_statistical_uncertainty_In 
INFO: (function: run) Combine.cc: 715  CMS_HWW_boosted_FakeRate_statistical_uncertainty_In 
INFO: (function: run) Combine.cc: 715  CMS_HWW_boosted_Fake_SF_uncertainty_In 
INFO: (function: run) Combine.cc: 715  CMS_HWW_boosted_SR1_fail_mcstat_bin0_In 
INFO: (function: run) Combine.cc: 715  CMS_HWW_boosted_SR1_fail_mcstat_bin1_In 
INFO: (function: run) Combine.cc: 715  CMS_HWW_boosted_SR1_fail_mcstat_bin2_In 
INFO: (function: run) Combine.cc: 715  CMS_HWW_boosted_SR1_fail_mcstat_bin3_In 
INFO: (function: run) Combine.cc: 715  CMS_HWW_boosted_SR1_fail_mcstat_bin4_In 
INFO: (function: run) Combine.cc: 715  CMS_HWW_boosted_SR1_fail_mcstat_bin5_In 
INFO: (function: run) Combine.cc: 715  CMS_HWW_boosted_SR1_pass_mcstat_bin0_In 
INFO: (function: run) Combine.cc: 715  CMS_HWW_boosted_SR1_pass_mcstat_bin1_In 
INFO: (function: run) Combine.cc: 715  CMS_HWW_boosted_SR1_pass_mcstat_bin2_In 
INFO: (function: run) Combine.cc: 715  CMS_HWW_boosted_SR1_pass_mcstat_bin3_In 
INFO: (function: run) Combine.cc: 715  CMS_HWW_boosted_SR1_pass_mcstat_bin4_In 
INFO: (function: run) Combine.cc: 715  CMS_HWW_boosted_SR1_pass_mcstat_bin5_In 
INFO: (function: run) Combine.cc: 715  CMS_HWW_boosted_SR1a_mcstat_bin0_In 
INFO: (function: run) Combine.cc: 715  CMS_HWW_boosted_SR1a_mcstat_bin1_In 
INFO: (function: run) Combine.cc: 715  CMS_HWW_boosted_SR1a_mcstat_bin10_In 
INFO: (function: run) Combine.cc: 715  CMS_HWW_boosted_SR1a_mcstat_bin11_In 
INFO: (function: run) Combine.cc: 715  CMS_HWW_boosted_SR1a_mcstat_bin12_In 
INFO: (function: run) Combine.cc: 715  CMS_HWW_boosted_SR1a_mcstat_bin13_In 
INFO: (function: run) Combine.cc: 715  CMS_HWW_boosted_SR1a_mcstat_bin14_In 
INFO: (function: run) Combine.cc: 715  CMS_HWW_boosted_SR1a_mcstat_bin15_In 
INFO: (function: run) Combine.cc: 715  CMS_HWW_boosted_SR1a_mcstat_bin16_In 
INFO: (function: run) Combine.cc: 715  CMS_HWW_boosted_SR1a_mcstat_bin17_In 
INFO: (function: run) Combine.cc: 715  CMS_HWW_boosted_SR1a_mcstat_bin18_In 
INFO: (function: run) Combine.cc: 715  CMS_HWW_boosted_SR1a_mcstat_bin19_In 
INFO: (function: run) Combine.cc: 715  CMS_HWW_boosted_SR1a_mcstat_bin2_In 
INFO: (function: run) Combine.cc: 715  CMS_HWW_boosted_SR1a_mcstat_bin3_In 
INFO: (function: run) Combine.cc: 715  CMS_HWW_boosted_SR1a_mcstat_bin4_In 
INFO: (function: run) Combine.cc: 715  CMS_HWW_boosted_SR1a_mcstat_bin5_In 
INFO: (function: run) Combine.cc: 715  CMS_HWW_boosted_SR1a_mcstat_bin6_In 
INFO: (function: run) Combine.cc: 715  CMS_HWW_boosted_SR1a_mcstat_bin7_In 
INFO: (function: run) Combine.cc: 715  CMS_HWW_boosted_SR1a_mcstat_bin8_In 
INFO: (function: run) Combine.cc: 715  CMS_HWW_boosted_SR1a_mcstat_bin9_In 
INFO: (function: run) Combine.cc: 715  CMS_HWW_boosted_SR1b_mcstat_bin0_In 
INFO: (function: run) Combine.cc: 715  CMS_HWW_boosted_SR1b_mcstat_bin1_In 
INFO: (function: run) Combine.cc: 715  CMS_HWW_boosted_SR1b_mcstat_bin10_In 
INFO: (function: run) Combine.cc: 715  CMS_HWW_boosted_SR1b_mcstat_bin11_In 
INFO: (function: run) Combine.cc: 715  CMS_HWW_boosted_SR1b_mcstat_bin12_In 
INFO: (function: run) Combine.cc: 715  CMS_HWW_boosted_SR1b_mcstat_bin13_In 
INFO: (function: run) Combine.cc: 715  CMS_HWW_boosted_SR1b_mcstat_bin14_In 
INFO: (function: run) Combine.cc: 715  CMS_HWW_boosted_SR1b_mcstat_bin15_In 
INFO: (function: run) Combine.cc: 715  CMS_HWW_boosted_SR1b_mcstat_bin16_In 
INFO: (function: run) Combine.cc: 715  CMS_HWW_boosted_SR1b_mcstat_bin17_In 
INFO: (function: run) Combine.cc: 715  CMS_HWW_boosted_SR1b_mcstat_bin18_In 
INFO: (function: run) Combine.cc: 715  CMS_HWW_boosted_SR1b_mcstat_bin19_In 
INFO: (function: run) Combine.cc: 715  CMS_HWW_boosted_SR1b_mcstat_bin2_In 
INFO: (function: run) Combine.cc: 715  CMS_HWW_boosted_SR1b_mcstat_bin3_In 
INFO: (function: run) Combine.cc: 715  CMS_HWW_boosted_SR1b_mcstat_bin4_In 
INFO: (function: run) Combine.cc: 715  CMS_HWW_boosted_SR1b_mcstat_bin5_In 
INFO: (function: run) Combine.cc: 715  CMS_HWW_boosted_SR1b_mcstat_bin6_In 
INFO: (function: run) Combine.cc: 715  CMS_HWW_boosted_SR1b_mcstat_bin7_In 
INFO: (function: run) Combine.cc: 715  CMS_HWW_boosted_SR1b_mcstat_bin8_In 
INFO: (function: run) Combine.cc: 715  CMS_HWW_boosted_SR1b_mcstat_bin9_In 
INFO: (function: run) Combine.cc: 715  CMS_HWW_boosted_SR2a_WH_hww_mcstat_bin0_In 
INFO: (function: run) Combine.cc: 715  CMS_HWW_boosted_SR2a_WH_hww_mcstat_bin1_In 
INFO: (function: run) Combine.cc: 715  CMS_HWW_boosted_SR2a_WH_hww_mcstat_bin18_In 
INFO: (function: run) Combine.cc: 715  CMS_HWW_boosted_SR2a_ZH_hww_mcstat_bin0_In 
INFO: (function: run) Combine.cc: 715  CMS_HWW_boosted_SR2a_ZH_hww_mcstat_bin1_In 
INFO: (function: run) Combine.cc: 715  CMS_HWW_boosted_SR2a_ZH_hww_mcstat_bin18_In 
INFO: (function: run) Combine.cc: 715  CMS_HWW_boosted_SR2a_ggH_hww_mcstat_bin0_In 
INFO: (function: run) Combine.cc: 715  CMS_HWW_boosted_SR2a_ggH_hww_mcstat_bin1_In 
INFO: (function: run) Combine.cc: 715  CMS_HWW_boosted_SR2a_mcstat_bin10_In 
INFO: (function: run) Combine.cc: 715  CMS_HWW_boosted_SR2a_mcstat_bin11_In 
INFO: (function: run) Combine.cc: 715  CMS_HWW_boosted_SR2a_mcstat_bin12_In 
INFO: (function: run) Combine.cc: 715  CMS_HWW_boosted_SR2a_mcstat_bin13_In 
INFO: (function: run) Combine.cc: 715  CMS_HWW_boosted_SR2a_mcstat_bin14_In 
INFO: (function: run) Combine.cc: 715  CMS_HWW_boosted_SR2a_mcstat_bin15_In 
INFO: (function: run) Combine.cc: 715  CMS_HWW_boosted_SR2a_mcstat_bin16_In 
INFO: (function: run) Combine.cc: 715  CMS_HWW_boosted_SR2a_mcstat_bin17_In 
INFO: (function: run) Combine.cc: 715  CMS_HWW_boosted_SR2a_mcstat_bin19_In 
INFO: (function: run) Combine.cc: 715  CMS_HWW_boosted_SR2a_mcstat_bin2_In 
INFO: (function: run) Combine.cc: 715  CMS_HWW_boosted_SR2a_mcstat_bin3_In 
INFO: (function: run) Combine.cc: 715  CMS_HWW_boosted_SR2a_mcstat_bin4_In 
INFO: (function: run) Combine.cc: 715  CMS_HWW_boosted_SR2a_mcstat_bin5_In 
INFO: (function: run) Combine.cc: 715  CMS_HWW_boosted_SR2a_mcstat_bin6_In 
INFO: (function: run) Combine.cc: 715  CMS_HWW_boosted_SR2a_mcstat_bin7_In 
INFO: (function: run) Combine.cc: 715  CMS_HWW_boosted_SR2a_mcstat_bin8_In 
INFO: (function: run) Combine.cc: 715  CMS_HWW_boosted_SR2a_mcstat_bin9_In 
INFO: (function: run) Combine.cc: 715  CMS_HWW_boosted_SR2a_qqH_hww_mcstat_bin0_In 
INFO: (function: run) Combine.cc: 715  CMS_HWW_boosted_SR2a_qqH_hww_mcstat_bin1_In 
INFO: (function: run) Combine.cc: 715  CMS_HWW_boosted_SR2a_rest_bkg_mcstat_bin1_In 
INFO: (function: run) Combine.cc: 715  CMS_HWW_boosted_SR2a_rest_bkg_mcstat_bin18_In 
INFO: (function: run) Combine.cc: 715  CMS_HWW_boosted_SR2a_single_top_mcstat_bin18_In 
INFO: (function: run) Combine.cc: 715  CMS_HWW_boosted_SR2a_ttH_hww_mcstat_bin0_In 
INFO: (function: run) Combine.cc: 715  CMS_HWW_boosted_SR2a_ttH_hww_mcstat_bin1_In 
INFO: (function: run) Combine.cc: 715  CMS_HWW_boosted_SR2a_ttH_hww_mcstat_bin18_In 
INFO: (function: run) Combine.cc: 715  CMS_HWW_boosted_SR2a_ttbar_mcstat_bin0_In 
INFO: (function: run) Combine.cc: 715  CMS_HWW_boosted_SR2a_ttbar_mcstat_bin1_In 
INFO: (function: run) Combine.cc: 715  CMS_HWW_boosted_SR2a_ttbar_mcstat_bin18_In 
INFO: (function: run) Combine.cc: 715  CMS_HWW_boosted_SR2a_wjets_mcstat_bin0_In 
INFO: (function: run) Combine.cc: 715  CMS_HWW_boosted_SR2a_wjets_mcstat_bin1_In 
INFO: (function: run) Combine.cc: 715  CMS_HWW_boosted_SR2a_wjets_mcstat_bin18_In 
INFO: (function: run) Combine.cc: 715  CMS_HWW_boosted_SR2b_mcstat_bin0_In 
INFO: (function: run) Combine.cc: 715  CMS_HWW_boosted_SR2b_mcstat_bin1_In 
INFO: (function: run) Combine.cc: 715  CMS_HWW_boosted_SR2b_mcstat_bin10_In 
INFO: (function: run) Combine.cc: 715  CMS_HWW_boosted_SR2b_mcstat_bin11_In 
INFO: (function: run) Combine.cc: 715  CMS_HWW_boosted_SR2b_mcstat_bin12_In 
INFO: (function: run) Combine.cc: 715  CMS_HWW_boosted_SR2b_mcstat_bin13_In 
INFO: (function: run) Combine.cc: 715  CMS_HWW_boosted_SR2b_mcstat_bin14_In 
INFO: (function: run) Combine.cc: 715  CMS_HWW_boosted_SR2b_mcstat_bin15_In 
INFO: (function: run) Combine.cc: 715  CMS_HWW_boosted_SR2b_mcstat_bin16_In 
INFO: (function: run) Combine.cc: 715  CMS_HWW_boosted_SR2b_mcstat_bin17_In 
INFO: (function: run) Combine.cc: 715  CMS_HWW_boosted_SR2b_mcstat_bin18_In 
INFO: (function: run) Combine.cc: 715  CMS_HWW_boosted_SR2b_mcstat_bin19_In 
INFO: (function: run) Combine.cc: 715  CMS_HWW_boosted_SR2b_mcstat_bin2_In 
INFO: (function: run) Combine.cc: 715  CMS_HWW_boosted_SR2b_mcstat_bin3_In 
INFO: (function: run) Combine.cc: 715  CMS_HWW_boosted_SR2b_mcstat_bin4_In 
INFO: (function: run) Combine.cc: 715  CMS_HWW_boosted_SR2b_mcstat_bin5_In 
INFO: (function: run) Combine.cc: 715  CMS_HWW_boosted_SR2b_mcstat_bin6_In 
INFO: (function: run) Combine.cc: 715  CMS_HWW_boosted_SR2b_mcstat_bin7_In 
INFO: (function: run) Combine.cc: 715  CMS_HWW_boosted_SR2b_mcstat_bin8_In 
INFO: (function: run) Combine.cc: 715  CMS_HWW_boosted_SR2b_mcstat_bin9_In 
INFO: (function: run) Combine.cc: 715  CMS_HWW_boosted_TopCR_fail_mcstat_bin0_In 
INFO: (function: run) Combine.cc: 715  CMS_HWW_boosted_TopCR_fail_mcstat_bin1_In 
INFO: (function: run) Combine.cc: 715  CMS_HWW_boosted_TopCR_fail_mcstat_bin2_In 
INFO: (function: run) Combine.cc: 715  CMS_HWW_boosted_TopCR_fail_mcstat_bin3_In 
INFO: (function: run) Combine.cc: 715  CMS_HWW_boosted_TopCR_fail_mcstat_bin4_In 
INFO: (function: run) Combine.cc: 715  CMS_HWW_boosted_TopCR_fail_mcstat_bin5_In 
INFO: (function: run) Combine.cc: 715  CMS_HWW_boosted_TopCR_mcstat_bin0_In 
INFO: (function: run) Combine.cc: 715  CMS_HWW_boosted_TopCR_mcstat_bin1_In 
INFO: (function: run) Combine.cc: 715  CMS_HWW_boosted_TopCR_mcstat_bin2_In 
INFO: (function: run) Combine.cc: 715  CMS_HWW_boosted_TopCR_mcstat_bin3_In 
INFO: (function: run) Combine.cc: 715  CMS_HWW_boosted_TopCR_mcstat_bin4_In 
INFO: (function: run) Combine.cc: 715  CMS_HWW_boosted_TopCR_mcstat_bin5_In 
INFO: (function: run) Combine.cc: 715  CMS_HWW_boosted_TopCR_mcstat_bin6_In 
INFO: (function: run) Combine.cc: 715  CMS_HWW_boosted_TopCR_mcstat_bin7_In 
INFO: (function: run) Combine.cc: 715  CMS_HWW_boosted_TopCR_mcstat_bin8_In 
INFO: (function: run) Combine.cc: 715  CMS_HWW_boosted_TopCR_pass_mcstat_bin0_In 
INFO: (function: run) Combine.cc: 715  CMS_HWW_boosted_TopCR_pass_mcstat_bin1_In 
INFO: (function: run) Combine.cc: 715  CMS_HWW_boosted_TopCR_pass_mcstat_bin2_In 
INFO: (function: run) Combine.cc: 715  CMS_HWW_boosted_TopCR_pass_mcstat_bin3_In 
INFO: (function: run) Combine.cc: 715  CMS_HWW_boosted_TopCR_pass_mcstat_bin4_In 
INFO: (function: run) Combine.cc: 715  CMS_HWW_boosted_TopCR_pass_mcstat_bin5_In 
INFO: (function: run) Combine.cc: 715  CMS_HWW_boosted_TopPtReweight_In 
INFO: (function: run) Combine.cc: 715  CMS_HWW_boosted_VBF_mcstat_bin0_In 
INFO: (function: run) Combine.cc: 715  CMS_HWW_boosted_VBF_mcstat_bin1_In 
INFO: (function: run) Combine.cc: 715  CMS_HWW_boosted_VBF_mcstat_bin2_In 
INFO: (function: run) Combine.cc: 715  CMS_HWW_boosted_VBF_mcstat_bin3_In 
INFO: (function: run) Combine.cc: 715  CMS_HWW_boosted_VBF_mcstat_bin4_In 
INFO: (function: run) Combine.cc: 715  CMS_HWW_boosted_VBF_mcstat_bin5_In 
INFO: (function: run) Combine.cc: 715  CMS_HWW_boosted_VBF_mcstat_bin6_In 
INFO: (function: run) Combine.cc: 715  CMS_HWW_boosted_VBF_mcstat_bin7_In 
INFO: (function: run) Combine.cc: 715  CMS_HWW_boosted_VBF_mcstat_bin8_In 
INFO: (function: run) Combine.cc: 715  CMS_HWW_boosted_WJetsCR_mcstat_bin0_In 
INFO: (function: run) Combine.cc: 715  CMS_HWW_boosted_WJetsCR_mcstat_bin1_In 
INFO: (function: run) Combine.cc: 715  CMS_HWW_boosted_WJetsCR_mcstat_bin2_In 
INFO: (function: run) Combine.cc: 715  CMS_HWW_boosted_WJetsCR_mcstat_bin3_In 
INFO: (function: run) Combine.cc: 715  CMS_HWW_boosted_WJetsCR_mcstat_bin4_In 
INFO: (function: run) Combine.cc: 715  CMS_HWW_boosted_WJetsCR_mcstat_bin5_In 
INFO: (function: run) Combine.cc: 715  CMS_HWW_boosted_WJetsCR_mcstat_bin6_In 
INFO: (function: run) Combine.cc: 715  CMS_HWW_boosted_WJetsCR_mcstat_bin7_In 
INFO: (function: run) Combine.cc: 715  CMS_HWW_boosted_WJetsCR_mcstat_bin8_In 
INFO: (function: run) Combine.cc: 715  CMS_HWW_boosted_W_d1kappa_EW_In 
INFO: (function: run) Combine.cc: 715  CMS_HWW_boosted_W_d2kappa_EW_In 
INFO: (function: run) Combine.cc: 715  CMS_HWW_boosted_W_d3kappa_EW_In 
INFO: (function: run) Combine.cc: 715  CMS_HWW_boosted_Z_d2kappa_EW_In 
INFO: (function: run) Combine.cc: 715  CMS_HWW_boosted_Z_d3kappa_EW_In 
INFO: (function: run) Combine.cc: 715  CMS_HWW_boosted_btagSFbcCorrelated_In 
INFO: (function: run) Combine.cc: 715  CMS_HWW_boosted_btagSFbcCorrelated_2016_In 
INFO: (function: run) Combine.cc: 715  CMS_HWW_boosted_btagSFbcCorrelated_2016APV_In 
INFO: (function: run) Combine.cc: 715  CMS_HWW_boosted_btagSFbcCorrelated_2017_In 
INFO: (function: run) Combine.cc: 715  CMS_HWW_boosted_btagSFbcCorrelated_2018_In 
INFO: (function: run) Combine.cc: 715  CMS_HWW_boosted_btagSFbc_2016_In 
INFO: (function: run) Combine.cc: 715  CMS_HWW_boosted_btagSFbc_2016APV_In 
INFO: (function: run) Combine.cc: 715  CMS_HWW_boosted_btagSFbc_2017_In 
INFO: (function: run) Combine.cc: 715  CMS_HWW_boosted_btagSFbc_2018_In 
INFO: (function: run) Combine.cc: 715  CMS_HWW_boosted_btagSFlightCorrelated_In 
INFO: (function: run) Combine.cc: 715  CMS_HWW_boosted_btagSFlightCorrelated_2016_In 
INFO: (function: run) Combine.cc: 715  CMS_HWW_boosted_btagSFlightCorrelated_2016APV_In 
INFO: (function: run) Combine.cc: 715  CMS_HWW_boosted_btagSFlightCorrelated_2017_In 
INFO: (function: run) Combine.cc: 715  CMS_HWW_boosted_btagSFlightCorrelated_2018_In 
INFO: (function: run) Combine.cc: 715  CMS_HWW_boosted_btagSFlight_2016_In 
INFO: (function: run) Combine.cc: 715  CMS_HWW_boosted_btagSFlight_2016APV_In 
INFO: (function: run) Combine.cc: 715  CMS_HWW_boosted_btagSFlight_2017_In 
INFO: (function: run) Combine.cc: 715  CMS_HWW_boosted_btagSFlight_2018_In 
INFO: (function: run) Combine.cc: 715  CMS_HWW_boosted_d1K_NLO_In 
INFO: (function: run) Combine.cc: 715  CMS_HWW_boosted_d2K_NLO_In 
INFO: (function: run) Combine.cc: 715  CMS_HWW_boosted_d3K_NLO_In 
INFO: (function: run) Combine.cc: 715  CMS_HWW_boosted_ele_identification_In 
INFO: (function: run) Combine.cc: 715  CMS_HWW_boosted_ele_identification_2016_In 
INFO: (function: run) Combine.cc: 715  CMS_HWW_boosted_ele_identification_2016APV_In 
INFO: (function: run) Combine.cc: 715  CMS_HWW_boosted_ele_identification_2017_In 
INFO: (function: run) Combine.cc: 715  CMS_HWW_boosted_ele_identification_2018_In 
INFO: (function: run) Combine.cc: 715  CMS_HWW_boosted_ele_reconstruction_In 
INFO: (function: run) Combine.cc: 715  CMS_HWW_boosted_ele_reconstruction_2016_In 
INFO: (function: run) Combine.cc: 715  CMS_HWW_boosted_ele_reconstruction_2016APV_In 
INFO: (function: run) Combine.cc: 715  CMS_HWW_boosted_ele_reconstruction_2017_In 
INFO: (function: run) Combine.cc: 715  CMS_HWW_boosted_ele_reconstruction_2018_In 
INFO: (function: run) Combine.cc: 715  CMS_HWW_boosted_ele_trigger_stat_unc_2016_In 
INFO: (function: run) Combine.cc: 715  CMS_HWW_boosted_ele_trigger_stat_unc_2016APV_In 
INFO: (function: run) Combine.cc: 715  CMS_HWW_boosted_ele_trigger_stat_unc_2017_In 
INFO: (function: run) Combine.cc: 715  CMS_HWW_boosted_ele_trigger_stat_unc_2018_In 
INFO: (function: run) Combine.cc: 715  CMS_HWW_boosted_ele_trigger_syst_unc_In 
INFO: (function: run) Combine.cc: 715  CMS_HWW_boosted_electron_veto_In 
INFO: (function: run) Combine.cc: 715  CMS_HWW_boosted_ggFpt250to350_mcstat_bin0_In 
INFO: (function: run) Combine.cc: 715  CMS_HWW_boosted_ggFpt250to350_mcstat_bin1_In 
INFO: (function: run) Combine.cc: 715  CMS_HWW_boosted_ggFpt250to350_mcstat_bin2_In 
INFO: (function: run) Combine.cc: 715  CMS_HWW_boosted_ggFpt250to350_mcstat_bin3_In 
INFO: (function: run) Combine.cc: 715  CMS_HWW_boosted_ggFpt250to350_mcstat_bin4_In 
INFO: (function: run) Combine.cc: 715  CMS_HWW_boosted_ggFpt250to350_mcstat_bin5_In 
INFO: (function: run) Combine.cc: 715  CMS_HWW_boosted_ggFpt250to350_mcstat_bin6_In 
INFO: (function: run) Combine.cc: 715  CMS_HWW_boosted_ggFpt250to350_mcstat_bin7_In 
INFO: (function: run) Combine.cc: 715  CMS_HWW_boosted_ggFpt250to350_mcstat_bin8_In 
INFO: (function: run) Combine.cc: 715  CMS_HWW_boosted_ggFpt350to500_mcstat_bin0_In 
INFO: (function: run) Combine.cc: 715  CMS_HWW_boosted_ggFpt350to500_mcstat_bin1_In 
INFO: (function: run) Combine.cc: 715  CMS_HWW_boosted_ggFpt350to500_mcstat_bin2_In 
INFO: (function: run) Combine.cc: 715  CMS_HWW_boosted_ggFpt350to500_mcstat_bin3_In 
INFO: (function: run) Combine.cc: 715  CMS_HWW_boosted_ggFpt350to500_mcstat_bin4_In 
INFO: (function: run) Combine.cc: 715  CMS_HWW_boosted_ggFpt350to500_mcstat_bin5_In 
INFO: (function: run) Combine.cc: 715  CMS_HWW_boosted_ggFpt350to500_mcstat_bin6_In 
INFO: (function: run) Combine.cc: 715  CMS_HWW_boosted_ggFpt350to500_mcstat_bin7_In 
INFO: (function: run) Combine.cc: 715  CMS_HWW_boosted_ggFpt350to500_mcstat_bin8_In 
INFO: (function: run) Combine.cc: 715  CMS_HWW_boosted_ggFpt500toInf_mcstat_bin0_In 
INFO: (function: run) Combine.cc: 715  CMS_HWW_boosted_ggFpt500toInf_mcstat_bin1_In 
INFO: (function: run) Combine.cc: 715  CMS_HWW_boosted_ggFpt500toInf_mcstat_bin2_In 
INFO: (function: run) Combine.cc: 715  CMS_HWW_boosted_ggFpt500toInf_mcstat_bin3_In 
INFO: (function: run) Combine.cc: 715  CMS_HWW_boosted_ggFpt500toInf_mcstat_bin4_In 
INFO: (function: run) Combine.cc: 715  CMS_HWW_boosted_ggFpt500toInf_mcstat_bin5_In 
INFO: (function: run) Combine.cc: 715  CMS_HWW_boosted_ggFpt500toInf_mcstat_bin6_In 
INFO: (function: run) Combine.cc: 715  CMS_HWW_boosted_ggFpt500toInf_mcstat_bin7_In 
INFO: (function: run) Combine.cc: 715  CMS_HWW_boosted_ggFpt500toInf_mcstat_bin8_In 
INFO: (function: run) Combine.cc: 715  CMS_HWW_boosted_jmr_2016_In 
INFO: (function: run) Combine.cc: 715  CMS_HWW_boosted_jmr_2016APV_In 
INFO: (function: run) Combine.cc: 715  CMS_HWW_boosted_jmr_2017_In 
INFO: (function: run) Combine.cc: 715  CMS_HWW_boosted_jmr_2018_In 
INFO: (function: run) Combine.cc: 715  CMS_HWW_boosted_jms_2016_In 
INFO: (function: run) Combine.cc: 715  CMS_HWW_boosted_jms_2016APV_In 
INFO: (function: run) Combine.cc: 715  CMS_HWW_boosted_jms_2017_In 
INFO: (function: run) Combine.cc: 715  CMS_HWW_boosted_jms_2018_In 
INFO: (function: run) Combine.cc: 715  CMS_HWW_boosted_lp_sf_region_a_In 
INFO: (function: run) Combine.cc: 715  CMS_HWW_boosted_lp_sf_region_b_In 
INFO: (function: run) Combine.cc: 715  CMS_HWW_boosted_miniisolation_SF_unc_In 
INFO: (function: run) Combine.cc: 715  CMS_HWW_boosted_mu_identification_stat_2016_In 
INFO: (function: run) Combine.cc: 715  CMS_HWW_boosted_mu_identification_stat_2016APV_In 
INFO: (function: run) Combine.cc: 715  CMS_HWW_boosted_mu_identification_stat_2017_In 
INFO: (function: run) Combine.cc: 715  CMS_HWW_boosted_mu_identification_stat_2018_In 
INFO: (function: run) Combine.cc: 715  CMS_HWW_boosted_mu_identification_syst_In 
INFO: (function: run) Combine.cc: 715  CMS_HWW_boosted_mu_isolation_In 
INFO: (function: run) Combine.cc: 715  CMS_HWW_boosted_mu_trigger_In 
INFO: (function: run) Combine.cc: 715  CMS_HWW_boosted_mu_trigger_iso_In 
INFO: (function: run) Combine.cc: 715  CMS_HWW_boosted_rest_bkg_rate_In 
INFO: (function: run) Combine.cc: 715  CMS_HWW_boosted_single_top_rate_In 
INFO: (function: run) Combine.cc: 715  CMS_HWW_boosted_tagger_In 
INFO: (function: run) Combine.cc: 715  CMS_HWW_boosted_taggereff_In 
INFO: (function: run) Combine.cc: 715  CMS_HWW_boosted_top_reweighting_In 
INFO: (function: run) Combine.cc: 715  CMS_HWW_boosted_triggerEffSF_uncorrelated_In 
INFO: (function: run) Combine.cc: 715  CMS_HWW_boosted_ttbar_rate_In 
INFO: (function: run) Combine.cc: 715  CMS_HWW_boosted_veff_2016_In 
INFO: (function: run) Combine.cc: 715  CMS_HWW_boosted_veff_2016APV_In 
INFO: (function: run) Combine.cc: 715  CMS_HWW_boosted_veff_2017_In 
INFO: (function: run) Combine.cc: 715  CMS_HWW_boosted_veff_2018_In 
INFO: (function: run) Combine.cc: 715  CMS_HWW_boosted_wjets_rate_In 
INFO: (function: run) Combine.cc: 715  CMS_l1_ecal_prefiring_2016_In 
INFO: (function: run) Combine.cc: 715  CMS_l1_ecal_prefiring_2016APV_In 
INFO: (function: run) Combine.cc: 715  CMS_l1_ecal_prefiring_2017_In 
INFO: (function: run) Combine.cc: 715  CMS_lumi_13TeV_1718_In 
INFO: (function: run) Combine.cc: 715  CMS_lumi_13TeV_2016_In 
INFO: (function: run) Combine.cc: 715  CMS_lumi_13TeV_2016APV_In 
INFO: (function: run) Combine.cc: 715  CMS_lumi_13TeV_2017_In 
INFO: (function: run) Combine.cc: 715  CMS_lumi_13TeV_2018_In 
INFO: (function: run) Combine.cc: 715  CMS_lumi_13TeV_correlated_In 
INFO: (function: run) Combine.cc: 715  CMS_pileup_2016_In 
INFO: (function: run) Combine.cc: 715  CMS_pileup_2016APV_In 
INFO: (function: run) Combine.cc: 715  CMS_pileup_2017_In 
INFO: (function: run) Combine.cc: 715  CMS_pileup_2018_In 
INFO: (function: run) Combine.cc: 715  CMS_pileup_id_In 
INFO: (function: run) Combine.cc: 715  CMS_res_j_2016_In 
INFO: (function: run) Combine.cc: 715  CMS_res_j_2016APV_In 
INFO: (function: run) Combine.cc: 715  CMS_res_j_2017_In 
INFO: (function: run) Combine.cc: 715  CMS_res_j_2018_In 
INFO: (function: run) Combine.cc: 715  CMS_scale_j_Abs_In 
INFO: (function: run) Combine.cc: 715  CMS_scale_j_Abs_2016_In 
INFO: (function: run) Combine.cc: 715  CMS_scale_j_Abs_2016APV_In 
INFO: (function: run) Combine.cc: 715  CMS_scale_j_Abs_2017_In 
INFO: (function: run) Combine.cc: 715  CMS_scale_j_Abs_2018_In 
INFO: (function: run) Combine.cc: 715  CMS_scale_j_BBEC1_In 
INFO: (function: run) Combine.cc: 715  CMS_scale_j_BBEC1_2016_In 
INFO: (function: run) Combine.cc: 715  CMS_scale_j_BBEC1_2016APV_In 
INFO: (function: run) Combine.cc: 715  CMS_scale_j_BBEC1_2017_In 
INFO: (function: run) Combine.cc: 715  CMS_scale_j_BBEC1_2018_In 
INFO: (function: run) Combine.cc: 715  CMS_scale_j_EC2_In 
INFO: (function: run) Combine.cc: 715  CMS_scale_j_EC2_2016_In 
INFO: (function: run) Combine.cc: 715  CMS_scale_j_EC2_2016APV_In 
INFO: (function: run) Combine.cc: 715  CMS_scale_j_EC2_2017_In 
INFO: (function: run) Combine.cc: 715  CMS_scale_j_EC2_2018_In 
INFO: (function: run) Combine.cc: 715  CMS_scale_j_FlavQCD_In 
INFO: (function: run) Combine.cc: 715  CMS_scale_j_HF_In 
INFO: (function: run) Combine.cc: 715  CMS_scale_j_HF_2016_In 
INFO: (function: run) Combine.cc: 715  CMS_scale_j_HF_2016APV_In 
INFO: (function: run) Combine.cc: 715  CMS_scale_j_HF_2017_In 
INFO: (function: run) Combine.cc: 715  CMS_scale_j_HF_2018_In 
INFO: (function: run) Combine.cc: 715  CMS_scale_j_RelBal_In 
INFO: (function: run) Combine.cc: 715  CMS_scale_j_RelSample_2016_In 
INFO: (function: run) Combine.cc: 715  CMS_scale_j_RelSample_2016APV_In 
INFO: (function: run) Combine.cc: 715  CMS_scale_j_RelSample_2017_In 
INFO: (function: run) Combine.cc: 715  CMS_scale_j_RelSample_2018_In 
INFO: (function: run) Combine.cc: 715  PDF_WH_ACCEPT_CMS_HWW_boosted_In 
INFO: (function: run) Combine.cc: 715  PDF_ZH_ACCEPT_CMS_HWW_boosted_In 
INFO: (function: run) Combine.cc: 715  PDF_ggH_ACCEPT_CMS_HWW_boosted_In 
INFO: (function: run) Combine.cc: 715  PDF_qqH_ACCEPT_CMS_HWW_boosted_In 
INFO: (function: run) Combine.cc: 715  PDF_single_top_ACCEPT_CMS_HWW_boosted_In 
INFO: (function: run) Combine.cc: 715  PDF_singletop_ACCEPT_CMS_HWW_boosted_In 
INFO: (function: run) Combine.cc: 715  PDF_ttH_ACCEPT_CMS_HWW_boosted_In 
INFO: (function: run) Combine.cc: 715  PDF_ttbar_ACCEPT_CMS_HWW_boosted_In 
INFO: (function: run) Combine.cc: 715  PDF_wjets_ACCEPT_CMS_HWW_boosted_In 
INFO: (function: run) Combine.cc: 715  QCDscale_VBF_In 
INFO: (function: run) Combine.cc: 715  QCDscale_WH_In 
INFO: (function: run) Combine.cc: 715  QCDscale_WH_ACCEPT_CMS_HWW_boosted_In 
INFO: (function: run) Combine.cc: 715  QCDscale_ZH_In 
INFO: (function: run) Combine.cc: 715  QCDscale_ZH_ACCEPT_CMS_HWW_boosted_In 
INFO: (function: run) Combine.cc: 715  QCDscale_ggF_In 
INFO: (function: run) Combine.cc: 715  QCDscale_ggH_In 
INFO: (function: run) Combine.cc: 715  QCDscale_ggH_ACCEPT_CMS_HWW_boosted_In 
INFO: (function: run) Combine.cc: 715  QCDscale_qqH_In 
INFO: (function: run) Combine.cc: 715  QCDscale_qqH_ACCEPT_CMS_HWW_boosted_In 
INFO: (function: run) Combine.cc: 715  QCDscale_rest_bkg_In 
INFO: (function: run) Combine.cc: 715  QCDscale_single_top_In 
INFO: (function: run) Combine.cc: 715  QCDscale_single_top_ACCEPT_CMS_HWW_boosted_In 
INFO: (function: run) Combine.cc: 715  QCDscale_singletop_ACCEPT_CMS_HWW_boosted_In 
INFO: (function: run) Combine.cc: 715  QCDscale_ttH_In 
INFO: (function: run) Combine.cc: 715  QCDscale_ttH_ACCEPT_CMS_HWW_boosted_In 
INFO: (function: run) Combine.cc: 715  QCDscale_ttbar_In 
INFO: (function: run) Combine.cc: 715  QCDscale_ttbar_ACCEPT_CMS_HWW_boosted_In 
INFO: (function: run) Combine.cc: 715  QCDscale_wjets_In 
INFO: (function: run) Combine.cc: 715  QCDscale_wjets_ACCEPT_CMS_HWW_boosted_In 
INFO: (function: run) Combine.cc: 715  alpha_s_In 
INFO: (function: run) Combine.cc: 715  lumi_13TeV_1718_In 
INFO: (function: run) Combine.cc: 715  lumi_13TeV_2016_In 
INFO: (function: run) Combine.cc: 715  lumi_13TeV_2017_In 
INFO: (function: run) Combine.cc: 715  lumi_13TeV_2018_In 
INFO: (function: run) Combine.cc: 715  lumi_13TeV_correlated_In 
INFO: (function: run) Combine.cc: 715  pdf_Higgs_WH_In 
INFO: (function: run) Combine.cc: 715  pdf_Higgs_ZH_In 
INFO: (function: run) Combine.cc: 715  pdf_Higgs_ggH_In 
INFO: (function: run) Combine.cc: 715  pdf_Higgs_qqH_In 
INFO: (function: run) Combine.cc: 715  pdf_Higgs_ttH_In 
INFO: (function: run) Combine.cc: 715  pdf_rest_bkg_In 
INFO: (function: run) Combine.cc: 715  pdf_single_top_In 
INFO: (function: run) Combine.cc: 715  pdf_ttbar_In 
INFO: (function: run) Combine.cc: 715  pdf_wjets_In 
INFO: (function: run) Combine.cc: 715  ps_fsr_WH_In 
INFO: (function: run) Combine.cc: 715  ps_fsr_ZH_In 
INFO: (function: run) Combine.cc: 715  ps_fsr_ggH_In 
INFO: (function: run) Combine.cc: 715  ps_fsr_qqH_In 
INFO: (function: run) Combine.cc: 715  ps_fsr_rest_bkg_In 
INFO: (function: run) Combine.cc: 715  ps_fsr_single_top_In 
INFO: (function: run) Combine.cc: 715  ps_fsr_singletop_In 
INFO: (function: run) Combine.cc: 715  ps_fsr_ttH_In 
INFO: (function: run) Combine.cc: 715  ps_fsr_ttbar_In 
INFO: (function: run) Combine.cc: 715  ps_fsr_wjets_In 
INFO: (function: run) Combine.cc: 715  ps_isr_WH_In 
INFO: (function: run) Combine.cc: 715  ps_isr_ZH_In 
INFO: (function: run) Combine.cc: 715  ps_isr_ggH_In 
INFO: (function: run) Combine.cc: 715  ps_isr_qqH_In 
INFO: (function: run) Combine.cc: 715  ps_isr_rest_bkg_In 
INFO: (function: run) Combine.cc: 715  ps_isr_single_top_In 
INFO: (function: run) Combine.cc: 715  ps_isr_singletop_In 
INFO: (function: run) Combine.cc: 715  ps_isr_ttH_In 
INFO: (function: run) Combine.cc: 715  ps_isr_ttbar_In 
INFO: (function: run) Combine.cc: 715  ps_isr_wjets_In 
INFO: (function: run) Combine.cc: 715  unclustered_Energy_In 
INFO: (function: run) Combine.cc: 715  shapeBkg_ttbar_CR1__norm 
INFO: (function: run) Combine.cc: 715  shapeBkg_single_top_CR1__norm 
INFO: (function: run) Combine.cc: 715  shapeBkg_wjets_CR1__norm 
INFO: (function: run) Combine.cc: 715  shapeBkg_rest_bkg_CR1__norm 
INFO: (function: run) Combine.cc: 715  shapeBkg_ttbar_CR1Blinded__norm 
INFO: (function: run) Combine.cc: 715  shapeBkg_single_top_CR1Blinded__norm 
INFO: (function: run) Combine.cc: 715  shapeBkg_wjets_CR1Blinded__norm 
INFO: (function: run) Combine.cc: 715  shapeBkg_rest_bkg_CR1Blinded__norm 
INFO: (function: run) Combine.cc: 715  shapeSig_ggH_hww_SR1a__norm 
INFO: (function: run) Combine.cc: 715  shapeSig_qqH_hww_SR1a__norm 
INFO: (function: run) Combine.cc: 715  shapeSig_WH_hww_SR1a__norm 
INFO: (function: run) Combine.cc: 715  shapeSig_ZH_hww_SR1a__norm 
INFO: (function: run) Combine.cc: 715  shapeSig_ttH_hww_SR1a__norm 
INFO: (function: run) Combine.cc: 715  shapeBkg_ttbar_SR1a__norm 
INFO: (function: run) Combine.cc: 715  shapeBkg_single_top_SR1a__norm 
INFO: (function: run) Combine.cc: 715  shapeBkg_wjets_SR1a__norm 
INFO: (function: run) Combine.cc: 715  shapeBkg_rest_bkg_SR1a__norm 
INFO: (function: run) Combine.cc: 715  shapeSig_ggH_hww_SR1aBlinded__norm 
INFO: (function: run) Combine.cc: 715  shapeSig_qqH_hww_SR1aBlinded__norm 
INFO: (function: run) Combine.cc: 715  shapeSig_WH_hww_SR1aBlinded__norm 
INFO: (function: run) Combine.cc: 715  shapeSig_ZH_hww_SR1aBlinded__norm 
INFO: (function: run) Combine.cc: 715  shapeSig_ttH_hww_SR1aBlinded__norm 
INFO: (function: run) Combine.cc: 715  shapeBkg_ttbar_SR1aBlinded__norm 
INFO: (function: run) Combine.cc: 715  shapeBkg_single_top_SR1aBlinded__norm 
INFO: (function: run) Combine.cc: 715  shapeBkg_wjets_SR1aBlinded__norm 
INFO: (function: run) Combine.cc: 715  shapeBkg_rest_bkg_SR1aBlinded__norm 
INFO: (function: run) Combine.cc: 715  shapeSig_ggH_hww_SR1b__norm 
INFO: (function: run) Combine.cc: 715  shapeSig_qqH_hww_SR1b__norm 
INFO: (function: run) Combine.cc: 715  shapeSig_WH_hww_SR1b__norm 
INFO: (function: run) Combine.cc: 715  shapeSig_ZH_hww_SR1b__norm 
INFO: (function: run) Combine.cc: 715  shapeSig_ttH_hww_SR1b__norm 
INFO: (function: run) Combine.cc: 715  shapeBkg_ttbar_SR1b__norm 
INFO: (function: run) Combine.cc: 715  shapeBkg_single_top_SR1b__norm 
INFO: (function: run) Combine.cc: 715  shapeBkg_wjets_SR1b__norm 
INFO: (function: run) Combine.cc: 715  shapeBkg_rest_bkg_SR1b__norm 
INFO: (function: run) Combine.cc: 715  shapeSig_ggH_hww_SR1bBlinded__norm 
INFO: (function: run) Combine.cc: 715  shapeSig_qqH_hww_SR1bBlinded__norm 
INFO: (function: run) Combine.cc: 715  shapeSig_WH_hww_SR1bBlinded__norm 
INFO: (function: run) Combine.cc: 715  shapeSig_ZH_hww_SR1bBlinded__norm 
INFO: (function: run) Combine.cc: 715  shapeSig_ttH_hww_SR1bBlinded__norm 
INFO: (function: run) Combine.cc: 715  shapeBkg_ttbar_SR1bBlinded__norm 
INFO: (function: run) Combine.cc: 715  shapeBkg_single_top_SR1bBlinded__norm 
INFO: (function: run) Combine.cc: 715  shapeBkg_wjets_SR1bBlinded__norm 
INFO: (function: run) Combine.cc: 715  shapeBkg_rest_bkg_SR1bBlinded__norm 
INFO: (function: run) Combine.cc: 715  shapeBkg_ttbar_CR2__norm 
INFO: (function: run) Combine.cc: 715  shapeBkg_single_top_CR2__norm 
INFO: (function: run) Combine.cc: 715  shapeBkg_wjets_CR2__norm 
INFO: (function: run) Combine.cc: 715  shapeBkg_rest_bkg_CR2__norm 
INFO: (function: run) Combine.cc: 715  shapeBkg_ttbar_CR2Blinded__norm 
INFO: (function: run) Combine.cc: 715  shapeBkg_single_top_CR2Blinded__norm 
INFO: (function: run) Combine.cc: 715  shapeBkg_wjets_CR2Blinded__norm 
INFO: (function: run) Combine.cc: 715  shapeBkg_rest_bkg_CR2Blinded__norm 
INFO: (function: run) Combine.cc: 715  shapeSig_ggH_hww_SR2a__norm 
INFO: (function: run) Combine.cc: 715  shapeSig_qqH_hww_SR2a__norm 
INFO: (function: run) Combine.cc: 715  shapeSig_WH_hww_SR2a__norm 
INFO: (function: run) Combine.cc: 715  shapeSig_ZH_hww_SR2a__norm 
INFO: (function: run) Combine.cc: 715  shapeSig_ttH_hww_SR2a__norm 
INFO: (function: run) Combine.cc: 715  shapeBkg_ttbar_SR2a__norm 
INFO: (function: run) Combine.cc: 715  shapeBkg_single_top_SR2a__norm 
INFO: (function: run) Combine.cc: 715  shapeBkg_wjets_SR2a__norm 
INFO: (function: run) Combine.cc: 715  shapeBkg_rest_bkg_SR2a__norm 
INFO: (function: run) Combine.cc: 715  shapeSig_ggH_hww_SR2aBlinded__norm 
INFO: (function: run) Combine.cc: 715  shapeSig_qqH_hww_SR2aBlinded__norm 
INFO: (function: run) Combine.cc: 715  shapeSig_WH_hww_SR2aBlinded__norm 
INFO: (function: run) Combine.cc: 715  shapeSig_ZH_hww_SR2aBlinded__norm 
INFO: (function: run) Combine.cc: 715  shapeSig_ttH_hww_SR2aBlinded__norm 
INFO: (function: run) Combine.cc: 715  shapeBkg_ttbar_SR2aBlinded__norm 
INFO: (function: run) Combine.cc: 715  shapeBkg_single_top_SR2aBlinded__norm 
INFO: (function: run) Combine.cc: 715  shapeBkg_wjets_SR2aBlinded__norm 
INFO: (function: run) Combine.cc: 715  shapeBkg_rest_bkg_SR2aBlinded__norm 
INFO: (function: run) Combine.cc: 715  shapeSig_ggH_hww_SR2b__norm 
INFO: (function: run) Combine.cc: 715  shapeSig_qqH_hww_SR2b__norm 
INFO: (function: run) Combine.cc: 715  shapeSig_WH_hww_SR2b__norm 
INFO: (function: run) Combine.cc: 715  shapeSig_ZH_hww_SR2b__norm 
INFO: (function: run) Combine.cc: 715  shapeSig_ttH_hww_SR2b__norm 
INFO: (function: run) Combine.cc: 715  shapeBkg_ttbar_SR2b__norm 
INFO: (function: run) Combine.cc: 715  shapeBkg_single_top_SR2b__norm 
INFO: (function: run) Combine.cc: 715  shapeBkg_wjets_SR2b__norm 
INFO: (function: run) Combine.cc: 715  shapeBkg_rest_bkg_SR2b__norm 
INFO: (function: run) Combine.cc: 715  shapeSig_ggH_hww_SR2bBlinded__norm 
INFO: (function: run) Combine.cc: 715  shapeSig_qqH_hww_SR2bBlinded__norm 
INFO: (function: run) Combine.cc: 715  shapeSig_WH_hww_SR2bBlinded__norm 
INFO: (function: run) Combine.cc: 715  shapeSig_ZH_hww_SR2bBlinded__norm 
INFO: (function: run) Combine.cc: 715  shapeSig_ttH_hww_SR2bBlinded__norm 
INFO: (function: run) Combine.cc: 715  shapeBkg_ttbar_SR2bBlinded__norm 
INFO: (function: run) Combine.cc: 715  shapeBkg_single_top_SR2bBlinded__norm 
INFO: (function: run) Combine.cc: 715  shapeBkg_wjets_SR2bBlinded__norm 
INFO: (function: run) Combine.cc: 715  shapeBkg_rest_bkg_SR2bBlinded__norm 
INFO: (function: run) Combine.cc: 715  shapeSig_ggH_hww_VBF__norm 
INFO: (function: run) Combine.cc: 715  shapeSig_qqH_hww_VBF__norm 
INFO: (function: run) Combine.cc: 715  shapeSig_WH_hww_VBF__norm 
INFO: (function: run) Combine.cc: 715  shapeSig_ZH_hww_VBF__norm 
INFO: (function: run) Combine.cc: 715  shapeSig_ttH_hww_VBF__norm 
INFO: (function: run) Combine.cc: 715  shapeBkg_ttbar_VBF__norm 
INFO: (function: run) Combine.cc: 715  shapeBkg_wjets_VBF__norm 
INFO: (function: run) Combine.cc: 715  shapeBkg_singletop_VBF__norm 
INFO: (function: run) Combine.cc: 715  shapeBkg_zjets_VBF__norm 
INFO: (function: run) Combine.cc: 715  shapeBkg_wzqq_VBF__norm 
INFO: (function: run) Combine.cc: 715  shapeBkg_diboson_VBF__norm 
INFO: (function: run) Combine.cc: 715  shapeBkg_ewkvjets_VBF__norm 
INFO: (function: run) Combine.cc: 715  shapeBkg_fake_VBF__norm 
INFO: (function: run) Combine.cc: 715  shapeSig_ggH_hww_ggFpt250to350__norm 
INFO: (function: run) Combine.cc: 715  shapeSig_qqH_hww_ggFpt250to350__norm 
INFO: (function: run) Combine.cc: 715  shapeSig_WH_hww_ggFpt250to350__norm 
INFO: (function: run) Combine.cc: 715  shapeSig_ZH_hww_ggFpt250to350__norm 
INFO: (function: run) Combine.cc: 715  shapeSig_ttH_hww_ggFpt250to350__norm 
INFO: (function: run) Combine.cc: 715  shapeBkg_ttbar_ggFpt250to350__norm 
INFO: (function: run) Combine.cc: 715  shapeBkg_wjets_ggFpt250to350__norm 
INFO: (function: run) Combine.cc: 715  shapeBkg_singletop_ggFpt250to350__norm 
INFO: (function: run) Combine.cc: 715  shapeBkg_zjets_ggFpt250to350__norm 
INFO: (function: run) Combine.cc: 715  shapeBkg_wzqq_ggFpt250to350__norm 
INFO: (function: run) Combine.cc: 715  shapeBkg_diboson_ggFpt250to350__norm 
INFO: (function: run) Combine.cc: 715  shapeBkg_ewkvjets_ggFpt250to350__norm 
INFO: (function: run) Combine.cc: 715  shapeBkg_fake_ggFpt250to350__norm 
INFO: (function: run) Combine.cc: 715  shapeSig_ggH_hww_ggFpt350to500__norm 
INFO: (function: run) Combine.cc: 715  shapeSig_qqH_hww_ggFpt350to500__norm 
INFO: (function: run) Combine.cc: 715  shapeSig_WH_hww_ggFpt350to500__norm 
INFO: (function: run) Combine.cc: 715  shapeSig_ZH_hww_ggFpt350to500__norm 
INFO: (function: run) Combine.cc: 715  shapeSig_ttH_hww_ggFpt350to500__norm 
INFO: (function: run) Combine.cc: 715  shapeBkg_ttbar_ggFpt350to500__norm 
INFO: (function: run) Combine.cc: 715  shapeBkg_wjets_ggFpt350to500__norm 
INFO: (function: run) Combine.cc: 715  shapeBkg_singletop_ggFpt350to500__norm 
INFO: (function: run) Combine.cc: 715  shapeBkg_zjets_ggFpt350to500__norm 
INFO: (function: run) Combine.cc: 715  shapeBkg_wzqq_ggFpt350to500__norm 
INFO: (function: run) Combine.cc: 715  shapeBkg_diboson_ggFpt350to500__norm 
INFO: (function: run) Combine.cc: 715  shapeBkg_ewkvjets_ggFpt350to500__norm 
INFO: (function: run) Combine.cc: 715  shapeBkg_fake_ggFpt350to500__norm 
INFO: (function: run) Combine.cc: 715  shapeSig_ggH_hww_ggFpt500toInf__norm 
INFO: (function: run) Combine.cc: 715  shapeSig_qqH_hww_ggFpt500toInf__norm 
INFO: (function: run) Combine.cc: 715  shapeSig_WH_hww_ggFpt500toInf__norm 
INFO: (function: run) Combine.cc: 715  shapeSig_ZH_hww_ggFpt500toInf__norm 
INFO: (function: run) Combine.cc: 715  shapeSig_ttH_hww_ggFpt500toInf__norm 
INFO: (function: run) Combine.cc: 715  shapeBkg_ttbar_ggFpt500toInf__norm 
INFO: (function: run) Combine.cc: 715  shapeBkg_wjets_ggFpt500toInf__norm 
INFO: (function: run) Combine.cc: 715  shapeBkg_singletop_ggFpt500toInf__norm 
INFO: (function: run) Combine.cc: 715  shapeBkg_zjets_ggFpt500toInf__norm 
INFO: (function: run) Combine.cc: 715  shapeBkg_wzqq_ggFpt500toInf__norm 
INFO: (function: run) Combine.cc: 715  shapeBkg_diboson_ggFpt500toInf__norm 
INFO: (function: run) Combine.cc: 715  shapeBkg_ewkvjets_ggFpt500toInf__norm 
INFO: (function: run) Combine.cc: 715  shapeBkg_fake_ggFpt500toInf__norm 
INFO: (function: run) Combine.cc: 715  shapeSig_ggH_hww_TopCR__norm 
INFO: (function: run) Combine.cc: 715  shapeSig_qqH_hww_TopCR__norm 
INFO: (function: run) Combine.cc: 715  shapeSig_WH_hww_TopCR__norm 
INFO: (function: run) Combine.cc: 715  shapeSig_ZH_hww_TopCR__norm 
INFO: (function: run) Combine.cc: 715  shapeSig_ttH_hww_TopCR__norm 
INFO: (function: run) Combine.cc: 715  shapeBkg_ttbar_TopCR__norm 
INFO: (function: run) Combine.cc: 715  shapeBkg_wjets_TopCR__norm 
INFO: (function: run) Combine.cc: 715  shapeBkg_singletop_TopCR__norm 
INFO: (function: run) Combine.cc: 715  shapeBkg_zjets_TopCR__norm 
INFO: (function: run) Combine.cc: 715  shapeBkg_wzqq_TopCR__norm 
INFO: (function: run) Combine.cc: 715  shapeBkg_diboson_TopCR__norm 
INFO: (function: run) Combine.cc: 715  shapeBkg_ewkvjets_TopCR__norm 
INFO: (function: run) Combine.cc: 715  shapeBkg_fake_TopCR__norm 
INFO: (function: run) Combine.cc: 715  shapeSig_ggH_hww_WJetsCR__norm 
INFO: (function: run) Combine.cc: 715  shapeSig_qqH_hww_WJetsCR__norm 
INFO: (function: run) Combine.cc: 715  shapeSig_WH_hww_WJetsCR__norm 
INFO: (function: run) Combine.cc: 715  shapeSig_ZH_hww_WJetsCR__norm 
INFO: (function: run) Combine.cc: 715  shapeSig_ttH_hww_WJetsCR__norm 
INFO: (function: run) Combine.cc: 715  shapeBkg_ttbar_WJetsCR__norm 
INFO: (function: run) Combine.cc: 715  shapeBkg_wjets_WJetsCR__norm 
INFO: (function: run) Combine.cc: 715  shapeBkg_singletop_WJetsCR__norm 
INFO: (function: run) Combine.cc: 715  shapeBkg_zjets_WJetsCR__norm 
INFO: (function: run) Combine.cc: 715  shapeBkg_wzqq_WJetsCR__norm 
INFO: (function: run) Combine.cc: 715  shapeBkg_diboson_WJetsCR__norm 
INFO: (function: run) Combine.cc: 715  shapeBkg_ewkvjets_WJetsCR__norm 
INFO: (function: run) Combine.cc: 715  shapeBkg_fake_WJetsCR__norm 
INFO: (function: run) Combine.cc: 715  shapeSig_WH_SR1fail2016__norm 
INFO: (function: run) Combine.cc: 715  shapeSig_ZH_SR1fail2016__norm 
INFO: (function: run) Combine.cc: 715  shapeSig_VBF_SR1fail2016__norm 
INFO: (function: run) Combine.cc: 715  shapeSig_ggF_SR1fail2016__norm 
INFO: (function: run) Combine.cc: 715  shapeSig_ttH_SR1fail2016__norm 
INFO: (function: run) Combine.cc: 715  shapeBkg_WJetsLNu_SR1fail2016__norm 
INFO: (function: run) Combine.cc: 715  shapeBkg_TTbar_SR1fail2016__norm 
INFO: (function: run) Combine.cc: 715  shapeBkg_SingleTop_SR1fail2016__norm 
INFO: (function: run) Combine.cc: 715  shapeBkg_DYJets_SR1fail2016__norm 
INFO: (function: run) Combine.cc: 715  shapeBkg_Diboson_SR1fail2016__norm 
INFO: (function: run) Combine.cc: 715  shapeBkg_WZQQ_SR1fail2016__norm 
INFO: (function: run) Combine.cc: 715  shapeSig_WH_SR1fail2016APV__norm 
INFO: (function: run) Combine.cc: 715  shapeSig_ZH_SR1fail2016APV__norm 
INFO: (function: run) Combine.cc: 715  shapeSig_VBF_SR1fail2016APV__norm 
INFO: (function: run) Combine.cc: 715  shapeSig_ggF_SR1fail2016APV__norm 
INFO: (function: run) Combine.cc: 715  shapeSig_ttH_SR1fail2016APV__norm 
INFO: (function: run) Combine.cc: 715  shapeBkg_WJetsLNu_SR1fail2016APV__norm 
INFO: (function: run) Combine.cc: 715  shapeBkg_TTbar_SR1fail2016APV__norm 
INFO: (function: run) Combine.cc: 715  shapeBkg_SingleTop_SR1fail2016APV__norm 
INFO: (function: run) Combine.cc: 715  shapeBkg_DYJets_SR1fail2016APV__norm 
INFO: (function: run) Combine.cc: 715  shapeBkg_Diboson_SR1fail2016APV__norm 
INFO: (function: run) Combine.cc: 715  shapeBkg_WZQQ_SR1fail2016APV__norm 
INFO: (function: run) Combine.cc: 715  shapeBkg_EWKvjets_SR1fail2016APV__norm 
INFO: (function: run) Combine.cc: 715  shapeSig_WH_SR1fail2017__norm 
INFO: (function: run) Combine.cc: 715  shapeSig_ZH_SR1fail2017__norm 
INFO: (function: run) Combine.cc: 715  shapeSig_VBF_SR1fail2017__norm 
INFO: (function: run) Combine.cc: 715  shapeSig_ggF_SR1fail2017__norm 
INFO: (function: run) Combine.cc: 715  shapeSig_ttH_SR1fail2017__norm 
INFO: (function: run) Combine.cc: 715  shapeBkg_WJetsLNu_SR1fail2017__norm 
INFO: (function: run) Combine.cc: 715  shapeBkg_TTbar_SR1fail2017__norm 
INFO: (function: run) Combine.cc: 715  shapeBkg_SingleTop_SR1fail2017__norm 
INFO: (function: run) Combine.cc: 715  shapeBkg_DYJets_SR1fail2017__norm 
INFO: (function: run) Combine.cc: 715  shapeBkg_Diboson_SR1fail2017__norm 
INFO: (function: run) Combine.cc: 715  shapeBkg_WZQQ_SR1fail2017__norm 
INFO: (function: run) Combine.cc: 715  shapeBkg_EWKvjets_SR1fail2017__norm 
INFO: (function: run) Combine.cc: 715  shapeBkg_fake_SR1fail2017__norm 
INFO: (function: run) Combine.cc: 715  shapeBkg_WJetsLNu_SR1fail2018__norm 
INFO: (function: run) Combine.cc: 715  shapeBkg_TTbar_SR1fail2018__norm 
INFO: (function: run) Combine.cc: 715  shapeBkg_SingleTop_SR1fail2018__norm 
INFO: (function: run) Combine.cc: 715  shapeBkg_DYJets_SR1fail2018__norm 
INFO: (function: run) Combine.cc: 715  shapeBkg_Diboson_SR1fail2018__norm 
INFO: (function: run) Combine.cc: 715  shapeBkg_WZQQ_SR1fail2018__norm 
INFO: (function: run) Combine.cc: 715  shapeBkg_fake_SR1fail2018__norm 
INFO: (function: run) Combine.cc: 715  shapeSig_WH_SR1pass2016__norm 
INFO: (function: run) Combine.cc: 715  shapeSig_ZH_SR1pass2016__norm 
INFO: (function: run) Combine.cc: 715  shapeSig_VBF_SR1pass2016__norm 
INFO: (function: run) Combine.cc: 715  shapeSig_ggF_SR1pass2016__norm 
INFO: (function: run) Combine.cc: 715  shapeSig_ttH_SR1pass2016__norm 
INFO: (function: run) Combine.cc: 715  shapeBkg_WJetsLNu_SR1pass2016__norm 
INFO: (function: run) Combine.cc: 715  shapeBkg_TTbar_SR1pass2016__norm 
INFO: (function: run) Combine.cc: 715  shapeBkg_SingleTop_SR1pass2016__norm 
INFO: (function: run) Combine.cc: 715  shapeBkg_DYJets_SR1pass2016__norm 
INFO: (function: run) Combine.cc: 715  shapeBkg_Diboson_SR1pass2016__norm 
INFO: (function: run) Combine.cc: 715  shapeBkg_WZQQ_SR1pass2016__norm 
INFO: (function: run) Combine.cc: 715  shapeBkg_EWKvjets_SR1pass2016__norm 
INFO: (function: run) Combine.cc: 715  shapeSig_WH_SR1pass2016APV__norm 
INFO: (function: run) Combine.cc: 715  shapeSig_ZH_SR1pass2016APV__norm 
INFO: (function: run) Combine.cc: 715  shapeSig_VBF_SR1pass2016APV__norm 
INFO: (function: run) Combine.cc: 715  shapeSig_ggF_SR1pass2016APV__norm 
INFO: (function: run) Combine.cc: 715  shapeSig_ttH_SR1pass2016APV__norm 
INFO: (function: run) Combine.cc: 715  shapeBkg_WJetsLNu_SR1pass2016APV__norm 
INFO: (function: run) Combine.cc: 715  shapeBkg_TTbar_SR1pass2016APV__norm 
INFO: (function: run) Combine.cc: 715  shapeBkg_SingleTop_SR1pass2016APV__norm 
INFO: (function: run) Combine.cc: 715  shapeBkg_DYJets_SR1pass2016APV__norm 
INFO: (function: run) Combine.cc: 715  shapeBkg_Diboson_SR1pass2016APV__norm 
INFO: (function: run) Combine.cc: 715  shapeBkg_WZQQ_SR1pass2016APV__norm 
INFO: (function: run) Combine.cc: 715  shapeBkg_EWKvjets_SR1pass2016APV__norm 
INFO: (function: run) Combine.cc: 715  shapeSig_WH_SR1pass2017__norm 
INFO: (function: run) Combine.cc: 715  shapeSig_ZH_SR1pass2017__norm 
INFO: (function: run) Combine.cc: 715  shapeSig_VBF_SR1pass2017__norm 
INFO: (function: run) Combine.cc: 715  shapeSig_ggF_SR1pass2017__norm 
INFO: (function: run) Combine.cc: 715  shapeSig_ttH_SR1pass2017__norm 
INFO: (function: run) Combine.cc: 715  shapeBkg_WJetsLNu_SR1pass2017__norm 
INFO: (function: run) Combine.cc: 715  shapeBkg_TTbar_SR1pass2017__norm 
INFO: (function: run) Combine.cc: 715  shapeBkg_SingleTop_SR1pass2017__norm 
INFO: (function: run) Combine.cc: 715  shapeBkg_DYJets_SR1pass2017__norm 
INFO: (function: run) Combine.cc: 715  shapeBkg_Diboson_SR1pass2017__norm 
INFO: (function: run) Combine.cc: 715  shapeBkg_WZQQ_SR1pass2017__norm 
INFO: (function: run) Combine.cc: 715  shapeBkg_EWKvjets_SR1pass2017__norm 
INFO: (function: run) Combine.cc: 715  shapeSig_WH_SR1pass2018__norm 
INFO: (function: run) Combine.cc: 715  shapeSig_ZH_SR1pass2018__norm 
INFO: (function: run) Combine.cc: 715  shapeSig_VBF_SR1pass2018__norm 
INFO: (function: run) Combine.cc: 715  shapeSig_ggF_SR1pass2018__norm 
INFO: (function: run) Combine.cc: 715  shapeSig_ttH_SR1pass2018__norm 
INFO: (function: run) Combine.cc: 715  shapeBkg_WJetsLNu_SR1pass2018__norm 
INFO: (function: run) Combine.cc: 715  shapeBkg_TTbar_SR1pass2018__norm 
INFO: (function: run) Combine.cc: 715  shapeBkg_SingleTop_SR1pass2018__norm 
INFO: (function: run) Combine.cc: 715  shapeBkg_DYJets_SR1pass2018__norm 
INFO: (function: run) Combine.cc: 715  shapeBkg_EWKvjets_SR1pass2018__norm 
INFO: (function: run) Combine.cc: 715  shapeBkg_Diboson_SR1pass2018__norm 
INFO: (function: run) Combine.cc: 715  shapeBkg_WZQQ_SR1pass2018__norm 
INFO: (function: run) Combine.cc: 715  shapeBkg_fake_SR1pass2018__norm 
INFO: (function: run) Combine.cc: 715  shapeBkg_WJetsLNu_TopCRfail2016__norm 
INFO: (function: run) Combine.cc: 715  shapeBkg_DYJets_TopCRfail2016__norm 
INFO: (function: run) Combine.cc: 715  shapeBkg_TTbar_TopCRfail2016__norm 
INFO: (function: run) Combine.cc: 715  shapeBkg_SingleTop_TopCRfail2016__norm 
INFO: (function: run) Combine.cc: 715  shapeBkg_WJetsLNu_TopCRfail2016APV__norm 
INFO: (function: run) Combine.cc: 715  shapeBkg_DYJets_TopCRfail2016APV__norm 
INFO: (function: run) Combine.cc: 715  shapeBkg_TTbar_TopCRfail2016APV__norm 
INFO: (function: run) Combine.cc: 715  shapeBkg_SingleTop_TopCRfail2016APV__norm 
INFO: (function: run) Combine.cc: 715  shapeBkg_WJetsLNu_TopCRfail2017__norm 
INFO: (function: run) Combine.cc: 715  shapeBkg_DYJets_TopCRfail2017__norm 
INFO: (function: run) Combine.cc: 715  shapeBkg_TTbar_TopCRfail2017__norm 
INFO: (function: run) Combine.cc: 715  shapeBkg_SingleTop_TopCRfail2017__norm 
INFO: (function: run) Combine.cc: 715  shapeBkg_WJetsLNu_TopCRfail2018__norm 
INFO: (function: run) Combine.cc: 715  shapeBkg_DYJets_TopCRfail2018__norm 
INFO: (function: run) Combine.cc: 715  shapeBkg_TTbar_TopCRfail2018__norm 
INFO: (function: run) Combine.cc: 715  shapeBkg_SingleTop_TopCRfail2018__norm 
INFO: (function: run) Combine.cc: 715  shapeBkg_WJetsLNu_TopCRpass2016__norm 
INFO: (function: run) Combine.cc: 715  shapeBkg_DYJets_TopCRpass2016__norm 
INFO: (function: run) Combine.cc: 715  shapeBkg_TTbar_TopCRpass2016__norm 
INFO: (function: run) Combine.cc: 715  shapeBkg_SingleTop_TopCRpass2016__norm 
INFO: (function: run) Combine.cc: 715  shapeBkg_WJetsLNu_TopCRpass2016APV__norm 
INFO: (function: run) Combine.cc: 715  shapeBkg_DYJets_TopCRpass2016APV__norm 
INFO: (function: run) Combine.cc: 715  shapeBkg_TTbar_TopCRpass2016APV__norm 
INFO: (function: run) Combine.cc: 715  shapeBkg_SingleTop_TopCRpass2016APV__norm 
INFO: (function: run) Combine.cc: 715  shapeBkg_WJetsLNu_TopCRpass2017__norm 
INFO: (function: run) Combine.cc: 715  shapeBkg_DYJets_TopCRpass2017__norm 
INFO: (function: run) Combine.cc: 715  shapeBkg_TTbar_TopCRpass2017__norm 
INFO: (function: run) Combine.cc: 715  shapeBkg_SingleTop_TopCRpass2017__norm 
INFO: (function: run) Combine.cc: 715  shapeBkg_WJetsLNu_TopCRpass2018__norm 
INFO: (function: run) Combine.cc: 715  shapeBkg_DYJets_TopCRpass2018__norm 
INFO: (function: run) Combine.cc: 715  shapeBkg_TTbar_TopCRpass2018__norm 
INFO: (function: run) Combine.cc: 715  shapeBkg_SingleTop_TopCRpass2018__norm 
INFO: (function: run) Combine.cc: 715  n_exp_binCR1_proc_CMS_HWW_boosted_qcd_datadriven 
INFO: (function: run) Combine.cc: 715  n_exp_binCR1Blinded_proc_CMS_HWW_boosted_qcd_datadriven 
INFO: (function: run) Combine.cc: 715  n_exp_binSR1a_proc_CMS_HWW_boosted_qcd_datadriven 
INFO: (function: run) Combine.cc: 715  n_exp_binSR1aBlinded_proc_CMS_HWW_boosted_qcd_datadriven 
INFO: (function: run) Combine.cc: 715  n_exp_binSR1b_proc_CMS_HWW_boosted_qcd_datadriven 
INFO: (function: run) Combine.cc: 715  n_exp_binSR1bBlinded_proc_CMS_HWW_boosted_qcd_datadriven 
INFO: (function: run) Combine.cc: 715  n_exp_binCR2_proc_CMS_HWW_boosted_qcd_datadriven 
INFO: (function: run) Combine.cc: 715  n_exp_binCR2Blinded_proc_CMS_HWW_boosted_qcd_datadriven 
INFO: (function: run) Combine.cc: 715  n_exp_binSR2a_proc_CMS_HWW_boosted_qcd_datadriven 
INFO: (function: run) Combine.cc: 715  n_exp_binSR2aBlinded_proc_CMS_HWW_boosted_qcd_datadriven 
INFO: (function: run) Combine.cc: 715  n_exp_binSR2b_proc_CMS_HWW_boosted_qcd_datadriven 
INFO: (function: run) Combine.cc: 715  n_exp_binSR2bBlinded_proc_CMS_HWW_boosted_qcd_datadriven 
INFO: (function: generateAsimov) ToyMCSamplerOpt.cc: 146 -- Using internal logic for binned/unbinned Asimov dataset generation
INFO: (function: generateWithHisto) ToyMCSamplerOpt.cc: 221 -- Generating asimov with histogram for pdf pdf_binCR1_obsOnly: in 20 x-bins
INFO: (function: generateAsimov) ToyMCSamplerOpt.cc: 146 -- Using internal logic for binned/unbinned Asimov dataset generation
INFO: (function: generateWithHisto) ToyMCSamplerOpt.cc: 221 -- Generating asimov with histogram for pdf pdf_binCR1Blinded_obsOnly: in 20 x-bins
INFO: (function: generateAsimov) ToyMCSamplerOpt.cc: 146 -- Using internal logic for binned/unbinned Asimov dataset generation
INFO: (function: generateWithHisto) ToyMCSamplerOpt.cc: 221 -- Generating asimov with histogram for pdf pdf_binSR1a_obsOnly: in 20 x-bins
INFO: (function: generateAsimov) ToyMCSamplerOpt.cc: 146 -- Using internal logic for binned/unbinned Asimov dataset generation
INFO: (function: generateWithHisto) ToyMCSamplerOpt.cc: 221 -- Generating asimov with histogram for pdf pdf_binSR1aBlinded_obsOnly: in 20 x-bins
INFO: (function: generateAsimov) ToyMCSamplerOpt.cc: 146 -- Using internal logic for binned/unbinned Asimov dataset generation
INFO: (function: generateWithHisto) ToyMCSamplerOpt.cc: 221 -- Generating asimov with histogram for pdf pdf_binSR1b_obsOnly: in 20 x-bins
INFO: (function: generateAsimov) ToyMCSamplerOpt.cc: 146 -- Using internal logic for binned/unbinned Asimov dataset generation
INFO: (function: generateWithHisto) ToyMCSamplerOpt.cc: 221 -- Generating asimov with histogram for pdf pdf_binSR1bBlinded_obsOnly: in 20 x-bins
INFO: (function: generateAsimov) ToyMCSamplerOpt.cc: 146 -- Using internal logic for binned/unbinned Asimov dataset generation
INFO: (function: generateWithHisto) ToyMCSamplerOpt.cc: 221 -- Generating asimov with histogram for pdf pdf_binCR2_obsOnly: in 20 x-bins
INFO: (function: generateAsimov) ToyMCSamplerOpt.cc: 146 -- Using internal logic for binned/unbinned Asimov dataset generation
INFO: (function: generateWithHisto) ToyMCSamplerOpt.cc: 221 -- Generating asimov with histogram for pdf pdf_binCR2Blinded_obsOnly: in 20 x-bins
INFO: (function: generateAsimov) ToyMCSamplerOpt.cc: 146 -- Using internal logic for binned/unbinned Asimov dataset generation
INFO: (function: generateWithHisto) ToyMCSamplerOpt.cc: 221 -- Generating asimov with histogram for pdf pdf_binSR2a_obsOnly: in 20 x-bins
INFO: (function: generateAsimov) ToyMCSamplerOpt.cc: 146 -- Using internal logic for binned/unbinned Asimov dataset generation
INFO: (function: generateWithHisto) ToyMCSamplerOpt.cc: 221 -- Generating asimov with histogram for pdf pdf_binSR2aBlinded_obsOnly: in 20 x-bins
INFO: (function: generateAsimov) ToyMCSamplerOpt.cc: 146 -- Using internal logic for binned/unbinned Asimov dataset generation
INFO: (function: generateWithHisto) ToyMCSamplerOpt.cc: 221 -- Generating asimov with histogram for pdf pdf_binSR2b_obsOnly: in 20 x-bins
INFO: (function: generateAsimov) ToyMCSamplerOpt.cc: 146 -- Using internal logic for binned/unbinned Asimov dataset generation
INFO: (function: generateWithHisto) ToyMCSamplerOpt.cc: 221 -- Generating asimov with histogram for pdf pdf_binSR2bBlinded_obsOnly: in 20 x-bins
INFO: (function: generateAsimov) ToyMCSamplerOpt.cc: 146 -- Using internal logic for binned/unbinned Asimov dataset generation
INFO: (function: generateWithHisto) ToyMCSamplerOpt.cc: 221 -- Generating asimov with histogram for pdf pdf_binVBF_obsOnly: in 9 x-bins
INFO: (function: generateAsimov) ToyMCSamplerOpt.cc: 146 -- Using internal logic for binned/unbinned Asimov dataset generation
INFO: (function: generateWithHisto) ToyMCSamplerOpt.cc: 221 -- Generating asimov with histogram for pdf pdf_binggFpt250to350_obsOnly: in 9 x-bins
INFO: (function: generateAsimov) ToyMCSamplerOpt.cc: 146 -- Using internal logic for binned/unbinned Asimov dataset generation
INFO: (function: generateWithHisto) ToyMCSamplerOpt.cc: 221 -- Generating asimov with histogram for pdf pdf_binggFpt350to500_obsOnly: in 9 x-bins
INFO: (function: generateAsimov) ToyMCSamplerOpt.cc: 146 -- Using internal logic for binned/unbinned Asimov dataset generation
INFO: (function: generateWithHisto) ToyMCSamplerOpt.cc: 221 -- Generating asimov with histogram for pdf pdf_binggFpt500toInf_obsOnly: in 9 x-bins
INFO: (function: generateAsimov) ToyMCSamplerOpt.cc: 146 -- Using internal logic for binned/unbinned Asimov dataset generation
INFO: (function: generateWithHisto) ToyMCSamplerOpt.cc: 221 -- Generating asimov with histogram for pdf pdf_binTopCR_obsOnly: in 9 x-bins
INFO: (function: generateAsimov) ToyMCSamplerOpt.cc: 146 -- Using internal logic for binned/unbinned Asimov dataset generation
INFO: (function: generateWithHisto) ToyMCSamplerOpt.cc: 221 -- Generating asimov with histogram for pdf pdf_binWJetsCR_obsOnly: in 9 x-bins
INFO: (function: generateAsimov) ToyMCSamplerOpt.cc: 146 -- Using internal logic for binned/unbinned Asimov dataset generation
INFO: (function: generateWithHisto) ToyMCSamplerOpt.cc: 221 -- Generating asimov with histogram for pdf pdf_binSR1fail2016_obsOnly: in 6 x-bins
INFO: (function: generateAsimov) ToyMCSamplerOpt.cc: 146 -- Using internal logic for binned/unbinned Asimov dataset generation
INFO: (function: generateWithHisto) ToyMCSamplerOpt.cc: 221 -- Generating asimov with histogram for pdf pdf_binSR1fail2016APV_obsOnly: in 6 x-bins
INFO: (function: generateAsimov) ToyMCSamplerOpt.cc: 146 -- Using internal logic for binned/unbinned Asimov dataset generation
INFO: (function: generateWithHisto) ToyMCSamplerOpt.cc: 221 -- Generating asimov with histogram for pdf pdf_binSR1fail2017_obsOnly: in 6 x-bins
INFO: (function: generateAsimov) ToyMCSamplerOpt.cc: 146 -- Using internal logic for binned/unbinned Asimov dataset generation
INFO: (function: generateWithHisto) ToyMCSamplerOpt.cc: 221 -- Generating asimov with histogram for pdf pdf_binSR1fail2018_obsOnly: in 6 x-bins
INFO: (function: generateAsimov) ToyMCSamplerOpt.cc: 146 -- Using internal logic for binned/unbinned Asimov dataset generation
INFO: (function: generateWithHisto) ToyMCSamplerOpt.cc: 221 -- Generating asimov with histogram for pdf pdf_binSR1pass2016_obsOnly: in 6 x-bins
INFO: (function: generateAsimov) ToyMCSamplerOpt.cc: 146 -- Using internal logic for binned/unbinned Asimov dataset generation
INFO: (function: generateWithHisto) ToyMCSamplerOpt.cc: 221 -- Generating asimov with histogram for pdf pdf_binSR1pass2016APV_obsOnly: in 6 x-bins
INFO: (function: generateAsimov) ToyMCSamplerOpt.cc: 146 -- Using internal logic for binned/unbinned Asimov dataset generation
INFO: (function: generateWithHisto) ToyMCSamplerOpt.cc: 221 -- Generating asimov with histogram for pdf pdf_binSR1pass2017_obsOnly: in 6 x-bins
INFO: (function: generateAsimov) ToyMCSamplerOpt.cc: 146 -- Using internal logic for binned/unbinned Asimov dataset generation
INFO: (function: generateWithHisto) ToyMCSamplerOpt.cc: 221 -- Generating asimov with histogram for pdf pdf_binSR1pass2018_obsOnly: in 6 x-bins
INFO: (function: generateAsimov) ToyMCSamplerOpt.cc: 146 -- Using internal logic for binned/unbinned Asimov dataset generation
INFO: (function: generateWithHisto) ToyMCSamplerOpt.cc: 221 -- Generating asimov with histogram for pdf pdf_binTopCRfail2016_obsOnly: in 6 x-bins
INFO: (function: generateAsimov) ToyMCSamplerOpt.cc: 146 -- Using internal logic for binned/unbinned Asimov dataset generation
INFO: (function: generateWithHisto) ToyMCSamplerOpt.cc: 221 -- Generating asimov with histogram for pdf pdf_binTopCRfail2016APV_obsOnly: in 6 x-bins
INFO: (function: generateAsimov) ToyMCSamplerOpt.cc: 146 -- Using internal logic for binned/unbinned Asimov dataset generation
INFO: (function: generateWithHisto) ToyMCSamplerOpt.cc: 221 -- Generating asimov with histogram for pdf pdf_binTopCRfail2017_obsOnly: in 6 x-bins
INFO: (function: generateAsimov) ToyMCSamplerOpt.cc: 146 -- Using internal logic for binned/unbinned Asimov dataset generation
INFO: (function: generateWithHisto) ToyMCSamplerOpt.cc: 221 -- Generating asimov with histogram for pdf pdf_binTopCRfail2018_obsOnly: in 6 x-bins
INFO: (function: generateAsimov) ToyMCSamplerOpt.cc: 146 -- Using internal logic for binned/unbinned Asimov dataset generation
INFO: (function: generateWithHisto) ToyMCSamplerOpt.cc: 221 -- Generating asimov with histogram for pdf pdf_binTopCRpass2016_obsOnly: in 6 x-bins
INFO: (function: generateAsimov) ToyMCSamplerOpt.cc: 146 -- Using internal logic for binned/unbinned Asimov dataset generation
INFO: (function: generateWithHisto) ToyMCSamplerOpt.cc: 221 -- Generating asimov with histogram for pdf pdf_binTopCRpass2016APV_obsOnly: in 6 x-bins
INFO: (function: generateAsimov) ToyMCSamplerOpt.cc: 146 -- Using internal logic for binned/unbinned Asimov dataset generation
INFO: (function: generateWithHisto) ToyMCSamplerOpt.cc: 221 -- Generating asimov with histogram for pdf pdf_binTopCRpass2017_obsOnly: in 6 x-bins
INFO: (function: generateAsimov) ToyMCSamplerOpt.cc: 146 -- Using internal logic for binned/unbinned Asimov dataset generation
INFO: (function: generateWithHisto) ToyMCSamplerOpt.cc: 221 -- Generating asimov with histogram for pdf pdf_binTopCRpass2018_obsOnly: in 6 x-bins
INFO: (function: improveOnce) CascadeMinimizer.cc: 188 -- Minimisation configured with Type=Minuit2, Algo=Migrad, strategy=0, tolerance=0.1
INFO: (function: improveOnce) CascadeMinimizer.cc: 211 -- Minimisation finished with status=0
INFO: (function: improveOnce) CascadeMinimizer.cc: 216 -- Minimization success! status=0
INFO: (function: doFit) FitterAlgoBase.cc: 360 -- Running RobustFit for POI CMS_HWW_boosted_tf_dataResidual_CR1_Bin16. Configured with strategy 0  
INFO: (function: findCrossing) FitterAlgoBase.cc: 406 -- Searching for crossing at nll = 0.494473, in the interval 0.208831 < CMS_HWW_boosted_tf_dataResidual_CR1_Bin16 < 10
INFO: (function: improveOnce) CascadeMinimizer.cc: 188 -- Minimisation configured with Type=Minuit2, Algo=Migrad, strategy=0, tolerance=0.1
INFO: (function: improveOnce) CascadeMinimizer.cc: 211 -- Minimisation finished with status=0
INFO: (function: improveOnce) CascadeMinimizer.cc: 216 -- Minimization success! status=0
INFO: (function: findCrossing) FitterAlgoBase.cc: 427 -- CMS_HWW_boosted_tf_dataResidual_CR1_Bin16 lvl-here lvl-there 	stepping 
INFO: (function: improveOnce) CascadeMinimizer.cc: 188 -- Minimisation configured with Type=Minuit2, Algo=Migrad, strategy=0, tolerance=0.1
INFO: (function: improveOnce) CascadeMinimizer.cc: 211 -- Minimisation finished with status=0
INFO: (function: improveOnce) CascadeMinimizer.cc: 216 -- Minimization success! status=0
INFO: (function: findCrossing) FitterAlgoBase.cc: 460 -- 1.187948    -3.15656  +0.49447    0.979117
INFO: (function: improveOnce) CascadeMinimizer.cc: 188 -- Minimisation configured with Type=Minuit2, Algo=Migrad, strategy=0, tolerance=0.1
INFO: (function: improveOnce) CascadeMinimizer.cc: 211 -- Minimisation finished with status=0
INFO: (function: improveOnce) CascadeMinimizer.cc: 216 -- Minimization success! status=0
INFO: (function: findCrossing) FitterAlgoBase.cc: 460 -- 0.502566    +0.19613  -3.15656    0.293735
INFO: (function: improveOnce) CascadeMinimizer.cc: 188 -- Minimisation configured with Type=Minuit2, Algo=Migrad, strategy=0, tolerance=0.1
                                                                                                                                                                                                                                                                                                                                                                                                                                                                                                                                                                                                                                                                                                                                                                                                                     INFO: (function: improveOnce) CascadeMinimizer.cc: 211 -- Minimisation finished with status=0
IINFO: (function: improveOnce) CascadeMinimizer.cc: 211 -- Minimisation finished with status=0
INFO: (function: improveOnce) CascadeMinimizer.cc: 216 -- Minimization success! status=0
INFO: (function: findCrossing) FitterAlgoBase.cc: 460 -- 0.995655    -3.30276  -42.63683    0.015406
INFO: (function: improveOnce) CascadeMinimizINFO: (function: improveOnce) CascadeMinimizer.cc: 211 -- Minimisation finished with status=0
ININFO: (function: improveOnce) CascadeMinimizer.cc: 211 -- Minimisation finished with status=0
INFO: (function: improveOnce) CascadeMinimizer.cc: 216 -- Minimization success! status=0
INFO: (function: findCrossing) FitterAlgoBase.cc: 460 -- 0.984871    +0.15342  -3.30276    0.004622
INFO: (function: improveOnce) CascadeMinimizer.cc: 188 -- Minimisation configured with Type=Minuit2, Algo=Migrad, strategy=0, tolerance=0.1
INFO: (function: improveOnce) CascadeMinimizer.cc: 211 -- Minimisation finished with status=0
INFO: (function: improveOnce) CascadeMinimizer.cc: 216 -- Minimization success! status=0
INFO: (function: findCrossing) FitterAlgoBase.cc: 460 -- 0.989492    -0.86926  +0.15342    0.004622
INFO: (function: improveOnce) CascadeMinimizer.cc: 188 -- Minimisation configured with Type=Minuit2, Algo=Migrad, strategy=0, tolerance=0.1
FO: (function: improveOnce) CascadeMinimizer.cc: 216 -- Minimization success! status=0
INFO: (function: findCrossing) FitterAlgoBase.cc: 460 -- 1.824859    -0.18806  +0.18928    0.007370
INFO: (function: improveOnce) CascadeMinimizer.cc: 188 -- Minimisation configured with Type=Minuit2, Algo=Migrad, strategy=0, tolerance=0.1
INFO: (function: improveOnce) CascadeMinimizer.cc: 211 -- Minimisation finished with status=0
INFO: (function: improveOnce) CascadeMinimizer.cc: 216 -- Minimization success! status=0
INFO: (function: findCrossing) FitterAlgoBase.cc: 460 -- 1.819700    +0.09055  -0.18806    0.002211
INFO: (function: improveOnce) CascadeMinimizer.cc: 188 -- Minimisation configured with Type=Minuit2, Algo=Migrad, strategy=0, tolerance=0.1
1
INFO: (function: improveOnce) CascadeMinimizer.cc: 211 -- Minimisation finished with status=0
INFO: (function: improveOnce) CascadeMinimizer.cc: 216 -- Minimization success! status=0
INFO: (function: findCrossing) FitterAlgoBase.cc: 460 -- 1.231036    +0.03838  +0.13813    0.002283
INFO: (function: improveOnce) CascadeMinimizer.cc: 188 -- Minimisation configured with Type=Minuit2, Algo=Migrad, strategy=0, tolerance=0.1
iINFO: (function: improveOnce) CascadeMinimizer.cc: 211 -- Minimisation finished INFO: (function: improveOnce) CascadeMinimizer.cc: 211 -- Minimisation finished with status=0
INFO: (function: improveOnce) CascadeMinimizer.cc: 216 -- Minimization success! status=0
INFO: (function: findCrossing) FitterAlgoBase.cc: 460 -- 1.885067    -0.10656  +0.00196    0.004413
INFO: (function: improveOnce) CascadeMinimizer.cc: 188 -- Minimisation configured with Type=Minuit2, Algo=Migrad, strategy=0, tolerance=0.1
INFO: (function: improveOnce) CascadeMinimizer.cc: 211 -- Minimisation finished with status=0
INFO: (function: improveOnce) CascadeMinimizer.cc: 216 -- Minimization success! status=0
INFO: (function: findCrossing) FitterAlgoBase.cc: 460 -- 1.881977    -0.03018  -0.10656    0.001324
INFO: (function: improveOnce) CascadeMinimizer.cc: 188 -- Minimisation configured with Type=Minuit2, Algo=Migrad, strategy=0, tolerance=0.1
INFO: (function: improveOnce) CascadeMinimizer.cc: 211 -- Minimisation finished with status=0
INFO: (function: improveOnce) CascadeMinimizer.cc: 216 -- Minimization success! status=0
INFO: (function: findCrossing) FitterAlgoBase.cc: 460 -- 1.881051    -0.00749  -0.03018    0.000397
INFO: (function: findCrossing) FitterAlgoBase.cc: 406 -- Searching for crossing at nll = 0.494473, in the interval 1.83799 < CMS_HWW_boosted_tf_dataResidual_b_MH_Reco_par5 < -20
INFO: (function: improveOnce) CascadeMinimizer.cc: 188 -- Minimisation configured with Type=Minuit2, Algo=Migrad, strategy=0, tolerance=0.1
INFO: (function: improveOnce) CascadeMinimizer.cc: 211 -- Minimisation finished with status=0
INFO: (function: improveOnce) CascadeMinimizer.cc: 216 -- Minimization success! status=0
INFO: (function: findCrossing) FitterAlgoBase.cc: 427 -- CMS_HWW_boosted_tf_dataResidual_b_MH_Reco_par5 lvl-here lvl-there 	stepping 
INFO: (function: improveOnce) CascadeMinimizer.cc: 188 -- Minimisation configured with Type=Minuit2, Algo=Migrad, strategy=0, tolerance=0.1
nction: findCrossing) FitterAlgoBase.cc: 406 -- Searching for crossing at nll = 0.494473, in the interval 0.814593 < CMS_HWW_boosted_tf_dataResidual_a_MH_Reco_par0 < -20
INFO: (function: improveOnce) CascadeMinimizer.ccINFO: (function: improveOnce) CascadeMinimizer.cc: 211 -- Minimisation finished with statusINFO: (function: improveOnce) CascadeMinimizer.cc: 211 -- Minimisation finished with status=0
INFO: (function: improveOnce) CascadeMinimizer.cc: 216 -- Minimization success! status=0
INFO: (function: findCrossing) FitterAlgoBase.cc: 427 -- CMS_HWW_boosted_tf_dataResidual_a_MH_Reco_par0 lvl-here lvl-there 	stepping 
INFO: (function: improveOnce) CascadeMinimizer.cc: 1INFO: (function: improveOnce) CascadeMinimizer.cc: 211 -- Minimisation finished with staINFO: (function: improveOnce) CascadeMinimizer.cc: 211 -- Minimisation finished with status=0
INFO: (function: improveOnce) CascadeMinimizer.cc: 216 -- Minimization success! status=0
INFO: (function: findCrossing) FitterAlgoBase.cc: 460 -- -1.266867    -556.87881  +0.49447    -2.081459
INFO: (function: improveOnce) CascadeMinimizer.cc: INFO: (function: improveOnce) CascadeMinimizer.cc: 211 -- Minimisation finished with status=0
INFO: (function: improveOnce) CascadeMinimizer.cc: 216 -- Minimization success! status=0
INFO: (function: findCrossing) FitterAlgoBase.cc: 460 -- 0.691297    -4.78636  -29.33588    -0.187913
INFO: (function: improveOnce) CascadeMinimizer.cc: 188 -- Minimisation configured with Type=Minuit2, Algo=Migrad, strategy=0, tolerance=0.1
: (function: improveOnce) CascadeMinimizer.cc: 188 -- Minimisation configured with Type=Minuit2, Algo=Migrad, strategy=0, tolerance=0.1
NFO: (function: improveOnce) CascadeMinimizer.cc: 211 -- Minimisation finished with status=0
INFO: (function: improveOnce) CascadeMinimizer.cc: 216 -- Minimization success! status=0
INFO: (function: findCrossing) FitterAlgoBase.cc: 460 -- 0.039321    +0.35087  -0.97346    -0.091174
INFO: (function: improveOnce) CascadeMinimizer.cc: 188 -- Minimisation configured with Type=Minuit2, Algo=Migrad, strategy=0, tolerance=0.1
mproveOnce) CascadeMinimizer.cc: 211 -- Minimisation finished with status=0
INFO: (function: improveOnce) CascadeMinimizer.cc: 216 -- Minimization success! status=0
INFO: (function: findCrossing) FitterAlgoBase.cc: 460 -- -0.180000    -0.08350  +0.34299    -0.090000
INFO: (function: improveOnce) CascadeMinimizer.cc: 188 -- Minimisation configured with Type=Minuit2INFO: (function: improveOnce) CascadeMinimizer.cc: 211 -- MINFO: (function: improveOnce) CascadeMinimizer.cc: 211 -- Minimisation finished with status=0
INFO: (function: improveOnce) CascadeMinimizer.cc: 216 -- Minimization success! status=0
INFO: (function: findCrossing) FitterAlgoBase.cc: 460 -- -0.006107    +0.24569  -0.07523    -0.027303
INFO: (function: improveOnce) CascadeMinimizer.cc: 188 -- Minimisation configured with Type=Minuit2, Algo=Migrad, strategy=0, tolerance=0.1
ININFO: (INFO: (function: improveOnce) CascadeMinimizer.cc: 211 -- Minimisation finished with status=0
INFO: (function: improveOnce) CascadeMinimizer.cc: 216 -- Minimization success! status=0
INFO: (function: improveOnce) CascadeMinimizer.cc: 188 -- Minimisation configured with Type=Minuit2, Algo=Migrad, strategy=0, tolerance=0.1
r.cc: 188 -- Minimisation configured with Type=MINFO: (function: improveOINFO: (function: improveOnce) CascadeMinimizer.cc: 211 -- Minimisation finished with status=0
INFO: (function: improveOnce) CascadeMinimizer.cc: 216 -- Minimization success! status=0
INFO: (function: findCrossing) FitterAlgoBase.cc: 460 -- -0.144000    +0.11903  +0.24484    -0.027000
INFO: (function: improveOnce) CascadeMinimizer.cc: 188 -- Minimisation configured with Type=Minuit2, Algo=Migrad, strategy=0, tolerance=0.1
y=0, tolerance=INFO: (function: improveOnce) CascadeMinimizer.cc: 211 -- Minimisation finished with status=0
INFO: (function: improveOnce) CascadeMinimizer.cc: 216 -- Minimization success! status=0
INFO: (function: findCrossing) FitterAlgoBase.cc: 460 -- -0.018097    +0.10904  +0.23426    -0.027345
INFO: (function: improvINFO: (function: improveOnce) CascadeMinimizer.cc: 211 -- Minimisation finished with status=0
INFO: (function: improveOnce) CascadeMinimizer.cc: 216 -- Minimization success! status=0
nimisation finished with status=0
INFO: (function: improveOnce) CascadeMinimizer.cc: 216 -- Minimization success! status=0
INFO: (function: findCrossing) FitterAlgoBase.cc: 460 -- -0.147690    -0.01458  +0.00585    -0.008301
INFO: (function: improveOnce) CascadeMinimizer.cc:INFO: (function: improveOnce) CascadeMinimizer.cc: 211 -- Minimisation finished with status=0
INFO: (function: improveOnce) CascadeMinimizer.cc: 216 -- Minimization success! status=0
INFO: (function: findCrossing) FitterAlgoBase.cc: 460 -- -0.037972    -0.01947  +0.00862    -0.004095
INFO: (function: improveOnce) CascadeMinimizer.cc: 188 -- Minimisation configured with Type=Minuit2, Algo=Migrad, strategy=0, tolerance=0.1
FO: (function: improveOnce) CascadeMinimizer.cc: 211 -- Minimisation finished with status=0
INFO: (function: improveOnce) CascadeMinimizer.cc: 216 -- Minimization success! status=0
INFO: (function: findCrossing) FitterAlgoBase.cc: 460 -- -0.165279    +0.00228  -0.00084    -0.000219
INFO: (function: improveOnce) CascadeMinimizer.cc: 188 -- Minimisation configured with Type=Minuit2, Algo=Migrad, strategy=0, tolerance=0.1
INFO: (function: improveOnce) CascadeMinimizer.cc: 211 -- Minimisation finished with status=0
INFO: (function: improveOnce) CascadeMinimizer.cc: 216 -- Minimization success! status=0
INFO: (function: findCrossing) FitterAlgoBase.cc: 460 -- -0.165497    +0.00097  +0.00228    -0.000219
INFO: (function: improveOnce) CascadeMinimizer.cc: 188 -- Minimisation configured with Type=Minuit2, Algo=Migrad, strategy=0, tolerance=0.1
ance=0.1
misation finished with status=0
INFO: (function: improveOnce) CascadeMinINFO: (funcINFO: (function: improveOnce) CascadeMinimizer.cc: 211 -- Minimisation finished with status=0
INFO: (function: improveOnce) CascadeMinimizer.cc: 216 -- Minimization success! status=0
INFO: (function: findCrossing) FitterAlgoBase.cc: 460 -- -0.100732    +0.00000  -0.00894    -0.0INFO: INFO: (function: improveOnce) CascadeMinimizer.cc: 188 -- Minimisation configured with Type=Minuit2, Algo=Migrad, strategy=0, tolINFO: (function: improveOnce) CascadeMinimizer.cc: 211 -- Minimisation finished with status=0
INFO: (function: improveOnce) CascadeMinimizer.cc: 216 -- Minimization success! status=0
INFO: (function: findCrossing) FitterAlgoBase.cc: 460 -- -0.093858    +0.00022  -0.00063    -0.000229
INFO: (function: improveOnce) CascadeMinimizer.cc: 188 -- Minimisation configured with Type=Minuit2, Algo=Migrad, strategy=0, tolerance=0.1
lerance=0.1
(function: improveOncINFO: (function: improveOnce) CascadeMinimizer.cc: 211 -- Minimisation finished with status=0
INFO: (function: improveOnce) CascadeMinimizer.cc: 216 -- Minimization success! status=0
INFO: (function: improveOnce) CascadeMinimizer.cc: 188 -- Minimisation configured with Type=Minuit2, Algo=Migrad, strategy=0, tolerance=0.1
Once) CascadeMinimizer.cc: 211 -- Minimisation finished with status=0
INFO: (function: improveOnce) CascadeMinimizer.cc: 216 -- Minimization success! status=0
ccess! status=0
INFO: (function: improveOnce) CascadeMinimizer.cc: 188 -- Minimisation configured with Type=Minuit2, Algo=Migrad, strategy=0, tolerance=0.1
eOnce) CascadeMinimizer.cc: 188 -- Minimisation configured with Type=Minuit2, Algo=Migrad, strategy=0, tolerance=0.1
INFO: (function: improveOnce) CascadeMinimizer.cINFO: (function: improveOnce) CascadeMinimizer.cc: 211 -- Minimisation finished with status=0
INFO: (function: improveOnce) CascadeMinimizer.cc: 216 -- Minimization success! status=0
INFO: (function: improveOnce) CascadeMinimizer.cc: 188 -- Minimisation configured with Type=Minuit2, Algo=Migrad, strategy=0, tolerance=0.1
Type=Minuit2, Algo=Migrad, strategy=0, tolerance=0.1
INFO: (function: improveOnce) CascadeMinimizer.cc: 211 -- Minimisation finished with status=0
INFO: (function: improveOnce) CascadeMinimizer.cc: 216 -- Minimization success! status=0
INFO: (function: findCrossing) FitterAlgoBase.cc: 460 -- 0.829851    -0.00018  -0.00370    -0.000137
INFO: (function: improveOnce) CascadeMinimizer.cc: 188 -- Minimisation configured with Type=Minuit2, Algo=Migrad, strategy=0, tolerance=0.1
INFO: (function: improveOnce) CascadeMinimizer.cc: 211 -- Minimisation finished with status=0
INFO: (function: improveOnce) CascadeMinimizer.cc: 216 -- Minimization success! status=0
INFO: (function: improveOnce) CascadeMinimizer.cc: 188 -- Minimisation configured with Type=Minuit2, Algo=Migrad, strategy=0, tolerance=0.1
zer.cc: 188 -- Minimisation configured with Type=Minuit2, Algo=Migrad, strategy=0, tolerance=0.1
(function: improveOnce) CascadeMinimizer.cc: 211 -- Minimisation finished with status=0
INFO: (function: improveOnce) CascadeMinimizer.cc: 216 -- Minimization success! status=0
INFO: (function: findCrossing) FitterAlgoBase.cc: 460 -- -0.072598    +0.00094  +0.00125    -0.000033
INFO: (function: improveOnce) CascadeMinimizer.cc: 188 -- Minimisation configured with Type=Minuit2, Algo=Migrad, strategy=0, tolerance=0.1
INFO: (function: improveOnce) CascadeMinimizer.cc: 211 -- Minimisation finished with status=0
INFO: (function: improveOnce) CascadeMinimizer.cc: 216 -- Minimization success! status=0
INFO: (function: findCrossing) FitterAlgoBase.cc: 460 -- -0.072630    +0.00064  +0.00094    -0.000033
INFO: (function: improveOnce) CascadeMinimizer.cc: 188 -- Minimisation configured with Type=Minuit2, Algo=Migrad, strategy=0, tolerance=0.1
INFO: (function: improveOnce) CascadeMinimizer.cc: 211 -- Minimisation finished with status=0
INFO: (function: improveOnce) CascadeMinimizer.cc: 216 -- Minimization success! status=0
INFO: (function: findCrossing) FitterAlgoBase.cc: 460 -- -0.072663    +0.00033  +0.00064    -0.000033
INFO: (function: improveOnce) CascadeMinimizer.cc: 188 -- Minimisation configured with Type=Minuit2, Algo=Migrad, strategy=0, tolerance=0.1
INFO: (function: improveOnce) CascadeMinimizer.cc: 211 -- Minimisation finished with status=0
INFO: (function: improveOnce) CascadeMinimizer.cc: 216 -- Minimization success! status=0
INFO: (function: improveOnce) CascadeMinimizer.cc: 188 -- Minimisation configured with Type=Minuit2, Algo=Migrad, strategy=0, tolerance=0.1
INFO: (function: improveOnce) CascadeMinimizer.cc: 211 -- Minimisation finished with status=0
INFO: (function: improveOnce) CascadeMinimizer.cc: 216 -- Minimization success! status=0
ard declarations from /cvmfs/cms.cern.ch/slc7_amd64_gcc900/cms/cmssw/CMSSW_11_3_4/lib/slc7_amd64_gcc900/DataFormatsCTPPSReco_xr.rootmap"
class CTPPSLocalTrackLite;class CTPPSPixelFittedRecHit;class CTPPSPixelLocalTrack;class CTPPSPixelRecHit;class CTPPSPixelCluster;class TotemTimingLocalTrack;class CTPPSDiamondLocalTrack;class CTPPSTimingLocalTrack;class CTPPSDiamondRecHit;class TotemTimingRecHit;class CTPPSTimingRecHit;class TotemRPLocalTrack;class TotemRPUVPattern;class TotemRPRecHit;class TotemRPCluster;
#line 1 "Forward declarations from /cvmfs/cms.cern.ch/slc7_amd64_gcc900/cms/cmssw/CMSSW_11_3_4/lib/slc7_amd64_gcc900/CondFormatsCSCObjects_xr.rootmap"
namespace cscdqm {  }
#line 1 "Forward declarations from /cvmfs/cms.cern.ch/slc7_amd64_gcc900/cms/cmssw/CMSSW_11_3_4/lib/slc7_amd64_gcc900/FireworksCore_xr.rootmap"
template <typename T> class FWGenericParameter;template <typename T> class FWGenericParameterWithRange;
#line 1 "Forward declarations from /cvmfs/cms.cern.ch/slc7_amd64_gcc900/cms/cmssw/CMSSW_11_3_4/lib/slc7_amd64_gcc900/CondFormatsCommon_xr.rootmap"
namespace cond {  }class FileBlobCollection;
#line 1 "Forward declarations from /cvmfs/cms.cern.ch/slc7_amd64_gcc900/cms/cmssw/CMSSW_11_3_4/lib/slc7_amd64_gcc900/RecoMuonMuonIdentification_xr.rootmap"

#line 1 "Forward declarations from /cvmfs/cms.cern.ch/slc7_amd64_gcc900/cms/cmssw/CMSSW_11_3_4/lib/slc7_amd64_gcc900/DataFormatsHistograms_xr.rootmap"
class MonitorElementData;class MonitorElementCollection;class DQMToken;class TString;template <typename T> class MEtoEDM;class TProfile2D;class TProfile;class TH3F;class TH2D;class TH2S;class TH2F;class TH1S;class TH1F;class TProfile3D;class TH3S;class TH3I;class TH3D;class TH3C;class TH2I;class TH2C;class TH1I;class TH1C;
#line 1 "Forward declarations from /cvmfs/cms.cern.ch/slc7_amd64_gcc900/cms/cmssw/CMSSW_11_3_4/lib/slc7_amd64_gcc900/DataFormatsHLTReco_xr.rootmap"
namespace trigger {  }class HLTPerformanceInfo;namespace trigger { class EgammaObject; }namespace trigger { class HLTPrescaleTable; }namespace trigger { class TriggerEventWithRefs; }namespace trigger { class TriggerEvent; }namespace trigger { class TriggerFilterObjectWithRefs; }namespace edm { class EventTime; }
#line 1 "Forward declarations from /cvmfs/cms.cern.ch/slc7_amd64_gcc900/cms/cmssw/CMSSW_11_3_4/lib/slc7_amd64_gcc900/DataFormatsL1TGlobal_xr.rootmap"
class GlobalAlgBlk;class GlobalObjectMap;class GlobalObjectMapRecord;class GlobalExtBlk;
#line 1 "Forward declarations from /cvmfs/cms.cern.ch/slc7_amd64_gcc900/cms/cmssw/CMSSW_11_3_4/lib/slc7_amd64_gcc900/RecoTrackerMeasurementDet_xr.rootmap"
class MeasurementTrackerEvent;
#line 1 "Forward declarations from /cvmfs/cms.cern.ch/slc7_amd64_gcc900/cms/cmssw/CMSSW_11_3_4/lib/slc7_amd64_gcc900/SimDataFormatsAssociations_xr.rootmap"
template <typename T> class TTTrackTruthPair;namespace reco { class TrackToTrackingParticleAssociator; }namespace reco { class TrackToGenParticleAssociator; }namespace reco { class MuonToTrackingParticleAssociator; }namespace reco { class VertexToTrackingVertexAssociator; }namespace hgcal { class LayerClusterToCaloParticleAssociator; }namespace hgcal { class LayerClusterToSimClusterAssociator; }namespace hgcal { class TracksterToSimClusterAssociator; }namespace hgcal {  }
#line 1 "Forward declarations from /cvmfs/cms.cern.ch/slc7_amd64_gcc900/cms/cmssw/CMSSW_11_3_4/lib/slc7_amd64_gcc900/DataFormatsLuminosity_xr.rootmap"
namespace reco { class PixelClusterCountsInEvent; }namespace reco { class PixelClusterCounts; }class LumiSummaryRunHeader;class LumiSummary;class LumiInfoRunHeader;class LumiInfo;class LumiDetails;class BeamCurrentInfo;
#line 1 "Forward declarations from /cvmfs/cms.cern.ch/slc7_amd64_gcc900/cms/cmssw/CMSSW_11_3_4/lib/slc7_amd64_gcc900/SimDataFormatsEcalTestBeam_xr.rootmap"
class PEcalTBInfo;
#line 1 "Forward declarations from /cvmfs/cms.cern.ch/slc7_amd64_gcc900/cms/cmssw/CMSSW_11_3_4/lib/slc7_amd64_gcc900/SimDataFormatsHiGenData_xr.rootmap"
namespace edm { class GenHIEvent; }
#line 1 "Forward declarations from /cvmfs/cms.cern.ch/slc7_amd64_gcc900/cms/cmssw/CMSSW_11_3_4/lib/slc7_amd64_gcc900/SimDataFormatsTrackingAnalysis_xr.rootmap"
class TrackingVertex;
#line 1 "Forward declarations from /cvmfs/cms.cern.ch/slc7_amd64_gcc900/cms/cmssw/CMSSW_11_3_4/lib/slc7_amd64_gcc900/RecoTrackerTkHitPairs_xr.rootmap"
class IntermediateHitDoublets;class RegionsSeedingHitSets;
#line 1 "Forward declarations from /cvmfs/cms.cern.ch/slc7_amd64_gcc900/cms/cmssw/CMSSW_11_3_4/lib/slc7_amd64_gcc900/SimDataFormatsRandomEngine_xr.rootmap"
namespace edm { class RandomEngineStates; }
#line 1 "Forward declarations from /cvmfs/cms.cern.ch/slc7_amd64_gcc900/cms/cmssw/CMSSW_11_3_4/lib/slc7_amd64_gcc900/CondFormatsGEMObjects_xr.rootmap"

#line 1 "Forward declarations from /cvmfs/cms.cern.ch/slc7_amd64_gcc900/cms/cmssw/CMSSW_11_3_4/lib/slc7_amd64_gcc900/DataFormatsCaloTowers_xr.rootmap"
class CaloTower;namespace edm { namespace refhelper {  } }
#line 1 "Forward declarations from /cvmfs/cms.cern.ch/slc7_amd64_gcc900/cms/cmssw/CMSSW_11_3_4/lib/slc7_amd64_gcc900/DataFormatsFWLite_xr.rootmap"
namespace fwlite {  }
#line 1 "Forward declarations from /cvmfs/cms.cern.ch/slc7_amd64_gcc900/cms/cmssw/CMSSW_11_3_4/lib/slc7_amd64_gcc900/CalibCalorimetryEcalLaserAnalyzer_xr.rootmap"

#line 1 "Forward declarations from /cvmfs/cms.cern.ch/slc7_amd64_gcc900/cms/cmssw/CMSSW_11_3_4/lib/slc7_amd64_gcc900/DataFormatsEgammaReco_xr.rootmap"
namespace reco { class PreshowerClusterShape; }namespace reco { class SuperCluster; }namespace reco { class ClusterShape; }namespace reco { class HFEMClusterShape; }namespace reco { class ElectronSeed; }namespace reco { class PreshowerCluster; }
#line 1 "Forward declarations from /cvmfs/cms.cern.ch/slc7_amd64_gcc900/cms/cmssw/CMSSW_11_3_4/lib/slc7_amd64_gcc900/CUDADataFormatsHcalDigi_xr.rootmap"
namespace hcal { class Flavor5; }namespace hcal { template <typename Flavor, typename StoragePolicy> class DigiCollection; }namespace hcal { class Flavor3; }namespace hcal { class Flavor1; }namespace hcal { template <typename StoragePolicy> class DigiCollectionBase; }
#line 1 "Forward declarations from /cvmfs/cms.cern.ch/slc7_amd64_gcc900/cms/cmssw/CMSSW_11_3_4/lib/slc7_amd64_gcc900/DataFormatsEcalDigi_xr.rootmap"
class EcalMatacqDigi;class EcalPnDiodeDigi;class EESrFlag;class EBSrFlag;class EcalTimeDigi;class EcalPseudoStripInputDigi;class EcalEBTriggerPrimitiveDigi;class EcalTriggerPrimitiveDigi;class ESDataFrame;class EcalTrigPrimCompactColl;class ESDigiCollection;class EEDigiCollection;class EBDigiCollection;class EcalDigiCollection;class EBDigiCollectionPh2;class EcalDigiCollectionPh2;
#line 1 "Forward declarations from /cvmfs/cms.cern.ch/slc7_amd64_gcc900/cms/cmssw/CMSSW_11_3_4/lib/slc7_amd64_gcc900/CondFormatsHLTObjects_xr.rootmap"

#line 1 "Forward declarations from /cvmfs/cms.cern.ch/slc7_amd64_gcc900/cms/cmssw/CMSSW_11_3_4/lib/slc7_amd64_gcc900/DataFormatsBeamSpot_xr.rootmap"
class BeamSpotPOD;namespace reco { class BeamSpot; }
#line 1 "Forward declarations from /cvmfs/cms.cern.ch/slc7_amd64_gcc900/cms/cmssw/CMSSW_11_3_4/lib/slc7_amd64_gcc900/FWCoreTFWLiteSelectorTest_xr.rootmap"
namespace tfwliteselectortest {  }namespace tfwliteselectortest { class ThingsWorker; }
#line 1 "Forward declarations from /cvmfs/cms.cern.ch/slc7_amd64_gcc900/cms/cmssw/CMSSW_11_3_4/lib/slc7_amd64_gcc900/DataFormatsOnlineMetaData_xr.rootmap"
class OnlineLuminosityRecord;class DCSRecord;class CTPPSRecord;
#line 1 "Forward declarations from /cvmfs/cms.cern.ch/slc7_amd64_gcc900/cms/cmssw/CMSSW_11_3_4/lib/slc7_amd64_gcc900/FastSimDataFormatsCTPPSFastSim_xr.rootmap"

#line 1 "Forward declarations from /cvmfs/cms.cern.ch/slc7_amd64_gcc900/cms/cmssw/CMSSW_11_3_4/lib/slc7_amd64_gcc900/DataFormatsScouting_xr.rootmap"

#line 1 "Forward declarations from /cvmfs/cms.cern.ch/slc7_amd64_gcc900/cms/cmssw/CMSSW_11_3_4/lib/slc7_amd64_gcc900/DataFormatsPhase2TrackerCluster_xr.rootmap"

#line 1 "Forward declarations from /cvmfs/cms.cern.ch/slc7_amd64_gcc900/cms/cmssw/CMSSW_11_3_4/lib/slc7_amd64_gcc900/DataFormatsTauReco_x2r.rootmap"
namespace reco { class RecoTauPiZero; }namespace reco { class PFRecoTauChargedHadron; }namespace reco { class PFTauDecayMode; }namespace reco { class CompositePtrCandidate; }
#line 1 "Forward declarations from /cvmfs/cms.cern.ch/slc7_amd64_gcc900/cms/cmssw/CMSSW_11_3_4/lib/slc7_amd64_gcc900/DataFormatsSiStripDigi_xr.rootmap"
class SiStripProcessedRawDigi;class SiStripRawDigi;
#line 1 "Forward declarations from /cvmfs/cms.cern.ch/slc7_amd64_gcc900/cms/cmssw/CMSSW_11_3_4/lib/slc7_amd64_gcc900/FireworksFWInterface_xr.rootmap"

#line 1 "Forward declarations from /cvmfs/cms.cern.ch/slc7_amd64_gcc900/cms/cmssw/CMSSW_11_3_4/lib/slc7_amd64_gcc900/DataFormatsTrackReco_xr.rootmap"
namespace reco { class TrackExtra; }namespace reco { class DeDxHitInfo; }namespace reco { class DeDxData; }
#line 1 "Forward declarations from /cvmfs/cms.cern.ch/slc7_amd64_gcc900/cms/cmssw/CMSSW_11_3_4/lib/slc7_amd64_gcc900/FireworksEve_xr.rootmap"

#line 1 "Forward declarations from /cvmfs/cms.cern.ch/slc7_amd64_gcc900/cms/cmssw/CMSSW_11_3_4/lib/slc7_amd64_gcc900/PhysicsToolsMVAComputer_xr.rootmap"
namespace PhysicsTools {  }
#line 1 "Forward declarations from /cvmfs/cms.cern.ch/slc7_amd64_gcc900/cms/cmssw/CMSSW_11_3_4/lib/slc7_amd64_gcc900/PhysicsToolsSelectorUtils_xr.rootmap"
namespace pat { class strbitset; }
#line 1 "Forward declarations from /cvmfs/cms.cern.ch/slc7_amd64_gcc900/cms/cmssw/CMSSW_11_3_4/lib/slc7_amd64_gcc900/PhysicsToolsUtilities_xr.rootmap"
namespace reweight {  }
#line 1 "Forward declarations from /cvmfs/cms.cern.ch/slc7_amd64_gcc900/cms/cmssw/CMSSW_11_3_4/lib/slc7_amd64_gcc900/MuonAnalysisMomentumScaleCalibration_xr.rootmap"

#line 1 "Forward declarations from /cvmfs/cms.cern.ch/slc7_amd64_gcc900/cms/cmssw/CMSSW_11_3_4/lib/slc7_amd64_gcc900/TrackingToolsTrajectoryState_xr.rootmap"

#line 1 "Forward declarations from /cvmfs/cms.cern.ch/slc7_amd64_gcc900/cms/cmssw/CMSSW_11_3_4/lib/slc7_amd64_gcc900/SimDataFormatsRPCDigiSimLink_xr.rootmap"
class RPCDigiSimLink;
#line 1 "Forward declarations from /cvmfs/cms.cern.ch/slc7_amd64_gcc900/cms/cmssw/CMSSW_11_3_4/lib/slc7_amd64_gcc900/SimDataFormatsCaloHit_xr.rootmap"
class HFShowerLibraryEventInfo;
#line 1 "Forward declarations from /cvmfs/cms.cern.ch/slc7_amd64_gcc900/cms/cmssw/CMSSW_11_3_4/lib/slc7_amd64_gcc900/RecoTrackerTkTrackingRegions_xr.rootmap"
class TrackingRegion;class TrackingRegionsSeedingLayerSets;
#line 1 "Forward declarations from /cvmfs/cms.cern.ch/slc7_amd64_gcc900/cms/cmssw/CMSSW_11_3_4/lib/slc7_amd64_gcc900/AnalysisDataFormatsEWK_xr.rootmap"
namespace reco { class WMuNuCandidate; }namespace reco { class WMuNuCandidatePtr; }
#line 1 "Forward declarations from /cvmfs/cms.cern.ch/slc7_amd64_gcc900/cms/cmssw/CMSSW_11_3_4/lib/slc7_amd64_gcc900/SimDataFormatsTrackingHit_xr.rootmap"

#line 1 "Forward declarations from /cvmfs/cms.cern.ch/slc7_amd64_gcc900/cms/cmssw/CMSSW_11_3_4/lib/slc7_amd64_gcc900/SimDataFormatsVertex_xr.rootmap"

#line 1 "Forward declarations from /cvmfs/cms.cern.ch/slc7_amd64_gcc900/cms/cmssw/CMSSW_11_3_4/lib/slc7_amd64_gcc900/SimDataFormatsTrack_xr.rootmap"

#line 1 "Forward declarations from /cvmfs/cms.cern.ch/slc7_amd64_gcc900/cms/cmssw/CMSSW_11_3_4/lib/slc7_amd64_gcc900/CUDADataFormatsSiPixelCluster_xr.rootmap"
class SiPixelClustersCUDA;
#line 1 "Forward declarations from /cvmfs/cms.cern.ch/slc7_amd64_gcc900/cms/cmssw/CMSSW_11_3_4/lib/slc7_amd64_gcc900/CondFormatsHcalObjects_xr.rootmap"
class HcalPedestal;template <typename Item> class HcalCondObjectContainer;class HcalPedestalWidth;class HcalGain;class HcalGainWidth;class HcalQIECoder;class HcalQIEType;class HcalCalibrationQIECoder;class HcalChannelStatus;class HcalZSThreshold;class HcalRespCorr;class HcalL1TriggerObject;class HcalTimeCorr;class HcalLUTCorr;class HcalPFCorr;class HcalValidationCorr;class HcalLutMetadatum;class HcalRecoParam;class HcalLongRecoParam;class HcalZDCLowGainFraction;class HcalMCParam;class HcalFlagHFDigiTimeParam;class HcalTimingParam;class HcalSiPMParameter;class HcalTPChannelParameter;template <unsigned int> class InterpolatedPulse;class AbsOOTPileupCorrection;template <typename T> class StorableDoubleMap;class HFPhase1PMTData;template <typename Item> class HcalItemCollById;
#line 1 "Forward declarations from /cvmfs/cms.cern.ch/slc7_amd64_gcc900/cms/cmssw/CMSSW_11_3_4/lib/slc7_amd64_gcc900/CondFormatsSiPhase2TrackerObjects_xr.rootmap"

#line 1 "Forward declarations from /cvmfs/cms.cern.ch/slc7_amd64_gcc900/cms/cmssw/CMSSW_11_3_4/lib/slc7_amd64_gcc900/DataFormatsCommon_xr.rootmap"
namespace edm { template <typename KEY> class RefVectorBase; }namespace edm { class ConditionsInLumiBlock; }namespace edm { class ConditionsInRunBlock; }namespace edm { class ConditionsInEventBlock; }namespace edm { class MergeableCounter; }namespace edm { class TriggerResults; }namespace edm { class HLTGlobalStatus; }namespace edm { class EndPathStatus; }namespace edm { class HLTPathStatus; }namespace edm { class DataFrameContainer; }namespace edm { class ThinnedAssociation; }namespace edm { template <typename T> class CopyPolicy; }namespace edmNew { namespace dstvdetails {  } }namespace test_with_dictionaries {  }
#line 1 "Forward declarations from /cvmfs/cms.cern.ch/slc7_amd64_gcc900/cms/cmssw/CMSSW_11_3_4/lib/slc7_amd64_gcc900/DataFormatsCTPPSDetId_xr.rootmap"

#line 1 "Forward declarations from /cvmfs/cms.cern.ch/slc7_amd64_gcc900/cms/cmssw/CMSSW_11_3_4/lib/slc7_amd64_gcc900/CondFormatsPCLConfig_xr.rootmap"

#line 1 "Forward declarations from /cvmfs/cms.cern.ch/slc7_amd64_gcc900/cms/cmssw/CMSSW_11_3_4/lib/slc7_amd64_gcc900/DataFormatsEgammaCandidates_xr.rootmap"
namespace reco { class Conversion; }namespace reco { class PhotonCore; }namespace reco { class Electron; }namespace reco { class GsfElectronCore; }namespace reco { class SiStripElectron; }namespace reco { class HIPhotonIsolation; }
#line 1 "Forward declarations from /cvmfs/cms.cern.ch/slc7_amd64_gcc900/cms/cmssw/CMSSW_11_3_4/lib/slc7_amd64_gcc900/DataFormatsFP420Cluster_xr.rootmap"
class RecoCollectionFP420;class RecoFP420;class TrackCollectionFP420;class TrackFP420;class ClusterCollectionFP420;class ClusterFP420;
#line 1 "Forward declarations from /cvmfs/cms.cern.ch/slc7_amd64_gcc900/cms/cmssw/CMSSW_11_3_4/lib/slc7_amd64_gcc900/DataFormatsTrajectoryState_xr.rootmap"

#line 1 "Forward declarations from /cvmfs/cms.cern.ch/slc7_amd64_gcc900/cms/cmssw/CMSSW_11_3_4/lib/slc7_amd64_gcc900/DataFormatsSiPixelDetId_xr.rootmap"
class PixelFEDChannel;
#line 1 "Forward declarations from /cvmfs/cms.cern.ch/slc7_amd64_gcc900/cms/cmssw/CMSSW_11_3_4/lib/slc7_amd64_gcc900/DataFormatsRPCDigi_xr.rootmap"
class RPCDigi;class RPCAMCLinkCounters;class LinkBoardElectronicIndex;class RPCRawDataCounts;
#line 1 "Forward declarations from /cvmfs/cms.cern.ch/slc7_amd64_gcc900/cms/cmssw/CMSSW_11_3_4/lib/slc7_amd64_gcc900/DataFormatsGEMDigi_xr.rootmap"
class GEMDigi;class GEMPadDigi;class GEMPadDigiCluster;class GEMCoPadDigi;class GEMAMC13Status;class GEMAMCStatus;class GEMOHStatus;class GEMVFATStatus;class GEMVfatStatusDigi;namespace gem { class GEBdata; }namespace gem { class AMCdata; }namespace gem { class AMC13Event; }class ME0DigiPreReco;class ME0Digi;class ME0PadDigi;class ME0PadDigiCluster;class ME0TriggerDigi;namespace gem {  }
#line 1 "Forward declarations from /cvmfs/cms.cern.ch/slc7_amd64_gcc900/cms/cmssw/CMSSW_11_3_4/lib/slc7_amd64_gcc900/DataFormatsStdDictionaries_x3r.rootmap"

#line 1 "Forward declarations from /cvmfs/cms.cern.ch/slc7_amd64_gcc900/cms/cmssw/CMSSW_11_3_4/lib/slc7_amd64_gcc900/DataFormatsParticleFlowReco_xr.rootmap"
namespace reco { class PFDisplacedTrackerVertex; }namespace reco { class PFNuclearInteraction; }namespace reco { class PFConversion; }namespace reco { class PFV0; }namespace reco { class ConvBremSeed; }
#line 1 "Forward declarations from /cvmfs/cms.cern.ch/slc7_amd64_gcc900/cms/cmssw/CMSSW_11_3_4/lib/slc7_amd64_gcc900/DataFormatsGsfTrackReco_xr.rootmap"
namespace reco { class GsfTrackExtra; }
#line 1 "Forward declarations from /cvmfs/cms.cern.ch/slc7_amd64_gcc900/cms/cmssw/CMSSW_11_3_4/lib/slc7_amd64_gcc900/EgammaAnalysisElectronTools_xr.rootmap"

#line 1 "Forward declarations from /cvmfs/cms.cern.ch/slc7_amd64_gcc900/cms/cmssw/CMSSW_11_3_4/lib/slc7_amd64_gcc900/DataFormatsTestObjects_xr.rootmap"
namespace edmtest { class Thing; }namespace edmtest { class Simple; }namespace edm { namespace soa { template <typename ... Args> class Table; } }namespace edmtest { class MissingDictionaryTestA; }namespace edm { class EventID; }namespace edmtest { class DeleteEarly; }namespace edmtestprod { class X0123456789012345678901234567890123456789012345678901234567890123456789012345678901; }namespace edmtestprod { class StreamTestThing; }namespace edmtestprod { class Simple; }namespace edmtestprod { template <typename T> class Ord; }namespace edmtestprod { template <typename T> class StreamTestTmpl; }namespace edmtest { class ThingWithIsEqual; }namespace edmtest { class ThingWithMerge; }namespace edmtest { class SimpleDerived; }namespace edmtest { class Sortable; }namespace edmtest { class Unsortable; }namespace edmtest { class Prodigal; }namespace edmtest { class StringProduct; }namespace edmtest { class DoubleProduct; }namespace edmtest { class Int16_tProduct; }namespace edmtest { class TransientIntProduct; }namespace edmtest { class UInt64Product; }namespace edmtest { class IntProduct; }namespace edmtest { class DummyProduct; }namespace edmtest {  }namespace edmtestprod {  }namespace edm { namespace soa {  } }
#line 1 "Forward declarations from /cvmfs/cms.cern.ch/slc7_amd64_gcc900/cms/cmssw/CMSSW_11_3_4/lib/slc7_amd64_gcc900/L1TriggerL1TGlobal_xr.rootmap"

#line 1 "Forward declarations from /cvmfs/cms.cern.ch/slc7_amd64_gcc900/cms/cmssw/CMSSW_11_3_4/lib/slc7_amd64_gcc900/IORawDataHcalTBInputService_xr.rootmap"

#line 1 "Forward declarations from /cvmfs/cms.cern.ch/slc7_amd64_gcc900/cms/cmssw/CMSSW_11_3_4/lib/slc7_amd64_gcc900/RecoPixelVertexingPixelTrackFitting_xr.rootmap"
class PixelFitter;class PixelTrackFilter;
#line 1 "Forward declarations from /cvmfs/cms.cern.ch/slc7_amd64_gcc900/cms/cmssw/CMSSW_11_3_4/lib/slc7_amd64_gcc900/TBDataFormatsHcalTBObjects_xr.rootmap"
class HcalTBParticleId;class HcalTBBeamCounters;class HcalTBTiming;class HcalTBEventPosition;class HcalTBRunData;class HcalTBTriggerData;
#line 1 "Forward declarations from /cvmfs/cms.cern.ch/slc7_amd64_gcc900/cms/cmssw/CMSSW_11_3_4/lib/slc7_amd64_gcc900/SimDataFormatsValidationFormats_xr.rootmap"
class PHGCalValidInfo;class PTrackerSimHit;class PMuonSimHit;class PHcalValidInfoJets;class PHcalValidInfoNxN;class PHcalValidInfoLayer;class PEcalValidInfo;class PGlobalRecHit;class PGlobalDigi;class PGlobalSimHit;
#line 1 "Forward declarations from /cvmfs/cms.cern.ch/slc7_amd64_gcc900/cms/cmssw/CMSSW_11_3_4/lib/slc7_amd64_gcc900/ValidationRecoParticleFlow_xr.rootmap"

#line 1 "Forward declarations from /cvmfs/cms.cern.ch/slc7_amd64_gcc900/cms/cmssw/CMSSW_11_3_4/lib/slc7_amd64_gcc900/TrackingToolsPatternTools_xr.rootmap"
class MomentumConstraint;class ErrorMatrixTag;template <typename T, typename ErrorWeightType> class GlobalErrorBase;
#line 1 "Forward declarations from /cvmfs/cms.cern.ch/slc7_amd64_gcc900/cms/cmssw/CMSSW_11_3_4/lib/slc7_amd64_gcc900/testCondDBDict_xr.rootmap"

#line 1 "Forward declarations from /cvmfs/cms.cern.ch/slc7_amd64_gcc900/cms/cmssw/CMSSW_11_3_4/lib/slc7_amd64_gcc900/testDTCalibration_xr.rootmap"

#line 1 "Forward declarations from /cvmfs/cms.cern.ch/slc7_amd64_gcc900/cms/cmssw/CMSSW_11_3_4/lib/slc7_amd64_gcc900/testSimMuonDTDigitizer_xr.rootmap"

#line 1 "Forward declarations from /cvmfs/cms.cern.ch/slc7_amd64_gcc900/cms/cmssw/CMSSW_11_3_4/external/slc7_amd64_gcc900/lib/libGenVector32.rootmap"
namespace ROOT { namespace Math { template <typename T> class Cartesian2D; } }namespace ROOT { namespace Math { template <typename T> class Polar2D; } }namespace ROOT { namespace Math { template <typename CoordSystem, typename Tag> class DisplacementVector2D; } }namespace ROOT { namespace Math { template <typename T> class CylindricalEta3D; } }namespace ROOT { namespace Math { template <typename T> class Polar3D; } }namespace ROOT { namespace Math { template <typename T> class Cylindrical3D; } }namespace ROOT { namespace Math { class LocalCoordinateSystemTag; } }namespace ROOT { namespace Math { class GlobalCoordinateSystemTag; } }namespace ROOT { namespace Math { template <typename T> class PxPyPzE4D; } }namespace ROOT { namespace Math { template <typename T> class PxPyPzM4D; } }namespace ROOT { namespace Math { template <typename T> class PtEtaPhiE4D; } }namespace ROOT { namespace Math { template <typename T> class PtEtaPhiM4D; } }
#line 1 "Forward declarations from /cvmfs/cms.cern.ch/slc7_amd64_gcc900/cms/cmssw/CMSSW_11_3_4/external/slc7_amd64_gcc900/lib/libSmatrix32.rootmap"

#line 1 "Forward declarations from /cvmfs/cms.cern.ch/slc7_amd64_gcc900/cms/cmssw/CMSSW_11_3_4/external/slc7_amd64_gcc900/lib/libcomplexDict.rootmap"
template <typename T> class _root_std_complex;
#line 1 "Forward declarations from /cvmfs/cms.cern.ch/slc7_amd64_gcc900/cms/cmssw/CMSSW_11_3_4/external/slc7_amd64_gcc900/lib/libdequeDict.rootmap"

#line 1 "Forward declarations from /cvmfs/cms.cern.ch/slc7_amd64_gcc900/cms/cmssw/CMSSW_11_3_4/external/slc7_amd64_gcc900/lib/libforward_listDict.rootmap"

#line 1 "Forward declarations from /cvmfs/cms.cern.ch/slc7_amd64_gcc900/cms/cmssw/CMSSW_11_3_4/external/slc7_amd64_gcc900/lib/libmultimapDict.rootmap"

#line 1 "Forward declarations from /cvmfs/cms.cern.ch/slc7_amd64_gcc900/cms/cmssw/CMSSW_11_3_4/external/slc7_amd64_gcc900/lib/libmultisetDict.rootmap"

#line 1 "Forward declarations from /cvmfs/cms.cern.ch/slc7_amd64_gcc900/cms/cmssw/CMSSW_11_3_4/external/slc7_amd64_gcc900/lib/liblistDict.rootmap"

#line 1 "Forward declarations from /cvmfs/cms.cern.ch/slc7_amd64_gcc900/cms/cmssw/CMSSW_11_3_4/external/slc7_amd64_gcc900/lib/libmap2Dict.rootmap"

#line 1 "Forward declarations from /cvmfs/cms.cern.ch/slc7_amd64_gcc900/cms/cmssw/CMSSW_11_3_4/external/slc7_amd64_gcc900/lib/libmapDict.rootmap"

#line 1 "Forward declarations from /cvmfs/cms.cern.ch/slc7_amd64_gcc900/cms/cmssw/CMSSW_11_3_4/external/slc7_amd64_gcc900/lib/libmultimap2Dict.rootmap"

#line 1 "Forward declarations from /cvmfs/cms.cern.ch/slc7_amd64_gcc900/cms/cmssw/CMSSW_11_3_4/external/slc7_amd64_gcc900/lib/libsetDict.rootmap"

#line 1 "Forward declarations from /cvmfs/cms.cern.ch/slc7_amd64_gcc900/cms/cmssw/CMSSW_11_3_4/external/slc7_amd64_gcc900/lib/libunordered_mapDict.rootmap"

#line 1 "Forward declarations from /cvmfs/cms.cern.ch/slc7_amd64_gcc900/cms/cmssw/CMSSW_11_3_4/external/slc7_amd64_gcc900/lib/libunordered_multimapDict.rootmap"

#line 1 "Forward declarations from /cvmfs/cms.cern.ch/slc7_amd64_gcc900/cms/cmssw/CMSSW_11_3_4/external/slc7_amd64_gcc900/lib/libunordered_multisetDict.rootmap"

#line 1 "Forward declarations from /cvmfs/cms.cern.ch/slc7_amd64_gcc900/cms/cmssw/CMSSW_11_3_4/external/slc7_amd64_gcc900/lib/libunordered_setDict.rootmap"

#line 1 "Forward declarations from /cvmfs/cms.cern.ch/slc7_amd64_gcc900/cms/cmssw/CMSSW_11_3_4/external/slc7_amd64_gcc900/lib/libvalarrayDict.rootmap"

#line 1 "Forward declarations from /cvmfs/cms.cern.ch/slc7_amd64_gcc900/cms/cmssw/CMSSW_11_3_4/external/slc7_amd64_gcc900/lib/libvectorDict.rootmap"
' were encountered.
Error in <TClass::LoadClassInfo>: no interpreter information for class TTree is available even though it has a TClass initialization routine.
Error in <TClass::LoadClassInfo>: no interpreter information for class TTree is available even though it has a TClass initialization routine.
Error in <TClass::LoadClassInfo>: no interpreter information for class TTree is available even though it has a TClass initialization routine.
Error in <TClass::LoadClassInfo>: no interpreter information for class TTree is available even though it has a TClass initialization routine.
Error in <TClass::LoadClassInfo>: no interpreter information for class TTree is available even though it has a TClass initialization routine.
Error in <TClass::LoadClassInfo>: no interpreter information for class TTree is available even though it has a TClass initialization routine.
Error in <TClass::LoadClassInfo>: no interpreter information for class TTree is available even though it has a TClass initialization routine.
Error in <TClass::LoadClassInfo>: no interpreter information for class TTree is available even though it has a TClass initialization routine.
Error in <TClass::LoadClassInfo>: no interpreter information for class TTree is available even though it has a TClass initialization routine.
Error in <TClass::LoadClassInfo>: no interpreter information for class TTree is available even though it has a TClass initialization routine.
Error in <TClass::LoadClassInfo>: no interpreter information for class TTree is available even though it has a TClass initialization routine.
Error in <TClass::LoadClassInfo>: no interpreter information for class TTree is available even though it has a TClass initialization routine.
Error in <TClass::LoadClassInfo>: no interpreter information for class TTree is available even though it has a TClass initialization routine.
Error in <TClass::LoadClassInfo>: no interpreter information for class TTree is available even though it has a TClass initialization routine.
Warning in <TGenericClassInfo>: The rule for class: "TTree": version, "[-16]" and data members: "fDefaultEntryOffsetLen" has been skipped because the target member (fDefaultEntryOffsetLen) is unknown.
Error in <TClass::LoadClassInfo>: no interpreter information for class TTree is available even though it has a TClass initialization routine.
Error in <TClass::LoadClassInfo>: no interpreter information for class TTree is available even though it has a TClass initialization routine.
Error in <TClass::LoadClassInfo>: no interpreter information for class TTree is available even though it has a TClass initialization routine.
Error in <TClass::LoadClassInfo>: no interpreter information for class TTree is available even though it has a TClass initialization routine.
Error in <TClass::LoadClassInfo>: no interpreter information for class TTree is available even though it has a TClass initialization routine.
Error in <TClass::LoadClassInfo>: no interpreter information for class TTree is available even though it has a TClass initialization routine.
Error in <TClass::LoadClassInfo>: no interpreter information for class TTree is available even though it has a TClass initialization routine.
Error in <TClass::LoadClassInfo>: no interpreter information for class TTree is available even though it has a TClass initialization routine.
Error in <TClass::LoadClassInfo>: no interpreter information for class TTree is available even though it has a TClass initialization routine.
Error in <TClass::LoadClassInfo>: no interpreter information for class TTree is available even though it has a TClass initialization routine.
Error in <TClass::LoadClassInfo>: no interpreter information for class TTree is available even though it has a TClass initialization routine.
Error in <TClass::LoadClassInfo>: no interpreter information for class TTree is available even though it has a TClass initialization routine.
Error in <TClass::LoadClassInfo>: no interpreter information for class TTree is available even though it has a TClass initialization routine.
Error in <TClass::LoadClassInfo>: no interpreter information for class TTree is available even though it has a TClass initialization routine.
Warning in <TGenericClassInfo>: The rule for class: "TTree": version, "[-18]" and data members: "fNClusterRange" has been skipped because the target member (fNClusterRange) is unknown.
Error in <TClass::LoadClassInfo>: no interpreter information for class TTree is available even though it has a TClass initialization routine.
Error in <TClass::LoadClassInfo>: no interpreter information for class TTree is available even though it has a TClass initialization routine.
Error in <TClass::LoadClassInfo>: no interpreter information for class TTree is available even though it has a TClass initialization routine.
Error in <TClass::LoadClassInfo>: no interpreter information for class TTree is available even though it has a TClass initialization routine.
Error in <TClass::LoadClassInfo>: no interpreter information for class TLeafD is available even though it has a TClass initialization routine.
Error in <TClass::LoadClassInfo>: no interpreter information for class TLeafD is available even though it has a TClass initialization routine.
Error in <TClass::LoadClassInfo>: no interpreter information for class TLeafD is available even though it has a TClass initialization routine.
Error in <TClass::LoadClassInfo>: no interpreter information for class TLeafI is available even though it has a TClass initialization routine.
Error in <TClass::LoadClassInfo>: no interpreter information for class TLeafI is available even though it has a TClass initialization routine.
Error in <TClass::LoadClassInfo>: no interpreter information for class TLeafI is available even though it has a TClass initialization routine.
Error in <TClass::LoadClassInfo>: no interpreter information for class TLeafI is available even though it has a TClass initialization routine.
Error in <TClass::LoadClassInfo>: no interpreter information for class TLeafF is available even though it has a TClass initialization routine.
Error in <TClass::LoadClassInfo>: no interpreter information for class TLeafF is available even though it has a TClass initialization routine.
Error in <TClass::LoadClassInfo>: no interpreter information for class TLeafF is available even though it has a TClass initialization routine.
input_line_38:1:2: error: unknown type name 'include'
#include "/cvmfs/cms.cern.ch/slc7_amd64_gcc900/lcg/root/6.22.08-ljfedo/etc/plugins/TFile/P010_TWebFile.C"
 ^
In file included from input_line_38:1:
/cvmfs/cms.cern.ch/slc7_amd64_gcc900/lcg/root/6.22.08-ljfedo/etc/plugins/TFile/P010_TWebFile.C:1:1: error: expected unqualified-id
void P010_TWebFile()
^
input_line_39:1:2: error: unknown type name 'include'
#include "/cvmfs/cms.cern.ch/slc7_amd64_gcc900/lcg/root/6.22.08-ljfedo/etc/plugins/TFile/P040_TDCacheFile.C"
 ^
In file included from input_line_39:1:
/cvmfs/cms.cern.ch/slc7_amd64_gcc900/lcg/root/6.22.08-ljfedo/etc/plugins/TFile/P040_TDCacheFile.C:1:1: error: expected unqualified-id
void P040_TDCacheFile()
^
input_line_40:1:2: error: unknown type name 'include'
#include "/cvmfs/cms.cern.ch/slc7_amd64_gcc900/lcg/root/6.22.08-ljfedo/etc/plugins/TFile/P050_TGFALFile.C"
 ^
In file included from input_line_40:1:
/cvmfs/cms.cern.ch/slc7_amd64_gcc900/lcg/root/6.22.08-ljfedo/etc/plugins/TFile/P050_TGFALFile.C:1:1: error: expected unqualified-id
void P050_TGFALFile()
^
input_line_41:1:2: error: unknown type name 'include'
#include "/cvmfs/cms.cern.ch/slc7_amd64_gcc900/lcg/root/6.22.08-ljfedo/etc/plugins/TFile/P070_TAlienFile.C"
 ^
In file included from input_line_41:1:
/cvmfs/cms.cern.ch/slc7_amd64_gcc900/lcg/root/6.22.08-ljfedo/etc/plugins/TFile/P070_TAlienFile.C:1:1: error: expected unqualified-id
void P070_TAlienFile()
^
input_line_42:1:2: error: unknown type name 'include'
#include "/cvmfs/cms.cern.ch/slc7_amd64_gcc900/lcg/root/6.22.08-ljfedo/etc/plugins/TFile/P080_TXMLFile.C"
 ^
In file included from input_line_42:1:
/cvmfs/cms.cern.ch/slc7_amd64_gcc900/lcg/root/6.22.08-ljfedo/etc/plugins/TFile/P080_TXMLFile.C:1:1: error: expected unqualified-id
void P080_TXMLFile()
^
input_line_43:1:2: error: unknown type name 'include'
#include "/cvmfs/cms.cern.ch/slc7_amd64_gcc900/lcg/root/6.22.08-ljfedo/etc/plugins/TFile/P090_TSQLFile.C"
 ^
In file included from input_line_43:1:
/cvmfs/cms.cern.ch/slc7_amd64_gcc900/lcg/root/6.22.08-ljfedo/etc/plugins/TFile/P090_TSQLFile.C:1:1: error: expected unqualified-id
void P090_TSQLFile()
^
input_line_44:1:2: error: unknown type name 'include'
#include "/cvmfs/cms.cern.ch/slc7_amd64_gcc900/lcg/root/6.22.08-ljfedo/etc/plugins/TFile/P100_TXNetFile.C"
 ^
In file included from input_line_44:1:
/cvmfs/cms.cern.ch/slc7_amd64_gcc900/lcg/root/6.22.08-ljfedo/etc/plugins/TFile/P100_TXNetFile.C:1:1: error: expected unqualified-id
void P100_TXNetFile()
^
input_line_45:1:2: error: unknown type name 'include'
#include "/cvmfs/cms.cern.ch/slc7_amd64_gcc900/lcg/root/6.22.08-ljfedo/etc/plugins/TFile/P120_TNetFile.C"
 ^
In file included from input_line_45:1:
/cvmfs/cms.cern.ch/slc7_amd64_gcc900/lcg/root/6.22.08-ljfedo/etc/plugins/TFile/P120_TNetFile.C:1:1: error: expected unqualified-id
void P120_TNetFile()
^
input_line_46:1:2: error: unknown type name 'include'
#include "/cvmfs/cms.cern.ch/slc7_amd64_gcc900/lcg/root/6.22.08-ljfedo/etc/plugins/TFile/P130_TDavixFile.C"
 ^
In file included from input_line_46:1:
/cvmfs/cms.cern.ch/slc7_amd64_gcc900/lcg/root/6.22.08-ljfedo/etc/plugins/TFile/P130_TDavixFile.C:1:1: error: expected unqualified-id
void P130_TDavixFile()
^
input_line_47:1:2: error: unknown type name 'include'
#include "/cvmfs/cms.cern.ch/slc7_amd64_gcc900/lcg/root/6.22.08-ljfedo/etc/plugins/TFile/P150_TS3WebFile.C"
 ^
In file included from input_line_47:1:
/cvmfs/cms.cern.ch/slc7_amd64_gcc900/lcg/root/6.22.08-ljfedo/etc/plugins/TFile/P150_TS3WebFile.C:1:1: error: expected unqualified-id
void P150_TS3WebFile()
^
input_line_48:1:2: error: unknown type name 'include'
#include "/cvmfs/cms.cern.ch/slc7_amd64_gcc900/lcg/root/6.22.08-ljfedo/etc/plugins/TArchiveFile/P010_TZIPFile.C"
 ^
In file included from input_line_48:1:
/cvmfs/cms.cern.ch/slc7_amd64_gcc900/lcg/root/6.22.08-ljfedo/etc/plugins/TArchiveFile/P010_TZIPFile.C:1:1: error: expected unqualified-id
void P010_TZIPFile()
^
Error in <TClass::LoadClassInfo>: no interpreter information for class TStreamerInfo is available even though it has a TClass initialization routine.
Error in <TBufferFile::ReadClass>: The on-file class is "'TStreamerInfo" which is not compatible with the requested class: "TObject"
Error in <TClass::LoadClassInfo>: no interpreter information for class TStreamerInfo is available even though it has a TClass initialization routine.
Error in <TBufferFile::ReadObject>: got object of wrong class! requested TObject but got TStreamerInfo
Error in <TClass::LoadClassInfo>: no interpreter information for class TStreamerInfo is available even though it has a TClass initialization routine.
Error in <TBufferFile::ReadClass>: The on-file class is "'TStreamerInfo" which is not compatible with the requested class: "TObject"
Error in <TClass::LoadClassInfo>: no interpreter information for class TStreamerInfo is available even though it has a TClass initialization routine.
Error in <TBufferFile::ReadObject>: got object of wrong class! requested TObject but got TStreamerInfo
Error in <TClass::LoadClassInfo>: no interpreter information for class TStreamerInfo is available even though it has a TClass initialization routine.
Error in <TBufferFile::ReadClass>: The on-file class is "'TStreamerInfo" which is not compatible with the requested class: "TObject"
Error in <TClass::LoadClassInfo>: no interpreter information for class TStreamerInfo is available even though it has a TClass initialization routine.
Error in <TBufferFile::ReadObject>: got object of wrong class! requested TObject but got TStreamerInfo
Error in <TClass::LoadClassInfo>: no interpreter information for class TStreamerInfo is available even though it has a TClass initialization routine.
Error in <TBufferFile::ReadClass>: The on-file class is "'TStreamerInfo" which is not compatible with the requested class: "TObject"
Error in <TClass::LoadClassInfo>: no interpreter information for class TStreamerInfo is available even though it has a TClass initialization routine.
Error in <TBufferFile::ReadObject>: got object of wrong class! requested TObject but got TStreamerInfo
Error in <TClass::LoadClassInfo>: no interpreter information for class TStreamerInfo is available even though it has a TClass initialization routine.
Error in <TBufferFile::ReadClass>: The on-file class is "'TStreamerInfo" which is not compatible with the requested class: "TObject"
Error in <TClass::LoadClassInfo>: no interpreter information for class TStreamerInfo is available even though it has a TClass initialization routine.
Error in <TBufferFile::ReadObject>: got object of wrong class! requested TObject but got TStreamerInfo
Error in <TClass::LoadClassInfo>: no interpreter information for class TStreamerInfo is available even though it has a TClass initialization routine.
Error in <TBufferFile::ReadClass>: The on-file class is "'TStreamerInfo" which is not compatible with the requested class: "TObject"
Error in <TClass::LoadClassInfo>: no interpreter information for class TStreamerInfo is available even though it has a TClass initialization routine.
Error in <TBufferFile::ReadObject>: got object of wrong class! requested TObject but got TStreamerInfo
Error in <TClass::LoadClassInfo>: no interpreter information for class TStreamerInfo is available even though it has a TClass initialization routine.
Error in <TBufferFile::ReadClass>: The on-file class is "'TStreamerInfo" which is not compatible with the requested class: "TObject"
Error in <TClass::LoadClassInfo>: no interpreter information for class TStreamerInfo is available even though it has a TClass initialization routine.
Error in <TBufferFile::ReadObject>: got object of wrong class! requested TObject but got TStreamerInfo
Error in <TClass::LoadClassInfo>: no interpreter information for class TStreamerInfo is available even though it has a TClass initialization routine.
Error in <TBufferFile::ReadClass>: The on-file class is "'TStreamerInfo" which is not compatible with the requested class: "TObject"
Error in <TClass::LoadClassInfo>: no interpreter information for class TStreamerInfo is available even though it has a TClass initialization routine.
Error in <TBufferFile::ReadObject>: got object of wrong class! requested TObject but got TStreamerInfo
Error in <TClass::LoadClassInfo>: no interpreter information for class TStreamerInfo is available even though it has a TClass initialization routine.
Error in <TBufferFile::ReadClass>: The on-file class is "'TStreamerInfo" which is not compatible with the requested class: "TObject"
Error in <TClass::LoadClassInfo>: no interpreter information for class TStreamerInfo is available even though it has a TClass initialization routine.
Error in <TBufferFile::ReadObject>: got object of wrong class! requested TObject but got TStreamerInfo
Error in <TClass::LoadClassInfo>: no interpreter information for class TStreamerInfo is available even though it has a TClass initialization routine.
Error in <TBufferFile::ReadClass>: The on-file class is "'TStreamerInfo" which is not compatible with the requested class: "TObject"
Error in <TClass::LoadClassInfo>: no interpreter information for class TStreamerInfo is available even though it has a TClass initialization routine.
Error in <TBufferFile::ReadObject>: got object of wrong class! requested TObject but got TStreamerInfo
Error in <TClass::LoadClassInfo>: no interpreter information for class TStreamerInfo is available even though it has a TClass initialization routine.
Error in <TBufferFile::ReadClass>: The on-file class is "'TStreamerInfo" which is not compatible with the requested class: "TObject"
Error in <TClass::LoadClassInfo>: no interpreter information for class TStreamerInfo is available even though it has a TClass initialization routine.
Error in <TBufferFile::ReadObject>: got object of wrong class! requested TObject but got TStreamerInfo
Error in <TClass::LoadClassInfo>: no interpreter information for class TStreamerInfo is available even though it has a TClass initialization routine.
Error in <TBufferFile::ReadClass>: The on-file class is "'TStreamerInfo" which is not compatible with the requested class: "TObject"
Error in <TClass::LoadClassInfo>: no interpreter information for class TStreamerInfo is available even though it has a TClass initialization routine.
Error in <TBufferFile::ReadObject>: got object of wrong class! requested TObject but got TStreamerInfo
Error in <TClass::LoadClassInfo>: no interpreter information for class TStreamerInfo is available even though it has a TClass initialization routine.
Error in <TBufferFile::ReadClass>: The on-file class is "'TStreamerInfo" which is not compatible with the requested class: "TObject"
Error in <TClass::LoadClassInfo>: no interpreter information for class TStreamerInfo is available even though it has a TClass initialization routine.
Error in <TBufferFile::ReadObject>: got object of wrong class! requested TObject but got TStreamerInfo
Error in <TClass::LoadClassInfo>: no interpreter information for class TStreamerInfo is available even though it has a TClass initialization routine.
Error in <TBufferFile::ReadClass>: The on-file class is "'TStreamerInfo" which is not compatible with the requested class: "TObject"
Error in <TClass::LoadClassInfo>: no interpreter information for class TStreamerInfo is available even though it has a TClass initialization routine.
Error in <TBufferFile::ReadObject>: got object of wrong class! requested TObject but got TStreamerInfo
Error in <TClass::LoadClassInfo>: no interpreter information for class TStreamerInfo is available even though it has a TClass initialization routine.
Error in <TBufferFile::ReadClass>: The on-file class is "'TStreamerInfo" which is not compatible with the requested class: "TObject"
Error in <TClass::LoadClassInfo>: no interpreter information for class TStreamerInfo is available even though it has a TClass initialization routine.
Error in <TBufferFile::ReadObject>: got object of wrong class! requested TObject but got TStreamerInfo
Error in <TClass::LoadClassInfo>: no interpreter information for class TStreamerInfo is available even though it has a TClass initialization routine.
Error in <TBufferFile::ReadClass>: The on-file class is "'TStreamerInfo" which is not compatible with the requested class: "TObject"
Error in <TClass::LoadClassInfo>: no interpreter information for class TStreamerInfo is available even though it has a TClass initialization routine.
Error in <TBufferFile::ReadObject>: got object of wrong class! requested TObject but got TStreamerInfo
Error in <TClass::LoadClassInfo>: no interpreter information for class TStreamerInfo is available even though it has a TClass initialization routine.
Error in <TBufferFile::ReadClass>: The on-file class is "'TStreamerInfo" which is not compatible with the requested class: "TObject"
Error in <TClass::LoadClassInfo>: no interpreter information for class TStreamerInfo is available even though it has a TClass initialization routine.
Error in <TBufferFile::ReadObject>: got object of wrong class! requested TObject but got TStreamerInfo
Error in <TClass::LoadClassInfo>: no interpreter information for class TStreamerInfo is available even though it has a TClass initialization routine.
Error in <TBufferFile::ReadClass>: The on-file class is "'TStreamerInfo" which is not compatible with the requested class: "TObject"
Error in <TClass::LoadClassInfo>: no interpreter information for class TStreamerInfo is available even though it has a TClass initialization routine.
Error in <TBufferFile::ReadObject>: got object of wrong class! requested TObject but got TStreamerInfo
Error in <TClass::LoadClassInfo>: no interpreter information for class TStreamerInfo is available even though it has a TClass initialization routine.
Error in <TBufferFile::ReadClass>: The on-file class is "'TStreamerInfo" which is not compatible with the requested class: "TObject"
Error in <TClass::LoadClassInfo>: no interpreter information for class TStreamerInfo is available even though it has a TClass initialization routine.
Error in <TBufferFile::ReadObject>: got object of wrong class! requested TObject but got TStreamerInfo
Error in <TClass::LoadClassInfo>: no interpreter information for class TStreamerInfo is available even though it has a TClass initialization routine.
Error in <TBufferFile::ReadClass>: The on-file class is "'TStreamerInfo" which is not compatible with the requested class: "TObject"
Error in <TClass::LoadClassInfo>: no interpreter information for class TStreamerInfo is available even though it has a TClass initialization routine.
Error in <TBufferFile::ReadObject>: got object of wrong class! requested TObject but got TStreamerInfo
Error in <TClass::LoadClassInfo>: no interpreter information for class TStreamerInfo is available even though it has a TClass initialization routine.
Error in <TBufferFile::ReadClass>: The on-file class is "'TStreamerInfo" which is not compatible with the requested class: "TObject"
Error in <TClass::LoadClassInfo>: no interpreter information for class TStreamerInfo is available even though it has a TClass initialization routine.
Error in <TBufferFile::ReadObject>: got object of wrong class! requested TObject but got TStreamerInfo
Error in <TClass::LoadClassInfo>: no interpreter information for class TStreamerInfo is available even though it has a TClass initialization routine.
Error in <TBufferFile::ReadClass>: The on-file class is "'TStreamerInfo" which is not compatible with the requested class: "TObject"
Error in <TClass::LoadClassInfo>: no interpreter information for class TStreamerInfo is available even though it has a TClass initialization routine.
Error in <TBufferFile::ReadObject>: got object of wrong class! requested TObject but got TStreamerInfo
Error in <TClass::LoadClassInfo>: no interpreter information for class TStreamerInfo is available even though it has a TClass initialization routine.
Error in <TBufferFile::ReadClass>: The on-file class is "'TStreamerInfo" which is not compatible with the requested class: "TObject"
Error in <TClass::LoadClassInfo>: no interpreter information for class TStreamerInfo is available even though it has a TClass initialization routine.
Error in <TBufferFile::ReadObject>: got object of wrong class! requested TObject but got TStreamerInfo
Error in <TClass::LoadClassInfo>: no interpreter information for class TStreamerInfo is available even though it has a TClass initialization routine.
Error in <TBufferFile::ReadClass>: The on-file class is "'TStreamerInfo" which is not compatible with the requested class: "TObject"
Error in <TClass::LoadClassInfo>: no interpreter information for class TStreamerInfo is available even though it has a TClass initialization routine.
Error in <TBufferFile::ReadObject>: got object of wrong class! requested TObject but got TStreamerInfo
Error in <TClass::LoadClassInfo>: no interpreter information for class TStreamerInfo is available even though it has a TClass initialization routine.
Error in <TBufferFile::ReadClass>: The on-file class is "'TStreamerInfo" which is not compatible with the requested class: "TObject"
Error in <TClass::LoadClassInfo>: no interpreter information for class TStreamerInfo is available even though it has a TClass initialization routine.
Error in <TBufferFile::ReadObject>: got object of wrong class! requested TObject but got TStreamerInfo
Error in <TClass::LoadClassInfo>: no interpreter information for class TStreamerInfo is available even though it has a TClass initialization routine.
Error in <TBufferFile::ReadClass>: The on-file class is "'TStreamerInfo" which is not compatible with the requested class: "TObject"
Error in <TClass::LoadClassInfo>: no interpreter information for class TStreamerInfo is available even though it has a TClass initialization routine.
Error in <TBufferFile::ReadObject>: got object of wrong class! requested TObject but got TStreamerInfo
Error in <TClass::LoadClassInfo>: no interpreter information for class TStreamerInfo is available even though it has a TClass initialization routine.
Error in <TBufferFile::ReadClass>: The on-file class is "'TStreamerInfo" which is not compatible with the requested class: "TObject"
Error in <TClass::LoadClassInfo>: no interpreter information for class TStreamerInfo is available even though it has a TClass initialization routine.
Error in <TBufferFile::ReadObject>: got object of wrong class! requested TObject but got TStreamerInfo
Error in <TClass::LoadClassInfo>: no interpreter information for class TStreamerInfo is available even though it has a TClass initialization routine.
Error in <TBufferFile::ReadClass>: The on-file class is "'TStreamerInfo" which is not compatible with the requested class: "TObject"
Error in <TClass::LoadClassInfo>: no interpreter information for class TStreamerInfo is available even though it has a TClass initialization routine.
Error in <TBufferFile::ReadObject>: got object of wrong class! requested TObject but got TStreamerInfo
Error in <TClass::LoadClassInfo>: no interpreter information for class TStreamerInfo is available even though it has a TClass initialization routine.
Error in <TBufferFile::ReadClass>: The on-file class is "'TStreamerInfo" which is not compatible with the requested class: "TObject"
Error in <TClass::LoadClassInfo>: no interpreter information for class TStreamerInfo is available even though it has a TClass initialization routine.
Error in <TBufferFile::ReadObject>: got object of wrong class! requested TObject but got TStreamerInfo
Error in <TClass::LoadClassInfo>: no interpreter information for class TStreamerInfo is available even though it has a TClass initialization routine.
Error in <TBufferFile::ReadClass>: The on-file class is "'TStreamerInfo" which is not compatible with the requested class: "TObject"
Error in <TClass::LoadClassInfo>: no interpreter information for class TStreamerInfo is available even though it has a TClass initialization routine.
Error in <TBufferFile::ReadObject>: got object of wrong class! requested TObject but got TStreamerInfo
Error in <TClass::LoadClassInfo>: no interpreter information for class TStreamerInfo is available even though it has a TClass initialization routine.
Error in <TBufferFile::ReadClass>: The on-file class is "'TStreamerInfo" which is not compatible with the requested class: "TObject"
Error in <TClass::LoadClassInfo>: no interpreter information for class TStreamerInfo is available even though it has a TClass initialization routine.
Error in <TBufferFile::ReadObject>: got object of wrong class! requested TObject but got TStreamerInfo
Error in <TClass::LoadClassInfo>: no interpreter information for class TStreamerInfo is available even though it has a TClass initialization routine.
Error in <TBufferFile::ReadClass>: The on-file class is "'TStreamerInfo" which is not compatible with the requested class: "TObject"
Error in <TClass::LoadClassInfo>: no interpreter information for class TStreamerInfo is available even though it has a TClass initialization routine.
Error in <TBufferFile::ReadObject>: got object of wrong class! requested TObject but got TStreamerInfo
Error in <TClass::LoadClassInfo>: no interpreter information for class TStreamerInfo is available even though it has a TClass initialization routine.
Error in <TBufferFile::ReadClass>: The on-file class is "'TStreamerInfo" which is not compatible with the requested class: "TObject"
Error in <TClass::LoadClassInfo>: no interpreter information for class TStreamerInfo is available even though it has a TClass initialization routine.
Error in <TBufferFile::ReadObject>: got object of wrong class! requested TObject but got TStreamerInfo
Error in <TClass::LoadClassInfo>: no interpreter information for class TStreamerInfo is available even though it has a TClass initialization routine.
Error in <TBufferFile::ReadClass>: The on-file class is "'TStreamerInfo" which is not compatible with the requested class: "TObject"
Error in <TClass::LoadClassInfo>: no interpreter information for class TStreamerInfo is available even though it has a TClass initialization routine.
Error in <TBufferFile::ReadObject>: got object of wrong class! requested TObject but got TStreamerInfo
Error in <TClass::LoadClassInfo>: no interpreter information for class TStreamerInfo is available even though it has a TClass initialization routine.
Error in <TBufferFile::ReadClass>: The on-file class is "'TStreamerInfo" which is not compatible with the requested class: "TObject"
Error in <TClass::LoadClassInfo>: no interpreter information for class TStreamerInfo is available even though it has a TClass initialization routine.
Error in <TBufferFile::ReadObject>: got object of wrong class! requested TObject but got TStreamerInfo
Error in <TClass::LoadClassInfo>: no interpreter information for class TStreamerInfo is available even though it has a TClass initialization routine.
Error in <TBufferFile::ReadClass>: The on-file class is "'TStreamerInfo" which is not compatible with the requested class: "TObject"
Error in <TClass::LoadClassInfo>: no interpreter information for class TStreamerInfo is available even though it has a TClass initialization routine.
Error in <TBufferFile::ReadObject>: got object of wrong class! requested TObject but got TStreamerInfo
Error in <TClass::LoadClassInfo>: no interpreter information for class TStreamerInfo is available even though it has a TClass initialization routine.
Error in <TBufferFile::ReadClass>: The on-file class is "'TStreamerInfo" which is not compatible with the requested class: "TObject"
Error in <TClass::LoadClassInfo>: no interpreter information for class TStreamerInfo is available even though it has a TClass initialization routine.
Error in <TBufferFile::ReadObject>: got object of wrong class! requested TObject but got TStreamerInfo
Error in <TClass::LoadClassInfo>: no interpreter information for class TStreamerInfo is available even though it has a TClass initialization routine.
Error in <TBufferFile::ReadClass>: The on-file class is "'TStreamerInfo" which is not compatible with the requested class: "TObject"
Error in <TClass::LoadClassInfo>: no interpreter information for class TStreamerInfo is available even though it has a TClass initialization routine.
Error in <TBufferFile::ReadObject>: got object of wrong class! requested TObject but got TStreamerInfo
Error in <TClass::LoadClassInfo>: no interpreter information for class TStreamerInfo is available even though it has a TClass initialization routine.
Error in <TBufferFile::ReadClass>: The on-file class is "'TStreamerInfo" which is not compatible with the requested class: "TObject"
Error in <TClass::LoadClassInfo>: no interpreter information for class TStreamerInfo is available even though it has a TClass initialization routine.
Error in <TBufferFile::ReadObject>: got object of wrong class! requested TObject but got TStreamerInfo
Error in <TClass::LoadClassInfo>: no interpreter information for class TStreamerInfo is available even though it has a TClass initialization routine.
Error in <TBufferFile::ReadClass>: The on-file class is "'TStreamerInfo" which is not compatible with the requested class: "TObject"
Error in <TClass::LoadClassInfo>: no interpreter information for class TStreamerInfo is available even though it has a TClass initialization routine.
Error in <TBufferFile::ReadObject>: got object of wrong class! requested TObject but got TStreamerInfo
Error in <TClass::LoadClassInfo>: no interpreter information for class TStreamerInfo is available even though it has a TClass initialization routine.
Error in <TBufferFile::ReadClass>: The on-file class is "'TStreamerInfo" which is not compatible with the requested class: "TObject"
Error in <TClass::LoadClassInfo>: no interpreter information for class TStreamerInfo is available even though it has a TClass initialization routine.
Error in <TBufferFile::ReadObject>: got object of wrong class! requested TObject but got TStreamerInfo
Error in <TClass::LoadClassInfo>: no interpreter information for class TStreamerInfo is available even though it has a TClass initialization routine.
Error in <TBufferFile::ReadClass>: The on-file class is "'TStreamerInfo" which is not compatible with the requested class: "TObject"
Error in <TClass::LoadClassInfo>: no interpreter information for class TStreamerInfo is available even though it has a TClass initialization routine.
Error in <TBufferFile::ReadObject>: got object of wrong class! requested TObject but got TStreamerInfo
Error in <TClass::LoadClassInfo>: no interpreter information for class TStreamerInfo is available even though it has a TClass initialization routine.
Error in <TBufferFile::ReadClass>: The on-file class is "'TStreamerInfo" which is not compatible with the requested class: "TObject"
Error in <TClass::LoadClassInfo>: no interpreter information for class TStreamerInfo is available even though it has a TClass initialization routine.
Error in <TBufferFile::ReadObject>: got object of wrong class! requested TObject but got TStreamerInfo
Error in <TClass::LoadClassInfo>: no interpreter information for class TStreamerInfo is available even though it has a TClass initialization routine.
Error in <TBufferFile::ReadClass>: The on-file class is "'TStreamerInfo" which is not compatible with the requested class: "TObject"
Error in <TClass::LoadClassInfo>: no interpreter information for class TStreamerInfo is available even though it has a TClass initialization routine.
Error in <TBufferFile::ReadObject>: got object of wrong class! requested TObject but got TStreamerInfo
Error in <TClass::LoadClassInfo>: no interpreter information for class TStreamerInfo is available even though it has a TClass initialization routine.
Error in <TBufferFile::ReadClass>: The on-file class is "'TStreamerInfo" which is not compatible with the requested class: "TObject"
Error in <TClass::LoadClassInfo>: no interpreter information for class TStreamerInfo is available even though it has a TClass initialization routine.
Error in <TBufferFile::ReadObject>: got object of wrong class! requested TObject but got TStreamerInfo
Error in <TClass::LoadClassInfo>: no interpreter information for class TStreamerInfo is available even though it has a TClass initialization routine.
Error in <TBufferFile::ReadClass>: The on-file class is "'TStreamerInfo" which is not compatible with the requested class: "TObject"
Error in <TClass::LoadClassInfo>: no interpreter information for class TStreamerInfo is available even though it has a TClass initialization routine.
Error in <TBufferFile::ReadObject>: got object of wrong class! requested TObject but got TStreamerInfo
Error in <TClass::LoadClassInfo>: no interpreter information for class TStreamerInfo is available even though it has a TClass initialization routine.
Error in <TBufferFile::ReadClass>: The on-file class is "'TStreamerInfo" which is not compatible with the requested class: "TObject"
Error in <TClass::LoadClassInfo>: no interpreter information for class TStreamerInfo is available even though it has a TClass initialization routine.
Error in <TBufferFile::ReadObject>: got object of wrong class! requested TObject but got TStreamerInfo
Error in <TClass::LoadClassInfo>: no interpreter information for class TStreamerInfo is available even though it has a TClass initialization routine.
Error in <TBufferFile::ReadClass>: The on-file class is "'TStreamerInfo" which is not compatible with the requested class: "TObject"
Error in <TClass::LoadClassInfo>: no interpreter information for class TStreamerInfo is available even though it has a TClass initialization routine.
Error in <TBufferFile::ReadObject>: got object of wrong class! requested TObject but got TStreamerInfo
Error in <TClass::LoadClassInfo>: no interpreter information for class TStreamerInfo is available even though it has a TClass initialization routine.
Error in <TBufferFile::ReadClass>: The on-file class is "'TStreamerInfo" which is not compatible with the requested class: "TObject"
Error in <TClass::LoadClassInfo>: no interpreter information for class TStreamerInfo is available even though it has a TClass initialization routine.
Error in <TBufferFile::ReadObject>: got object of wrong class! requested TObject but got TStreamerInfo
Error in <TClass::LoadClassInfo>: no interpreter information for class TStreamerInfo is available even though it has a TClass initialization routine.
Error in <TBufferFile::ReadClass>: The on-file class is "'TStreamerInfo" which is not compatible with the requested class: "TObject"
Error in <TClass::LoadClassInfo>: no interpreter information for class TStreamerInfo is available even though it has a TClass initialization routine.
Error in <TBufferFile::ReadObject>: got object of wrong class! requested TObject but got TStreamerInfo
Error in <TClass::LoadClassInfo>: no interpreter information for class TStreamerInfo is available even though it has a TClass initialization routine.
Error in <TBufferFile::ReadClass>: The on-file class is "'TStreamerInfo" which is not compatible with the requested class: "TObject"
Error in <TClass::LoadClassInfo>: no interpreter information for class TStreamerInfo is available even though it has a TClass initialization routine.
Error in <TBufferFile::ReadObject>: got object of wrong class! requested TObject but got TStreamerInfo
Error in <TClass::LoadClassInfo>: no interpreter information for class TStreamerInfo is available even though it has a TClass initialization routine.
Error in <TBufferFile::ReadClass>: The on-file class is "'TStreamerInfo" which is not compatible with the requested class: "TObject"
Error in <TClass::LoadClassInfo>: no interpreter information for class TStreamerInfo is available even though it has a TClass initialization routine.
Error in <TBufferFile::ReadObject>: got object of wrong class! requested TObject but got TStreamerInfo
Error in <TClass::LoadClassInfo>: no interpreter information for class TStreamerInfo is available even though it has a TClass initialization routine.
Error in <TBufferFile::ReadClass>: The on-file class is "'TStreamerInfo" which is not compatible with the requested class: "TObject"
Error in <TClass::LoadClassInfo>: no interpreter information for class TStreamerInfo is available even though it has a TClass initialization routine.
Error in <TBufferFile::ReadObject>: got object of wrong class! requested TObject but got TStreamerInfo
Error in <TClass::LoadClassInfo>: no interpreter information for class TStreamerInfo is available even though it has a TClass initialization routine.
Error in <TBufferFile::ReadClass>: The on-file class is "'TStreamerInfo" which is not compatible with the requested class: "TObject"
Error in <TClass::LoadClassInfo>: no interpreter information for class TStreamerInfo is available even though it has a TClass initialization routine.
Error in <TBufferFile::ReadObject>: got object of wrong class! requested TObject but got TStreamerInfo
Error in <TClass::LoadClassInfo>: no interpreter information for class TStreamerInfo is available even though it has a TClass initialization routine.
Error in <TBufferFile::ReadClass>: The on-file class is "'TStreamerInfo" which is not compatible with the requested class: "TObject"
Error in <TClass::LoadClassInfo>: no interpreter information for class TStreamerInfo is available even though it has a TClass initialization routine.
Error in <TBufferFile::ReadObject>: got object of wrong class! requested TObject but got TStreamerInfo
Error in <TClass::LoadClassInfo>: no interpreter information for class TStreamerInfo is available even though it has a TClass initialization routine.
Error in <TBufferFile::ReadClass>: The on-file class is "'TStreamerInfo" which is not compatible with the requested class: "TObject"
Error in <TClass::LoadClassInfo>: no interpreter information for class TStreamerInfo is available even though it has a TClass initialization routine.
Error in <TBufferFile::ReadObject>: got object of wrong class! requested TObject but got TStreamerInfo
Error in <TClass::LoadClassInfo>: no interpreter information for class TStreamerInfo is available even though it has a TClass initialization routine.
Error in <TBufferFile::ReadClass>: The on-file class is "'TStreamerInfo" which is not compatible with the requested class: "TObject"
Error in <TClass::LoadClassInfo>: no interpreter information for class TStreamerInfo is available even though it has a TClass initialization routine.
Error in <TBufferFile::ReadObject>: got object of wrong class! requested TObject but got TStreamerInfo
Error in <TClass::LoadClassInfo>: no interpreter information for class TStreamerInfo is available even though it has a TClass initialization routine.
Error in <TBufferFile::ReadClass>: The on-file class is "'TStreamerInfo" which is not compatible with the requested class: "TObject"
Error in <TClass::LoadClassInfo>: no interpreter information for class TStreamerInfo is available even though it has a TClass initialization routine.
Error in <TBufferFile::ReadObject>: got object of wrong class! requested TObject but got TStreamerInfo
Error in <TClass::LoadClassInfo>: no interpreter information for class TStreamerInfo is available even though it has a TClass initialization routine.
Error in <TBufferFile::ReadClass>: The on-file class is "'TStreamerInfo" which is not compatible with the requested class: "TObject"
Error in <TClass::LoadClassInfo>: no interpreter information for class TStreamerInfo is available even though it has a TClass initialization routine.
Error in <TBufferFile::ReadObject>: got object of wrong class! requested TObject but got TStreamerInfo
Error in <TClass::LoadClassInfo>: no interpreter information for class TStreamerInfo is available even though it has a TClass initialization routine.
Error in <TBufferFile::ReadClass>: The on-file class is "'TStreamerInfo" which is not compatible with the requested class: "TObject"
Error in <TClass::LoadClassInfo>: no interpreter information for class TStreamerInfo is available even though it has a TClass initialization routine.
Error in <TBufferFile::ReadObject>: got object of wrong class! requested TObject but got TStreamerInfo
Error in <TClass::LoadClassInfo>: no interpreter information for class TStreamerInfo is available even though it has a TClass initialization routine.
Error in <TBufferFile::ReadClass>: The on-file class is "'TStreamerInfo" which is not compatible with the requested class: "TObject"
Error in <TClass::LoadClassInfo>: no interpreter information for class TStreamerInfo is available even though it has a TClass initialization routine.
Error in <TBufferFile::ReadObject>: got object of wrong class! requested TObject but got TStreamerInfo
Error in <TClass::LoadClassInfo>: no interpreter information for class TStreamerInfo is available even though it has a TClass initialization routine.
Error in <TBufferFile::ReadClass>: The on-file class is "'TStreamerInfo" which is not compatible with the requested class: "TObject"
Error in <TClass::LoadClassInfo>: no interpreter information for class TStreamerInfo is available even though it has a TClass initialization routine.
Error in <TBufferFile::ReadObject>: got object of wrong class! requested TObject but got TStreamerInfo
Error in <TClass::LoadClassInfo>: no interpreter information for class TStreamerInfo is available even though it has a TClass initialization routine.
Error in <TBufferFile::ReadClass>: The on-file class is "'TStreamerInfo" which is not compatible with the requested class: "TObject"
Error in <TClass::LoadClassInfo>: no interpreter information for class TStreamerInfo is available even though it has a TClass initialization routine.
Error in <TBufferFile::ReadObject>: got object of wrong class! requested TObject but got TStreamerInfo
Error in <TClass::LoadClassInfo>: no interpreter information for class TStreamerInfo is available even though it has a TClass initialization routine.
Error in <TBufferFile::ReadClass>: The on-file class is "'TStreamerInfo" which is not compatible with the requested class: "TObject"
Error in <TClass::LoadClassInfo>: no interpreter information for class TStreamerInfo is available even though it has a TClass initialization routine.
Error in <TBufferFile::ReadObject>: got object of wrong class! requested TObject but got TStreamerInfo
Error in <TClass::LoadClassInfo>: no interpreter information for class TStreamerInfo is available even though it has a TClass initialization routine.
Error in <TBufferFile::ReadClass>: The on-file class is "'TStreamerInfo" which is not compatible with the requested class: "TObject"
Error in <TClass::LoadClassInfo>: no interpreter information for class TStreamerInfo is available even though it has a TClass initialization routine.
Error in <TBufferFile::ReadObject>: got object of wrong class! requested TObject but got TStreamerInfo
Error in <TClass::LoadClassInfo>: no interpreter information for class TStreamerInfo is available even though it has a TClass initialization routine.
Error in <TBufferFile::ReadClass>: The on-file class is "'TStreamerInfo" which is not compatible with the requested class: "TObject"
Error in <TClass::LoadClassInfo>: no interpreter information for class TStreamerInfo is available even though it has a TClass initialization routine.
Error in <TBufferFile::ReadObject>: got object of wrong class! requested TObject but got TStreamerInfo
Error in <TClass::LoadClassInfo>: no interpreter information for class TStreamerInfo is available even though it has a TClass initialization routine.
Error in <TBufferFile::ReadClass>: The on-file class is "'TStreamerInfo" which is not compatible with the requested class: "TObject"
Error in <TClass::LoadClassInfo>: no interpreter information for class TStreamerInfo is available even though it has a TClass initialization routine.
Error in <TBufferFile::ReadObject>: got object of wrong class! requested TObject but got TStreamerInfo
Error in <TClass::LoadClassInfo>: no interpreter information for class TStreamerInfo is available even though it has a TClass initialization routine.
Error in <TBufferFile::ReadClass>: The on-file class is "'TStreamerInfo" which is not compatible with the requested class: "TObject"
Error in <TClass::LoadClassInfo>: no interpreter information for class TStreamerInfo is available even though it has a TClass initialization routine.
Error in <TBufferFile::ReadObject>: got object of wrong class! requested TObject but got TStreamerInfo
Error in <TClass::LoadClassInfo>: no interpreter information for class TStreamerInfo is available even though it has a TClass initialization routine.
Error in <TBufferFile::ReadClass>: The on-file class is "'TStreamerInfo" which is not compatible with the requested class: "TObject"
Error in <TClass::LoadClassInfo>: no interpreter information for class TStreamerInfo is available even though it has a TClass initialization routine.
Error in <TBufferFile::ReadObject>: got object of wrong class! requested TObject but got TStreamerInfo
Error in <TClass::LoadClassInfo>: no interpreter information for class TStreamerInfo is available even though it has a TClass initialization routine.
Error in <TBufferFile::ReadClass>: The on-file class is "'TStreamerInfo" which is not compatible with the requested class: "TObject"
Error in <TClass::LoadClassInfo>: no interpreter information for class TStreamerInfo is available even though it has a TClass initialization routine.
Error in <TBufferFile::ReadObject>: got object of wrong class! requested TObject but got TStreamerInfo
Error in <TClass::LoadClassInfo>: no interpreter information for class TStreamerInfo is available even though it has a TClass initialization routine.
Error in <TBufferFile::ReadClass>: The on-file class is "'TStreamerInfo" which is not compatible with the requested class: "TObject"
Error in <TClass::LoadClassInfo>: no interpreter information for class TStreamerInfo is available even though it has a TClass initialization routine.
Error in <TBufferFile::ReadObject>: got object of wrong class! requested TObject but got TStreamerInfo
Error in <TClass::LoadClassInfo>: no interpreter information for class TStreamerInfo is available even though it has a TClass initialization routine.
Error in <TBufferFile::ReadClass>: The on-file class is "'TStreamerInfo" which is not compatible with the requested class: "TObject"
Error in <TClass::LoadClassInfo>: no interpreter information for class TStreamerInfo is available even though it has a TClass initialization routine.
Error in <TBufferFile::ReadObject>: got object of wrong class! requested TObject but got TStreamerInfo
Error in <TClass::LoadClassInfo>: no interpreter information for class TStreamerInfo is available even though it has a TClass initialization routine.
Error in <TBufferFile::ReadClass>: The on-file class is "'TStreamerInfo" which is not compatible with the requested class: "TObject"
Error in <TClass::LoadClassInfo>: no interpreter information for class TStreamerInfo is available even though it has a TClass initialization routine.
Error in <TBufferFile::ReadObject>: got object of wrong class! requested TObject but got TStreamerInfo
Error in <TClass::LoadClassInfo>: no interpreter information for class TStreamerInfo is available even though it has a TClass initialization routine.
Error in <TBufferFile::ReadClass>: The on-file class is "'TStreamerInfo" which is not compatible with the requested class: "TObject"
Error in <TClass::LoadClassInfo>: no interpreter information for class TStreamerInfo is available even though it has a TClass initialization routine.
Error in <TBufferFile::ReadObject>: got object of wrong class! requested TObject but got TStreamerInfo
Error in <TClass::LoadClassInfo>: no interpreter information for class TStreamerInfo is available even though it has a TClass initialization routine.
Error in <TBufferFile::ReadClass>: The on-file class is "'TStreamerInfo" which is not compatible with the requested class: "TObject"
Error in <TClass::LoadClassInfo>: no interpreter information for class TStreamerInfo is available even though it has a TClass initialization routine.
Error in <TBufferFile::ReadObject>: got object of wrong class! requested TObject but got TStreamerInfo
Error in <TClass::LoadClassInfo>: no interpreter information for class TStreamerInfo is available even though it has a TClass initialization routine.
Error in <TBufferFile::ReadClass>: The on-file class is "'TStreamerInfo" which is not compatible with the requested class: "TObject"
Error in <TClass::LoadClassInfo>: no interpreter information for class TStreamerInfo is available even though it has a TClass initialization routine.
Error in <TBufferFile::ReadObject>: got object of wrong class! requested TObject but got TStreamerInfo
Error in <TClass::LoadClassInfo>: no interpreter information for class TStreamerInfo is available even though it has a TClass initialization routine.
Error in <TBufferFile::ReadClass>: The on-file class is "'TStreamerInfo" which is not compatible with the requested class: "TObject"
Error in <TClass::LoadClassInfo>: no interpreter information for class TStreamerInfo is available even though it has a TClass initialization routine.
Error in <TBufferFile::ReadObject>: got object of wrong class! requested TObject but got TStreamerInfo
Error in <TClass::LoadClassInfo>: no interpreter information for class TStreamerInfo is available even though it has a TClass initialization routine.
Error in <TBufferFile::ReadClass>: The on-file class is "'TStreamerInfo" which is not compatible with the requested class: "TObject"
Error in <TClass::LoadClassInfo>: no interpreter information for class TStreamerInfo is available even though it has a TClass initialization routine.
Error in <TBufferFile::ReadObject>: got object of wrong class! requested TObject but got TStreamerInfo
Error in <TClass::LoadClassInfo>: no interpreter information for class TStreamerInfo is available even though it has a TClass initialization routine.
Error in <TBufferFile::ReadClass>: The on-file class is "'TStreamerInfo" which is not compatible with the requested class: "TObject"
Error in <TClass::LoadClassInfo>: no interpreter information for class TStreamerInfo is available even though it has a TClass initialization routine.
Error in <TBufferFile::ReadObject>: got object of wrong class! requested TObject but got TStreamerInfo
Error in <TClass::LoadClassInfo>: no interpreter information for class TStreamerInfo is available even though it has a TClass initialization routine.
Error in <TBufferFile::ReadClass>: The on-file class is "'TStreamerInfo" which is not compatible with the requested class: "TObject"
Error in <TClass::LoadClassInfo>: no interpreter information for class TStreamerInfo is available even though it has a TClass initialization routine.
Error in <TBufferFile::ReadObject>: got object of wrong class! requested TObject but got TStreamerInfo
Error in <TClass::LoadClassInfo>: no interpreter information for class TStreamerInfo is available even though it has a TClass initialization routine.
Error in <TBufferFile::ReadClass>: The on-file class is "'TStreamerInfo" which is not compatible with the requested class: "TObject"
Error in <TClass::LoadClassInfo>: no interpreter information for class TStreamerInfo is available even though it has a TClass initialization routine.
Error in <TBufferFile::ReadObject>: got object of wrong class! requested TObject but got TStreamerInfo
Error in <TClass::LoadClassInfo>: no interpreter information for class TStreamerInfo is available even though it has a TClass initialization routine.
Error in <TBufferFile::ReadClass>: The on-file class is "'TStreamerInfo" which is not compatible with the requested class: "TObject"
Error in <TClass::LoadClassInfo>: no interpreter information for class TStreamerInfo is available even though it has a TClass initialization routine.
Error in <TBufferFile::ReadObject>: got object of wrong class! requested TObject but got TStreamerInfo
Error in <TClass::LoadClassInfo>: no interpreter information for class TStreamerInfo is available even though it has a TClass initialization routine.
Error in <TBufferFile::ReadClass>: The on-file class is "'TStreamerInfo" which is not compatible with the requested class: "TObject"
Error in <TClass::LoadClassInfo>: no interpreter information for class TStreamerInfo is available even though it has a TClass initialization routine.
Error in <TBufferFile::ReadObject>: got object of wrong class! requested TObject but got TStreamerInfo
Error in <TClass::LoadClassInfo>: no interpreter information for class RooWorkspace is available even though it has a TClass initialization routine.
Error in <TClass::LoadClassInfo>: no interpreter information for class RooWorkspace is available even though it has a TClass initialization routine.
Error in <TClass::LoadClassInfo>: no interpreter information for class RooWorkspace is available even though it has a TClass initialization routine.
Error in <TClass::LoadClassInfo>: no interpreter information for class RooWorkspace is available even though it has a TClass initialization routine.
Error in <TClass::LoadClassInfo>: no interpreter information for class RooWorkspace is available even though it has a TClass initialization routine.
Error in <TClass::LoadClassInfo>: no interpreter information for class RooWorkspace is available even though it has a TClass initialization routine.
Error in <TClass::LoadClassInfo>: no interpreter information for class RooWorkspace is available even though it has a TClass initialization routine.
Error in <TClass::LoadClassInfo>: no interpreter information for class RooWorkspace is available even though it has a TClass initialization routine.
Error in <TClass::LoadClassInfo>: no interpreter information for class RooWorkspace is available even though it has a TClass initialization routine.
Error in <TClass::LoadClassInfo>: no interpreter information for class RooWorkspace is available even though it has a TClass initialization routine.
Error in <TClass::LoadClassInfo>: no interpreter information for class RooWorkspace is available even though it has a TClass initialization routine.
Error in <TClass::LoadClassInfo>: no interpreter information for class RooWorkspace is available even though it has a TClass initialization routine.
Error in <TClass::LoadClassInfo>: no interpreter information for class RooWorkspace is available even though it has a TClass initialization routine.
Error in <TClass::LoadClassInfo>: no interpreter information for class RooWorkspace is available even though it has a TClass initialization routine.
Error in <TClass::LoadClassInfo>: no interpreter information for class RooWorkspace is available even though it has a TClass initialization routine.
Error in <TClass::LoadClassInfo>: no interpreter information for class RooWorkspace is available even though it has a TClass initialization routine.
Error in <TClass::LoadClassInfo>: no interpreter information for class RooWorkspace is available even though it has a TClass initialization routine.
Error in <TClass::LoadClassInfo>: no interpreter information for class RooWorkspace is available even though it has a TClass initialization routine.
Error in <TClass::LoadClassInfo>: no interpreter information for class RooWorkspace is available even though it has a TClass initialization routine.
Error in <TClass::LoadClassInfo>: no interpreter information for class RooWorkspace is available even though it has a TClass initialization routine.
Error in <TClass::LoadClassInfo>: no interpreter information for class RooWorkspace is available even though it has a TClass initialization routine.
Error in <TClass::LoadClassInfo>: no interpreter information for class RooWorkspace is available even though it has a TClass initialization routine.
Error in <TClass::LoadClassInfo>: no interpreter information for class RooWorkspace is available even though it has a TClass initialization routine.
Error in <TClass::LoadClassInfo>: no interpreter information for class RooWorkspace is available even though it has a TClass initialization routine.
Error in <TClass::LoadClassInfo>: no interpreter information for class RooWorkspace is available even though it has a TClass initialization routine.
Error in <TClass::LoadClassInfo>: no interpreter information for class RooWorkspace is available even though it has a TClass initialization routine.
Error in <TClass::LoadClassInfo>: no interpreter information for class RooWorkspace is available even though it has a TClass initialization routine.
Error in <TClass::LoadClassInfo>: no interpreter information for class RooWorkspace is available even though it has a TClass initialization routine.
Error in <TClass::LoadClassInfo>: no interpreter information for class RooWorkspace is available even though it has a TClass initialization routine.
Error in <TClass::LoadClassInfo>: no interpreter information for class RooWorkspace is available even though it has a TClass initialization routine.
Error in <TClass::LoadClassInfo>: no interpreter information for class RooWorkspace is available even though it has a TClass initialization routine.
Error in <TClass::LoadClassInfo>: no interpreter information for class RooWorkspace is available even though it has a TClass initialization routine.
Error in <TClass::LoadClassInfo>: no interpreter information for class RooWorkspace is available even though it has a TClass initialization routine.
Error in <TClass::LoadClassInfo>: no interpreter information for class RooWorkspace is available even though it has a TClass initialization routine.
Error in <TClass::RegisterStreamerInfo>: Register StreamerInfo for RooWorkspace on non-empty slot (8).
Error in <TClass::LoadClassInfo>: no interpreter information for class RooWorkspace is available even though it has a TClass initialization routine.
Error in <TClass::LoadClassInfo>: no interpreter information for class RooWorkspace is available even though it has a TClass initialization routine.
Error in <TClass::LoadClassInfo>: no interpreter information for class RooWorkspace is available even though it has a TClass initialization routine.
Error in <TClass::LoadClassInfo>: no interpreter information for class RooWorkspace is available even though it has a TClass initialization routine.
Error in <TClass::LoadClassInfo>: no interpreter information for class RooWorkspace is available even though it has a TClass initialization routine.
Error in <TClass::LoadClassInfo>: no interpreter information for class RooWorkspace is available even though it has a TClass initialization routine.
Error in <TClass::LoadClassInfo>: no interpreter information for class RooWorkspace is available even though it has a TClass initialization routine.
Error in <TClass::LoadClassInfo>: no interpreter information for class RooWorkspace is available even though it has a TClass initialization routine.
Error in <TClass::LoadClassInfo>: no interpreter information for class RooWorkspace is available even though it has a TClass initialization routine.
Error in <TClass::LoadClassInfo>: no interpreter information for class RooWorkspace is available even though it has a TClass initialization routine.
Error in <TClass::LoadClassInfo>: no interpreter information for class RooWorkspace is available even though it has a TClass initialization routine.
Error in <TClass::LoadClassInfo>: no interpreter information for class RooWorkspace is available even though it has a TClass initialization routine.
Error in <TClass::LoadClassInfo>: no interpreter information for class RooWorkspace is available even though it has a TClass initialization routine.
Error in <TClass::LoadClassInfo>: no interpreter information for class RooWorkspace is available even though it has a TClass initialization routine.
Error in <TBufferFile::CheckByteCount>: object of class RooWorkspace read too few bytes: 2 instead of 18561310
Error in <TClass::LoadClassInfo>: no interpreter information for class RooWorkspace is available even though it has a TClass initialization routine.
Error in <TClass::LoadClassInfo>: no interpreter information for class RooWorkspace is available even though it has a TClass initialization routine.
Error in <TClass::LoadClassInfo>: no interpreter information for class RooWorkspace is available even though it has a TClass initialization routine.
Error in <TClass::LoadClassInfo>: no interpreter information for class RooWorkspace is available even though it has a TClass initialization routine.
Could not find ModelConfig 'ModelConfig' in workspace 'w' in file /data/pku/home/zhaoyz/Higgs/boostedHWW/combine/combination/full_datacards/higgsCombineSnapshot.MultiDimFit.mH125.root
Error when running the combination:
	Missing ModelConfig
Error in <TClass::LoadClassInfo>: no interpreter information for class TTree is available even though it has a TClass initialization routine.
Failed to load module RIO
Failed to load module MathCore
Failed to load module Hist
Failed to load module Gpad
Failed to load module Graf
Failed to load module GenVector
Failed to load module Smatrix
Failed to load module Tree
Failed to load module TreePlayer
Failed to load module Physics
Failed to load module Proof
Failed to load module Geom
Failed to load module Unfold
Failed to load module RHTTPSniff
Failed to load module FitPanel
Failed to load module ROOTVecOps
Failed to load module RDAVIX
Failed to load module Physics
Failed to load module Genetic
Failed to load module Tree
Failed to load module Matrix
Failed to load module DCache
Failed to load module Gpad
Failed to load module RGL
Failed to load module ROOTEve
Failed to load module SPlot
Failed to load module GeomBuilder
Failed to load module Rint
Failed to load module XMLParser
Failed to load module Proof
Failed to load module Recorder
Failed to load module GuiBld
Failed to load module ROOTWebDisplay
Failed to load module XMLIO
Failed to load module GX11TTF
Failed to load module ProofPlayer
Failed to load module ROOTHistDraw
Failed to load module MathMore
Failed to load module SpectrumPainter
Failed to load module NetxNG
Failed to load module Minuit
Failed to load module TMVA
Failed to load module Graf
Failed to load module Gdml
Failed to load module ProofBench
Failed to load module MathCore
Failed to load module WebGui6
Failed to load module ROOTTPython
Failed to load module ROOTHist
Failed to load module ROOTFitPanelv7
Failed to load module Smatrix
Failed to load module SessionViewer
Failed to load module Thread
Failed to load module ROOTBrowsable
Failed to load module Imt
Failed to load module PyMVA
Failed to load module HistPainter
Failed to load module ProofDraw
Failed to load module RHTTP
Failed to load module Quadp
Failed to load module Eve
Failed to load module TreeViewer
Failed to load module GeomPainter
Failed to load module ROOTNTuple
Failed to load module EG
Failed to load module HistFactory
Failed to load module Spectrum
Failed to load module Hist
Failed to load module GuiHtml
Failed to load module Postscript
Failed to load module TMVAGui
Failed to load module Html
Failed to load module Net
Failed to load module Fumili
Failed to load module Geom
Failed to load module RooFitMore
Failed to load module ROOTGpadv7
Failed to load module X3d
Failed to load module RCsg
Failed to load module RooFit
Failed to load module MultiProc
Failed to load module RooStats
Failed to load module Ged
Failed to load module FFTW
Failed to load module RooFitCore
Failed to load module Gui
Failed to load module SQLIO
Failed to load module ASImage
Failed to load module Foam
Failed to load module Minuit2
Failed to load module MLP
Failed to load module ROOTDataFrame
Failed to load module GenVector
Failed to load module ROOTBrowserv7
Failed to load module RootAuth
Failed to load module Graf3d
Failed to load module ASImageGui
Failed to load module GX11
Failed to load module Gviz3d
Failed to load module TreePlayer
Failed to load module ROOTGraphicsPrimitives
Failed to load module Thread
Failed to load module Imt
Failed to load module MathCore
Failed to load module Smatrix
Failed to load module RIO
Failed to load module Net
Failed to load module Tree
Failed to load module XMLParser
Failed to load module MathMore
Failed to load module GenVector
Failed to load module Matrix
Failed to load module Hist
Failed to load module Physics
