Arguments: resonant= workspace=0 bfit=0 limits=0 significance=0 dfit=0 gofdata=0 goftoys=0 seed=44 numtoys=40
Start running 0l parameters:
cards args=CR1=./CR1.txt CR1Blinded=./CR1Blinded.txt SR1a=./SR1a.txt SR1aBlinded=./SR1aBlinded.txt SR1b=./SR1b.txt SR1bBlinded=./SR1bBlinded.txt CR2=./CR2.txt CR2Blinded=./CR2Blinded.txt SR2a=./SR2a.txt SR2aBlinded=./SR2aBlinded.txt SR2b=./SR2b.txt SR2bBlinded=./SR2bBlinded.txt 
maskblinded=mask_SR1a=0,mask_SR1b=0,mask_CR1=0,mask_SR1aBlinded=1,mask_SR1bBlinded=1,mask_CR1Blinded=1,mask_SR2a=0,mask_SR2b=0,mask_CR2=0,mask_SR2aBlinded=1,mask_SR2bBlinded=1,mask_CR2Blinded=1
maskunblinded=mask_SR1a=1,mask_SR1b=1,mask_CR1=1,mask_SR1aBlinded=0,mask_SR1bBlinded=0,mask_CR1Blinded=0,mask_SR2a=1,mask_SR2b=1,mask_CR2=1,mask_SR2aBlinded=0,mask_SR2bBlinded=0,mask_CR2Blinded=0
mask args:
mask_SR1a=0,mask_SR1b=0,mask_CR1=0,mask_SR1aBlinded=1,mask_SR1bBlinded=1,mask_CR1Blinded=1,mask_SR2a=0,mask_SR2b=0,mask_CR2=0,mask_SR2aBlinded=1,mask_SR2bBlinded=1,mask_CR2Blinded=1
set params:
CMS_HWW_boosted_tf_dataResidual_CR1_Bin4=0,CMS_HWW_boosted_tf_dataResidual_CR2_Bin4=0,CMS_HWW_boosted_tf_dataResidual_CR1_Bin5=0,CMS_HWW_boosted_tf_dataResidual_CR2_Bin5=0,CMS_HWW_boosted_tf_dataResidual_CR1_Bin6=0,CMS_HWW_boosted_tf_dataResidual_CR2_Bin6=0,CMS_HWW_boosted_tf_dataResidual_CR1_Bin7=0,CMS_HWW_boosted_tf_dataResidual_CR2_Bin7=0,CMS_HWW_boosted_tf_dataResidual_CR1_Bin8=0,CMS_HWW_boosted_tf_dataResidual_CR2_Bin8=0,CMS_HWW_boosted_tf_dataResidual_CR1_Bin9=0,CMS_HWW_boosted_tf_dataResidual_CR2_Bin9=0
freeze params:
CMS_HWW_boosted_tf_dataResidual_CR1_Bin4,CMS_HWW_boosted_tf_dataResidual_CR2_Bin4,CMS_HWW_boosted_tf_dataResidual_CR1_Bin5,CMS_HWW_boosted_tf_dataResidual_CR2_Bin5,CMS_HWW_boosted_tf_dataResidual_CR1_Bin6,CMS_HWW_boosted_tf_dataResidual_CR2_Bin6,CMS_HWW_boosted_tf_dataResidual_CR1_Bin7,CMS_HWW_boosted_tf_dataResidual_CR2_Bin7,CMS_HWW_boosted_tf_dataResidual_CR1_Bin8,CMS_HWW_boosted_tf_dataResidual_CR2_Bin8,CMS_HWW_boosted_tf_dataResidual_CR1_Bin9,CMS_HWW_boosted_tf_dataResidual_CR2_Bin9
unblinded params:
--freezeParameters var{.*_In},var{.*__norm},var{n_exp_.*} --setParameters mask_SR1a=0,mask_SR1b=0,mask_CR1=0,mask_SR1aBlinded=1,mask_SR1bBlinded=1,mask_CR1Blinded=1,mask_SR2a=0,mask_SR2b=0,mask_CR2=0,mask_SR2aBlinded=1,mask_SR2bBlinded=1,mask_CR2Blinded=1
cards args for 0l: CR1=./CR1.txt CR1Blinded=./CR1Blinded.txt SR1a=./SR1a.txt SR1aBlinded=./SR1aBlinded.txt SR1b=./SR1b.txt SR1bBlinded=./SR1bBlinded.txt CR2=./CR2.txt CR2Blinded=./CR2Blinded.txt SR2a=./SR2a.txt SR2aBlinded=./SR2aBlinded.txt SR2b=./SR2b.txt SR2bBlinded=./SR2bBlinded.txt 
maskblinded=mask_SR1a=0,mask_SR1b=0,mask_CR1=0,mask_SR1aBlinded=1,mask_SR1bBlinded=1,mask_CR1Blinded=1,mask_SR2a=0,mask_SR2b=0,mask_CR2=0,mask_SR2aBlinded=1,mask_SR2bBlinded=1,mask_CR2Blinded=1
maskunblinded=mask_SR1a=1,mask_SR1b=1,mask_CR1=1,mask_SR1aBlinded=0,mask_SR1bBlinded=0,mask_CR1Blinded=0,mask_SR2a=1,mask_SR2b=1,mask_CR2=1,mask_SR2aBlinded=0,mask_SR2bBlinded=0,mask_CR2Blinded=0
Start running 1l parameters:
cards args for 1l: VBF=./VBF.txt ggFpt250to350=./ggFpt250to350.txt ggFpt350to500=./ggFpt350to500.txt ggFpt500toInf=./ggFpt500toInf.txt TopCR=./TopCR.txt WJetsCR=./WJetsCR.txt
added 1l parameters:
ccargs_VH:SR1fail2016=./SR1fail2016.txt SR1fail2016APV=./SR1fail2016APV.txt SR1fail2017=./SR1fail2017.txt SR1fail2018=./SR1fail2018.txt SR1pass2016=./SR1pass2016.txt SR1pass2016APV=./SR1pass2016APV.txt SR1pass2017=./SR1pass2017.txt SR1pass2018=./SR1pass2018.txt TopCRfail2016=./TopCRfail2016.txt TopCRfail2016APV=./TopCRfail2016APV.txt TopCRfail2017=./TopCRfail2017.txt TopCRfail2018=./TopCRfail2018.txt TopCRpass2016=./TopCRpass2016.txt TopCRpass2016APV=./TopCRpass2016APV.txt TopCRpass2017=./TopCRpass2017.txt TopCRpass2018=./TopCRpass2018.txt
total cards args=CR1=./CR1.txt CR1Blinded=./CR1Blinded.txt SR1a=./SR1a.txt SR1aBlinded=./SR1aBlinded.txt SR1b=./SR1b.txt SR1bBlinded=./SR1bBlinded.txt CR2=./CR2.txt CR2Blinded=./CR2Blinded.txt SR2a=./SR2a.txt SR2aBlinded=./SR2aBlinded.txt SR2b=./SR2b.txt SR2bBlinded=./SR2bBlinded.txt  VBF=./VBF.txt ggFpt250to350=./ggFpt250to350.txt ggFpt350to500=./ggFpt350to500.txt ggFpt500toInf=./ggFpt500toInf.txt TopCR=./TopCR.txt WJetsCR=./WJetsCR.txt SR1fail2016=./SR1fail2016.txt SR1fail2016APV=./SR1fail2016APV.txt SR1fail2017=./SR1fail2017.txt SR1fail2018=./SR1fail2018.txt SR1pass2016=./SR1pass2016.txt SR1pass2016APV=./SR1pass2016APV.txt SR1pass2017=./SR1pass2017.txt SR1pass2018=./SR1pass2018.txt TopCRfail2016=./TopCRfail2016.txt TopCRfail2016APV=./TopCRfail2016APV.txt TopCRfail2017=./TopCRfail2017.txt TopCRfail2018=./TopCRfail2018.txt TopCRpass2016=./TopCRpass2016.txt TopCRpass2016APV=./TopCRpass2016APV.txt TopCRpass2017=./TopCRpass2017.txt TopCRpass2018=./TopCRpass2018.txt
mask1l=mask_VBF=1,mask_ggFpt250to350=1,mask_ggFpt350to500=1,mask_ggFpt500toInf=1,mask_TopCR=1,mask_WJetsCR=1
un-mask1l=mask_VBF=0,mask_ggFpt250to350=0,mask_ggFpt350to500=0,mask_ggFpt500toInf=0,mask_TopCR=0,mask_WJetsCR=0
maskVH=mask_SR1fail2016=1,mask_SR1fail2016APV=1,mask_SR1fail2017=1,mask_SR1fail2018=1,mask_SR1pass2016=1,mask_SR1pass2016APV=1,mask_SR1pass2017=1,mask_SR1pass2018=1,mask_TopCRfail2016=1,mask_TopCRfail2016APV=1,mask_TopCRfail2017=1,mask_TopCRfail2018=1,mask_TopCRpass2016=1,mask_TopCRpass2016APV=1,mask_TopCRpass2017=1,mask_TopCRpass2018=1
un-maskVH=mask_SR1fail2016=0,mask_SR1fail2016APV=0,mask_SR1fail2017=0,mask_SR1fail2018=0,mask_SR1pass2016=0,mask_SR1pass2016APV=0,mask_SR1pass2017=0,mask_SR1pass2018=0,mask_TopCRfail2016=0,mask_TopCRfail2016APV=0,mask_TopCRfail2017=0,mask_TopCRfail2018=0,mask_TopCRpass2016=0,mask_TopCRpass2016APV=0,mask_TopCRpass2017=0,mask_TopCRpass2018=0
total unblinded para=--freezeParameters var{.*_In},var{.*__norm},var{n_exp_.*} --setParameters mask_SR1a=0,mask_SR1b=0,mask_CR1=0,mask_SR1aBlinded=1,mask_SR1bBlinded=1,mask_CR1Blinded=1,mask_SR2a=0,mask_SR2b=0,mask_CR2=0,mask_SR2aBlinded=1,mask_SR2bBlinded=1,mask_CR2Blinded=1,mask_VBF=0,mask_ggFpt250to350=0,mask_ggFpt350to500=0,mask_ggFpt500toInf=0,mask_TopCR=0,mask_WJetsCR=0,mask_SR1fail2016=0,mask_SR1fail2016APV=0,mask_SR1fail2017=0,mask_SR1fail2018=0,mask_SR1pass2016=0,mask_SR1pass2016APV=0,mask_SR1pass2017=0,mask_SR1pass2018=0,mask_TopCRfail2016=0,mask_TopCRfail2016APV=0,mask_TopCRfail2017=0,mask_TopCRfail2018=0,mask_TopCRpass2016=0,mask_TopCRpass2016APV=0,mask_TopCRpass2017=0,mask_TopCRpass2018=0
Impact scan for CMS_HWW_boosted_tf_dataResidual_a_MH_Reco_par0
 <<< Combine >>> 
>>> random number generator seed is 123456
   Options for Robust Minimizer :: 
        Tolerance  0.1
        Strategy   0
        Type,Algo  Minuit2,Migrad
>>> method used is MultiDimFit
<<< cling interactive line includer >>>: fatal error: module file '/cvmfs/cms.cern.ch/slc7_amd64_gcc900/lcg/root/6.22.08-ljfedo/lib/ROOTVecOps.pcm' not found: Too many open files
input_line_4:1:2: error: unknown type name 'ifdef'
#ifdef complex
 ^
<<< cling interactive line includer >>>:1:1: error: expected unqualified-id
input_line_5:1:2: error: unknown type name 'ifdef'
#ifdef PI
 ^
<<< cling interactive line includer >>>:1:1: error: expected unqualified-id
input_line_6:1:2: error: unknown type name 'ifdef'
#ifdef ERROR
 ^
<<< cling interactive line includer >>>:1:1: error: expected unqualified-id
input_line_7:2:2: error: unknown type name 'include'
#include "TError.h"
 ^
input_line_7:2:1: error: expected unqualified-id
#include "TError.h"
^
input_line_7:4:2: error: unknown type name 'define'
#define _ClassDefInterp_(name,id,virtual_keyword, overrd) \
 ^
input_line_7:21:7: error: expected ';' after top level declarator
#undef ClassDef
      ^
      ;
input_line_7:36:10: fatal error: 'cassert' file not found
#include <cassert>
         ^~~~~~~~~
input_line_8:1:10: fatal error: 'cling/Interpreter/DynamicLookupRuntimeUniverse.h' file not found
#include "cling/Interpreter/DynamicLookupRuntimeUniverse.h"
         ^~~~~~~~~~~~~~~~~~~~~~~~~~~~~~~~~~~~~~~~~~~~~~~~~~
Error in <TCling::RegisterModule>: Dictionary trigger function for libMathMore not found
Info in <TInterpreter::TCling::RegisterModule>: Module Foam in modulemap failed to load.
Error in <TCling::LoadPCM>: ROOT PCM /cvmfs/cms.cern.ch/slc7_amd64_gcc900/lcg/root/6.22.08-ljfedo/lib/libFoam_rdict.pcm file does not exist
Info in <TCling::LoadPCM>: In-memory ROOT PCM candidate /cvmfs/cms.cern.ch/slc7_amd64_gcc900/lcg/root/6.22.08-ljfedo/lib/libGeom_rdict.pcm

Info in <TCling::LoadPCM>: In-memory ROOT PCM candidate /cvmfs/cms.cern.ch/slc7_amd64_gcc900/lcg/root/6.22.08-ljfedo/lib/libGraf3d_rdict.pcm

Info in <TCling::LoadPCM>: In-memory ROOT PCM candidate /cvmfs/cms.cern.ch/slc7_amd64_gcc900/lcg/root/6.22.08-ljfedo/lib/libGui_rdict.pcm

Info in <TCling::LoadPCM>: In-memory ROOT PCM candidate /cvmfs/cms.cern.ch/slc7_amd64_gcc900/lcg/root/6.22.08-ljfedo/lib/libMultiProc_rdict.pcm

Info in <TCling::LoadPCM>: In-memory ROOT PCM candidate /cvmfs/cms.cern.ch/slc7_amd64_gcc900/lcg/root/6.22.08-ljfedo/lib/libProof_rdict.pcm

Info in <TCling::LoadPCM>: In-memory ROOT PCM candidate /cvmfs/cms.cern.ch/slc7_amd64_gcc900/lcg/root/6.22.08-ljfedo/lib/libRHTTPSniff_rdict.pcm

Info in <TCling::LoadPCM>: In-memory ROOT PCM candidate /cvmfs/cms.cern.ch/slc7_amd64_gcc900/lcg/root/6.22.08-ljfedo/lib/libRHTTP_rdict.pcm

Info in <TCling::LoadPCM>: In-memory ROOT PCM candidate /cvmfs/cms.cern.ch/slc7_amd64_gcc900/lcg/root/6.22.08-ljfedo/lib/libTreePlayer_rdict.pcm

Info in <TCling::LoadPCM>: In-memory ROOT PCM candidate /cvmfs/cms.cern.ch/slc7_amd64_gcc900/lcg/root/6.22.08-ljfedo/lib/libUnfold_rdict.pcm

Info in <TCling::LoadPCM>: In-memory ROOT PCM candidate /cvmfs/cms.cern.ch/slc7_amd64_gcc900/lcg/root/6.22.08-ljfedo/lib/libXMLIO_rdict.pcm

Info in <TCling::LoadPCM>: In-memory ROOT PCM candidate libFitPanel_rdict.pcm

input_line_10:2:2: error: unknown type name 'define'
#define __ROOTCLING__ 1
 ^
input_line_10:3:7: error: expected ';' after top level declarator
#undef ClassDef
      ^
      ;
Warning in <TInterpreter::TCling::RegisterModule>: Problems declaring payload for module libFoam.
input_line_11:1:2: error: unknown type name 'ifdef'
#ifdef __ROOTCLING__
 ^
<<< cling interactive line includer >>>:1:1: error: expected unqualified-id
Info in <TInterpreter::TCling::RegisterModule>: Module Minuit in modulemap failed to load.
Error in <TCling::LoadPCM>: ROOT PCM /cvmfs/cms.cern.ch/slc7_amd64_gcc900/lcg/root/6.22.08-ljfedo/lib/libMinuit_rdict.pcm file does not exist
Info in <TCling::LoadPCM>: In-memory ROOT PCM candidate /cvmfs/cms.cern.ch/slc7_amd64_gcc900/lcg/root/6.22.08-ljfedo/lib/libGeom_rdict.pcm

Info in <TCling::LoadPCM>: In-memory ROOT PCM candidate /cvmfs/cms.cern.ch/slc7_amd64_gcc900/lcg/root/6.22.08-ljfedo/lib/libGraf3d_rdict.pcm

Info in <TCling::LoadPCM>: In-memory ROOT PCM candidate /cvmfs/cms.cern.ch/slc7_amd64_gcc900/lcg/root/6.22.08-ljfedo/lib/libGui_rdict.pcm

Info in <TCling::LoadPCM>: In-memory ROOT PCM candidate /cvmfs/cms.cern.ch/slc7_amd64_gcc900/lcg/root/6.22.08-ljfedo/lib/libMultiProc_rdict.pcm

Info in <TCling::LoadPCM>: In-memory ROOT PCM candidate /cvmfs/cms.cern.ch/slc7_amd64_gcc900/lcg/root/6.22.08-ljfedo/lib/libProof_rdict.pcm

Info in <TCling::LoadPCM>: In-memory ROOT PCM candidate /cvmfs/cms.cern.ch/slc7_amd64_gcc900/lcg/root/6.22.08-ljfedo/lib/libRHTTPSniff_rdict.pcm

Info in <TCling::LoadPCM>: In-memory ROOT PCM candidate /cvmfs/cms.cern.ch/slc7_amd64_gcc900/lcg/root/6.22.08-ljfedo/lib/libRHTTP_rdict.pcm

Info in <TCling::LoadPCM>: In-memory ROOT PCM candidate /cvmfs/cms.cern.ch/slc7_amd64_gcc900/lcg/root/6.22.08-ljfedo/lib/libTreePlayer_rdict.pcm

Info in <TCling::LoadPCM>: In-memory ROOT PCM candidate /cvmfs/cms.cern.ch/slc7_amd64_gcc900/lcg/root/6.22.08-ljfedo/lib/libUnfold_rdict.pcm

Info in <TCling::LoadPCM>: In-memory ROOT PCM candidate /cvmfs/cms.cern.ch/slc7_amd64_gcc900/lcg/root/6.22.08-ljfedo/lib/libXMLIO_rdict.pcm

Info in <TCling::LoadPCM>: In-memory ROOT PCM candidate libFitPanel_rdict.pcm

input_line_12:2:2: error: unknown type name 'define'
#define __ROOTCLING__ 1
 ^
input_line_12:3:7: error: expected ';' after top level declarator
#undef ClassDef
      ^
      ;
Warning in <TInterpreter::TCling::RegisterModule>: Problems declaring payload for module libMinuit.
input_line_13:1:2: error: unknown type name 'ifdef'
#ifdef __ROOTCLING__
 ^
<<< cling interactive line includer >>>:1:1: error: expected unqualified-id
Info in <TInterpreter::TCling::RegisterModule>: Module RooFitCore in modulemap failed to load.
Error in <TCling::LoadPCM>: ROOT PCM /cvmfs/cms.cern.ch/slc7_amd64_gcc900/lcg/root/6.22.08-ljfedo/lib/libRooFitCore_rdict.pcm file does not exist
Info in <TCling::LoadPCM>: In-memory ROOT PCM candidate /cvmfs/cms.cern.ch/slc7_amd64_gcc900/lcg/root/6.22.08-ljfedo/lib/libGeom_rdict.pcm

Info in <TCling::LoadPCM>: In-memory ROOT PCM candidate /cvmfs/cms.cern.ch/slc7_amd64_gcc900/lcg/root/6.22.08-ljfedo/lib/libGraf3d_rdict.pcm

Info in <TCling::LoadPCM>: In-memory ROOT PCM candidate /cvmfs/cms.cern.ch/slc7_amd64_gcc900/lcg/root/6.22.08-ljfedo/lib/libGui_rdict.pcm

Info in <TCling::LoadPCM>: In-memory ROOT PCM candidate /cvmfs/cms.cern.ch/slc7_amd64_gcc900/lcg/root/6.22.08-ljfedo/lib/libMultiProc_rdict.pcm

Info in <TCling::LoadPCM>: In-memory ROOT PCM candidate /cvmfs/cms.cern.ch/slc7_amd64_gcc900/lcg/root/6.22.08-ljfedo/lib/libProof_rdict.pcm

Info in <TCling::LoadPCM>: In-memory ROOT PCM candidate /cvmfs/cms.cern.ch/slc7_amd64_gcc900/lcg/root/6.22.08-ljfedo/lib/libRHTTPSniff_rdict.pcm

Info in <TCling::LoadPCM>: In-memory ROOT PCM candidate /cvmfs/cms.cern.ch/slc7_amd64_gcc900/lcg/root/6.22.08-ljfedo/lib/libRHTTP_rdict.pcm

Info in <TCling::LoadPCM>: In-memory ROOT PCM candidate /cvmfs/cms.cern.ch/slc7_amd64_gcc900/lcg/root/6.22.08-ljfedo/lib/libTreePlayer_rdict.pcm

Info in <TCling::LoadPCM>: In-memory ROOT PCM candidate /cvmfs/cms.cern.ch/slc7_amd64_gcc900/lcg/root/6.22.08-ljfedo/lib/libUnfold_rdict.pcm

Info in <TCling::LoadPCM>: In-memory ROOT PCM candidate /cvmfs/cms.cern.ch/slc7_amd64_gcc900/lcg/root/6.22.08-ljfedo/lib/libXMLIO_rdict.pcm

Info in <TCling::LoadPCM>: In-memory ROOT PCM candidate libFitPanel_rdict.pcm

input_line_14:2:2: error: unknown type name 'define'
#define __ROOTCLING__ 1
 ^
input_line_14:3:7: error: expected ';' after top level declarator
#undef ClassDef
      ^
      ;
Warning in <TInterpreter::TCling::RegisterModule>: Problems declaring payload for module libRooFitCore.
input_line_15:1:2: error: unknown type name 'ifdef'
#ifdef __ROOTCLING__
 ^
<<< cling interactive line includer >>>:1:1: error: expected unqualified-id
Info in <TInterpreter::TCling::RegisterModule>: Module RooFit in modulemap failed to load.
Error in <TCling::LoadPCM>: ROOT PCM /cvmfs/cms.cern.ch/slc7_amd64_gcc900/lcg/root/6.22.08-ljfedo/lib/libRooFit_rdict.pcm file does not exist
Info in <TCling::LoadPCM>: In-memory ROOT PCM candidate /cvmfs/cms.cern.ch/slc7_amd64_gcc900/lcg/root/6.22.08-ljfedo/lib/libGeom_rdict.pcm

Info in <TCling::LoadPCM>: In-memory ROOT PCM candidate /cvmfs/cms.cern.ch/slc7_amd64_gcc900/lcg/root/6.22.08-ljfedo/lib/libGraf3d_rdict.pcm

Info in <TCling::LoadPCM>: In-memory ROOT PCM candidate /cvmfs/cms.cern.ch/slc7_amd64_gcc900/lcg/root/6.22.08-ljfedo/lib/libGui_rdict.pcm

Info in <TCling::LoadPCM>: In-memory ROOT PCM candidate /cvmfs/cms.cern.ch/slc7_amd64_gcc900/lcg/root/6.22.08-ljfedo/lib/libMultiProc_rdict.pcm

Info in <TCling::LoadPCM>: In-memory ROOT PCM candidate /cvmfs/cms.cern.ch/slc7_amd64_gcc900/lcg/root/6.22.08-ljfedo/lib/libProof_rdict.pcm

Info in <TCling::LoadPCM>: In-memory ROOT PCM candidate /cvmfs/cms.cern.ch/slc7_amd64_gcc900/lcg/root/6.22.08-ljfedo/lib/libRHTTPSniff_rdict.pcm

Info in <TCling::LoadPCM>: In-memory ROOT PCM candidate /cvmfs/cms.cern.ch/slc7_amd64_gcc900/lcg/root/6.22.08-ljfedo/lib/libRHTTP_rdict.pcm

Info in <TCling::LoadPCM>: In-memory ROOT PCM candidate /cvmfs/cms.cern.ch/slc7_amd64_gcc900/lcg/root/6.22.08-ljfedo/lib/libTreePlayer_rdict.pcm

Info in <TCling::LoadPCM>: In-memory ROOT PCM candidate /cvmfs/cms.cern.ch/slc7_amd64_gcc900/lcg/root/6.22.08-ljfedo/lib/libUnfold_rdict.pcm

Info in <TCling::LoadPCM>: In-memory ROOT PCM candidate /cvmfs/cms.cern.ch/slc7_amd64_gcc900/lcg/root/6.22.08-ljfedo/lib/libXMLIO_rdict.pcm

Info in <TCling::LoadPCM>: In-memory ROOT PCM candidate libFitPanel_rdict.pcm

input_line_16:2:2: error: unknown type name 'define'
#define __ROOTCLING__ 1
 ^
input_line_16:3:7: error: expected ';' after top level declarator
#undef ClassDef
      ^
      ;
Warning in <TInterpreter::TCling::RegisterModule>: Problems declaring payload for module libRooFit.
input_line_17:1:2: error: unknown type name 'ifdef'
#ifdef __ROOTCLING__
 ^
<<< cling interactive line includer >>>:1:1: error: expected unqualified-id
Info in <TInterpreter::TCling::RegisterModule>: Module RooStats in modulemap failed to load.
Error in <TCling::LoadPCM>: ROOT PCM /cvmfs/cms.cern.ch/slc7_amd64_gcc900/lcg/root/6.22.08-ljfedo/lib/libRooStats_rdict.pcm file does not exist
Info in <TCling::LoadPCM>: In-memory ROOT PCM candidate /cvmfs/cms.cern.ch/slc7_amd64_gcc900/lcg/root/6.22.08-ljfedo/lib/libGeom_rdict.pcm

Info in <TCling::LoadPCM>: In-memory ROOT PCM candidate /cvmfs/cms.cern.ch/slc7_amd64_gcc900/lcg/root/6.22.08-ljfedo/lib/libGraf3d_rdict.pcm

Info in <TCling::LoadPCM>: In-memory ROOT PCM candidate /cvmfs/cms.cern.ch/slc7_amd64_gcc900/lcg/root/6.22.08-ljfedo/lib/libGui_rdict.pcm

Info in <TCling::LoadPCM>: In-memory ROOT PCM candidate /cvmfs/cms.cern.ch/slc7_amd64_gcc900/lcg/root/6.22.08-ljfedo/lib/libMultiProc_rdict.pcm

Info in <TCling::LoadPCM>: In-memory ROOT PCM candidate /cvmfs/cms.cern.ch/slc7_amd64_gcc900/lcg/root/6.22.08-ljfedo/lib/libProof_rdict.pcm

Info in <TCling::LoadPCM>: In-memory ROOT PCM candidate /cvmfs/cms.cern.ch/slc7_amd64_gcc900/lcg/root/6.22.08-ljfedo/lib/libRHTTPSniff_rdict.pcm

Info in <TCling::LoadPCM>: In-memory ROOT PCM candidate /cvmfs/cms.cern.ch/slc7_amd64_gcc900/lcg/root/6.22.08-ljfedo/lib/libRHTTP_rdict.pcm

Info in <TCling::LoadPCM>: In-memory ROOT PCM candidate /cvmfs/cms.cern.ch/slc7_amd64_gcc900/lcg/root/6.22.08-ljfedo/lib/libTreePlayer_rdict.pcm

Info in <TCling::LoadPCM>: In-memory ROOT PCM candidate /cvmfs/cms.cern.ch/slc7_amd64_gcc900/lcg/root/6.22.08-ljfedo/lib/libUnfold_rdict.pcm

Info in <TCling::LoadPCM>: In-memory ROOT PCM candidate /cvmfs/cms.cern.ch/slc7_amd64_gcc900/lcg/root/6.22.08-ljfedo/lib/libXMLIO_rdict.pcm

Info in <TCling::LoadPCM>: In-memory ROOT PCM candidate libFitPanel_rdict.pcm

input_line_18:2:2: error: unknown type name 'define'
#define __ROOTCLING__ 1
 ^
input_line_18:3:7: error: expected ';' after top level declarator
#undef ClassDef
      ^
      ;
Warning in <TInterpreter::TCling::RegisterModule>: Problems declaring payload for module libRooStats.
input_line_19:1:2: error: unknown type name 'ifdef'
#ifdef __ROOTCLING__
 ^
<<< cling interactive line includer >>>:1:1: error: expected unqualified-id
Info in <TInterpreter::TCling::RegisterModule>: Module HistFactory in modulemap failed to load.
Error in <TCling::LoadPCM>: ROOT PCM /cvmfs/cms.cern.ch/slc7_amd64_gcc900/lcg/root/6.22.08-ljfedo/lib/libHistFactory_rdict.pcm file does not exist
Info in <TCling::LoadPCM>: In-memory ROOT PCM candidate /cvmfs/cms.cern.ch/slc7_amd64_gcc900/lcg/root/6.22.08-ljfedo/lib/libGeom_rdict.pcm

Info in <TCling::LoadPCM>: In-memory ROOT PCM candidate /cvmfs/cms.cern.ch/slc7_amd64_gcc900/lcg/root/6.22.08-ljfedo/lib/libGraf3d_rdict.pcm

Info in <TCling::LoadPCM>: In-memory ROOT PCM candidate /cvmfs/cms.cern.ch/slc7_amd64_gcc900/lcg/root/6.22.08-ljfedo/lib/libGui_rdict.pcm

Info in <TCling::LoadPCM>: In-memory ROOT PCM candidate /cvmfs/cms.cern.ch/slc7_amd64_gcc900/lcg/root/6.22.08-ljfedo/lib/libMultiProc_rdict.pcm

Info in <TCling::LoadPCM>: In-memory ROOT PCM candidate /cvmfs/cms.cern.ch/slc7_amd64_gcc900/lcg/root/6.22.08-ljfedo/lib/libProof_rdict.pcm

Info in <TCling::LoadPCM>: In-memory ROOT PCM candidate /cvmfs/cms.cern.ch/slc7_amd64_gcc900/lcg/root/6.22.08-ljfedo/lib/libRHTTPSniff_rdict.pcm

Info in <TCling::LoadPCM>: In-memory ROOT PCM candidate /cvmfs/cms.cern.ch/slc7_amd64_gcc900/lcg/root/6.22.08-ljfedo/lib/libRHTTP_rdict.pcm

Info in <TCling::LoadPCM>: In-memory ROOT PCM candidate /cvmfs/cms.cern.ch/slc7_amd64_gcc900/lcg/root/6.22.08-ljfedo/lib/libTreePlayer_rdict.pcm

Info in <TCling::LoadPCM>: In-memory ROOT PCM candidate /cvmfs/cms.cern.ch/slc7_amd64_gcc900/lcg/root/6.22.08-ljfedo/lib/libUnfold_rdict.pcm

Info in <TCling::LoadPCM>: In-memory ROOT PCM candidate /cvmfs/cms.cern.ch/slc7_amd64_gcc900/lcg/root/6.22.08-ljfedo/lib/libXMLIO_rdict.pcm

Info in <TCling::LoadPCM>: In-memory ROOT PCM candidate libFitPanel_rdict.pcm

input_line_20:2:2: error: unknown type name 'define'
#define __ROOTCLING__ 1
 ^
input_line_20:3:7: error: expected ';' after top level declarator
#undef ClassDef
      ^
      ;
Warning in <TInterpreter::TCling::RegisterModule>: Problems declaring payload for module libHistFactory.
input_line_21:1:2: error: unknown type name 'ifdef'
#ifdef __ROOTCLING__
 ^
<<< cling interactive line includer >>>:1:1: error: expected unqualified-id
input_line_22:2:2: error: unknown type name 'line'
#line 1 "HiggsAnalysisCombinedLimit_xr dictionary forward declarations' payload"
 ^
HiggsAnalysisCombinedLimit_xr dictionary forward declarations' payload:1:8: error: expected ';' after top level declarator
#pragma clang diagnostic ignored "-Wkeyword-compat"
       ^
       ;
Warning in <TInterpreter::TCling::RegisterModule>: Problems in compiling forward declarations for module HiggsAnalysisCombinedLimit_xr: '
#line 1 "HiggsAnalysisCombinedLimit_xr dictionary forward declarations' payload"
#pragma clang diagnostic ignored "-Wkeyword-compat"
#pragma clang diagnostic ignored "-Wignored-attributes"
#pragma clang diagnostic ignored "-Wreturn-type-c-linkage"
extern int __Cling_AutoLoading_Map;
namespace std{template <typename _Tp> class __attribute__((annotate("$clingAutoload$bits/allocator.h")))  __attribute__((annotate("$clingAutoload$string")))  allocator;
}
namespace std{template <typename _T1, typename _T2> struct __attribute__((annotate("$clingAutoload$bits/stl_pair.h")))  __attribute__((annotate("$clingAutoload$string")))  pair;
}
class __attribute__((annotate(R"ATTRDUMP(transient@@@true)ATTRDUMP"))) __attribute__((annotate(R"ATTRDUMP(A concrete implementation of ProposalFunction, that uniformly samples the parameter space.)ATTRDUMP"))) __attribute__((annotate("$clingAutoload$HiggsAnalysis/CombinedLimit/interface/TestProposal.h")))  TestProposal;
class __attribute__((annotate(R"ATTRDUMP(transient@@@true)ATTRDUMP"))) __attribute__((annotate(R"ATTRDUMP(A concrete implementation of ProposalFunction, that uniformly samples the parameter space.)ATTRDUMP"))) __attribute__((annotate("$clingAutoload$HiggsAnalysis/CombinedLimit/interface/DebugProposal.h")))  DebugProposal;
class __attribute__((annotate(R"ATTRDUMP(PDF constructed from a sum of (non-pdf) functions)ATTRDUMP"))) __attribute__((annotate("$clingAutoload$HiggsAnalysis/CombinedLimit/interface/VerticalInterpPdf.h")))  VerticalInterpPdf;
class __attribute__((annotate("$clingAutoload$HiggsAnalysis/CombinedLimit/interface/VerticalInterpHistPdf.h")))  SimpleCacheSentry;
class __attribute__((annotate("$clingAutoload$HiggsAnalysis/CombinedLimit/interface/VerticalInterpHistPdf.h")))  FastTemplate;
class __attribute__((annotate("$clingAutoload$HiggsAnalysis/CombinedLimit/interface/VerticalInterpHistPdf.h")))  FastHisto;
class __attribute__((annotate("$clingAutoload$HiggsAnalysis/CombinedLimit/interface/VerticalInterpHistPdf.h")))  FastHisto2D;
class __attribute__((annotate("$clingAutoload$HiggsAnalysis/CombinedLimit/interface/VerticalInterpHistPdf.h")))  FastHisto3D;
class __attribute__((annotate("$clingAutoload$HiggsAnalysis/CombinedLimit/interface/VerticalInterpHistPdf.h")))  VerticalInterpHistPdf;
class __attribute__((annotate("$clingAutoload$HiggsAnalysis/CombinedLimit/interface/VerticalInterpHistPdf.h")))  FastVerticalInterpHistPdfBase;
class __attribute__((annotate("$clingAutoload$HiggsAnalysis/CombinedLimit/interface/VerticalInterpHistPdf.h")))  FastVerticalInterpHistPdf;
class __attribute__((annotate("$clingAutoload$HiggsAnalysis/CombinedLimit/interface/VerticalInterpHistPdf.h")))  FastVerticalInterpHistPdf2D;
class __attribute__((annotate("$clingAutoload$HiggsAnalysis/CombinedLimit/interface/VerticalInterpHistPdf.h")))  FastVerticalInterpHistPdf2Base;
class __attribute__((annotate("$clingAutoload$HiggsAnalysis/CombinedLimit/interface/VerticalInterpHistPdf.h")))  FastVerticalInterpHistPdf2;
class __attribute__((annotate("$clingAutoload$HiggsAnalysis/CombinedLimit/interface/VerticalInterpHistPdf.h")))  FastVerticalInterpHistPdf2D2;
class __attribute__((annotate("$clingAutoload$HiggsAnalysis/CombinedLimit/interface/VerticalInterpHistPdf.h")))  FastVerticalInterpHistPdf3D;
class __attribute__((annotate(R"ATTRDUMP(Asymmetric power)ATTRDUMP"))) __attribute__((annotate("$clingAutoload$HiggsAnalysis/CombinedLimit/interface/AsymPow.h")))  AsymPow;
class __attribute__((annotate(R"ATTRDUMP(Asymmetric power)ATTRDUMP"))) __attribute__((annotate("$clingAutoload$HiggsAnalysis/CombinedLimit/interface/AsymQuad.h")))  AsymQuad;
class __attribute__((annotate(R"ATTRDUMP(transient@@@true)ATTRDUMP"))) __attribute__((annotate(R"ATTRDUMP(Make RooDataHist)ATTRDUMP"))) __attribute__((annotate("$clingAutoload$HiggsAnalysis/CombinedLimit/interface/CombDataSetFactory.h")))  CombDataSetFactory;
class __attribute__((annotate("$clingAutoload$HiggsAnalysis/CombinedLimit/interface/TH1Keys.h")))  TH1Keys;
class __attribute__((annotate(R"ATTRDUMP(Variant of RooSimultaneous that can put together binned and unbinned stuff)ATTRDUMP"))) __attribute__((annotate("$clingAutoload$HiggsAnalysis/CombinedLimit/interface/RooSimultaneousOpt.h")))  RooSimultaneousOpt;
class __attribute__((annotate(R"ATTRDUMP(Your description goes here...)ATTRDUMP"))) __attribute__((annotate("$clingAutoload$HiggsAnalysis/CombinedLimit/interface/HZZ4L_RooCTauPdf_1D.h")))  HZZ4L_RooCTauPdf_1D;
class __attribute__((annotate(R"ATTRDUMP(Your description goes here...)ATTRDUMP"))) __attribute__((annotate("$clingAutoload$HiggsAnalysis/CombinedLimit/interface/HZZ4L_RooCTauPdf_1D_Expanded.h")))  HZZ4L_RooCTauPdf_1D_Expanded;
class __attribute__((annotate(R"ATTRDUMP(Your description goes here...)ATTRDUMP"))) __attribute__((annotate("$clingAutoload$HiggsAnalysis/CombinedLimit/interface/HZZ4L_RooCTauPdf_2D.h")))  HZZ4L_RooCTauPdf_2D;
class __attribute__((annotate(R"ATTRDUMP(Your description goes here...)ATTRDUMP"))) __attribute__((annotate("$clingAutoload$HiggsAnalysis/CombinedLimit/interface/HZZ4LRooPdfs.h")))  RooqqZZPdf;
class __attribute__((annotate(R"ATTRDUMP(Your description goes here...)ATTRDUMP"))) __attribute__((annotate("$clingAutoload$HiggsAnalysis/CombinedLimit/interface/HZZ4LRooPdfs.h")))  RooggZZPdf;
class __attribute__((annotate(R"ATTRDUMP(Your description goes here...)ATTRDUMP"))) __attribute__((annotate("$clingAutoload$HiggsAnalysis/CombinedLimit/interface/HZZ4LRooPdfs.h")))  RooqqZZPdf_v2;
class __attribute__((annotate(R"ATTRDUMP(Your description goes here...)ATTRDUMP"))) __attribute__((annotate("$clingAutoload$HiggsAnalysis/CombinedLimit/interface/HZZ4LRooPdfs.h")))  RooVBFZZPdf;
class __attribute__((annotate(R"ATTRDUMP(Your description goes here...)ATTRDUMP"))) __attribute__((annotate("$clingAutoload$HiggsAnalysis/CombinedLimit/interface/HZZ4LRooPdfs.h")))  RooVBFZZPdf_v2;
class __attribute__((annotate(R"ATTRDUMP(Your description goes here...)ATTRDUMP"))) __attribute__((annotate("$clingAutoload$HiggsAnalysis/CombinedLimit/interface/HZZ4LRooPdfs.h")))  RooggZZPdf_v2;
class __attribute__((annotate("$clingAutoload$HiggsAnalysis/CombinedLimit/interface/HZZ4LRooPdfs.h")))  RooBetaFunc_v2;
class __attribute__((annotate("$clingAutoload$HiggsAnalysis/CombinedLimit/interface/HZZ4LRooPdfs.h")))  Roo4lMasses2D_Bkg;
class __attribute__((annotate("$clingAutoload$HiggsAnalysis/CombinedLimit/interface/HZZ4LRooPdfs.h")))  Roo4lMasses2D_BkgGGZZ;
class __attribute__((annotate("$clingAutoload$HiggsAnalysis/CombinedLimit/interface/HZZ4LRooPdfs.h")))  Roo4lMasses2D;
class __attribute__((annotate(R"ATTRDUMP(Your description goes here...)ATTRDUMP"))) __attribute__((annotate("$clingAutoload$HiggsAnalysis/CombinedLimit/interface/HZZ4LRooPdfs.h")))  RooFourMuMassShapePdf2;
class __attribute__((annotate(R"ATTRDUMP(Your description goes here...)ATTRDUMP"))) __attribute__((annotate("$clingAutoload$HiggsAnalysis/CombinedLimit/interface/HZZ4LRooPdfs.h")))  RooFourEMassShapePdf2;
class __attribute__((annotate(R"ATTRDUMP(Your description goes here...)ATTRDUMP"))) __attribute__((annotate("$clingAutoload$HiggsAnalysis/CombinedLimit/interface/HZZ4LRooPdfs.h")))  RooTwoETwoMuMassShapePdf2;
class __attribute__((annotate(R"ATTRDUMP(Your description goes here...)ATTRDUMP"))) __attribute__((annotate("$clingAutoload$HiggsAnalysis/CombinedLimit/interface/HZZ4LRooPdfs.h")))  RooFourMuMassRes;
class __attribute__((annotate(R"ATTRDUMP(Your description goes here...)ATTRDUMP"))) __attribute__((annotate("$clingAutoload$HiggsAnalysis/CombinedLimit/interface/HZZ4LRooPdfs.h")))  RooFourEMassRes;
class __attribute__((annotate(R"ATTRDUMP(Your description goes here...)ATTRDUMP"))) __attribute__((annotate("$clingAutoload$HiggsAnalysis/CombinedLimit/interface/HZZ4LRooPdfs.h")))  RooTwoETwoMuMassRes;
class __attribute__((annotate(R"ATTRDUMP(Your description goes here...)ATTRDUMP"))) __attribute__((annotate("$clingAutoload$HiggsAnalysis/CombinedLimit/interface/HZZ4LRooPdfs.h")))  RooRelBW1;
class __attribute__((annotate(R"ATTRDUMP(Your description goes here...)ATTRDUMP"))) __attribute__((annotate("$clingAutoload$HiggsAnalysis/CombinedLimit/interface/HZZ4LRooPdfs.h")))  RooRelBWUF;
class __attribute__((annotate(R"ATTRDUMP(Your description goes here...)ATTRDUMP"))) __attribute__((annotate("$clingAutoload$HiggsAnalysis/CombinedLimit/interface/HZZ4LRooPdfs.h")))  RooRelBWUF_SM4;
class __attribute__((annotate(R"ATTRDUMP(Your description goes here...)ATTRDUMP"))) __attribute__((annotate("$clingAutoload$HiggsAnalysis/CombinedLimit/interface/HZZ4LRooPdfs.h")))  RooRelBWUFParamWidth;
class __attribute__((annotate(R"ATTRDUMP(Your description goes here...)ATTRDUMP"))) __attribute__((annotate("$clingAutoload$HiggsAnalysis/CombinedLimit/interface/HZZ4LRooPdfs.h")))  RooRelBWUFParam;
class __attribute__((annotate(R"ATTRDUMP(Your description goes here...)ATTRDUMP"))) __attribute__((annotate("$clingAutoload$HiggsAnalysis/CombinedLimit/interface/HZZ4LRooPdfs.h")))  RooRelBWHighMass;
class __attribute__((annotate(R"ATTRDUMP(Your description goes here...)ATTRDUMP"))) __attribute__((annotate("$clingAutoload$HiggsAnalysis/CombinedLimit/interface/HZZ4LRooPdfs.h")))  RooTsallis;
class __attribute__((annotate("$clingAutoload$HiggsAnalysis/CombinedLimit/interface/HZZ4LRooPdfs.h")))  RooaDoubleCBxBW;
class __attribute__((annotate("$clingAutoload$HiggsAnalysis/CombinedLimit/interface/HZZ4LRooPdfs.h")))  RooCPSHighMassGGH;
class __attribute__((annotate("$clingAutoload$HiggsAnalysis/CombinedLimit/interface/HZZ4LRooPdfs.h")))  RooBWHighMassGGH;
class __attribute__((annotate("$clingAutoload$HiggsAnalysis/CombinedLimit/interface/HZZ4LRooPdfs.h")))  RooCPSHighMassGGHNoInterf;
class __attribute__((annotate("$clingAutoload$HiggsAnalysis/CombinedLimit/interface/HZZ4LRooPdfs.h")))  RooCPSHighMassVBF;
class __attribute__((annotate("$clingAutoload$HiggsAnalysis/CombinedLimit/interface/HZZ4LRooPdfs.h")))  RooCPSHighMassVBFNoInterf;
class __attribute__((annotate(R"ATTRDUMP(Your description goes here...)ATTRDUMP"))) __attribute__((annotate("$clingAutoload$HiggsAnalysis/CombinedLimit/interface/HZZ4LRooPdfs.h")))  RooSigPlusInt;
class __attribute__((annotate(R"ATTRDUMP(Your description goes here...)ATTRDUMP"))) __attribute__((annotate("$clingAutoload$HiggsAnalysis/CombinedLimit/interface/HWWLVJRooPdfs.h")))  RooErfExpPdf;
class __attribute__((annotate("$clingAutoload$HiggsAnalysis/CombinedLimit/interface/HWWLVJRooPdfs.h")))  RooAlpha;
class __attribute__((annotate("$clingAutoload$HiggsAnalysis/CombinedLimit/interface/HWWLVJRooPdfs.h")))  RooAlphaExp;
class __attribute__((annotate(R"ATTRDUMP(Your description goes here...)ATTRDUMP"))) __attribute__((annotate("$clingAutoload$HiggsAnalysis/CombinedLimit/interface/HWWLVJRooPdfs.h")))  RooBWRunPdf;
class __attribute__((annotate(R"ATTRDUMP(Your description goes here...)ATTRDUMP"))) __attribute__((annotate("$clingAutoload$HiggsAnalysis/CombinedLimit/interface/HWWLVJRooPdfs.h")))  RooErfPow2Pdf;
class __attribute__((annotate(R"ATTRDUMP(Your description goes here...)ATTRDUMP"))) __attribute__((annotate("$clingAutoload$HiggsAnalysis/CombinedLimit/interface/HWWLVJRooPdfs.h")))  RooAlpha4ErfPow2Pdf;
class __attribute__((annotate(R"ATTRDUMP(Your description goes here...)ATTRDUMP"))) __attribute__((annotate("$clingAutoload$HiggsAnalysis/CombinedLimit/interface/HWWLVJRooPdfs.h")))  RooErfPowExpPdf;
class __attribute__((annotate(R"ATTRDUMP(Your description goes here...)ATTRDUMP"))) __attribute__((annotate("$clingAutoload$HiggsAnalysis/CombinedLimit/interface/HWWLVJRooPdfs.h")))  RooAlpha4ErfPowExpPdf;
class __attribute__((annotate(R"ATTRDUMP(Your description goes here...)ATTRDUMP"))) __attribute__((annotate("$clingAutoload$HiggsAnalysis/CombinedLimit/interface/HWWLVJRooPdfs.h")))  RooGausExpPdf;
class __attribute__((annotate(R"ATTRDUMP(Your description goes here...)ATTRDUMP"))) __attribute__((annotate("$clingAutoload$HiggsAnalysis/CombinedLimit/interface/HWWLVJRooPdfs.h")))  RooAlpha4GausExpPdf;
class __attribute__((annotate(R"ATTRDUMP(Your description goes here...)ATTRDUMP"))) __attribute__((  [WARNING] Found [CMS_HWW_boosted_tf_dataResidual_CR1_Bin3] at boundary. 
  [WARNING] Found [CMS_HWW_boosted_tf_dataResidual_CR1_Bin4] at boundary. 
1.773863    -3419.69050  +0.49447    0.959270
1.102374    -170.83058  -3419.69050    0.287781
0.900927    -11.81987  -170.83058    0.086334
0.840493    -0.58953  -11.81987    0.025900
0.822363    +0.39580  -0.58953    0.007770
0.830133    +0.09906  +0.39580    0.007770
0.837903    -0.38205  +0.09906    0.007770
0.832464    -0.01995  -0.38205    0.002331
0.830832    +0.06950  -0.01995    0.000699
0.831531    +0.03253  +0.06950    0.000699
0.832231    -0.00633  +0.03253    0.000699
0.831741    +0.02102  -0.00633    0.000210
0.831951    +0.00931  +0.02102    0.000210
0.832161    -0.00265  +0.00931    0.000210
Searching for crossing at nll = 0.494473 in the interval 0.814593, -20
      CMS_HWW_boosted_tf_dataResidual_a_MH_Reco_par0      lvl-here  lvl-there   stepping
-1.266867    -556.87881  +0.49447    -2.081459
0.190155    -382.52646  -556.87881    -0.624438
0.627261    -49.32551  -382.52646    -0.187331
0.758393    -4.38324  -49.32551    -0.056199
0.797733    +0.04367  -4.38324    -0.016860
0.780873    -1.28419  +0.04367    -0.016860
0.792675    -0.26530  -1.28419    -0.005058
0.796215    -0.03999  -0.26530    -0.001517
0.797278    +0.01978  -0.03999    -0.000455
0.796822    -0.00546  +0.01978    -0.000455
0.797141    +0.01237  -0.00546    -0.000137
0.797005    +0.00483  +0.01237    -0.000137
0.796868    -0.00276  +0.00483    -0.000137
0.796964    +0.00256  -0.00276    -0.000041
0.796923    +0.00025  +0.00256    -0.000041

 --- MultiDimFit ---
Parameter impacts: 
  Parameter                                      :   Best-fit               r            
  CMS_HWW_boosted_tf_dataResidual_a_MH_Reco_par0 :   +0.815  -0.017/+0.018  -0.013/+0.011
Done in 9.21 min (cpu), 26.53 min (real)
Printing Message Summary From ... combine_logger.out
----------------------------------------------
Messages of type INFO : 928
Messages of type DEBUG : 1
Messages of type ERROR : 0
----------------------------------------------
INFO: (function: applyOptionsBase) FitterAlgoBase.cc: 113 -- Setting robust fit options to Tolerance=0.1 / Strategy=0 / Type,Algo=Minuit2,Migrad (note that defaults of CascadeMinimizer were taken where option not specified)
INFO: (function: run) Combine.cc: 676 -- Set floating the following parameters: 
INFO: (function: run) Combine.cc: 679  CMS_HWW_boosted_tf_dataResidual_CR1_Bin4 
INFO: (function: run) Combine.cc: 679  CMS_HWW_boosted_tf_dataResidual_CR2_Bin4 
INFO: (function: run) Combine.cc: 679  CMS_HWW_boosted_tf_dataResidual_CR1_Bin5 
INFO: (function: run) Combine.cc: 679  CMS_HWW_boosted_tf_dataResidual_CR2_Bin5 
INFO: (function: run) Combine.cc: 679  CMS_HWW_boosted_tf_dataResidual_CR1_Bin6 
INFO: (function: run) Combine.cc: 679  CMS_HWW_boosted_tf_dataResidual_CR2_Bin6 
INFO: (function: run) Combine.cc: 679  CMS_HWW_boosted_tf_dataResidual_CR1_Bin7 
INFO: (function: run) Combine.cc: 679  CMS_HWW_boosted_tf_dataResidual_CR2_Bin7 
INFO: (function: run) Combine.cc: 679  CMS_HWW_boosted_tf_dataResidual_CR1_Bin8 
INFO: (function: run) Combine.cc: 679  CMS_HWW_boosted_tf_dataResidual_CR2_Bin8 
INFO: (function: run) Combine.cc: 679  CMS_HWW_boosted_tf_dataResidual_CR1_Bin9 
INFO: (function: run) Combine.cc: 679  CMS_HWW_boosted_tf_dataResidual_CR2_Bin9 
INFO: (function: run) Combine.cc: 712 -- Freezing the following parameters: 
INFO: (function: run) Combine.cc: 715  BR_hww_In 
INFO: (function: run) Combine.cc: 715  CMS_HWW_FakeRate_EWK_SF_flavor_uncertainty_In 
INFO: (function: run) Combine.cc: 715  CMS_HWW_boosted_CR1_mcstat_bin0_In 
INFO: (function: run) Combine.cc: 715  CMS_HWW_boosted_CR1_mcstat_bin1_In 
INFO: (function: run) Combine.cc: 715  CMS_HWW_boosted_CR1_mcstat_bin10_In 
INFO: (function: run) Combine.cc: 715  CMS_HWW_boosted_CR1_mcstat_bin11_In 
INFO: (function: run) Combine.cc: 715  CMS_HWW_boosted_CR1_mcstat_bin12_In 
INFO: (function: run) Combine.cc: 715  CMS_HWW_boosted_CR1_mcstat_bin13_In 
INFO: (function: run) Combine.cc: 715  CMS_HWW_boosted_CR1_mcstat_bin14_In 
INFO: (function: run) Combine.cc: 715  CMS_HWW_boosted_CR1_mcstat_bin15_In 
INFO: (function: run) Combine.cc: 715  CMS_HWW_boosted_CR1_mcstat_bin16_In 
INFO: (function: run) Combine.cc: 715  CMS_HWW_boosted_CR1_mcstat_bin17_In 
INFO: (function: run) Combine.cc: 715  CMS_HWW_boosted_CR1_mcstat_bin18_In 
INFO: (function: run) Combine.cc: 715  CMS_HWW_boosted_CR1_mcstat_bin19_In 
INFO: (function: run) Combine.cc: 715  CMS_HWW_boosted_CR1_mcstat_bin2_In 
INFO: (function: run) Combine.cc: 715  CMS_HWW_boosted_CR1_mcstat_bin3_In 
INFO: (function: run) Combine.cc: 715  CMS_HWW_boosted_CR1_mcstat_bin4_In 
INFO: (function: run) Combine.cc: 715  CMS_HWW_boosted_CR1_mcstat_bin5_In 
INFO: (function: run) Combine.cc: 715  CMS_HWW_boosted_CR1_mcstat_bin6_In 
INFO: (function: run) Combine.cc: 715  CMS_HWW_boosted_CR1_mcstat_bin7_In 
INFO: (function: run) Combine.cc: 715  CMS_HWW_boosted_CR1_mcstat_bin8_In 
INFO: (function: run) Combine.cc: 715  CMS_HWW_boosted_CR1_mcstat_bin9_In 
INFO: (function: run) Combine.cc: 715  CMS_HWW_boosted_CR2_mcstat_bin0_In 
INFO: (function: run) Combine.cc: 715  CMS_HWW_boosted_CR2_mcstat_bin1_In 
INFO: (function: run) Combine.cc: 715  CMS_HWW_boosted_CR2_mcstat_bin10_In 
INFO: (function: run) Combine.cc: 715  CMS_HWW_boosted_CR2_mcstat_bin11_In 
INFO: (function: run) Combine.cc: 715  CMS_HWW_boosted_CR2_mcstat_bin12_In 
INFO: (function: run) Combine.cc: 715  CMS_HWW_boosted_CR2_mcstat_bin13_In 
INFO: (function: run) Combine.cc: 715  CMS_HWW_boosted_CR2_mcstat_bin14_In 
INFO: (function: run) Combine.cc: 715  CMS_HWW_boosted_CR2_mcstat_bin15_In 
INFO: (function: run) Combine.cc: 715  CMS_HWW_boosted_CR2_mcstat_bin16_In 
INFO: (function: run) Combine.cc: 715  CMS_HWW_boosted_CR2_mcstat_bin17_In 
INFO: (function: run) Combine.cc: 715  CMS_HWW_boosted_CR2_mcstat_bin18_In 
INFO: (function: run) Combine.cc: 715  CMS_HWW_boosted_CR2_mcstat_bin19_In 
INFO: (function: run) Combine.cc: 715  CMS_HWW_boosted_CR2_mcstat_bin2_In 
INFO: (function: run) Combine.cc: 715  CMS_HWW_boosted_CR2_mcstat_bin3_In 
INFO: (function: run) Combine.cc: 715  CMS_HWW_boosted_CR2_mcstat_bin4_In 
INFO: (function: run) Combine.cc: 715  CMS_HWW_boosted_CR2_mcstat_bin5_In 
INFO: (function: run) Combine.cc: 715  CMS_HWW_boosted_CR2_mcstat_bin6_In 
INFO: (function: run) Combine.cc: 715  CMS_HWW_boosted_CR2_mcstat_bin7_In 
INFO: (function: run) Combine.cc: 715  CMS_HWW_boosted_CR2_mcstat_bin8_In 
INFO: (function: run) Combine.cc: 715  CMS_HWW_boosted_CR2_mcstat_bin9_In 
INFO: (function: run) Combine.cc: 715  CMS_HWW_boosted_FakeRate_EWK_SF_statistical_uncertainty_In 
INFO: (function: run) Combine.cc: 715  CMS_HWW_boosted_FakeRate_statistical_uncertainty_In 
INFO: (function: run) Combine.cc: 715  CMS_HWW_boosted_Fake_SF_uncertainty_In 
INFO: (function: run) Combine.cc: 715  CMS_HWW_boosted_SR1_fail_mcstat_bin0_In 
INFO: (function: run) Combine.cc: 715  CMS_HWW_boosted_SR1_fail_mcstat_bin1_In 
INFO: (function: run) Combine.cc: 715  CMS_HWW_boosted_SR1_fail_mcstat_bin2_In 
INFO: (function: run) Combine.cc: 715  CMS_HWW_boosted_SR1_fail_mcstat_bin3_In 
INFO: (function: run) Combine.cc: 715  CMS_HWW_boosted_SR1_fail_mcstat_bin4_In 
INFO: (function: run) Combine.cc: 715  CMS_HWW_boosted_SR1_fail_mcstat_bin5_In 
INFO: (function: run) Combine.cc: 715  CMS_HWW_boosted_SR1_pass_mcstat_bin0_In 
INFO: (function: run) Combine.cc: 715  CMS_HWW_boosted_SR1_pass_mcstat_bin1_In 
INFO: (function: run) Combine.cc: 715  CMS_HWW_boosted_SR1_pass_mcstat_bin2_In 
INFO: (function: run) Combine.cc: 715  CMS_HWW_boosted_SR1_pass_mcstat_bin3_In 
INFO: (function: run) Combine.cc: 715  CMS_HWW_boosted_SR1_pass_mcstat_bin4_In 
INFO: (function: run) Combine.cc: 715  CMS_HWW_boosted_SR1_pass_mcstat_bin5_In 
INFO: (function: run) Combine.cc: 715  CMS_HWW_boosted_SR1a_mcstat_bin0_In 
INFO: (function: run) Combine.cc: 715  CMS_HWW_boosted_SR1a_mcstat_bin1_In 
INFO: (function: run) Combine.cc: 715  CMS_HWW_boosted_SR1a_mcstat_bin10_In 
INFO: (function: run) Combine.cc: 715  CMS_HWW_boosted_SR1a_mcstat_bin11_In 
INFO: (function: run) Combine.cc: 715  CMS_HWW_boosted_SR1a_mcstat_bin12_In 
INFO: (function: run) Combine.cc: 715  CMS_HWW_boosted_SR1a_mcstat_bin13_In 
INFO: (function: run) Combine.cc: 715  CMS_HWW_boosted_SR1a_mcstat_bin14_In 
INFO: (function: run) Combine.cc: 715  CMS_HWW_boosted_SR1a_mcstat_bin15_In 
INFO: (function: run) Combine.cc: 715  CMS_HWW_boosted_SR1a_mcstat_bin16_In 
INFO: (function: run) Combine.cc: 715  CMS_HWW_boosted_SR1a_mcstat_bin17_In 
INFO: (function: run) Combine.cc: 715  CMS_HWW_boosted_SR1a_mcstat_bin18_In 
INFO: (function: run) Combine.cc: 715  CMS_HWW_boosted_SR1a_mcstat_bin19_In 
INFO: (function: run) Combine.cc: 715  CMS_HWW_boosted_SR1a_mcstat_bin2_In 
INFO: (function: run) Combine.cc: 715  CMS_HWW_boosted_SR1a_mcstat_bin3_In 
INFO: (function: run) Combine.cc: 715  CMS_HWW_boosted_SR1a_mcstat_bin4_In 
INFO: (function: run) Combine.cc: 715  CMS_HWW_boosted_SR1a_mcstat_bin5_In 
INFO: (function: run) Combine.cc: 715  CMS_HWW_boosted_SR1a_mcstat_bin6_In 
INFO: (function: run) Combine.cc: 715  CMS_HWW_boosted_SR1a_mcstat_bin7_In 
INFO: (function: run) Combine.cc: 715  CMS_HWW_boosted_SR1a_mcstat_bin8_In 
INFO: (function: run) Combine.cc: 715  CMS_HWW_boosted_SR1a_mcstat_bin9_In 
INFO: (function: run) Combine.cc: 715  CMS_HWW_boosted_SR1b_mcstat_bin0_In 
INFO: (function: run) Combine.cc: 715  CMS_HWW_boosted_SR1b_mcstat_bin1_In 
INFO: (function: run) Combine.cc: 715  CMS_HWW_boosted_SR1b_mcstat_bin10_In 
INFO: (function: run) Combine.cc: 715  CMS_HWW_boosted_SR1b_mcstat_bin11_In 
INFO: (function: run) Combine.cc: 715  CMS_HWW_boosted_SR1b_mcstat_bin12_In 
INFO: (function: run) Combine.cc: 715  CMS_HWW_boosted_SR1b_mcstat_bin13_In 
INFO: (function: run) Combine.cc: 715  CMS_HWW_boosted_SR1b_mcstat_bin14_In 
INFO: (function: run) Combine.cc: 715  CMS_HWW_boosted_SR1b_mcstat_bin15_In 
INFO: (function: run) Combine.cc: 715  CMS_HWW_boosted_SR1b_mcstat_bin16_In 
INFO: (function: run) Combine.cc: 715  CMS_HWW_boosted_SR1b_mcstat_bin17_In 
INFO: (function: run) Combine.cc: 715  CMS_HWW_boosted_SR1b_mcstat_bin18_In 
INFO: (function: run) Combine.cc: 715  CMS_HWW_boosted_SR1b_mcstat_bin19_In 
INFO: (function: run) Combine.cc: 715  CMS_HWW_boosted_SR1b_mcstat_bin2_In 
INFO: (function: run) Combine.cc: 715  CMS_HWW_boosted_SR1b_mcstat_bin3_In 
INFO: (function: run) Combine.cc: 715  CMS_HWW_boosted_SR1b_mcstat_bin4_In 
INFO: (function: run) Combine.cc: 715  CMS_HWW_boosted_SR1b_mcstat_bin5_In 
INFO: (function: run) Combine.cc: 715  CMS_HWW_boosted_SR1b_mcstat_bin6_In 
INFO: (function: run) Combine.cc: 715  CMS_HWW_boosted_SR1b_mcstat_bin7_In 
INFO: (function: run) Combine.cc: 715  CMS_HWW_boosted_SR1b_mcstat_bin8_In 
INFO: (function: run) Combine.cc: 715  CMS_HWW_boosted_SR1b_mcstat_bin9_In 
INFO: (function: run) Combine.cc: 715  CMS_HWW_boosted_SR2a_WH_hww_mcstat_bin0_In 
INFO: (function: run) Combine.cc: 715  CMS_HWW_boosted_SR2a_WH_hww_mcstat_bin1_In 
INFO: (function: run) Combine.cc: 715  CMS_HWW_boosted_SR2a_WH_hww_mcstat_bin18_In 
INFO: (function: run) Combine.cc: 715  CMS_HWW_boosted_SR2a_ZH_hww_mcstat_bin0_In 
INFO: (function: run) Combine.cc: 715  CMS_HWW_boosted_SR2a_ZH_hww_mcstat_bin1_In 
INFO: (function: run) Combine.cc: 715  CMS_HWW_boosted_SR2a_ZH_hww_mcstat_bin18_In 
INFO: (function: run) Combine.cc: 715  CMS_HWW_boosted_SR2a_ggH_hww_mcstat_bin0_In 
INFO: (function: run) Combine.cc: 715  CMS_HWW_boosted_SR2a_ggH_hww_mcstat_bin1_In 
INFO: (function: run) Combine.cc: 715  CMS_HWW_boosted_SR2a_mcstat_bin10_In 
INFO: (function: run) Combine.cc: 715  CMS_HWW_boosted_SR2a_mcstat_bin11_In 
INFO: (function: run) Combine.cc: 715  CMS_HWW_boosted_SR2a_mcstat_bin12_In 
INFO: (function: run) Combine.cc: 715  CMS_HWW_boosted_SR2a_mcstat_bin13_In 
INFO: (function: run) Combine.cc: 715  CMS_HWW_boosted_SR2a_mcstat_bin14_In 
INFO: (function: run) Combine.cc: 715  CMS_HWW_boosted_SR2a_mcstat_bin15_In 
INFO: (function: run) Combine.cc: 715  CMS_HWW_boosted_SR2a_mcstat_bin16_In 
INFO: (function: run) Combine.cc: 715  CMS_HWW_boosted_SR2a_mcstat_bin17_In 
INFO: (function: run) Combine.cc: 715  CMS_HWW_boosted_SR2a_mcstat_bin19_In 
INFO: (function: run) Combine.cc: 715  CMS_HWW_boosted_SR2a_mcstat_bin2_In 
INFO: (function: run) Combine.cc: 715  CMS_HWW_boosted_SR2a_mcstat_bin3_In 
INFO: (function: run) Combine.cc: 715  CMS_HWW_boosted_SR2a_mcstat_bin4_In 
INFO: (function: run) Combine.cc: 715  CMS_HWW_boosted_SR2a_mcstat_bin5_In 
INFO: (function: run) Combine.cc: 715  CMS_HWW_boosted_SR2a_mcstat_bin6_In 
INFO: (function: run) Combine.cc: 715  CMS_HWW_boosted_SR2a_mcstat_bin7_In 
INFO: (function: run) Combine.cc: 715  CMS_HWW_boosted_SR2a_mcstat_bin8_In 
INFO: (function: run) Combine.cc: 715  CMS_HWW_boosted_SR2a_mcstat_bin9_In 
INFO: (function: run) Combine.cc: 715  CMS_HWW_boosted_SR2a_qqH_hww_mcstat_bin0_In 
INFO: (function: run) Combine.cc: 715  CMS_HWW_boosted_SR2a_qqH_hww_mcstat_bin1_In 
INFO: (function: run) Combine.cc: 715  CMS_HWW_boosted_SR2a_rest_bkg_mcstat_bin1_In 
INFO: (function: run) Combine.cc: 715  CMS_HWW_boosted_SR2a_rest_bkg_mcstat_bin18_In 
INFO: (function: run) Combine.cc: 715  CMS_HWW_boosted_SR2a_single_top_mcstat_bin18_In 
INFO: (function: run) Combine.cc: 715  CMS_HWW_boosted_SR2a_ttH_hww_mcstat_bin0_In 
INFO: (function: run) Combine.cc: 715  CMS_HWW_boosted_SR2a_ttH_hww_mcstat_bin1_In 
INFO: (function: run) Combine.cc: 715  CMS_HWW_boosted_SR2a_ttH_hww_mcstat_bin18_In 
INFO: (function: run) Combine.cc: 715  CMS_HWW_boosted_SR2a_ttbar_mcstat_bin0_In 
INFO: (function: run) Combine.cc: 715  CMS_HWW_boosted_SR2a_ttbar_mcstat_bin1_In 
INFO: (function: run) Combine.cc: 715  CMS_HWW_boosted_SR2a_ttbar_mcstat_bin18_In 
INFO: (function: run) Combine.cc: 715  CMS_HWW_boosted_SR2a_wjets_mcstat_bin0_In 
INFO: (function: run) Combine.cc: 715  CMS_HWW_boosted_SR2a_wjets_mcstat_bin1_In 
INFO: (function: run) Combine.cc: 715  CMS_HWW_boosted_SR2a_wjets_mcstat_bin18_In 
INFO: (function: run) Combine.cc: 715  CMS_HWW_boosted_SR2b_mcstat_bin0_In 
INFO: (function: run) Combine.cc: 715  CMS_HWW_boosted_SR2b_mcstat_bin1_In 
INFO: (function: run) Combine.cc: 715  CMS_HWW_boosted_SR2b_mcstat_bin10_In 
INFO: (function: run) Combine.cc: 715  CMS_HWW_boosted_SR2b_mcstat_bin11_In 
INFO: (function: run) Combine.cc: 715  CMS_HWW_boosted_SR2b_mcstat_bin12_In 
INFO: (function: run) Combine.cc: 715  CMS_HWW_boosted_SR2b_mcstat_bin13_In 
INFO: (function: run) Combine.cc: 715  CMS_HWW_boosted_SR2b_mcstat_bin14_In 
INFO: (function: run) Combine.cc: 715  CMS_HWW_boosted_SR2b_mcstat_bin15_In 
INFO: (function: run) Combine.cc: 715  CMS_HWW_boosted_SR2b_mcstat_bin16_In 
INFO: (function: run) Combine.cc: 715  CMS_HWW_boosted_SR2b_mcstat_bin17_In 
INFO: (function: run) Combine.cc: 715  CMS_HWW_boosted_SR2b_mcstat_bin18_In 
INFO: (function: run) Combine.cc: 715  CMS_HWW_boosted_SR2b_mcstat_bin19_In 
INFO: (function: run) Combine.cc: 715  CMS_HWW_boosted_SR2b_mcstat_bin2_In 
INFO: (function: run) Combine.cc: 715  CMS_HWW_boosted_SR2b_mcstat_bin3_In 
INFO: (function: run) Combine.cc: 715  CMS_HWW_boosted_SR2b_mcstat_bin4_In 
INFO: (function: run) Combine.cc: 715  CMS_HWW_boosted_SR2b_mcstat_bin5_In 
INFO: (function: run) Combine.cc: 715  CMS_HWW_boosted_SR2b_mcstat_bin6_In 
INFO: (function: run) Combine.cc: 715  CMS_HWW_boosted_SR2b_mcstat_bin7_In 
INFO: (function: run) Combine.cc: 715  CMS_HWW_boosted_SR2b_mcstat_bin8_In 
INFO: (function: run) Combine.cc: 715  CMS_HWW_boosted_SR2b_mcstat_bin9_In 
INFO: (function: run) Combine.cc: 715  CMS_HWW_boosted_TopCR_fail_mcstat_bin0_In 
INFO: (function: run) Combine.cc: 715  CMS_HWW_boosted_TopCR_fail_mcstat_bin1_In 
INFO: (function: run) Combine.cc: 715  CMS_HWW_boosted_TopCR_fail_mcstat_bin2_In 
INFO: (function: run) Combine.cc: 715  CMS_HWW_boosted_TopCR_fail_mcstat_bin3_In 
INFO: (function: run) Combine.cc: 715  CMS_HWW_boosted_TopCR_fail_mcstat_bin4_In 
INFO: (function: run) Combine.cc: 715  CMS_HWW_boosted_TopCR_fail_mcstat_bin5_In 
INFO: (function: run) Combine.cc: 715  CMS_HWW_boosted_TopCR_mcstat_bin0_In 
INFO: (function: run) Combine.cc: 715  CMS_HWW_boosted_TopCR_mcstat_bin1_In 
INFO: (function: run) Combine.cc: 715  CMS_HWW_boosted_TopCR_mcstat_bin2_In 
INFO: (function: run) Combine.cc: 715  CMS_HWW_boosted_TopCR_mcstat_bin3_In 
INFO: (function: run) Combine.cc: 715  CMS_HWW_boosted_TopCR_mcstat_bin4_In 
INFO: (function: run) Combine.cc: 715  CMS_HWW_boosted_TopCR_mcstat_bin5_In 
INFO: (function: run) Combine.cc: 715  CMS_HWW_boosted_TopCR_mcstat_bin6_In 
INFO: (function: run) Combine.cc: 715  CMS_HWW_boosted_TopCR_mcstat_bin7_In 
INFO: (function: run) Combine.cc: 715  CMS_HWW_boosted_TopCR_mcstat_bin8_In 
INFO: (function: run) Combine.cc: 715  CMS_HWW_boosted_TopCR_pass_mcstat_bin0_In 
INFO: (function: run) Combine.cc: 715  CMS_HWW_boosted_TopCR_pass_mcstat_bin1_In 
INFO: (function: run) Combine.cc: 715  CMS_HWW_boosted_TopCR_pass_mcstat_bin2_In 
INFO: (function: run) Combine.cc: 715  CMS_HWW_boosted_TopCR_pass_mcstat_bin3_In 
INFO: (function: run) Combine.cc: 715  CMS_HWW_boosted_TopCR_pass_mcstat_bin4_In 
INFO: (function: run) Combine.cc: 715  CMS_HWW_boosted_TopCR_pass_mcstat_bin5_In 
INFO: (function: run) Combine.cc: 715  CMS_HWW_boosted_TopPtReweight_In 
INFO: (function: run) Combine.cc: 715  CMS_HWW_boosted_VBF_mcstat_bin0_In 
INFO: (function: run) Combine.cc: 715  CMS_HWW_boosted_VBF_mcstat_bin1_In 
INFO: (function: run) Combine.cc: 715  CMS_HWW_boosted_VBF_mcstat_bin2_In 
INFO: (function: run) Combine.cc: 715  CMS_HWW_boosted_VBF_mcstat_bin3_In 
INFO: (function: run) Combine.cc: 715  CMS_HWW_boosted_VBF_mcstat_bin4_In 
INFO: (function: run) Combine.cc: 715  CMS_HWW_boosted_VBF_mcstat_bin5_In 
INFO: (function: run) Combine.cc: 715  CMS_HWW_boosted_VBF_mcstat_bin6_In 
INFO: (function: run) Combine.cc: 715  CMS_HWW_boosted_VBF_mcstat_bin7_In 
INFO: (function: run) Combine.cc: 715  CMS_HWW_boosted_VBF_mcstat_bin8_In 
INFO: (function: run) Combine.cc: 715  CMS_HWW_boosted_WJetsCR_mcstat_bin0_In 
INFO: (function: run) Combine.cc: 715  CMS_HWW_boosted_WJetsCR_mcstat_bin1_In 
INFO: (function: run) Combine.cc: 715  CMS_HWW_boosted_WJetsCR_mcstat_bin2_In 
INFO: (function: run) Combine.cc: 715  CMS_HWW_boosted_WJetsCR_mcstat_bin3_In 
INFO: (function: run) Combine.cc: 715  CMS_HWW_boosted_WJetsCR_mcstat_bin4_In 
INFO: (function: run) Combine.cc: 715  CMS_HWW_boosted_WJetsCR_mcstat_bin5_In 
INFO: (function: run) Combine.cc: 715  CMS_HWW_boosted_WJetsCR_mcstat_bin6_In 
INFO: (function: run) Combine.cc: 715  CMS_HWW_boosted_WJetsCR_mcstat_bin7_In 
INFO: (function: run) Combine.cc: 715  CMS_HWW_boosted_WJetsCR_mcstat_bin8_In 
INFO: (function: run) Combine.cc: 715  CMS_HWW_boosted_W_d1kappa_EW_In 
INFO: (function: run) Combine.cc: 715  CMS_HWW_boosted_W_d2kappa_EW_In 
INFO: (function: run) Combine.cc: 715  CMS_HWW_boosted_W_d3kappa_EW_In 
INFO: (function: run) Combine.cc: 715  CMS_HWW_boosted_Z_d2kappa_EW_In 
INFO: (function: run) Combine.cc: 715  CMS_HWW_boosted_Z_d3kappa_EW_In 
INFO: (function: run) Combine.cc: 715  CMS_HWW_boosted_btagSFbcCorrelated_In 
INFO: (function: run) Combine.cc: 715  CMS_HWW_boosted_btagSFbcCorrelated_2016_In 
INFO: (function: run) Combine.cc: 715  CMS_HWW_boosted_btagSFbcCorrelated_2016APV_In 
INFO: (function: run) Combine.cc: 715  CMS_HWW_boosted_btagSFbcCorrelated_2017_In 
INFO: (function: run) Combine.cc: 715  CMS_HWW_boosted_btagSFbcCorrelated_2018_In 
INFO: (function: run) Combine.cc: 715  CMS_HWW_boosted_btagSFbc_2016_In 
INFO: (function: run) Combine.cc: 715  CMS_HWW_boosted_btagSFbc_2016APV_In 
INFO: (function: run) Combine.cc: 715  CMS_HWW_boosted_btagSFbc_2017_In 
INFO: (function: run) Combine.cc: 715  CMS_HWW_boosted_btagSFbc_2018_In 
INFO: (function: run) Combine.cc: 715  CMS_HWW_boosted_btagSFlightCorrelated_In 
INFO: (function: run) Combine.cc: 715  CMS_HWW_boosted_btagSFlightCorrelated_2016_In 
INFO: (function: run) Combine.cc: 715  CMS_HWW_boosted_btagSFlightCorrelated_2016APV_In 
INFO: (function: run) Combine.cc: 715  CMS_HWW_boosted_btagSFlightCorrelated_2017_In 
INFO: (function: run) Combine.cc: 715  CMS_HWW_boosted_btagSFlightCorrelated_2018_In 
INFO: (function: run) Combine.cc: 715  CMS_HWW_boosted_btagSFlight_2016_In 
INFO: (function: run) Combine.cc: 715  CMS_HWW_boosted_btagSFlight_2016APV_In 
INFO: (function: run) Combine.cc: 715  CMS_HWW_boosted_btagSFlight_2017_In 
INFO: (function: run) Combine.cc: 715  CMS_HWW_boosted_btagSFlight_2018_In 
INFO: (function: run) Combine.cc: 715  CMS_HWW_boosted_d1K_NLO_In 
INFO: (function: run) Combine.cc: 715  CMS_HWW_boosted_d2K_NLO_In 
INFO: (function: run) Combine.cc: 715  CMS_HWW_boosted_d3K_NLO_In 
INFO: (function: run) Combine.cc: 715  CMS_HWW_boosted_ele_identification_In 
INFO: (function: run) Combine.cc: 715  CMS_HWW_boosted_ele_identification_2016_In 
INFO: (function: run) Combine.cc: 715  CMS_HWW_boosted_ele_identification_2016APV_In 
INFO: (function: run) Combine.cc: 715  CMS_HWW_boosted_ele_identification_2017_In 
INFO: (function: run) Combine.cc: 715  CMS_HWW_boosted_ele_identification_2018_In 
INFO: (function: run) Combine.cc: 715  CMS_HWW_boosted_ele_reconstruction_In 
INFO: (function: run) Combine.cc: 715  CMS_HWW_boosted_ele_reconstruction_2016_In 
INFO: (function: run) Combine.cc: 715  CMS_HWW_boosted_ele_reconstruction_2016APV_In 
INFO: (function: run) Combine.cc: 715  CMS_HWW_boosted_ele_reconstruction_2017_In 
INFO: (function: run) Combine.cc: 715  CMS_HWW_boosted_ele_reconstruction_2018_In 
INFO: (function: run) Combine.cc: 715  CMS_HWW_boosted_ele_trigger_stat_unc_2016_In 
INFO: (function: run) Combine.cc: 715  CMS_HWW_boosted_ele_trigger_stat_unc_2016APV_In 
INFO: (function: run) Combine.cc: 715  CMS_HWW_boosted_ele_trigger_stat_unc_2017_In 
INFO: (function: run) Combine.cc: 715  CMS_HWW_boosted_ele_trigger_stat_unc_2018_In 
INFO: (function: run) Combine.cc: 715  CMS_HWW_boosted_ele_trigger_syst_unc_In 
INFO: (function: run) Combine.cc: 715  CMS_HWW_boosted_electron_veto_In 
INFO: (function: run) Combine.cc: 715  CMS_HWW_boosted_ggFpt250to350_mcstat_bin0_In 
INFO: (function: run) Combine.cc: 715  CMS_HWW_boosted_ggFpt250to350_mcstat_bin1_In 
INFO: (function: run) Combine.cc: 715  CMS_HWW_boosted_ggFpt250to350_mcstat_bin2_In 
INFO: (function: run) Combine.cc: 715  CMS_HWW_boosted_ggFpt250to350_mcstat_bin3_In 
INFO: (function: run) Combine.cc: 715  CMS_HWW_boosted_ggFpt250to350_mcstat_bin4_In 
INFO: (function: run) Combine.cc: 715  CMS_HWW_boosted_ggFpt250to350_mcstat_bin5_In 
INFO: (function: run) Combine.cc: 715  CMS_HWW_boosted_ggFpt250to350_mcstat_bin6_In 
INFO: (function: run) Combine.cc: 715  CMS_HWW_boosted_ggFpt250to350_mcstat_bin7_In 
INFO: (function: run) Combine.cc: 715  CMS_HWW_boosted_ggFpt250to350_mcstat_bin8_In 
INFO: (function: run) Combine.cc: 715  CMS_HWW_boosted_ggFpt350to500_mcstat_bin0_In 
INFO: (function: run) Combine.cc: 715  CMS_HWW_boosted_ggFpt350to500_mcstat_bin1_In 
INFO: (function: run) Combine.cc: 715  CMS_HWW_boosted_ggFpt350to500_mcstat_bin2_In 
INFO: (function: run) Combine.cc: 715  CMS_HWW_boosted_ggFpt350to500_mcstat_bin3_In 
INFO: (function: run) Combine.cc: 715  CMS_HWW_boosted_ggFpt350to500_mcstat_bin4_In 
INFO: (function: run) Combine.cc: 715  CMS_HWW_boosted_ggFpt350to500_mcstat_bin5_In 
INFO: (function: run) Combine.cc: 715  CMS_HWW_boosted_ggFpt350to500_mcstat_bin6_In 
INFO: (function: run) Combine.cc: 715  CMS_HWW_boosted_ggFpt350to500_mcstat_bin7_In 
INFO: (function: run) Combine.cc: 715  CMS_HWW_boosted_ggFpt350to500_mcstat_bin8_In 
INFO: (function: run) Combine.cc: 715  CMS_HWW_boosted_ggFpt500toInf_mcstat_bin0_In 
INFO: (function: run) Combine.cc: 715  CMS_HWW_boosted_ggFpt500toInf_mcstat_bin1_In 
INFO: (function: run) Combine.cc: 715  CMS_HWW_boosted_ggFpt500toInf_mcstat_bin2_In 
INFO: (function: run) Combine.cc: 715  CMS_HWW_boosted_ggFpt500toInf_mcstat_bin3_In 
INFO: (function: run) Combine.cc: 715  CMS_HWW_boosted_ggFpt500toInf_mcstat_bin4_In 
INFO: (function: run) Combine.cc: 715  CMS_HWW_boosted_ggFpt500toInf_mcstat_bin5_In 
INFO: (function: run) Combine.cc: 715  CMS_HWW_boosted_ggFpt500toInf_mcstat_bin6_In 
INFO: (function: run) Combine.cc: 715  CMS_HWW_boosted_ggFpt500toInf_mcstat_bin7_In 
INFO: (function: run) Combine.cc: 715  CMS_HWW_boosted_ggFpt500toInf_mcstat_bin8_In 
INFO: (function: run) Combine.cc: 715  CMS_HWW_boosted_jmr_2016_In 
INFO: (function: run) Combine.cc: 715  CMS_HWW_boosted_jmr_2016APV_In 
INFO: (function: run) Combine.cc: 715  CMS_HWW_boosted_jmr_2017_In 
INFO: (function: run) Combine.cc: 715  CMS_HWW_boosted_jmr_2018_In 
INFO: (function: run) Combine.cc: 715  CMS_HWW_boosted_jms_2016_In 
INFO: (function: run) Combine.cc: 715  CMS_HWW_boosted_jms_2016APV_In 
INFO: (function: run) Combine.cc: 715  CMS_HWW_boosted_jms_2017_In 
INFO: (function: run) Combine.cc: 715  CMS_HWW_boosted_jms_2018_In 
INFO: (function: run) Combine.cc: 715  CMS_HWW_boosted_lp_sf_region_a_In 
INFO: (function: run) Combine.cc: 715  CMS_HWW_boosted_lp_sf_region_b_In 
INFO: (function: run) Combine.cc: 715  CMS_HWW_boosted_miniisolation_SF_unc_In 
INFO: (function: run) Combine.cc: 715  CMS_HWW_boosted_mu_identification_stat_2016_In 
INFO: (function: run) Combine.cc: 715  CMS_HWW_boosted_mu_identification_stat_2016APV_In 
INFO: (function: run) Combine.cc: 715  CMS_HWW_boosted_mu_identification_stat_2017_In 
INFO: (function: run) Combine.cc: 715  CMS_HWW_boosted_mu_identification_stat_2018_In 
INFO: (function: run) Combine.cc: 715  CMS_HWW_boosted_mu_identification_syst_In 
INFO: (function: run) Combine.cc: 715  CMS_HWW_boosted_mu_isolation_In 
INFO: (function: run) Combine.cc: 715  CMS_HWW_boosted_mu_trigger_In 
INFO: (function: run) Combine.cc: 715  CMS_HWW_boosted_mu_trigger_iso_In 
INFO: (function: run) Combine.cc: 715  CMS_HWW_boosted_rest_bkg_rate_In 
INFO: (function: run) Combine.cc: 715  CMS_HWW_boosted_single_top_rate_In 
INFO: (function: run) Combine.cc: 715  CMS_HWW_boosted_tagger_In 
INFO: (function: run) Combine.cc: 715  CMS_HWW_boosted_taggereff_In 
INFO: (function: run) Combine.cc: 715  CMS_HWW_boosted_top_reweighting_In 
INFO: (function: run) Combine.cc: 715  CMS_HWW_boosted_triggerEffSF_uncorrelated_In 
INFO: (function: run) Combine.cc: 715  CMS_HWW_boosted_ttbar_rate_In 
INFO: (function: run) Combine.cc: 715  CMS_HWW_boosted_veff_2016_In 
INFO: (function: run) Combine.cc: 715  CMS_HWW_boosted_veff_2016APV_In 
INFO: (function: run) Combine.cc: 715  CMS_HWW_boosted_veff_2017_In 
INFO: (function: run) Combine.cc: 715  CMS_HWW_boosted_veff_2018_In 
INFO: (function: run) Combine.cc: 715  CMS_HWW_boosted_wjets_rate_In 
INFO: (function: run) Combine.cc: 715  CMS_l1_ecal_prefiring_2016_In 
INFO: (function: run) Combine.cc: 715  CMS_l1_ecal_prefiring_2016APV_In 
INFO: (function: run) Combine.cc: 715  CMS_l1_ecal_prefiring_2017_In 
INFO: (function: run) Combine.cc: 715  CMS_lumi_13TeV_1718_In 
INFO: (function: run) Combine.cc: 715  CMS_lumi_13TeV_2016_In 
INFO: (function: run) Combine.cc: 715  CMS_lumi_13TeV_2016APV_In 
INFO: (function: run) Combine.cc: 715  CMS_lumi_13TeV_2017_In 
INFO: (function: run) Combine.cc: 715  CMS_lumi_13TeV_2018_In 
INFO: (function: run) Combine.cc: 715  CMS_lumi_13TeV_correlated_In 
INFO: (function: run) Combine.cc: 715  CMS_pileup_2016_In 
INFO: (function: run) Combine.cc: 715  CMS_pileup_2016APV_In 
INFO: (function: run) Combine.cc: 715  CMS_pileup_2017_In 
INFO: (function: run) Combine.cc: 715  CMS_pileup_2018_In 
INFO: (function: run) Combine.cc: 715  CMS_pileup_id_In 
INFO: (function: run) Combine.cc: 715  CMS_res_j_2016_In 
INFO: (function: run) Combine.cc: 715  CMS_res_j_2016APV_In 
INFO: (function: run) Combine.cc: 715  CMS_res_j_2017_In 
INFO: (function: run) Combine.cc: 715  CMS_res_j_2018_In 
INFO: (function: run) Combine.cc: 715  CMS_scale_j_Abs_In 
INFO: (function: run) Combine.cc: 715  CMS_scale_j_Abs_2016_In 
INFO: (function: run) Combine.cc: 715  CMS_scale_j_Abs_2016APV_In 
INFO: (function: run) Combine.cc: 715  CMS_scale_j_Abs_2017_In 
INFO: (function: run) Combine.cc: 715  CMS_scale_j_Abs_2018_In 
INFO: (function: run) Combine.cc: 715  CMS_scale_j_BBEC1_In 
INFO: (function: run) Combine.cc: 715  CMS_scale_j_BBEC1_2016_In 
INFO: (function: run) Combine.cc: 715  CMS_scale_j_BBEC1_2016APV_In 
INFO: (function: run) Combine.cc: 715  CMS_scale_j_BBEC1_2017_In 
INFO: (function: run) Combine.cc: 715  CMS_scale_j_BBEC1_2018_In 
INFO: (function: run) Combine.cc: 715  CMS_scale_j_EC2_In 
INFO: (function: run) Combine.cc: 715  CMS_scale_j_EC2_2016_In 
INFO: (function: run) Combine.cc: 715  CMS_scale_j_EC2_2016APV_In 
INFO: (function: run) Combine.cc: 715  CMS_scale_j_EC2_2017_In 
INFO: (function: run) Combine.cc: 715  CMS_scale_j_EC2_2018_In 
INFO: (function: run) Combine.cc: 715  CMS_scale_j_FlavQCD_In 
INFO: (function: run) Combine.cc: 715  CMS_scale_j_HF_In 
INFO: (function: run) Combine.cc: 715  CMS_scale_j_HF_2016_In 
INFO: (function: run) Combine.cc: 715  CMS_scale_j_HF_2016APV_In 
INFO: (function: run) Combine.cc: 715  CMS_scale_j_HF_2017_In 
INFO: (function: run) Combine.cc: 715  CMS_scale_j_HF_2018_In 
INFO: (function: run) Combine.cc: 715  CMS_scale_j_RelBal_In 
INFO: (function: run) Combine.cc: 715  CMS_scale_j_RelSample_2016_In 
INFO: (function: run) Combine.cc: 715  CMS_scale_j_RelSample_2016APV_In 
INFO: (function: run) Combine.cc: 715  CMS_scale_j_RelSample_2017_In 
INFO: (function: run) Combine.cc: 715  CMS_scale_j_RelSample_2018_In 
INFO: (function: run) Combine.cc: 715  PDF_WH_ACCEPT_CMS_HWW_boosted_In 
INFO: (function: run) Combine.cc: 715  PDF_ZH_ACCEPT_CMS_HWW_boosted_In 
INFO: (function: run) Combine.cc: 715  PDF_ggH_ACCEPT_CMS_HWW_boosted_In 
INFO: (function: run) Combine.cc: 715  PDF_qqH_ACCEPT_CMS_HWW_boosted_In 
INFO: (function: run) Combine.cc: 715  PDF_single_top_ACCEPT_CMS_HWW_boosted_In 
INFO: (function: run) Combine.cc: 715  PDF_singletop_ACCEPT_CMS_HWW_boosted_In 
INFO: (function: run) Combine.cc: 715  PDF_ttH_ACCEPT_CMS_HWW_boosted_In 
INFO: (function: run) Combine.cc: 715  PDF_ttbar_ACCEPT_CMS_HWW_boosted_In 
INFO: (function: run) Combine.cc: 715  PDF_wjets_ACCEPT_CMS_HWW_boosted_In 
INFO: (function: run) Combine.cc: 715  QCDscale_VBF_In 
INFO: (function: run) Combine.cc: 715  QCDscale_WH_In 
INFO: (function: run) Combine.cc: 715  QCDscale_WH_ACCEPT_CMS_HWW_boosted_In 
INFO: (function: run) Combine.cc: 715  QCDscale_ZH_In 
INFO: (function: run) Combine.cc: 715  QCDscale_ZH_ACCEPT_CMS_HWW_boosted_In 
INFO: (function: run) Combine.cc: 715  QCDscale_ggF_In 
INFO: (function: run) Combine.cc: 715  QCDscale_ggH_In 
INFO: (function: run) Combine.cc: 715  QCDscale_ggH_ACCEPT_CMS_HWW_boosted_In 
INFO: (function: run) Combine.cc: 715  QCDscale_qqH_In 
INFO: (function: run) Combine.cc: 715  QCDscale_qqH_ACCEPT_CMS_HWW_boosted_In 
INFO: (function: run) Combine.cc: 715  QCDscale_rest_bkg_In 
INFO: (function: run) Combine.cc: 715  QCDscale_single_top_In 
INFO: (function: run) Combine.cc: 715  QCDscale_single_top_ACCEPT_CMS_HWW_boosted_In 
INFO: (function: run) Combine.cc: 715  QCDscale_singletop_ACCEPT_CMS_HWW_boosted_In 
INFO: (function: run) Combine.cc: 715  QCDscale_ttH_In 
INFO: (function: run) Combine.cc: 715  QCDscale_ttH_ACCEPT_CMS_HWW_boosted_In 
INFO: (function: run) Combine.cc: 715  QCDscale_ttbar_In 
INFO: (function: run) Combine.cc: 715  QCDscale_ttbar_ACCEPT_CMS_HWW_boosted_In 
INFO: (function: run) Combine.cc: 715  QCDscale_wjets_In 
INFO: (function: run) Combine.cc: 715  QCDscale_wjets_ACCEPT_CMS_HWW_boosted_In 
INFO: (function: run) Combine.cc: 715  alpha_s_In 
INFO: (function: run) Combine.cc: 715  lumi_13TeV_1718_In 
INFO: (function: run) Combine.cc: 715  lumi_13TeV_2016_In 
INFO: (function: run) Combine.cc: 715  lumi_13TeV_2017_In 
INFO: (function: run) Combine.cc: 715  lumi_13TeV_2018_In 
INFO: (function: run) Combine.cc: 715  lumi_13TeV_correlated_In 
INFO: (function: run) Combine.cc: 715  pdf_Higgs_WH_In 
INFO: (function: run) Combine.cc: 715  pdf_Higgs_ZH_In 
INFO: (function: run) Combine.cc: 715  pdf_Higgs_ggH_In 
INFO: (function: run) Combine.cc: 715  pdf_Higgs_qqH_In 
INFO: (function: run) Combine.cc: 715  pdf_Higgs_ttH_In 
INFO: (function: run) Combine.cc: 715  pdf_rest_bkg_In 
INFO: (function: run) Combine.cc: 715  pdf_single_top_In 
INFO: (function: run) Combine.cc: 715  pdf_ttbar_In 
INFO: (function: run) Combine.cc: 715  pdf_wjets_In 
INFO: (function: run) Combine.cc: 715  ps_fsr_WH_In 
INFO: (function: run) Combine.cc: 715  ps_fsr_ZH_In 
INFO: (function: run) Combine.cc: 715  ps_fsr_ggH_In 
INFO: (function: run) Combine.cc: 715  ps_fsr_qqH_In 
INFO: (function: run) Combine.cc: 715  ps_fsr_rest_bkg_In 
INFO: (function: run) Combine.cc: 715  ps_fsr_single_top_In 
INFO: (function: run) Combine.cc: 715  ps_fsr_singletop_In 
INFO: (function: run) Combine.cc: 715  ps_fsr_ttH_In 
INFO: (function: run) Combine.cc: 715  ps_fsr_ttbar_In 
INFO: (function: run) Combine.cc: 715  ps_fsr_wjets_In 
INFO: (function: run) Combine.cc: 715  ps_isr_WH_In 
INFO: (function: run) Combine.cc: 715  ps_isr_ZH_In 
INFO: (function: run) Combine.cc: 715  ps_isr_ggH_In 
INFO: (function: run) Combine.cc: 715  ps_isr_qqH_In 
INFO: (function: run) Combine.cc: 715  ps_isr_rest_bkg_In 
INFO: (function: run) Combine.cc: 715  ps_isr_single_top_In 
INFO: (function: run) Combine.cc: 715  ps_isr_singletop_In 
INFO: (function: run) Combine.cc: 715  ps_isr_ttH_In 
INFO: (function: run) Combine.cc: 715  ps_isr_ttbar_In 
INFO: (function: run) Combine.cc: 715  ps_isr_wjets_In 
INFO: (function: run) Combine.cc: 715  unclustered_Energy_In 
INFO: (function: run) Combine.cc: 715  shapeBkg_ttbar_CR1__norm 
INFO: (function: run) Combine.cc: 715  shapeBkg_single_top_CR1__norm 
INFO: (function: run) Combine.cc: 715  shapeBkg_wjets_CR1__norm 
INFO: (function: run) Combine.cc: 715  shapeBkg_rest_bkg_CR1__norm 
INFO: (function: run) Combine.cc: 715  shapeBkg_ttbar_CR1Blinded__norm 
INFO: (function: run) Combine.cc: 715  shapeBkg_single_top_CR1Blinded__norm 
INFO: (function: run) Combine.cc: 715  shapeBkg_wjets_CR1Blinded__norm 
INFO: (function: run) Combine.cc: 715  shapeBkg_rest_bkg_CR1Blinded__norm 
INFO: (function: run) Combine.cc: 715  shapeSig_ggH_hww_SR1a__norm 
INFO: (function: run) Combine.cc: 715  shapeSig_qqH_hww_SR1a__norm 
INFO: (function: run) Combine.cc: 715  shapeSig_WH_hww_SR1a__norm 
INFO: (function: run) Combine.cc: 715  shapeSig_ZH_hww_SR1a__norm 
INFO: (function: run) Combine.cc: 715  shapeSig_ttH_hww_SR1a__norm 
INFO: (function: run) Combine.cc: 715  shapeBkg_ttbar_SR1a__norm 
INFO: (function: run) Combine.cc: 715  shapeBkg_single_top_SR1a__norm 
INFO: (function: run) Combine.cc: 715  shapeBkg_wjets_SR1a__norm 
INFO: (function: run) Combine.cc: 715  shapeBkg_rest_bkg_SR1a__norm 
INFO: (function: run) Combine.cc: 715  shapeSig_ggH_hww_SR1aBlinded__norm 
INFO: (function: run) Combine.cc: 715  shapeSig_qqH_hww_SR1aBlinded__norm 
INFO: (function: run) Combine.cc: 715  shapeSig_WH_hww_SR1aBlinded__norm 
INFO: (function: run) Combine.cc: 715  shapeSig_ZH_hww_SR1aBlinded__norm 
INFO: (function: run) Combine.cc: 715  shapeSig_ttH_hww_SR1aBlinded__norm 
INFO: (function: run) Combine.cc: 715  shapeBkg_ttbar_SR1aBlinded__norm 
INFO: (function: run) Combine.cc: 715  shapeBkg_single_top_SR1aBlinded__norm 
INFO: (function: run) Combine.cc: 715  shapeBkg_wjets_SR1aBlinded__norm 
INFO: (function: run) Combine.cc: 715  shapeBkg_rest_bkg_SR1aBlinded__norm 
INFO: (function: run) Combine.cc: 715  shapeSig_ggH_hww_SR1b__norm 
INFO: (function: run) Combine.cc: 715  shapeSig_qqH_hww_SR1b__norm 
INFO: (function: run) Combine.cc: 715  shapeSig_WH_hww_SR1b__norm 
INFO: (function: run) Combine.cc: 715  shapeSig_ZH_hww_SR1b__norm 
INFO: (function: run) Combine.cc: 715  shapeSig_ttH_hww_SR1b__norm 
INFO: (function: run) Combine.cc: 715  shapeBkg_ttbar_SR1b__norm 
INFO: (function: run) Combine.cc: 715  shapeBkg_single_top_SR1b__norm 
INFO: (function: run) Combine.cc: 715  shapeBkg_wjets_SR1b__norm 
INFO: (function: run) Combine.cc: 715  shapeBkg_rest_bkg_SR1b__norm 
INFO: (function: run) Combine.cc: 715  shapeSig_ggH_hww_SR1bBlinded__norm 
INFO: (function: run) Combine.cc: 715  shapeSig_qqH_hww_SR1bBlinded__norm 
INFO: (function: run) Combine.cc: 715  shapeSig_WH_hww_SR1bBlinded__norm 
INFO: (function: run) Combine.cc: 715  shapeSig_ZH_hww_SR1bBlinded__norm 
INFO: (function: run) Combine.cc: 715  shapeSig_ttH_hww_SR1bBlinded__norm 
INFO: (function: run) Combine.cc: 715  shapeBkg_ttbar_SR1bBlinded__norm 
INFO: (function: run) Combine.cc: 715  shapeBkg_single_top_SR1bBlinded__norm 
INFO: (function: run) Combine.cc: 715  shapeBkg_wjets_SR1bBlinded__norm 
INFO: (function: run) Combine.cc: 715  shapeBkg_rest_bkg_SR1bBlinded__norm 
INFO: (function: run) Combine.cc: 715  shapeBkg_ttbar_CR2__norm 
INFO: (function: run) Combine.cc: 715  shapeBkg_single_top_CR2__norm 
INFO: (function: run) Combine.cc: 715  shapeBkg_wjets_CR2__norm 
INFO: (function: run) Combine.cc: 715  shapeBkg_rest_bkg_CR2__norm 
INFO: (function: run) Combine.cc: 715  shapeBkg_ttbar_CR2Blinded__norm 
INFO: (function: run) Combine.cc: 715  shapeBkg_single_top_CR2Blinded__norm 
INFO: (function: run) Combine.cc: 715  shapeBkg_wjets_CR2Blinded__norm 
INFO: (function: run) Combine.cc: 715  shapeBkg_rest_bkg_CR2Blinded__norm 
INFO: (function: run) Combine.cc: 715  shapeSig_ggH_hww_SR2a__norm 
INFO: (function: run) Combine.cc: 715  shapeSig_qqH_hww_SR2a__norm 
INFO: (function: run) Combine.cc: 715  shapeSig_WH_hww_SR2a__norm 
INFO: (function: run) Combine.cc: 715  shapeSig_ZH_hww_SR2a__norm 
INFO: (function: run) Combine.cc: 715  shapeSig_ttH_hww_SR2a__norm 
INFO: (function: run) Combine.cc: 715  shapeBkg_ttbar_SR2a__norm 
INFO: (function: run) Combine.cc: 715  shapeBkg_single_top_SR2a__norm 
INFO: (function: run) Combine.cc: 715  shapeBkg_wjets_SR2a__norm 
INFO: (function: run) Combine.cc: 715  shapeBkg_rest_bkg_SR2a__norm 
INFO: (function: run) Combine.cc: 715  shapeSig_ggH_hww_SR2aBlinded__norm 
INFO: (function: run) Combine.cc: 715  shapeSig_qqH_hww_SR2aBlinded__norm 
INFO: (function: run) Combine.cc: 715  shapeSig_WH_hww_SR2aBlinded__norm 
INFO: (function: run) Combine.cc: 715  shapeSig_ZH_hww_SR2aBlinded__norm 
INFO: (function: run) Combine.cc: 715  shapeSig_ttH_hww_SR2aBlinded__norm 
INFO: (function: run) Combine.cc: 715  shapeBkg_ttbar_SR2aBlinded__norm 
INFO: (function: run) Combine.cc: 715  shapeBkg_single_top_SR2aBlinded__norm 
INFO: (function: run) Combine.cc: 715  shapeBkg_wjets_SR2aBlinded__norm 
INFO: (function: run) Combine.cc: 715  shapeBkg_rest_bkg_SR2aBlinded__norm 
INFO: (function: run) Combine.cc: 715  shapeSig_ggH_hww_SR2b__norm 
INFO: (function: run) Combine.cc: 715  shapeSig_qqH_hww_SR2b__norm 
INFO: (function: run) Combine.cc: 715  shapeSig_WH_hww_SR2b__norm 
INFO: (function: run) Combine.cc: 715  shapeSig_ZH_hww_SR2b__norm 
INFO: (function: run) Combine.cc: 715  shapeSig_ttH_hww_SR2b__norm 
INFO: (function: run) Combine.cc: 715  shapeBkg_ttbar_SR2b__norm 
INFO: (function: run) Combine.cc: 715  shapeBkg_single_top_SR2b__norm 
INFO: (function: run) Combine.cc: 715  shapeBkg_wjets_SR2b__norm 
INFO: (function: run) Combine.cc: 715  shapeBkg_rest_bkg_SR2b__norm 
INFO: (function: run) Combine.cc: 715  shapeSig_ggH_hww_SR2bBlinded__norm 
INFO: (function: run) Combine.cc: 715  shapeSig_qqH_hww_SR2bBlinded__norm 
INFO: (function: run) Combine.cc: 715  shapeSig_WH_hww_SR2bBlinded__norm 
INFO: (function: run) Combine.cc: 715  shapeSig_ZH_hww_SR2bBlinded__norm 
INFO: (function: run) Combine.cc: 715  shapeSig_ttH_hww_SR2bBlinded__norm 
INFO: (function: run) Combine.cc: 715  shapeBkg_ttbar_SR2bBlinded__norm 
INFO: (function: run) Combine.cc: 715  shapeBkg_single_top_SR2bBlinded__norm 
INFO: (function: run) Combine.cc: 715  shapeBkg_wjets_SR2bBlinded__norm 
INFO: (function: run) Combine.cc: 715  shapeBkg_rest_bkg_SR2bBlinded__norm 
INFO: (function: run) Combine.cc: 715  shapeSig_ggH_hww_VBF__norm 
INFO: (function: run) Combine.cc: 715  shapeSig_qqH_hww_VBF__norm 
INFO: (function: run) Combine.cc: 715  shapeSig_WH_hww_VBF__norm 
INFO: (function: run) Combine.cc: 715  shapeSig_ZH_hww_VBF__norm 
INFO: (function: run) Combine.cc: 715  shapeSig_ttH_hww_VBF__norm 
INFO: (function: run) Combine.cc: 715  shapeBkg_ttbar_VBF__norm 
INFO: (function: run) Combine.cc: 715  shapeBkg_wjets_VBF__norm 
INFO: (function: run) Combine.cc: 715  shapeBkg_singletop_VBF__norm 
INFO: (function: run) Combine.cc: 715  shapeBkg_zjets_VBF__norm 
INFO: (function: run) Combine.cc: 715  shapeBkg_wzqq_VBF__norm 
INFO: (function: run) Combine.cc: 715  shapeBkg_diboson_VBF__norm 
INFO: (function: run) Combine.cc: 715  shapeBkg_ewkvjets_VBF__norm 
INFO: (function: run) Combine.cc: 715  shapeBkg_fake_VBF__norm 
INFO: (function: run) Combine.cc: 715  shapeSig_ggH_hww_ggFpt250to350__norm 
INFO: (function: run) Combine.cc: 715  shapeSig_qqH_hww_ggFpt250to350__norm 
INFO: (function: run) Combine.cc: 715  shapeSig_WH_hww_ggFpt250to350__norm 
INFO: (function: run) Combine.cc: 715  shapeSig_ZH_hww_ggFpt250to350__norm 
INFO: (function: run) Combine.cc: 715  shapeSig_ttH_hww_ggFpt250to350__norm 
INFO: (function: run) Combine.cc: 715  shapeBkg_ttbar_ggFpt250to350__norm 
INFO: (function: run) Combine.cc: 715  shapeBkg_wjets_ggFpt250to350__norm 
INFO: (function: run) Combine.cc: 715  shapeBkg_singletop_ggFpt250to350__norm 
INFO: (function: run) Combine.cc: 715  shapeBkg_zjets_ggFpt250to350__norm 
INFO: (function: run) Combine.cc: 715  shapeBkg_wzqq_ggFpt250to350__norm 
INFO: (function: run) Combine.cc: 715  shapeBkg_diboson_ggFpt250to350__norm 
INFO: (function: run) Combine.cc: 715  shapeBkg_ewkvjets_ggFpt250to350__norm 
INFO: (function: run) Combine.cc: 715  shapeBkg_fake_ggFpt250to350__norm 
INFO: (function: run) Combine.cc: 715  shapeSig_ggH_hww_ggFpt350to500__norm 
INFO: (function: run) Combine.cc: 715  shapeSig_qqH_hww_ggFpt350to500__norm 
INFO: (function: run) Combine.cc: 715  shapeSig_WH_hww_ggFpt350to500__norm 
INFO: (function: run) Combine.cc: 715  shapeSig_ZH_hww_ggFpt350to500__norm 
INFO: (function: run) Combine.cc: 715  shapeSig_ttH_hww_ggFpt350to500__norm 
INFO: (function: run) Combine.cc: 715  shapeBkg_ttbar_ggFpt350to500__norm 
INFO: (function: run) Combine.cc: 715  shapeBkg_wjets_ggFpt350to500__norm 
INFO: (function: run) Combine.cc: 715  shapeBkg_singletop_ggFpt350to500__norm 
INFO: (function: run) Combine.cc: 715  shapeBkg_zjets_ggFpt350to500__norm 
INFO: (function: run) Combine.cc: 715  shapeBkg_wzqq_ggFpt350to500__norm 
INFO: (function: run) Combine.cc: 715  shapeBkg_diboson_ggFpt350to500__norm 
INFO: (function: run) Combine.cc: 715  shapeBkg_ewkvjets_ggFpt350to500__norm 
INFO: (function: run) Combine.cc: 715  shapeBkg_fake_ggFpt350to500__norm 
INFO: (function: run) Combine.cc: 715  shapeSig_ggH_hww_ggFpt500toInf__norm 
INFO: (function: run) Combine.cc: 715  shapeSig_qqH_hww_ggFpt500toInf__norm 
INFO: (function: run) Combine.cc: 715  shapeSig_WH_hww_ggFpt500toInf__norm 
INFO: (function: run) Combine.cc: 715  shapeSig_ZH_hww_ggFpt500toInf__norm 
INFO: (function: run) Combine.cc: 715  shapeSig_ttH_hww_ggFpt500toInf__norm 
INFO: (function: run) Combine.cc: 715  shapeBkg_ttbar_ggFpt500toInf__norm 
INFO: (function: run) Combine.cc: 715  shapeBkg_wjets_ggFpt500toInf__norm 
INFO: (function: run) Combine.cc: 715  shapeBkg_singletop_ggFpt500toInf__norm 
INFO: (function: run) Combine.cc: 715  shapeBkg_zjets_ggFpt500toInf__norm 
INFO: (function: run) Combine.cc: 715  shapeBkg_wzqq_ggFpt500toInf__norm 
INFO: (function: run) Combine.cc: 715  shapeBkg_diboson_ggFpt500toInf__norm 
INFO: (function: run) Combine.cc: 715  shapeBkg_ewkvjets_ggFpt500toInf__norm 
INFO: (function: run) Combine.cc: 715  shapeBkg_fake_ggFpt500toInf__norm 
INFO: (function: run) Combine.cc: 715  shapeSig_ggH_hww_TopCR__norm 
INFO: (function: run) Combine.cc: 715  shapeSig_qqH_hww_TopCR__norm 
INFO: (function: run) Combine.cc: 715  shapeSig_WH_hww_TopCR__norm 
INFO: (function: run) Combine.cc: 715  shapeSig_ZH_hww_TopCR__norm 
INFO: (function: run) Combine.cc: 715  shapeSig_ttH_hww_TopCR__norm 
INFO: (function: run) Combine.cc: 715  shapeBkg_ttbar_TopCR__norm 
INFO: (function: run) Combine.cc: 715  shapeBkg_wjets_TopCR__norm 
INFO: (function: run) Combine.cc: 715  shapeBkg_singletop_TopCR__norm 
INFO: (function: run) Combine.cc: 715  shapeBkg_zjets_TopCR__norm 
INFO: (function: run) Combine.cc: 715  shapeBkg_wzqq_TopCR__norm 
INFO: (function: run) Combine.cc: 715  shapeBkg_diboson_TopCR__norm 
INFO: (function: run) Combine.cc: 715  shapeBkg_ewkvjets_TopCR__norm 
INFO: (function: run) Combine.cc: 715  shapeBkg_fake_TopCR__norm 
INFO: (function: run) Combine.cc: 715  shapeSig_ggH_hww_WJetsCR__norm 
INFO: (function: run) Combine.cc: 715  shapeSig_qqH_hww_WJetsCR__norm 
INFO: (function: run) Combine.cc: 715  shapeSig_WH_hww_WJetsCR__norm 
INFO: (function: run) Combine.cc: 715  shapeSig_ZH_hww_WJetsCR__norm 
INFO: (function: run) Combine.cc: 715  shapeSig_ttH_hww_WJetsCR__norm 
INFO: (function: run) Combine.cc: 715  shapeBkg_ttbar_WJetsCR__norm 
INFO: (function: run) Combine.cc: 715  shapeBkg_wjets_WJetsCR__norm 
INFO: (function: run) Combine.cc: 715  shapeBkg_singletop_WJetsCR__norm 
INFO: (function: run) Combine.cc: 715  shapeBkg_zjets_WJetsCR__norm 
INFO: (function: run) Combine.cc: 715  shapeBkg_wzqq_WJetsCR__norm 
INFO: (function: run) Combine.cc: 715  shapeBkg_diboson_WJetsCR__norm 
INFO: (function: run) Combine.cc: 715  shapeBkg_ewkvjets_WJetsCR__norm 
INFO: (function: run) Combine.cc: 715  shapeBkg_fake_WJetsCR__norm 
INFO: (function: run) Combine.cc: 715  shapeSig_WH_SR1fail2016__norm 
INFO: (function: run) Combine.cc: 715  shapeSig_ZH_SR1fail2016__norm 
INFO: (function: run) Combine.cc: 715  shapeSig_VBF_SR1fail2016__norm 
INFO: (function: run) Combine.cc: 715  shapeSig_ggF_SR1fail2016__norm 
INFO: (function: run) Combine.cc: 715  shapeSig_ttH_SR1fail2016__norm 
INFO: (function: run) Combine.cc: 715  shapeBkg_WJetsLNu_SR1fail2016__norm 
INFO: (function: run) Combine.cc: 715  shapeBkg_TTbar_SR1fail2016__norm 
INFO: (function: run) Combine.cc: 715  shapeBkg_SingleTop_SR1fail2016__norm 
INFO: (function: run) Combine.cc: 715  shapeBkg_DYJets_SR1fail2016__norm 
INFO: (function: run) Combine.cc: 715  shapeBkg_Diboson_SR1fail2016__norm 
INFO: (function: run) Combine.cc: 715  shapeBkg_WZQQ_SR1fail2016__norm 
INFO: (function: run) Combine.cc: 715  shapeSig_WH_SR1fail2016APV__norm 
INFO: (function: run) Combine.cc: 715  shapeSig_ZH_SR1fail2016APV__norm 
INFO: (function: run) Combine.cc: 715  shapeSig_VBF_SR1fail2016APV__norm 
INFO: (function: run) Combine.cc: 715  shapeSig_ggF_SR1fail2016APV__norm 
INFO: (function: run) Combine.cc: 715  shapeSig_ttH_SR1fail2016APV__norm 
INFO: (function: run) Combine.cc: 715  shapeBkg_WJetsLNu_SR1fail2016APV__norm 
INFO: (function: run) Combine.cc: 715  shapeBkg_TTbar_SR1fail2016APV__norm 
INFO: (function: run) Combine.cc: 715  shapeBkg_SingleTop_SR1fail2016APV__norm 
INFO: (function: run) Combine.cc: 715  shapeBkg_DYJets_SR1fail2016APV__norm 
INFO: (function: run) Combine.cc: 715  shapeBkg_Diboson_SR1fail2016APV__norm 
INFO: (function: run) Combine.cc: 715  shapeBkg_WZQQ_SR1fail2016APV__norm 
INFO: (function: run) Combine.cc: 715  shapeBkg_EWKvjets_SR1fail2016APV__norm 
INFO: (function: run) Combine.cc: 715  shapeSig_WH_SR1fail2017__norm 
INFO: (function: run) Combine.cc: 715  shapeSig_ZH_SR1fail2017__norm 
INFO: (function: run) Combine.cc: 715  shapeSig_VBF_SR1fail2017__norm 
INFO: (function: run) Combine.cc: 715  shapeSig_ggF_SR1fail2017__norm 
INFO: (function: run) Combine.cc: 715  shapeSig_ttH_SR1fail2017__norm 
INFO: (function: run) Combine.cc: 715  shapeBkg_WJetsLNu_SR1fail2017__norm 
INFO: (function: run) Combine.cc: 715  shapeBkg_TTbar_SR1fail2017__norm 
INFO: (function: run) Combine.cc: 715  shapeBkg_SingleTop_SR1fail2017__norm 
INFO: (function: run) Combine.cc: 715  shapeBkg_DYJets_SR1fail2017__norm 
INFO: (function: run) Combine.cc: 715  shapeBkg_Diboson_SR1fail2017__norm 
INFO: (function: run) Combine.cc: 715  shapeBkg_WZQQ_SR1fail2017__norm 
INFO: (function: run) Combine.cc: 715  shapeBkg_EWKvjets_SR1fail2017__norm 
INFO: (function: run) Combine.cc: 715  shapeBkg_fake_SR1fail2017__norm 
INFO: (function: run) Combine.cc: 715  shapeBkg_WJetsLNu_SR1fail2018__norm 
INFO: (function: run) Combine.cc: 715  shapeBkg_TTbar_SR1fail2018__norm 
INFO: (function: run) Combine.cc: 715  shapeBkg_SingleTop_SR1fail2018__norm 
INFO: (function: run) Combine.cc: 715  shapeBkg_DYJets_SR1fail2018__norm 
INFO: (function: run) Combine.cc: 715  shapeBkg_Diboson_SR1fail2018__norm 
INFO: (function: run) Combine.cc: 715  shapeBkg_WZQQ_SR1fail2018__norm 
INFO: (function: run) Combine.cc: 715  shapeBkg_fake_SR1fail2018__norm 
INFO: (function: run) Combine.cc: 715  shapeSig_WH_SR1pass2016__norm 
INFO: (function: run) Combine.cc: 715  shapeSig_ZH_SR1pass2016__norm 
INFO: (function: run) Combine.cc: 715  shapeSig_VBF_SR1pass2016__norm 
INFO: (function: run) Combine.cc: 715  shapeSig_ggF_SR1pass2016__norm 
INFO: (function: run) Combine.cc: 715  shapeSig_ttH_SR1pass2016__norm 
INFO: (function: run) Combine.cc: 715  shapeBkg_WJetsLNu_SR1pass2016__norm 
INFO: (function: run) Combine.cc: 715  shapeBkg_TTbar_SR1pass2016__norm 
INFO: (function: run) Combine.cc: 715  shapeBkg_SingleTop_SR1pass2016__norm 
INFO: (function: run) Combine.cc: 715  shapeBkg_DYJets_SR1pass2016__norm 
INFO: (function: run) Combine.cc: 715  shapeBkg_Diboson_SR1pass2016__norm 
INFO: (function: run) Combine.cc: 715  shapeBkg_WZQQ_SR1pass2016__norm 
INFO: (function: run) Combine.cc: 715  shapeBkg_EWKvjets_SR1pass2016__norm 
INFO: (function: run) Combine.cc: 715  shapeSig_WH_SR1pass2016APV__norm 
INFO: (function: run) Combine.cc: 715  shapeSig_ZH_SR1pass2016APV__norm 
INFO: (function: run) Combine.cc: 715  shapeSig_VBF_SR1pass2016APV__norm 
INFO: (function: run) Combine.cc: 715  shapeSig_ggF_SR1pass2016APV__norm 
INFO: (function: run) Combine.cc: 715  shapeSig_ttH_SR1pass2016APV__norm 
INFO: (function: run) Combine.cc: 715  shapeBkg_WJetsLNu_SR1pass2016APV__norm 
INFO: (function: run) Combine.cc: 715  shapeBkg_TTbar_SR1pass2016APV__norm 
INFO: (function: run) Combine.cc: 715  shapeBkg_SingleTop_SR1pass2016APV__norm 
INFO: (function: run) Combine.cc: 715  shapeBkg_DYJets_SR1pass2016APV__norm 
INFO: (function: run) Combine.cc: 715  shapeBkg_Diboson_SR1pass2016APV__norm 
INFO: (function: run) Combine.cc: 715  shapeBkg_WZQQ_SR1pass2016APV__norm 
INFO: (function: run) Combine.cc: 715  shapeBkg_EWKvjets_SR1pass2016APV__norm 
INFO: (function: run) Combine.cc: 715  shapeSig_WH_SR1pass2017__norm 
INFO: (function: run) Combine.cc: 715  shapeSig_ZH_SR1pass2017__norm 
INFO: (function: run) Combine.cc: 715  shapeSig_VBF_SR1pass2017__norm 
INFO: (function: run) Combine.cc: 715  shapeSig_ggF_SR1pass2017__norm 
INFO: (function: run) Combine.cc: 715  shapeSig_ttH_SR1pass2017__norm 
INFO: (function: run) Combine.cc: 715  shapeBkg_WJetsLNu_SR1pass2017__norm 
INFO: (function: run) Combine.cc: 715  shapeBkg_TTbar_SR1pass2017__norm 
INFO: (function: run) Combine.cc: 715  shapeBkg_SingleTop_SR1pass2017__norm 
INFO: (function: run) Combine.cc: 715  shapeBkg_DYJets_SR1pass2017__norm 
INFO: (function: run) Combine.cc: 715  shapeBkg_Diboson_SR1pass2017__norm 
INFO: (function: run) Combine.cc: 715  shapeBkg_WZQQ_SR1pass2017__norm 
INFO: (function: run) Combine.cc: 715  shapeBkg_EWKvjets_SR1pass2017__norm 
INFO: (function: run) Combine.cc: 715  shapeSig_WH_SR1pass2018__norm 
INFO: (function: run) Combine.cc: 715  shapeSig_ZH_SR1pass2018__norm 
INFO: (function: run) Combine.cc: 715  shapeSig_VBF_SR1pass2018__norm 
INFO: (function: run) Combine.cc: 715  shapeSig_ggF_SR1pass2018__norm 
INFO: (function: run) Combine.cc: 715  shapeSig_ttH_SR1pass2018__norm 
INFO: (function: run) Combine.cc: 715  shapeBkg_WJetsLNu_SR1pass2018__norm 
INFO: (function: run) Combine.cc: 715  shapeBkg_TTbar_SR1pass2018__norm 
INFO: (function: run) Combine.cc: 715  shapeBkg_SingleTop_SR1pass2018__norm 
INFO: (function: run) Combine.cc: 715  shapeBkg_DYJets_SR1pass2018__norm 
INFO: (function: run) Combine.cc: 715  shapeBkg_EWKvjets_SR1pass2018__norm 
INFO: (function: run) Combine.cc: 715  shapeBkg_Diboson_SR1pass2018__norm 
INFO: (function: run) Combine.cc: 715  shapeBkg_WZQQ_SR1pass2018__norm 
INFO: (function: run) Combine.cc: 715  shapeBkg_fake_SR1pass2018__norm 
INFO: (function: run) Combine.cc: 715  shapeBkg_WJetsLNu_TopCRfail2016__norm 
INFO: (function: run) Combine.cc: 715  shapeBkg_DYJets_TopCRfail2016__norm 
INFO: (function: run) Combine.cc: 715  shapeBkg_TTbar_TopCRfail2016__norm 
INFO: (function: run) Combine.cc: 715  shapeBkg_SingleTop_TopCRfail2016__norm 
INFO: (function: run) Combine.cc: 715  shapeBkg_WJetsLNu_TopCRfail2016APV__norm 
INFO: (function: run) Combine.cc: 715  shapeBkg_DYJets_TopCRfail2016APV__norm 
INFO: (function: run) Combine.cc: 715  shapeBkg_TTbar_TopCRfail2016APV__norm 
INFO: (function: run) Combine.cc: 715  shapeBkg_SingleTop_TopCRfail2016APV__norm 
INFO: (function: run) Combine.cc: 715  shapeBkg_WJetsLNu_TopCRfail2017__norm 
INFO: (function: run) Combine.cc: 715  shapeBkg_DYJets_TopCRfail2017__norm 
INFO: (function: run) Combine.cc: 715  shapeBkg_TTbar_TopCRfail2017__norm 
INFO: (function: run) Combine.cc: 715  shapeBkg_SingleTop_TopCRfail2017__norm 
INFO: (function: run) Combine.cc: 715  shapeBkg_WJetsLNu_TopCRfail2018__norm 
INFO: (function: run) Combine.cc: 715  shapeBkg_DYJets_TopCRfail2018__norm 
INFO: (function: run) Combine.cc: 715  shapeBkg_TTbar_TopCRfail2018__norm 
INFO: (function: run) Combine.cc: 715  shapeBkg_SingleTop_TopCRfail2018__norm 
INFO: (function: run) Combine.cc: 715  shapeBkg_WJetsLNu_TopCRpass2016__norm 
INFO: (function: run) Combine.cc: 715  shapeBkg_DYJets_TopCRpass2016__norm 
INFO: (function: run) Combine.cc: 715  shapeBkg_TTbar_TopCRpass2016__norm 
INFO: (function: run) Combine.cc: 715  shapeBkg_SingleTop_TopCRpass2016__norm 
INFO: (function: run) Combine.cc: 715  shapeBkg_WJetsLNu_TopCRpass2016APV__norm 
INFO: (function: run) Combine.cc: 715  shapeBkg_DYJets_TopCRpass2016APV__norm 
INFO: (function: run) Combine.cc: 715  shapeBkg_TTbar_TopCRpass2016APV__norm 
INFO: (function: run) Combine.cc: 715  shapeBkg_SingleTop_TopCRpass2016APV__norm 
INFO: (function: run) Combine.cc: 715  shapeBkg_WJetsLNu_TopCRpass2017__norm 
INFO: (function: run) Combine.cc: 715  shapeBkg_DYJets_TopCRpass2017__norm 
INFO: (function: run) Combine.cc: 715  shapeBkg_TTbar_TopCRpass2017__norm 
INFO: (function: run) Combine.cc: 715  shapeBkg_SingleTop_TopCRpass2017__norm 
INFO: (function: run) Combine.cc: 715  shapeBkg_WJetsLNu_TopCRpass2018__norm 
INFO: (function: run) Combine.cc: 715  shapeBkg_DYJets_TopCRpass2018__norm 
INFO: (function: run) Combine.cc: 715  shapeBkg_TTbar_TopCRpass2018__norm 
INFO: (function: run) Combine.cc: 715  shapeBkg_SingleTop_TopCRpass2018__norm 
INFO: (function: run) Combine.cc: 715  n_exp_binCR1_proc_CMS_HWW_boosted_qcd_datadriven 
INFO: (function: run) Combine.cc: 715  n_exp_binCR1Blinded_proc_CMS_HWW_boosted_qcd_datadriven 
INFO: (function: run) Combine.cc: 715  n_exp_binSR1a_proc_CMS_HWW_boosted_qcd_datadriven 
INFO: (function: run) Combine.cc: 715  n_exp_binSR1aBlinded_proc_CMS_HWW_boosted_qcd_datadriven 
INFO: (function: run) Combine.cc: 715  n_exp_binSR1b_proc_CMS_HWW_boosted_qcd_datadriven 
INFO: (function: run) Combine.cc: 715  n_exp_binSR1bBlinded_proc_CMS_HWW_boosted_qcd_datadriven 
INFO: (function: run) Combine.cc: 715  n_exp_binCR2_proc_CMS_HWW_boosted_qcd_datadriven 
INFO: (function: run) Combine.cc: 715  n_exp_binCR2Blinded_proc_CMS_HWW_boosted_qcd_datadriven 
INFO: (function: run) Combine.cc: 715  n_exp_binSR2a_proc_CMS_HWW_boosted_qcd_datadriven 
INFO: (function: run) Combine.cc: 715  n_exp_binSR2aBlinded_proc_CMS_HWW_boosted_qcd_datadriven 
INFO: (function: run) Combine.cc: 715  n_exp_binSR2b_proc_CMS_HWW_boosted_qcd_datadriven 
INFO: (function: run) Combine.cc: 715  n_exp_binSR2bBlinded_proc_CMS_HWW_boosted_qcd_datadriven 
INFO: (function: generateAsimov) ToyMCSamplerOpt.cc: 146 -- Using internal logic for binned/unbinned Asimov dataset generation
INFO: (function: generateWithHisto) ToyMCSamplerOpt.cc: 221 -- Generating asimov with histogram for pdf pdf_binCR1_obsOnly: in 20 x-bins
INFO: (function: generateAsimov) ToyMCSamplerOpt.cc: 146 -- Using internal logic for binned/unbinned Asimov dataset generation
INFO: (function: generateWithHisto) ToyMCSamplerOpt.cc: 221 -- Generating asimov with histogram for pdf pdf_binCR1Blinded_obsOnly: in 20 x-bins
INFO: (function: generateAsimov) ToyMCSamplerOpt.cc: 146 -- Using internal logic for binned/unbinned Asimov dataset generation
INFO: (function: generateWithHisto) ToyMCSamplerOpt.cc: 221 -- Generating asimov with histogram for pdf pdf_binSR1a_obsOnly: in 20 x-bins
INFO: (function: generateAsimov) ToyMCSamplerOpt.cc: 146 -- Using internal logic for binned/unbinned Asimov dataset generation
INFO: (function: generateWithHisto) ToyMCSamplerOpt.cc: 221 -- Generating asimov with histogram for pdf pdf_binSR1aBlinded_obsOnly: in 20 x-bins
INFO: (function: generateAsimov) ToyMCSamplerOpt.cc: 146 -- Using internal logic for binned/unbinned Asimov dataset generation
INFO: (function: generateWithHisto) ToyMCSamplerOpt.cc: 221 -- Generating asimov with histogram for pdf pdf_binSR1b_obsOnly: in 20 x-bins
INFO: (function: generateAsimov) ToyMCSamplerOpt.cc: 146 -- Using internal logic for binned/unbinned Asimov dataset generation
INFO: (function: generateWithHisto) ToyMCSamplerOpt.cc: 221 -- Generating asimov with histogram for pdf pdf_binSR1bBlinded_obsOnly: in 20 x-bins
INFO: (function: generateAsimov) ToyMCSamplerOpt.cc: 146 -- Using internal logic for binned/unbinned Asimov dataset generation
INFO: (function: generateWithHisto) ToyMCSamplerOpt.cc: 221 -- Generating asimov with histogram for pdf pdf_binCR2_obsOnly: in 20 x-bins
INFO: (function: generateAsimov) ToyMCSamplerOpt.cc: 146 -- Using internal logic for binned/unbinned Asimov dataset generation
INFO: (function: generateWithHisto) ToyMCSamplerOpt.cc: 221 -- Generating asimov with histogram for pdf pdf_binCR2Blinded_obsOnly: in 20 x-bins
INFO: (function: generateAsimov) ToyMCSamplerOpt.cc: 146 -- Using internal logic for binned/unbinned Asimov dataset generation
INFO: (function: generateWithHisto) ToyMCSamplerOpt.cc: 221 -- Generating asimov with histogram for pdf pdf_binSR2a_obsOnly: in 20 x-bins
INFO: (function: generateAsimov) ToyMCSamplerOpt.cc: 146 -- Using internal logic for binned/unbinned Asimov dataset generation
INFO: (function: generateWithHisto) ToyMCSamplerOpt.cc: 221 -- Generating asimov with histogram for pdf pdf_binSR2aBlinded_obsOnly: in 20 x-bins
INFO: (function: generateAsimov) ToyMCSamplerOpt.cc: 146 -- Using internal logic for binned/unbinned Asimov dataset generation
INFO: (function: generateWithHisto) ToyMCSamplerOpt.cc: 221 -- Generating asimov with histogram for pdf pdf_binSR2b_obsOnly: in 20 x-bins
INFO: (function: generateAsimov) ToyMCSamplerOpt.cc: 146 -- Using internal logic for binned/unbinned Asimov dataset generation
INFO: (function: generateWithHisto) ToyMCSamplerOpt.cc: 221 -- Generating asimov with histogram for pdf pdf_binSR2bBlinded_obsOnly: in 20 x-bins
INFO: (function: generateAsimov) ToyMCSamplerOpt.cc: 146 -- Using internal logic for binned/unbinned Asimov dataset generation
INFO: (function: generateWithHisto) ToyMCSamplerOpt.cc: 221 -- Generating asimov with histogram for pdf pdf_binVBF_obsOnly: in 9 x-bins
INFO: (function: generateAsimov) ToyMCSamplerOpt.cc: 146 -- Using internal logic for binned/unbinned Asimov dataset generation
INFO: (function: generateWithHisto) ToyMCSamplerOpt.cc: 221 -- Generating asimov with histogram for pdf pdf_binggFpt250to350_obsOnly: in 9 x-bins
INFO: (function: generateAsimov) ToyMCSamplerOpt.cc: 146 -- Using internal logic for binned/unbinned Asimov dataset generation
INFO: (function: generateWithHisto) ToyMCSamplerOpt.cc: 221 -- Generating asimov with histogram for pdf pdf_binggFpt350to500_obsOnly: in 9 x-bins
INFO: (function: generateAsimov) ToyMCSamplerOpt.cc: 146 -- Using internal logic for binned/unbinned Asimov dataset generation
INFO: (function: generateWithHisto) ToyMCSamplerOpt.cc: 221 -- Generating asimov with histogram for pdf pdf_binggFpt500toInf_obsOnly: in 9 x-bins
INFO: (function: generateAsimov) ToyMCSamplerOpt.cc: 146 -- Using internal logic for binned/unbinned Asimov dataset generation
INFO: (function: generateWithHisto) ToyMCSamplerOpt.cc: 221 -- Generating asimov with histogram for pdf pdf_binTopCR_obsOnly: in 9 x-bins
INFO: (function: generateAsimov) ToyMCSamplerOpt.cc: 146 -- Using internal logic for binned/unbinned Asimov dataset generation
INFO: (function: generateWithHisto) ToyMCSamplerOpt.cc: 221 -- Generating asimov with histogram for pdf pdf_binWJetsCR_obsOnly: in 9 x-bins
INFO: (function: generateAsimov) ToyMCSamplerOpt.cc: 146 -- Using internal logic for binned/unbinned Asimov dataset generation
INFO: (function: generateWithHisto) ToyMCSamplerOpt.cc: 221 -- Generating asimov with histogram for pdf pdf_binSR1fail2016_obsOnly: in 6 x-bins
INFO: (function: generateAsimov) ToyMCSamplerOpt.cc: 146 -- Using internal logic for binned/unbinned Asimov dataset generation
INFO: (function: generateWithHisto) ToyMCSamplerOpt.cc: 221 -- Generating asimov with histogram for pdf pdf_binSR1fail2016APV_obsOnly: in 6 x-bins
INFO: (function: generateAsimov) ToyMCSamplerOpt.cc: 146 -- Using internal logic for binned/unbinned Asimov dataset generation
INFO: (function: generateWithHisto) ToyMCSamplerOpt.cc: 221 -- Generating asimov with histogram for pdf pdf_binSR1fail2017_obsOnly: in 6 x-bins
INFO: (function: generateAsimov) ToyMCSamplerOpt.cc: 146 -- Using internal logic for binned/unbinned Asimov dataset generation
INFO: (function: generateWithHisto) ToyMCSamplerOpt.cc: 221 -- Generating asimov with histogram for pdf pdf_binSR1fail2018_obsOnly: in 6 x-bins
INFO: (function: generateAsimov) ToyMCSamplerOpt.cc: 146 -- Using internal logic for binned/unbinned Asimov dataset generation
INFO: (function: generateWithHisto) ToyMCSamplerOpt.cc: 221 -- Generating asimov with histogram for pdf pdf_binSR1pass2016_obsOnly: in 6 x-bins
INFO: (function: generateAsimov) ToyMCSamplerOpt.cc: 146 -- Using internal logic for binned/unbinned Asimov dataset generation
INFO: (function: generateWithHisto) ToyMCSamplerOpt.cc: 221 -- Generating asimov with histogram for pdf pdf_binSR1pass2016APV_obsOnly: in 6 x-bins
INFO: (function: generateAsimov) ToyMCSamplerOpt.cc: 146 -- Using internal logic for binned/unbinned Asimov dataset generation
INFO: (function: generateWithHisto) ToyMCSamplerOpt.cc: 221 -- Generating asimov with histogram for pdf pdf_binSR1pass2017_obsOnly: in 6 x-bins
INFO: (function: generateAsimov) ToyMCSamplerOpt.cc: 146 -- Using internal logic for binned/unbinned Asimov dataset generation
INFO: (function: generateWithHisto) ToyMCSamplerOpt.cc: 221 -- Generating asimov with histogram for pdf pdf_binSR1pass2018_obsOnly: in 6 x-bins
INFO: (function: generateAsimov) ToyMCSamplerOpt.cc: 146 -- Using internal logic for binned/unbinned Asimov dataset generation
INFO: (function: generateWithHisto) ToyMCSamplerOpt.cc: 221 -- Generating asimov with histogram for pdf pdf_binTopCRfail2016_obsOnly: in 6 x-bins
INFO: (function: generateAsimov) ToyMCSamplerOpt.cc: 146 -- Using internal logic for binned/unbinned Asimov dataset generation
INFO: (function: generateWithHisto) ToyMCSamplerOpt.cc: 221 -- Generating asimov with histogram for pdf pdf_binTopCRfail2016APV_obsOnly: in 6 x-bins
INFO: (function: generateAsimov) ToyMCSamplerOpt.cc: 146 -- Using internal logic for binned/unbinned Asimov dataset generation
INFO: (function: generateWithHisto) ToyMCSamplerOpt.cc: 221 -- Generating asimov with histogram for pdf pdf_binTopCRfail2017_obsOnly: in 6 x-bins
INFO: (function: generateAsimov) ToyMCSamplerOpt.cc: 146 -- Using internal logic for binned/unbinned Asimov dataset generation
INFO: (function: generateWithHisto) ToyMCSamplerOpt.cc: 221 -- Generating asimov with histogram for pdf pdf_binTopCRfail2018_obsOnly: in 6 x-bins
INFO: (function: generateAsimov) ToyMCSamplerOpt.cc: 146 -- Using internal logic for binned/unbinned Asimov dataset generation
INFO: (function: generateWithHisto) ToyMCSamplerOpt.cc: 221 -- Generating asimov with histogram for pdf pdf_binTopCRpass2016_obsOnly: in 6 x-bins
INFO: (function: generateAsimov) ToyMCSamplerOpt.cc: 146 -- Using internal logic for binned/unbinned Asimov dataset generation
INFO: (function: generateWithHisto) ToyMCSamplerOpt.cc: 221 -- Generating asimov with histogram for pdf pdf_binTopCRpass2016APV_obsOnly: in 6 x-bins
INFO: (function: generateAsimov) ToyMCSamplerOpt.cc: 146 -- Using internal logic for binned/unbinned Asimov dataset generation
INFO: (function: generateWithHisto) ToyMCSamplerOpt.cc: 221 -- Generating asimov with histogram for pdf pdf_binTopCRpass2017_obsOnly: in 6 x-bins
INFO: (function: generateAsimov) ToyMCSamplerOpt.cc: 146 -- Using internal logic for binned/unbinned Asimov dataset generation
INFO: (function: generateWithHisto) ToyMCSamplerOpt.cc: 221 -- Generating asimov with histogram for pdf pdf_binTopCRpass2018_obsOnly: in 6 x-bins
INFO: (function: improveOnce) CascadeMinimizer.cc: 188 -- Minimisation configured with Type=Minuit2, Algo=Migrad, strategy=0, tolerance=0.1
INFO: (function: improveOnce) CascadeMinimizer.cc: 211 -- Minimisation finished with status=0
INFO: (function: improveOnce) CascadeMinimizer.cc: 216 -- Minimization success! status=0
INFO: (function: doFit) FitterAlgoBase.cc: 360 -- Running RobustFit for POI CMS_HWW_boosted_tf_dataResidual_CR1_Bin0. Configured with strategy 0  
INFO: (function: findCrossing) FitterAlgoBase.cc: 406 -- Searching for crossing at nll = 0.494473, in the interval 0.152335 < CMS_HWW_boosted_tf_dataResidual_CR1_Bin0 < 10
INFO: (function: improveOnce) CascadeMinimizer.cc: 188 -- Minimisation configured with Type=Minuit2, Algo=Migrad, strategy=0, toleranINFO: (INFO: (function: improveOnce) CascadeMinimizer.cc: 211 -- Minimisation finished with status=0
INFO: (function: improveOnce) CascadeMinimizer.cc: 216 -- Minimization success! status=0
INFO: (function: findCrossing) FitterAlgoBase.cc: 427 -- CMS_HWW_boosted_tf_dataResidual_CR1_Bin0 lvl-here lvl-there 	stepping 
INFO: (function: improveOnce) CascadeMinimizer.cc: 188 -- Minimisation configured with Type=Minuit2, Algo=Migrad, strategy=0, toleranINFO: (fuINFO: (functionINFO: (function: improveOnce) CascadeMinimizer.cc: 211 -- Minimisation finished with status=-1
DEBUG: (function: improveOnce) CascadeMinimizer.cc: 217 -- Minimization ended with latest status != 0 or 1
INFO: (function: improveOnce) CascadeMinimizer.cc: 188 -- Minimisation configured with Type=Minuit2, Algo=Migrad, strategy=0, tolerance=0.1
INFO: (function: improveOnce) CascadeMinimizer.cc: 211 -- Minimisation finished with status=0
INFO: (function: improveOnce) CascadeMinimizer.cc: 216 -- Minimization success! status=0
INFO: (function: findCrossing) FitterAlgoBase.cc: 460 -- 1.941906    -834.19842  +0.49447    0.950426
INFO: (function: improveOnce) CascadeMinimizer.cc: 188 -- Minimisation configured with Type=Minuit2, Algo=Migrad, strategy=0, tolerance=0.1
8 -- Minimisation configured with Type=Minuit2, Algo=Migrad, strategy=0, tolerance=0.1
veOnce) CascadeMinimizer.cc: 211 -- Minimisation finished with status=0
INFO: (function: improveOnce) CascadeMinimizer.cc: 216 -- Minimization success! status=0
INFO: (function: findCrossing) FitterAlgoBase.cc: 460 -- 0.872809    -1.36084  +0.04842    0.291293
INFO: (function: improveOnce) CascadeMinimizer.cc: 188 -- Minimisation confiINFO: (function: improveOnce) CascadeMinimizer.cc: 211 -- MinINFINFO: (function: improveOnce) CascadeMinimizer.cc: 211 -- Minimisation finished with status=0
INFO: (function: improveOnce) CascadeMinimizer.cc: 216 -- Minimization success! status=0
INFO: (function: findCrossing) FitterAlgoBase.cc: 460 -- 0.643211    -0.24174  -1.29911    0.087629
INFO: (function: improveOnce) CascadeMinimizer.cc: 188 -- Minimisation confiINFO: (function: improveOnce) CascadeMinimizer.cc: 211 -- Minimisation finished with status=0
INFO: (function: improveOnce) CascadeMinimizer.cc: 216 -- Minimization success! status=0
INFO: (function: findCrossing) FitterAlgoBase.cc: 460 -- 1.068948    -0.56460  +0.25195    0.085963
INFO: (function: improveOnce) CascadeMinimizer.cc: 188 -- Minimisation configured with Type=Minuit2, Algo=Migrad, strategy=0, tolerance=0.1
gured with Type=Minuit2, Algo=Migrad, strategy=0, tolerance=0INFO: (function: improveOnce) CascadeMinimizer.cc: 211 -- Minimisation finished with status=0
INFO: (function: improveOnce) CascadeMinimizer.cc: 216 -- Minimization success! status=0
INFO: (function: findCrossing) FitterAlgoBase.cc: 460 -- 0.545888    +0.00326  -0.05808    0.007901
INFO: (function: improveOnce) CascadeMinimizer.cc: 188 -- Minimisation configured with Type=Minuit2, Algo=Migrad, strategy=0, tolerance=0.1
INFO: (function: improveOnce) CascadeMinimizer.cc: 211 -- Minimisation finished with status=0
INFO: (function: improveOnce) CascadeMinimizer.cc: 216 -- Minimization success! status=0
INFO: (function: findCrossing) FitterAlgoBase.cc: 460 -- 0.429184    +0.09084  +0.17955    0.026460
INFO: (function: improveOnce) CascadeMinimizer.cc: 188 -- Minimisation configured with Type=Minuit2, Algo=Migrad, strategy=0, tolerance=0.1
.1INFO: (function: improveOnce) CascadeMinimizer.cc: 211 -- Minimisation finished with status=0
INFO: (function: improveOnce) CascadeMinimizer.cc: 216 -- Minimization success! status=0
INFO: (function: findCrossing) FitterAlgoBase.cc: 460 -- 0.576428    +0.00968  -0.00848    0.002363
INFO: (function: improveOnce) CascadeMinimizer.cc: 188 -- Minimisation configured with Type=Minuit2, Algo=Migrad, strategy=0, tolerance=0.1
nction: improveOnce) CascadeMinimizer.cc: 211 -- Minimisation finished with status=0
INFO: (function: improveOnce) CascadeMinimizer.cc: 216 -- Minimization success! status=0
INFO: (function: findCrossing) FitterAlgoBase.cc: 460 -- 0.370200    +0.01111  +0.03167    0.008100
INFO: (function: improveOnce) CascadeMinimizer.cc: 188 -- Minimisation configured with Type=Minuit2, Algo=Migrad, strategy=0, tolerance=0.1
rance=0.1
ction: improveOnce) CascadeMinimizer.cc: 211 -- Minimisation finished with status=0
INFO: (function: improveOnce) CascadeMinimizer.cc: 216 -- Minimization success! status=0
INFO: (function: findCrossing) FitterAlgoBase.cc: 460 -- 0.689100    -0.00077  -0.02880    0.008100
INFO: (function: improveOnce) CascadeMinimizer.cc: 188 -- Minimisation configured with Type=Minuit2, Algo=Migrad, strategy=0, tolerance=0.1
INFO: (fuINFO: (function: improveOnce) CascadeMinimizer.cc: 211 -- Minimisation finished with status=0
INFO: (function: improveOnce) CascadeMinimizer.cc: 216 -- Minimization success! status=0
INFO: (function: findCrossing) FitterAlgoBase.cc: 460 -- 0.499684    -0.00374  +0.00298    0.002390
INFO: (function: improveOnce) CascadeMinimizer.cc: 188 -- Minimisation configured with Type=Minuit2, Algo=Migrad, strategy=0, tolerance=0.1
nction: improveOnce) CascadeMinimizer.cc: 211 -- Minimisation finished with status=0
INFO: (function: improveOnce) CascadeMinimizer.cc: 216 -- Minimization success! status=0
INFO: (function: findCrossing) FitterAlgoBase.cc: 460 -- 0.321789    +0.00209  -0.00334    0.000729
INFO: (function: improveOnce) CascadeMinimizer.cc: 188 -- Minimisation configured with Type=Minuit2, Algo=Migrad, strategy=0, tolerance=0.1
INFO: (function: improveOnce) CascadeMinimizer.cc: 211 -- Minimisation finished with status=0
INFO: (function: improveOnce) CascadeMinimizer.cc: 216 -- Minimization success! status=0
INFO: (function: findCrossing) FitterAlgoBase.cc: 460 -- 0.322518    -0.00015  +0.00209    0.000729
INFO: (function: findCrossing) FitterAlgoBase.cc: 406 -- Searching for crossing at nll = 0.494473, in the interval 0 < CMS_HWW_boosted_tf_dataResidual_CR1_Bin8 < -10
INFO: (function: improveOnce) CascadeMinimizer.cc: 188 -- Minimisation configured with Type=Minuit2, Algo=Migrad, strategy=0, tolerance=0.1
INFO: (function: improveOnce) CascadeMinimizer.cc: 211 -- Minimisation finished with status=0
INFO: (function: improveOnce) CascadeMinimizer.cc: 216 -- Minimization success! status=0
INFO: (function: findCrossing) FitterAlgoBase.cc: 427 -- CMS_HWW_boosted_tf_dataResidual_CR1_Bin8 lvl-here lvl-there 	stepping 
INFO: (function: improveOnce) CascadeMinimizer.cc: 188 -- Minimisation configured with Type=Minuit2, Algo=Migrad, strategy=0, tolerance=0.1
ction: improveOnce) CascadeMinimizer.cc: 211 -- Minimisation finished with status=0
INFO: (function: improveOnce) CascadeMinimizer.cc: 216 -- Minimization success! status=0
INFO: (function: findCrossing) FitterAlgoBase.cc: 427 -- CMS_HWW_boosted_tf_dataResidual_CR1_Bin19 lvl-here lvl-there 	stepping 
INFO: (function: improveOnce) CascadeMinimizer.cc: 188 -- Minimisation configured with Type=Minuit2, Algo=Migrad, strategy=0, tolerance=0.1
sation configured with Type=Minuit2, Algo=Migrad, strategy=0, tolerance=0.1
INFO: (function: improveOnce) CascadeMinimizer.cc: 211 -- Minimisation finished with status=0
INFO: (function: improveOnce) CascadeMinimizer.cc: 216 -- Minimization success! status=0
INFO: (function: findCrossing) FitterAlgoBase.cc: 460 -- 0.885838    -154.80287  -2238.52198    -0.094411
INFO: (functionINFO: (function: improveOnce) CascadeMinimizer.cc: 211 -- Minimisation finished with status=0
INFO: (function: improveOnce) CascadeMinimizer.cc: 216 -- Minimization success! status=0
INFO: (function: findCrossing) FitterAlgoBase.cc: 460 -- 0.574914    -388.97993  -80.40346    -0.636338
INFO: (function: improveOnce) CascadeMinimizer.cc: 188 -- Minimisation configured with Type=Minuit2, Algo=Migrad, strategy=0, tolerance=0.1
- Minimisation configured with Type=Minuit2, Algo=Migrad, strategy=0, tolerance=0.1
INFO: (function: improveOnce) CascadeMinimizer.cc: 211 -- Minimisation finished with status=0
INFO: (function: improveOnce) CascadeMinimizer.cc: 216 -- Minimization success! status=0
INFO: (function: findCrossing) FitterAlgoBase.cc: 460 -- 1.779028    -0.39506  -8.61550    -0.058963
INFO: (function: improveOnce) CascadeMinimizer.cc: 188 -- Minimisation configured with Type=Minuit2, Algo=Migrad, strategy=0, tolerance=0.1
tatus=0
INFO: (function: findCrossing) FitterAlgoBase.cc: 460 -- 1.264057    -2.44026  -22.25508    -0.193115
INFO: (function: improveOnce) CascadeMinimizer.cc: 188 -- Minimisation configured with Type=Minuit2, Algo=Migrad, strategy=0, tolerance=0.1
IINFO: (function: improveOnce) CascadeMinimizer.cc: 211 -- Minimisation finished with status=0
INFO: (function: improveOnce) CascadeMinimizer.cc: 216 -- Minimization success! status=0
INFO: (function: findCrossing) FitterAlgoBase.cc: 460 -- 1.475708    -136.43245  -533.65463    -0.327041
INFO: (function: improveOnce) CascadeMinimizer.cc: 188 -- Minimisation configured with Type=Minuit2, Algo=Migrad, strategy=0, toleranceINFO: (function: improveOnce) CascadeMinimizer.cc: 211 -- Minimisation finished with status=0
INFO: (function: improveOnce) CascadeMinimizer.cc: 211 -- Minimisation finished with status=0
INFO: (function: improveOnce) CascadeMinimizer.cc: 216 -- Minimization success! status=0
INFO: (function: findCrossing) FitterAlgoBase.cc: 460 -- 1.176889    -0.82130  +0.16054    -0.017181
INFO: (function: improveOnce) CascadeMinimizer.cc: 188 -- Minimisation configured with Type=Minuit2, Algo=Migrad, strategy=0, tolerance=0.1
nimisation configured with Type=Minuit2, Algo=Migrad, strategy=0, tolerance=0.1
INFO: (function: improveOnce) CascadeMinimizer.cc: 211 -- Minimisation finished with status=0
INFO: (function: improveOnce) CascadeMinimizer.cc: 216 -- Minimization success! status=0
INFO: (function: findCrossing) FitterAlgoBase.cc: 460 -- 1.797307    +0.06734  -0.22745    -0.005307
INFO: (function: improveOnce) CascadeMinimizer.cc: 188 -- Minimisation configured with Type=Minuit2, Algo=Migrad, strategy=0, tolerance=0.1
INFO: (function: improveOnce) CascadeMinimizer.cc: 211 -- Minimisation finished with status=0
INFO: (function: improveOnce) CascadeMinimizer.cc: 216 -- Minimization success! status=0
INFO: (function: findCrossing) FitterAlgoBase.cc: 460 -- 1.792000    -0.04979  +0.06734    -0.005307
INFO: (function: improveOnce) CascadeMinimizer.cc: 188 -- Minimisation configured with Type=Minuit2, Algo=Migrad, strategy=0, tolerance=0.1
INFO: (function: improveOnce) CascadeMinimizer.cc: 211 -- Minimisation finished with status=0
INFO: (function: improveOnce) CascadeMinimizer.cc: 216 -- Minimization success! status=0
INFO: (function: findCrossing) FitterAlgoBase.cc: 460 -- 1.795715    +0.03280  -0.04979    -0.001592
INFO: (function: improveOnce) CascadeMinimizer.cc: 188 -- Minimisation configured with Type=Minuit2, Algo=Migrad, strategy=0, tolerance=0.1
INFO: (function: improveOnce) CascadeMinimizer.cc: 211 -- Minimisation finished with status=0
INFO: (function: improveOnce) CascadeMinimizer.cc: 216 -- Minimization success! status=0
INFO: (function: findCrossing) FitterAlgoBase.cc: 460 -- 1.794123    -0.00455  +0.03280    -0.001592
INFO: (function: improveOnce) CascadeMinimizer.cc: 188 -- Minimisation configured with Type=Minuit2, Algo=Migrad, strategy=0, tolerance=0.1
INFO: (function: improveOnce) CascadeMinimizer.cc: 211 -- Minimisation finished with status=0
INFO: (function: improveOnce) CascadeMinimizer.cc: 216 -- Minimization success! status=0
INFO: (function: findCrossing) FitterAlgoBase.cc: 460 -- 1.795237    +0.02165  -0.00455    -0.000478
INFO: (function: improveOnce) CascadeMinimizer.cc: 188 -- Minimisation configured with Type=Minuit2, Algo=Migrad, strategy=0, tolerance=0.1
INFO: (function: improveOnce) CascadeMinimizer.cc: 211 -- Minimisation finished with status=0
INFO: (function: improveOnce) CascadeMinimizer.cc: 216 -- Minimization success! status=0
INFO: (function: findCrossing) FitterAlgoBase.cc: 460 -- 1.794759    +0.01081  +0.02165    -0.000478
INFO: (function: improveOnce) CascadeMinimizer.cc: 188 -- Minimisation configured with Type=Minuit2, Algo=Migrad, strategy=0, tolerance=0.1
INFO: (function: improveOnce) CascadeMinimizer.cc: 211 -- Minimisation finished with status=0
INFO: (function: improveOnce) CascadeMinimizer.cc: 216 -- Minimization success! status=0
INFO: (function: findCrossing) FitterAlgoBase.cc: 460 -- 1.794282    -0.00074  +0.01081    -0.000478
INFO: (function: improveOnce) CascadeMinimizer.cc: 188 -- Minimisation configured with Type=Minuit2, Algo=Migrad, strategy=0, tolerance=0.1
INFO: (function: improveOnce) CascadeMinimizer.cc: 211 -- Minimisation finished with status=0
INFO: (function: improveOnce) CascadeMinimizer.cc: 216 -- Minimization success! status=0
INFO: (function: findCrossing) FitterAlgoBase.cc: 460 -- 1.794616    +0.00746  -0.00074    -0.000143
INFO: (function: improveOnce) CascadeMinimizer.cc: 188 -- Minimisation configured with Type=Minuit2, Algo=Migrad, strategy=0, tolerance=0.1
INFO: (function: improveOnce) CascadeMinimizer.cc: 216 -- Minimization success! status=0
INFO: (function: findCrossing) FitterAlgoBase.cc: 460 -- 0.922933    +0.00158  -0.00309    -0.000138
INFO: (function: improveOnce) CascadeMinimizer.cc: 188 -- Minimisation configured with Type=Minuit2, Algo=Migrad, strategy=0, tolerance=0.1
INFO: (function: improveOnce) CascadeMinimizer.cc: 211 -- Minimisation finished with status=0
INFO: (function: improveOnce) CascadeMinimizer.cc: 216 -- Minimization success! status=0
INFO: (function: findCrossing) FitterAlgoBase.cc: 460 -- 0.922795    -0.00027  +0.00158    -0.000138
INFO: (function: improveOnce) CascadeMinimizer.cc: 188 -- Minimisation configured with Type=Minuit2, Algo=Migrad, strategy=0, tolerance=0.1
0, tolerance=0.1
INFO: (function: improveOnce) CascadeMinimizer.cc: 211 -- Minimisation finished with status=0
INFO: (function: improveOnce) CascadeMinimizer.cc: 216 -- Minimization success! status=0
INFO: (function: improveOnce) CascadeMinimizer.cc: 188 -- Minimisation configured with Type=Minuit2, Algo=Migrad, strategy=0, tolerance=0.1
INFO: (function: improveOnce) CascadeMinimizer.cc: 211 -- Minimisation finished with status=0
INFO: (function: improveOnce) CascadeMinimizer.cc: 216 -- Minimization success! status=0
nimizer.cc: 216 -- Minimization success! status=0
 with status=0
INFO: (function: improveOnce) CascadeMinimizer.cc: 216 -- Minimization success! status=0
INFO: (function: findCrossing) FitterAlgoBase.cc: 460 -- -0.041041    -0.00083  +0.00043    -0.000221
INFO: (function: improveOnce) CascadeMinimizer.cc: 188 -- Minimisation configured with Type=Minuit2, Algo=Migrad, strategy=0, tolerance=0.1
INFO: (function: improveOnce) CascadeMinimizer.cc: 211 -- Minimisation finished with status=0
INFO: (function: improveOnce) CascadeMinimizer.cc: 216 -- Minimization success! status=0
INFO: (function: findCrossing) FitterAlgoBase.cc: 460 -- -0.040886    +0.00007  -0.00083    -0.000066
INFO: (function: improveOnce) CascadeMinimizer.cc: 188 -- Minimisation configured with Type=Minuit2, Algo=Migrad, strategy=0, tolerance=0.1
INFO: (function: improveOnce) CascadeMinimizer.cc: 211 -- Minimisation finished with status=0
INFO: (function: improveOnce) CascadeMinimizer.cc: 216 -- Minimization success! status=0
INFO: (function: improveOnce) CascadeMinimizer.cc: 188 -- Minimisation configured with Type=Minuit2, Algo=Migrad, strategy=0, tolerance=0.1
INFO: (function: improveOnce) CascadeMinimizer.cc: 211 -- Minimisation finished with status=0
INFO: (function: improveOnce) CascadeMinimizer.cc: 216 -- Minimization success! status=0
unction: improveOnce) CascadeMinimizer.cc: 216 -- Minimization success! status=0
INFO: (function: INFO: (function: improveOnce) CascadeMinimizer.cc: 211 -- Minimisation finished with status=0
INFO: (function: improveOncININFO: (function: improveOnce) CascadeMinimizer.cc: 211 -- Minimisation finished with status=0
INFO: (function: improveOnce) CascadeMinimizer.cc: 216 -- Minimization success! status=0
j; }class CorrMETData;class CommonMETData;namespace metsig {  }
#line 1 "Forward declarations from /cvmfs/cms.cern.ch/slc7_amd64_gcc900/cms/cmssw/CMSSW_11_3_4/lib/slc7_amd64_gcc900/TrackingToolsTransientTrackingRecHit_xr.rootmap"
class SeedingLayerSetsHits;
#line 1 "Forward declarations from /cvmfs/cms.cern.ch/slc7_amd64_gcc900/cms/cmssw/CMSSW_11_3_4/lib/slc7_amd64_gcc900/SimTransportTotemRPProtonTransportParametrization_xr.rootmap"

#line 1 "Forward declarations from /cvmfs/cms.cern.ch/slc7_amd64_gcc900/cms/cmssw/CMSSW_11_3_4/lib/slc7_amd64_gcc900/RecoLuminosityLumiProducer_xr.rootmap"
namespace HCAL_HLX {  }
#line 1 "Forward declarations from /cvmfs/cms.cern.ch/slc7_amd64_gcc900/cms/cmssw/CMSSW_11_3_4/lib/slc7_amd64_gcc900/IOPoolTFileAdaptor_xr.rootmap"

#line 1 "Forward declarations from /cvmfs/cms.cern.ch/slc7_amd64_gcc900/cms/cmssw/CMSSW_11_3_4/lib/slc7_amd64_gcc900/SimDataFormatsCrossingFrame_xr.rootmap"
template <typename T> class CrossingFrame;template <typename T> class PCrossingFrame;class PSimHit;class PCaloHit;class SimVertex;class CrossingFramePlaybackInfoExtended;class CrossingFramePlaybackInfoNew;
#line 1 "Forward declarations from /cvmfs/cms.cern.ch/slc7_amd64_gcc900/cms/cmssw/CMSSW_11_3_4/lib/slc7_amd64_gcc900/AlignmentCocoaFit_xr.rootmap"

#line 1 "Forward declarations from /cvmfs/cms.cern.ch/slc7_amd64_gcc900/cms/cmssw/CMSSW_11_3_4/lib/slc7_amd64_gcc900/DataFormatsFTLDigi_xr.rootmap"
class PMTDSimAccumulator;class ETLDetId;class ETLSample;namespace mtdhelpers { class ETLRowColDecode; }template <typename D, typename S, typename DECODE> class FTLDataFrameT;class BTLDetId;class BTLSample;namespace mtdhelpers { class BTLRowColDecode; }class FastTimeDetId;class FTLSample;namespace mtdhelpers { class FTLRowColDecode; }
#line 1 "Forward declarations from /cvmfs/cms.cern.ch/slc7_amd64_gcc900/cms/cmssw/CMSSW_11_3_4/lib/slc7_amd64_gcc900/DataFormatsAlignment_xr.rootmap"
class AlignmentToken;class AlignmentClusterFlag;
#line 1 "Forward declarations from /cvmfs/cms.cern.ch/slc7_amd64_gcc900/cms/cmssw/CMSSW_11_3_4/lib/slc7_amd64_gcc900/DataFormatsHGCDigi_xr.rootmap"
class PHGCSimAccumulator;class HcalDetId;class HGCSample;template <typename D, typename S> class HGCDataFrame;class HGCalDetId;class DetId;
#line 1 "Forward declarations from /cvmfs/cms.cern.ch/slc7_amd64_gcc900/cms/cmssw/CMSSW_11_3_4/lib/slc7_amd64_gcc900/DataFormatsPatCandidates_x3r.rootmap"
namespace pat { class CandKinResolution; }namespace pat { class HcalDepthEnergyFractions; }namespace vid { class CutFlowResult; }namespace pat { class LookupTableRecord; }namespace pat { class VertexAssociation; }namespace pat { class TauJetCorrFactors; }namespace pat { class JetCorrFactors; }class StringMap;namespace vid {  }
#line 1 "Forward declarations from /cvmfs/cms.cern.ch/slc7_amd64_gcc900/cms/cmssw/CMSSW_11_3_4/lib/slc7_amd64_gcc900/CondFormatsL1TObjects_xr.rootmap"

#line 1 "Forward declarations from /cvmfs/cms.cern.ch/slc7_amd64_gcc900/cms/cmssw/CMSSW_11_3_4/lib/slc7_amd64_gcc900/CondFormatsHIObjects_xr.rootmap"

#line 1 "Forward declarations from /cvmfs/cms.cern.ch/slc7_amd64_gcc900/cms/cmssw/CMSSW_11_3_4/lib/slc7_amd64_gcc900/CondToolsBTau_xr.rootmap"

#line 1 "Forward declarations from /cvmfs/cms.cern.ch/slc7_amd64_gcc900/cms/cmssw/CMSSW_11_3_4/lib/slc7_amd64_gcc900/DataFormatsDetId_xr.rootmap"

#line 1 "Forward declarations from /cvmfs/cms.cern.ch/slc7_amd64_gcc900/cms/cmssw/CMSSW_11_3_4/lib/slc7_amd64_gcc900/DataFormatsSiStripCluster_xr.rootmap"

#line 1 "Forward declarations from /cvmfs/cms.cern.ch/slc7_amd64_gcc900/cms/cmssw/CMSSW_11_3_4/lib/slc7_amd64_gcc900/DataFormatsRPCRecHit_xr.rootmap"
class RPCRecHit;class RPCDetId;
#line 1 "Forward declarations from /cvmfs/cms.cern.ch/slc7_amd64_gcc900/cms/cmssw/CMSSW_11_3_4/lib/slc7_amd64_gcc900/DataFormatsTrackerRecHit2D_xr.rootmap"
class FastTrackerRecHit;class SiStripRecHit1D;class SiStripRecHit2D;class VectorHit;class Phase2TrackerCluster1D;class MTDTrackingRecHit;class Phase2TrackerRecHit1D;namespace reco { class ClusterRemovalInfo; }class SiPixelRecHit;class SiStripMatchedRecHit2D;class BaseTrackerRecHit;class SiTrackerMultiRecHit;
#line 1 "Forward declarations from /cvmfs/cms.cern.ch/slc7_amd64_gcc900/cms/cmssw/CMSSW_11_3_4/lib/slc7_amd64_gcc900/DataFormatsGEMRecHit_xr.rootmap"
class GEMCSCSegment;class GEMDetId;class GEMSegment;class ME0DetId;class ME0Segment;class ME0RecHit;class GEMRecHit;
#line 1 "Forward declarations from /cvmfs/cms.cern.ch/slc7_amd64_gcc900/cms/cmssw/CMSSW_11_3_4/lib/slc7_amd64_gcc900/DataFormatsTCDS_xr.rootmap"
class TCDSRecord;class BSTRecord;
#line 1 "Forward declarations from /cvmfs/cms.cern.ch/slc7_amd64_gcc900/cms/cmssw/CMSSW_11_3_4/lib/slc7_amd64_gcc900/DataFormatsCTPPSReco_xr.rootmap"
class CTPPSLocalTrackLite;class CTPPSPixelFittedRecHit;class CTPPSPixelLocalTrack;class CTPPSPixelRecHit;class CTPPSPixelCluster;class TotemTimingLocalTrack;class CTPPSDiamondLocalTrack;class CTPPSTimingLocalTrack;class CTPPSDiamondRecHit;class TotemTimingRecHit;class CTPPSTimingRecHit;class TotemRPLocalTrack;class TotemRPUVPattern;class TotemRPRecHit;class TotemRPCluster;
#line 1 "Forward declarations from /cvmfs/cms.cern.ch/slc7_amd64_gcc900/cms/cmssw/CMSSW_11_3_4/lib/slc7_amd64_gcc900/CondFormatsCSCObjects_xr.rootmap"
namespace cscdqm {  }
#line 1 "Forward declarations from /cvmfs/cms.cern.ch/slc7_amd64_gcc900/cms/cmssw/CMSSW_11_3_4/lib/slc7_amd64_gcc900/FireworksCore_xr.rootmap"
template <typename T> class FWGenericParameter;template <typename T> class FWGenericParameterWithRange;
#line 1 "Forward declarations from /cvmfs/cms.cern.ch/slc7_amd64_gcc900/cms/cmssw/CMSSW_11_3_4/lib/slc7_amd64_gcc900/CondFormatsCommon_xr.rootmap"
namespace cond {  }class FileBlobCollection;
#line 1 "Forward declarations from /cvmfs/cms.cern.ch/slc7_amd64_gcc900/cms/cmssw/CMSSW_11_3_4/lib/slc7_amd64_gcc900/RecoMuonMuonIdentification_xr.rootmap"

#line 1 "Forward declarations from /cvmfs/cms.cern.ch/slc7_amd64_gcc900/cms/cmssw/CMSSW_11_3_4/lib/slc7_amd64_gcc900/DataFormatsHistograms_xr.rootmap"
class MonitorElementData;class MonitorElementCollection;class DQMToken;class TString;template <typename T> class MEtoEDM;class TProfile2D;class TProfile;class TH3F;class TH2D;class TH2S;class TH2F;class TH1S;class TH1F;class TProfile3D;class TH3S;class TH3I;class TH3D;class TH3C;class TH2I;class TH2C;class TH1I;class TH1C;
#line 1 "Forward declarations from /cvmfs/cms.cern.ch/slc7_amd64_gcc900/cms/cmssw/CMSSW_11_3_4/lib/slc7_amd64_gcc900/DataFormatsHLTReco_xr.rootmap"
namespace trigger {  }class HLTPerformanceInfo;namespace trigger { class EgammaObject; }namespace trigger { class HLTPrescaleTable; }namespace trigger { class TriggerEventWithRefs; }namespace trigger { class TriggerEvent; }namespace trigger { class TriggerFilterObjectWithRefs; }namespace edm { class EventTime; }
#line 1 "Forward declarations from /cvmfs/cms.cern.ch/slc7_amd64_gcc900/cms/cmssw/CMSSW_11_3_4/lib/slc7_amd64_gcc900/DataFormatsL1TGlobal_xr.rootmap"
class GlobalAlgBlk;class GlobalObjectMap;class GlobalObjectMapRecord;class GlobalExtBlk;
#line 1 "Forward declarations from /cvmfs/cms.cern.ch/slc7_amd64_gcc900/cms/cmssw/CMSSW_11_3_4/lib/slc7_amd64_gcc900/RecoTrackerMeasurementDet_xr.rootmap"
class MeasurementTrackerEvent;
#line 1 "Forward declarations from /cvmfs/cms.cern.ch/slc7_amd64_gcc900/cms/cmssw/CMSSW_11_3_4/lib/slc7_amd64_gcc900/SimDataFormatsAssociations_xr.rootmap"
template <typename T> class TTTrackTruthPair;namespace reco { class TrackToTrackingParticleAssociator; }namespace reco { class TrackToGenParticleAssociator; }namespace reco { class MuonToTrackingParticleAssociator; }namespace reco { class VertexToTrackingVertexAssociator; }namespace hgcal { class LayerClusterToCaloParticleAssociator; }namespace hgcal { class LayerClusterToSimClusterAssociator; }namespace hgcal { class TracksterToSimClusterAssociator; }namespace hgcal {  }
#line 1 "Forward declarations from /cvmfs/cms.cern.ch/slc7_amd64_gcc900/cms/cmssw/CMSSW_11_3_4/lib/slc7_amd64_gcc900/DataFormatsLuminosity_xr.rootmap"
namespace reco { class PixelClusterCountsInEvent; }namespace reco { class PixelClusterCounts; }class LumiSummaryRunHeader;class LumiSummary;class LumiInfoRunHeader;class LumiInfo;class LumiDetails;class BeamCurrentInfo;
#line 1 "Forward declarations from /cvmfs/cms.cern.ch/slc7_amd64_gcc900/cms/cmssw/CMSSW_11_3_4/lib/slc7_amd64_gcc900/SimDataFormatsEcalTestBeam_xr.rootmap"
class PEcalTBInfo;
#line 1 "Forward declarations from /cvmfs/cms.cern.ch/slc7_amd64_gcc900/cms/cmssw/CMSSW_11_3_4/lib/slc7_amd64_gcc900/SimDataFormatsHiGenData_xr.rootmap"
namespace edm { class GenHIEvent; }
#line 1 "Forward declarations from /cvmfs/cms.cern.ch/slc7_amd64_gcc900/cms/cmssw/CMSSW_11_3_4/lib/slc7_amd64_gcc900/SimDataFormatsTrackingAnalysis_xr.rootmap"
class TrackingVertex;
#line 1 "Forward declarations from /cvmfs/cms.cern.ch/slc7_amd64_gcc900/cms/cmssw/CMSSW_11_3_4/lib/slc7_amd64_gcc900/RecoTrackerTkHitPairs_xr.rootmap"
class IntermediateHitDoublets;class RegionsSeedingHitSets;
#line 1 "Forward declarations from /cvmfs/cms.cern.ch/slc7_amd64_gcc900/cms/cmssw/CMSSW_11_3_4/lib/slc7_amd64_gcc900/SimDataFormatsRandomEngine_xr.rootmap"
namespace edm { class RandomEngineStates; }
#line 1 "Forward declarations from /cvmfs/cms.cern.ch/slc7_amd64_gcc900/cms/cmssw/CMSSW_11_3_4/lib/slc7_amd64_gcc900/CondFormatsGEMObjects_xr.rootmap"

#line 1 "Forward declarations from /cvmfs/cms.cern.ch/slc7_amd64_gcc900/cms/cmssw/CMSSW_11_3_4/lib/slc7_amd64_gcc900/DataFormatsCaloTowers_xr.rootmap"
class CaloTower;namespace edm { namespace refhelper {  } }
#line 1 "Forward declarations from /cvmfs/cms.cern.ch/slc7_amd64_gcc900/cms/cmssw/CMSSW_11_3_4/lib/slc7_amd64_gcc900/DataFormatsFWLite_xr.rootmap"
namespace fwlite {  }
#line 1 "Forward declarations from /cvmfs/cms.cern.ch/slc7_amd64_gcc900/cms/cmssw/CMSSW_11_3_4/lib/slc7_amd64_gcc900/CalibCalorimetryEcalLaserAnalyzer_xr.rootmap"

#line 1 "Forward declarations from /cvmfs/cms.cern.ch/slc7_amd64_gcc900/cms/cmssw/CMSSW_11_3_4/lib/slc7_amd64_gcc900/DataFormatsEgammaReco_xr.rootmap"
namespace reco { class PreshowerClusterShape; }namespace reco { class SuperCluster; }namespace reco { class ClusterShape; }namespace reco { class HFEMClusterShape; }namespace reco { class ElectronSeed; }namespace reco { class PreshowerCluster; }
#line 1 "Forward declarations from /cvmfs/cms.cern.ch/slc7_amd64_gcc900/cms/cmssw/CMSSW_11_3_4/lib/slc7_amd64_gcc900/CUDADataFormatsHcalDigi_xr.rootmap"
namespace hcal { class Flavor5; }namespace hcal { template <typename Flavor, typename StoragePolicy> class DigiCollection; }namespace hcal { class Flavor3; }namespace hcal { class Flavor1; }namespace hcal { template <typename StoragePolicy> class DigiCollectionBase; }
#line 1 "Forward declarations from /cvmfs/cms.cern.ch/slc7_amd64_gcc900/cms/cmssw/CMSSW_11_3_4/lib/slc7_amd64_gcc900/DataFormatsEcalDigi_xr.rootmap"
class EcalMatacqDigi;class EcalPnDiodeDigi;class EESrFlag;class EBSrFlag;class EcalTimeDigi;class EcalPseudoStripInputDigi;class EcalEBTriggerPrimitiveDigi;class EcalTriggerPrimitiveDigi;class ESDataFrame;class EcalTrigPrimCompactColl;class ESDigiCollection;class EEDigiCollection;class EBDigiCollection;class EcalDigiCollection;class EBDigiCollectionPh2;class EcalDigiCollectionPh2;
#line 1 "Forward declarations from /cvmfs/cms.cern.ch/slc7_amd64_gcc900/cms/cmssw/CMSSW_11_3_4/lib/slc7_amd64_gcc900/CondFormatsHLTObjects_xr.rootmap"

#line 1 "Forward declarations from /cvmfs/cms.cern.ch/slc7_amd64_gcc900/cms/cmssw/CMSSW_11_3_4/lib/slc7_amd64_gcc900/DataFormatsBeamSpot_xr.rootmap"
class BeamSpotPOD;namespace reco { class BeamSpot; }
#line 1 "Forward declarations from /cvmfs/cms.cern.ch/slc7_amd64_gcc900/cms/cmssw/CMSSW_11_3_4/lib/slc7_amd64_gcc900/FWCoreTFWLiteSelectorTest_xr.rootmap"
namespace tfwliteselectortest {  }namespace tfwliteselectortest { class ThingsWorker; }
#line 1 "Forward declarations from /cvmfs/cms.cern.ch/slc7_amd64_gcc900/cms/cmssw/CMSSW_11_3_4/lib/slc7_amd64_gcc900/DataFormatsOnlineMetaData_xr.rootmap"
class OnlineLuminosityRecord;class DCSRecord;class CTPPSRecord;
#line 1 "Forward declarations from /cvmfs/cms.cern.ch/slc7_amd64_gcc900/cms/cmssw/CMSSW_11_3_4/lib/slc7_amd64_gcc900/FastSimDataFormatsCTPPSFastSim_xr.rootmap"

#line 1 "Forward declarations from /cvmfs/cms.cern.ch/slc7_amd64_gcc900/cms/cmssw/CMSSW_11_3_4/lib/slc7_amd64_gcc900/DataFormatsScouting_xr.rootmap"

#line 1 "Forward declarations from /cvmfs/cms.cern.ch/slc7_amd64_gcc900/cms/cmssw/CMSSW_11_3_4/lib/slc7_amd64_gcc900/DataFormatsPhase2TrackerCluster_xr.rootmap"

#line 1 "Forward declarations from /cvmfs/cms.cern.ch/slc7_amd64_gcc900/cms/cmssw/CMSSW_11_3_4/lib/slc7_amd64_gcc900/DataFormatsTauReco_x2r.rootmap"
namespace reco { class RecoTauPiZero; }namespace reco { class PFRecoTauChargedHadron; }namespace reco { class PFTauDecayMode; }namespace reco { class CompositePtrCandidate; }
#line 1 "Forward declarations from /cvmfs/cms.cern.ch/slc7_amd64_gcc900/cms/cmssw/CMSSW_11_3_4/lib/slc7_amd64_gcc900/DataFormatsSiStripDigi_xr.rootmap"
class SiStripProcessedRawDigi;class SiStripRawDigi;
#line 1 "Forward declarations from /cvmfs/cms.cern.ch/slc7_amd64_gcc900/cms/cmssw/CMSSW_11_3_4/lib/slc7_amd64_gcc900/FireworksFWInterface_xr.rootmap"

#line 1 "Forward declarations from /cvmfs/cms.cern.ch/slc7_amd64_gcc900/cms/cmssw/CMSSW_11_3_4/lib/slc7_amd64_gcc900/DataFormatsTrackReco_xr.rootmap"
namespace reco { class TrackExtra; }namespace reco { class DeDxHitInfo; }namespace reco { class DeDxData; }
#line 1 "Forward declarations from /cvmfs/cms.cern.ch/slc7_amd64_gcc900/cms/cmssw/CMSSW_11_3_4/lib/slc7_amd64_gcc900/FireworksEve_xr.rootmap"

#line 1 "Forward declarations from /cvmfs/cms.cern.ch/slc7_amd64_gcc900/cms/cmssw/CMSSW_11_3_4/lib/slc7_amd64_gcc900/PhysicsToolsMVAComputer_xr.rootmap"
namespace PhysicsTools {  }
#line 1 "Forward declarations from /cvmfs/cms.cern.ch/slc7_amd64_gcc900/cms/cmssw/CMSSW_11_3_4/lib/slc7_amd64_gcc900/PhysicsToolsSelectorUtils_xr.rootmap"
namespace pat { class strbitset; }
#line 1 "Forward declarations from /cvmfs/cms.cern.ch/slc7_amd64_gcc900/cms/cmssw/CMSSW_11_3_4/lib/slc7_amd64_gcc900/PhysicsToolsUtilities_xr.rootmap"
namespace reweight {  }
#line 1 "Forward declarations from /cvmfs/cms.cern.ch/slc7_amd64_gcc900/cms/cmssw/CMSSW_11_3_4/lib/slc7_amd64_gcc900/MuonAnalysisMomentumScaleCalibration_xr.rootmap"

#line 1 "Forward declarations from /cvmfs/cms.cern.ch/slc7_amd64_gcc900/cms/cmssw/CMSSW_11_3_4/lib/slc7_amd64_gcc900/TrackingToolsTrajectoryState_xr.rootmap"

#line 1 "Forward declarations from /cvmfs/cms.cern.ch/slc7_amd64_gcc900/cms/cmssw/CMSSW_11_3_4/lib/slc7_amd64_gcc900/SimDataFormatsRPCDigiSimLink_xr.rootmap"
class RPCDigiSimLink;
#line 1 "Forward declarations from /cvmfs/cms.cern.ch/slc7_amd64_gcc900/cms/cmssw/CMSSW_11_3_4/lib/slc7_amd64_gcc900/SimDataFormatsCaloHit_xr.rootmap"
class HFShowerLibraryEventInfo;
#line 1 "Forward declarations from /cvmfs/cms.cern.ch/slc7_amd64_gcc900/cms/cmssw/CMSSW_11_3_4/lib/slc7_amd64_gcc900/RecoTrackerTkTrackingRegions_xr.rootmap"
class TrackingRegion;class TrackingRegionsSeedingLayerSets;
#line 1 "Forward declarations from /cvmfs/cms.cern.ch/slc7_amd64_gcc900/cms/cmssw/CMSSW_11_3_4/lib/slc7_amd64_gcc900/AnalysisDataFormatsEWK_xr.rootmap"
namespace reco { class WMuNuCandidate; }namespace reco { class WMuNuCandidatePtr; }
#line 1 "Forward declarations from /cvmfs/cms.cern.ch/slc7_amd64_gcc900/cms/cmssw/CMSSW_11_3_4/lib/slc7_amd64_gcc900/SimDataFormatsTrackingHit_xr.rootmap"

#line 1 "Forward declarations from /cvmfs/cms.cern.ch/slc7_amd64_gcc900/cms/cmssw/CMSSW_11_3_4/lib/slc7_amd64_gcc900/SimDataFormatsVertex_xr.rootmap"

#line 1 "Forward declarations from /cvmfs/cms.cern.ch/slc7_amd64_gcc900/cms/cmssw/CMSSW_11_3_4/lib/slc7_amd64_gcc900/SimDataFormatsTrack_xr.rootmap"

#line 1 "Forward declarations from /cvmfs/cms.cern.ch/slc7_amd64_gcc900/cms/cmssw/CMSSW_11_3_4/lib/slc7_amd64_gcc900/CUDADataFormatsSiPixelCluster_xr.rootmap"
class SiPixelClustersCUDA;
#line 1 "Forward declarations from /cvmfs/cms.cern.ch/slc7_amd64_gcc900/cms/cmssw/CMSSW_11_3_4/lib/slc7_amd64_gcc900/CondFormatsHcalObjects_xr.rootmap"
class HcalPedestal;template <typename Item> class HcalCondObjectContainer;class HcalPedestalWidth;class HcalGain;class HcalGainWidth;class HcalQIECoder;class HcalQIEType;class HcalCalibrationQIECoder;class HcalChannelStatus;class HcalZSThreshold;class HcalRespCorr;class HcalL1TriggerObject;class HcalTimeCorr;class HcalLUTCorr;class HcalPFCorr;class HcalValidationCorr;class HcalLutMetadatum;class HcalRecoParam;class HcalLongRecoParam;class HcalZDCLowGainFraction;class HcalMCParam;class HcalFlagHFDigiTimeParam;class HcalTimingParam;class HcalSiPMParameter;class HcalTPChannelParameter;template <unsigned int> class InterpolatedPulse;class AbsOOTPileupCorrection;template <typename T> class StorableDoubleMap;class HFPhase1PMTData;template <typename Item> class HcalItemCollById;
#line 1 "Forward declarations from /cvmfs/cms.cern.ch/slc7_amd64_gcc900/cms/cmssw/CMSSW_11_3_4/lib/slc7_amd64_gcc900/CondFormatsSiPhase2TrackerObjects_xr.rootmap"

#line 1 "Forward declarations from /cvmfs/cms.cern.ch/slc7_amd64_gcc900/cms/cmssw/CMSSW_11_3_4/lib/slc7_amd64_gcc900/DataFormatsCommon_xr.rootmap"
namespace edm { template <typename KEY> class RefVectorBase; }namespace edm { class ConditionsInLumiBlock; }namespace edm { class ConditionsInRunBlock; }namespace edm { class ConditionsInEventBlock; }namespace edm { class MergeableCounter; }namespace edm { class TriggerResults; }namespace edm { class HLTGlobalStatus; }namespace edm { class EndPathStatus; }namespace edm { class HLTPathStatus; }namespace edm { class DataFrameContainer; }namespace edm { class ThinnedAssociation; }namespace edm { template <typename T> class CopyPolicy; }namespace edmNew { namespace dstvdetails {  } }namespace test_with_dictionaries {  }
#line 1 "Forward declarations from /cvmfs/cms.cern.ch/slc7_amd64_gcc900/cms/cmssw/CMSSW_11_3_4/lib/slc7_amd64_gcc900/DataFormatsCTPPSDetId_xr.rootmap"

#line 1 "Forward declarations from /cvmfs/cms.cern.ch/slc7_amd64_gcc900/cms/cmssw/CMSSW_11_3_4/lib/slc7_amd64_gcc900/CondFormatsPCLConfig_xr.rootmap"

#line 1 "Forward declarations from /cvmfs/cms.cern.ch/slc7_amd64_gcc900/cms/cmssw/CMSSW_11_3_4/lib/slc7_amd64_gcc900/DataFormatsEgammaCandidates_xr.rootmap"
namespace reco { class Conversion; }namespace reco { class PhotonCore; }namespace reco { class Electron; }namespace reco { class GsfElectronCore; }namespace reco { class SiStripElectron; }namespace reco { class HIPhotonIsolation; }
#line 1 "Forward declarations from /cvmfs/cms.cern.ch/slc7_amd64_gcc900/cms/cmssw/CMSSW_11_3_4/lib/slc7_amd64_gcc900/DataFormatsFP420Cluster_xr.rootmap"
class RecoCollectionFP420;class RecoFP420;class TrackCollectionFP420;class TrackFP420;class ClusterCollectionFP420;class ClusterFP420;
#line 1 "Forward declarations from /cvmfs/cms.cern.ch/slc7_amd64_gcc900/cms/cmssw/CMSSW_11_3_4/lib/slc7_amd64_gcc900/DataFormatsTrajectoryState_xr.rootmap"

#line 1 "Forward declarations from /cvmfs/cms.cern.ch/slc7_amd64_gcc900/cms/cmssw/CMSSW_11_3_4/lib/slc7_amd64_gcc900/DataFormatsSiPixelDetId_xr.rootmap"
class PixelFEDChannel;
#line 1 "Forward declarations from /cvmfs/cms.cern.ch/slc7_amd64_gcc900/cms/cmssw/CMSSW_11_3_4/lib/slc7_amd64_gcc900/DataFormatsRPCDigi_xr.rootmap"
class RPCDigi;class RPCAMCLinkCounters;class LinkBoardElectronicIndex;class RPCRawDataCounts;
#line 1 "Forward declarations from /cvmfs/cms.cern.ch/slc7_amd64_gcc900/cms/cmssw/CMSSW_11_3_4/lib/slc7_amd64_gcc900/DataFormatsGEMDigi_xr.rootmap"
class GEMDigi;class GEMPadDigi;class GEMPadDigiCluster;class GEMCoPadDigi;class GEMAMC13Status;class GEMAMCStatus;class GEMOHStatus;class GEMVFATStatus;class GEMVfatStatusDigi;namespace gem { class GEBdata; }namespace gem { class AMCdata; }namespace gem { class AMC13Event; }class ME0DigiPreReco;class ME0Digi;class ME0PadDigi;class ME0PadDigiCluster;class ME0TriggerDigi;namespace gem {  }
#line 1 "Forward declarations from /cvmfs/cms.cern.ch/slc7_amd64_gcc900/cms/cmssw/CMSSW_11_3_4/lib/slc7_amd64_gcc900/DataFormatsStdDictionaries_x3r.rootmap"

#line 1 "Forward declarations from /cvmfs/cms.cern.ch/slc7_amd64_gcc900/cms/cmssw/CMSSW_11_3_4/lib/slc7_amd64_gcc900/DataFormatsParticleFlowReco_xr.rootmap"
namespace reco { class PFDisplacedTrackerVertex; }namespace reco { class PFNuclearInteraction; }namespace reco { class PFConversion; }namespace reco { class PFV0; }namespace reco { class ConvBremSeed; }
#line 1 "Forward declarations from /cvmfs/cms.cern.ch/slc7_amd64_gcc900/cms/cmssw/CMSSW_11_3_4/lib/slc7_amd64_gcc900/DataFormatsGsfTrackReco_xr.rootmap"
namespace reco { class GsfTrackExtra; }
#line 1 "Forward declarations from /cvmfs/cms.cern.ch/slc7_amd64_gcc900/cms/cmssw/CMSSW_11_3_4/lib/slc7_amd64_gcc900/EgammaAnalysisElectronTools_xr.rootmap"

#line 1 "Forward declarations from /cvmfs/cms.cern.ch/slc7_amd64_gcc900/cms/cmssw/CMSSW_11_3_4/lib/slc7_amd64_gcc900/DataFormatsTestObjects_xr.rootmap"
namespace edmtest { class Thing; }namespace edmtest { class Simple; }namespace edm { namespace soa { template <typename ... Args> class Table; } }namespace edmtest { class MissingDictionaryTestA; }namespace edm { class EventID; }namespace edmtest { class DeleteEarly; }namespace edmtestprod { class X0123456789012345678901234567890123456789012345678901234567890123456789012345678901; }namespace edmtestprod { class StreamTestThing; }namespace edmtestprod { class Simple; }namespace edmtestprod { template <typename T> class Ord; }namespace edmtestprod { template <typename T> class StreamTestTmpl; }namespace edmtest { class ThingWithIsEqual; }namespace edmtest { class ThingWithMerge; }namespace edmtest { class SimpleDerived; }namespace edmtest { class Sortable; }namespace edmtest { class Unsortable; }namespace edmtest { class Prodigal; }namespace edmtest { class StringProduct; }namespace edmtest { class DoubleProduct; }namespace edmtest { class Int16_tProduct; }namespace edmtest { class TransientIntProduct; }namespace edmtest { class UInt64Product; }namespace edmtest { class IntProduct; }namespace edmtest { class DummyProduct; }namespace edmtest {  }namespace edmtestprod {  }namespace edm { namespace soa {  } }
#line 1 "Forward declarations from /cvmfs/cms.cern.ch/slc7_amd64_gcc900/cms/cmssw/CMSSW_11_3_4/lib/slc7_amd64_gcc900/L1TriggerL1TGlobal_xr.rootmap"

#line 1 "Forward declarations from /cvmfs/cms.cern.ch/slc7_amd64_gcc900/cms/cmssw/CMSSW_11_3_4/lib/slc7_amd64_gcc900/IORawDataHcalTBInputService_xr.rootmap"

#line 1 "Forward declarations from /cvmfs/cms.cern.ch/slc7_amd64_gcc900/cms/cmssw/CMSSW_11_3_4/lib/slc7_amd64_gcc900/RecoPixelVertexingPixelTrackFitting_xr.rootmap"
class PixelFitter;class PixelTrackFilter;
#line 1 "Forward declarations from /cvmfs/cms.cern.ch/slc7_amd64_gcc900/cms/cmssw/CMSSW_11_3_4/lib/slc7_amd64_gcc900/TBDataFormatsHcalTBObjects_xr.rootmap"
class HcalTBParticleId;class HcalTBBeamCounters;class HcalTBTiming;class HcalTBEventPosition;class HcalTBRunData;class HcalTBTriggerData;
#line 1 "Forward declarations from /cvmfs/cms.cern.ch/slc7_amd64_gcc900/cms/cmssw/CMSSW_11_3_4/lib/slc7_amd64_gcc900/SimDataFormatsValidationFormats_xr.rootmap"
class PHGCalValidInfo;class PTrackerSimHit;class PMuonSimHit;class PHcalValidInfoJets;class PHcalValidInfoNxN;class PHcalValidInfoLayer;class PEcalValidInfo;class PGlobalRecHit;class PGlobalDigi;class PGlobalSimHit;
#line 1 "Forward declarations from /cvmfs/cms.cern.ch/slc7_amd64_gcc900/cms/cmssw/CMSSW_11_3_4/lib/slc7_amd64_gcc900/ValidationRecoParticleFlow_xr.rootmap"

#line 1 "Forward declarations from /cvmfs/cms.cern.ch/slc7_amd64_gcc900/cms/cmssw/CMSSW_11_3_4/lib/slc7_amd64_gcc900/TrackingToolsPatternTools_xr.rootmap"
class MomentumConstraint;class ErrorMatrixTag;template <typename T, typename ErrorWeightType> class GlobalErrorBase;
#line 1 "Forward declarations from /cvmfs/cms.cern.ch/slc7_amd64_gcc900/cms/cmssw/CMSSW_11_3_4/lib/slc7_amd64_gcc900/testCondDBDict_xr.rootmap"

#line 1 "Forward declarations from /cvmfs/cms.cern.ch/slc7_amd64_gcc900/cms/cmssw/CMSSW_11_3_4/lib/slc7_amd64_gcc900/testDTCalibration_xr.rootmap"

#line 1 "Forward declarations from /cvmfs/cms.cern.ch/slc7_amd64_gcc900/cms/cmssw/CMSSW_11_3_4/lib/slc7_amd64_gcc900/testSimMuonDTDigitizer_xr.rootmap"

#line 1 "Forward declarations from /cvmfs/cms.cern.ch/slc7_amd64_gcc900/cms/cmssw/CMSSW_11_3_4/external/slc7_amd64_gcc900/lib/libGenVector32.rootmap"
namespace ROOT { namespace Math { template <typename T> class Cartesian2D; } }namespace ROOT { namespace Math { template <typename T> class Polar2D; } }namespace ROOT { namespace Math { template <typename CoordSystem, typename Tag> class DisplacementVector2D; } }namespace ROOT { namespace Math { template <typename T> class CylindricalEta3D; } }namespace ROOT { namespace Math { template <typename T> class Polar3D; } }namespace ROOT { namespace Math { template <typename T> class Cylindrical3D; } }namespace ROOT { namespace Math { class LocalCoordinateSystemTag; } }namespace ROOT { namespace Math { class GlobalCoordinateSystemTag; } }namespace ROOT { namespace Math { template <typename T> class PxPyPzE4D; } }namespace ROOT { namespace Math { template <typename T> class PxPyPzM4D; } }namespace ROOT { namespace Math { template <typename T> class PtEtaPhiE4D; } }namespace ROOT { namespace Math { template <typename T> class PtEtaPhiM4D; } }
#line 1 "Forward declarations from /cvmfs/cms.cern.ch/slc7_amd64_gcc900/cms/cmssw/CMSSW_11_3_4/external/slc7_amd64_gcc900/lib/libSmatrix32.rootmap"

#line 1 "Forward declarations from /cvmfs/cms.cern.ch/slc7_amd64_gcc900/cms/cmssw/CMSSW_11_3_4/external/slc7_amd64_gcc900/lib/libcomplexDict.rootmap"
template <typename T> class _root_std_complex;
#line 1 "Forward declarations from /cvmfs/cms.cern.ch/slc7_amd64_gcc900/cms/cmssw/CMSSW_11_3_4/external/slc7_amd64_gcc900/lib/libdequeDict.rootmap"

#line 1 "Forward declarations from /cvmfs/cms.cern.ch/slc7_amd64_gcc900/cms/cmssw/CMSSW_11_3_4/external/slc7_amd64_gcc900/lib/libforward_listDict.rootmap"

#line 1 "Forward declarations from /cvmfs/cms.cern.ch/slc7_amd64_gcc900/cms/cmssw/CMSSW_11_3_4/external/slc7_amd64_gcc900/lib/libmultimapDict.rootmap"

#line 1 "Forward declarations from /cvmfs/cms.cern.ch/slc7_amd64_gcc900/cms/cmssw/CMSSW_11_3_4/external/slc7_amd64_gcc900/lib/libmultisetDict.rootmap"

#line 1 "Forward declarations from /cvmfs/cms.cern.ch/slc7_amd64_gcc900/cms/cmssw/CMSSW_11_3_4/external/slc7_amd64_gcc900/lib/liblistDict.rootmap"

#line 1 "Forward declarations from /cvmfs/cms.cern.ch/slc7_amd64_gcc900/cms/cmssw/CMSSW_11_3_4/external/slc7_amd64_gcc900/lib/libmap2Dict.rootmap"

#line 1 "Forward declarations from /cvmfs/cms.cern.ch/slc7_amd64_gcc900/cms/cmssw/CMSSW_11_3_4/external/slc7_amd64_gcc900/lib/libmapDict.rootmap"

#line 1 "Forward declarations from /cvmfs/cms.cern.ch/slc7_amd64_gcc900/cms/cmssw/CMSSW_11_3_4/external/slc7_amd64_gcc900/lib/libmultimap2Dict.rootmap"

#line 1 "Forward declarations from /cvmfs/cms.cern.ch/slc7_amd64_gcc900/cms/cmssw/CMSSW_11_3_4/external/slc7_amd64_gcc900/lib/libsetDict.rootmap"

#line 1 "Forward declarations from /cvmfs/cms.cern.ch/slc7_amd64_gcc900/cms/cmssw/CMSSW_11_3_4/external/slc7_amd64_gcc900/lib/libunordered_mapDict.rootmap"

#line 1 "Forward declarations from /cvmfs/cms.cern.ch/slc7_amd64_gcc900/cms/cmssw/CMSSW_11_3_4/external/slc7_amd64_gcc900/lib/libunordered_multimapDict.rootmap"

#line 1 "Forward declarations from /cvmfs/cms.cern.ch/slc7_amd64_gcc900/cms/cmssw/CMSSW_11_3_4/external/slc7_amd64_gcc900/lib/libunordered_multisetDict.rootmap"

#line 1 "Forward declarations from /cvmfs/cms.cern.ch/slc7_amd64_gcc900/cms/cmssw/CMSSW_11_3_4/external/slc7_amd64_gcc900/lib/libunordered_setDict.rootmap"

#line 1 "Forward declarations from /cvmfs/cms.cern.ch/slc7_amd64_gcc900/cms/cmssw/CMSSW_11_3_4/external/slc7_amd64_gcc900/lib/libvalarrayDict.rootmap"

#line 1 "Forward declarations from /cvmfs/cms.cern.ch/slc7_amd64_gcc900/cms/cmssw/CMSSW_11_3_4/external/slc7_amd64_gcc900/lib/libvectorDict.rootmap"
' were encountered.
input_line_24:1:2: error: unknown type name 'include'
#include "/cvmfs/cms.cern.ch/slc7_amd64_gcc900/lcg/root/6.22.08-ljfedo/etc/plugins/TFile/P010_TWebFile.C"
 ^
In file included from input_line_24:1:
/cvmfs/cms.cern.ch/slc7_amd64_gcc900/lcg/root/6.22.08-ljfedo/etc/plugins/TFile/P010_TWebFile.C:1:1: error: expected unqualified-id
void P010_TWebFile()
^
input_line_25:1:2: error: unknown type name 'include'
#include "/cvmfs/cms.cern.ch/slc7_amd64_gcc900/lcg/root/6.22.08-ljfedo/etc/plugins/TFile/P040_TDCacheFile.C"
 ^
In file included from input_line_25:1:
/cvmfs/cms.cern.ch/slc7_amd64_gcc900/lcg/root/6.22.08-ljfedo/etc/plugins/TFile/P040_TDCacheFile.C:1:1: error: expected unqualified-id
void P040_TDCacheFile()
^
input_line_26:1:2: error: unknown type name 'include'
#include "/cvmfs/cms.cern.ch/slc7_amd64_gcc900/lcg/root/6.22.08-ljfedo/etc/plugins/TFile/P050_TGFALFile.C"
 ^
In file included from input_line_26:1:
/cvmfs/cms.cern.ch/slc7_amd64_gcc900/lcg/root/6.22.08-ljfedo/etc/plugins/TFile/P050_TGFALFile.C:1:1: error: expected unqualified-id
void P050_TGFALFile()
^
input_line_27:1:2: error: unknown type name 'include'
#include "/cvmfs/cms.cern.ch/slc7_amd64_gcc900/lcg/root/6.22.08-ljfedo/etc/plugins/TFile/P070_TAlienFile.C"
 ^
In file included from input_line_27:1:
/cvmfs/cms.cern.ch/slc7_amd64_gcc900/lcg/root/6.22.08-ljfedo/etc/plugins/TFile/P070_TAlienFile.C:1:1: error: expected unqualified-id
void P070_TAlienFile()
^
input_line_28:1:2: error: unknown type name 'include'
#include "/cvmfs/cms.cern.ch/slc7_amd64_gcc900/lcg/root/6.22.08-ljfedo/etc/plugins/TFile/P080_TXMLFile.C"
 ^
In file included from input_line_28:1:
/cvmfs/cms.cern.ch/slc7_amd64_gcc900/lcg/root/6.22.08-ljfedo/etc/plugins/TFile/P080_TXMLFile.C:1:1: error: expected unqualified-id
void P080_TXMLFile()
^
input_line_29:1:2: error: unknown type name 'include'
#include "/cvmfs/cms.cern.ch/slc7_amd64_gcc900/lcg/root/6.22.08-ljfedo/etc/plugins/TFile/P090_TSQLFile.C"
 ^
In file included from input_line_29:1:
/cvmfs/cms.cern.ch/slc7_amd64_gcc900/lcg/root/6.22.08-ljfedo/etc/plugins/TFile/P090_TSQLFile.C:1:1: error: expected unqualified-id
void P090_TSQLFile()
^
input_line_30:1:2: error: unknown type name 'include'
#include "/cvmfs/cms.cern.ch/slc7_amd64_gcc900/lcg/root/6.22.08-ljfedo/etc/plugins/TFile/P100_TXNetFile.C"
 ^
In file included from input_line_30:1:
/cvmfs/cms.cern.ch/slc7_amd64_gcc900/lcg/root/6.22.08-ljfedo/etc/plugins/TFile/P100_TXNetFile.C:1:1: error: expected unqualified-id
void P100_TXNetFile()
^
input_line_31:1:2: error: unknown type name 'include'
#include "/cvmfs/cms.cern.ch/slc7_amd64_gcc900/lcg/root/6.22.08-ljfedo/etc/plugins/TFile/P120_TNetFile.C"
 ^
In file included from input_line_31:1:
/cvmfs/cms.cern.ch/slc7_amd64_gcc900/lcg/root/6.22.08-ljfedo/etc/plugins/TFile/P120_TNetFile.C:1:1: error: expected unqualified-id
void P120_TNetFile()
^
input_line_32:1:2: error: unknown type name 'include'
#include "/cvmfs/cms.cern.ch/slc7_amd64_gcc900/lcg/root/6.22.08-ljfedo/etc/plugins/TFile/P130_TDavixFile.C"
 ^
In file included from input_line_32:1:
/cvmfs/cms.cern.ch/slc7_amd64_gcc900/lcg/root/6.22.08-ljfedo/etc/plugins/TFile/P130_TDavixFile.C:1:1: error: expected unqualified-id
void P130_TDavixFile()
^
input_line_33:1:2: error: unknown type name 'include'
#include "/cvmfs/cms.cern.ch/slc7_amd64_gcc900/lcg/root/6.22.08-ljfedo/etc/plugins/TFile/P150_TS3WebFile.C"
 ^
In file included from input_line_33:1:
/cvmfs/cms.cern.ch/slc7_amd64_gcc900/lcg/root/6.22.08-ljfedo/etc/plugins/TFile/P150_TS3WebFile.C:1:1: error: expected unqualified-id
void P150_TS3WebFile()
^
input_line_34:1:2: error: unknown type name 'include'
#include "/cvmfs/cms.cern.ch/slc7_amd64_gcc900/lcg/root/6.22.08-ljfedo/etc/plugins/TArchiveFile/P010_TZIPFile.C"
 ^
In file included from input_line_34:1:
/cvmfs/cms.cern.ch/slc7_amd64_gcc900/lcg/root/6.22.08-ljfedo/etc/plugins/TArchiveFile/P010_TZIPFile.C:1:1: error: expected unqualified-id
void P010_TZIPFile()
^
Error in <TClass::LoadClassInfo>: no interpreter information for class RooArgSet is available even though it has a TClass initialization routine.
Error in <TClass::LoadClassInfo>: no interpreter information for class RooArgSet is available even though it has a TClass initialization routine.
Error in <TClass::LoadClassInfo>: no interpreter information for class RooArgSet is available even though it has a TClass initialization routine.
Error in <TClass::LoadClassInfo>: no interpreter information for class RooArgSet is available even though it has a TClass initialization routine.
Error in <TClass::LoadClassInfo>: no interpreter information for class RooArgSet is available even though it has a TClass initialization routine.
Error in <TClass::LoadClassInfo>: no interpreter information for class RooArgSet is available even though it has a TClass initialization routine.
Error in <TClass::LoadClassInfo>: no interpreter information for class RooArgSet is available even though it has a TClass initialization routine.
Error in <TClass::LoadClassInfo>: no interpreter information for class RooArgSet is available even though it has a TClass initialization routine.
Error in <TClass::LoadClassInfo>: no interpreter information for class RooArgSet is available even though it has a TClass initialization routine.
Error in <TClass::LoadClassInfo>: no interpreter information for class RooArgSet is available even though it has a TClass initialization routine.
Error in <TClass::LoadClassInfo>: no interpreter information for class RooArgSet is available even though it has a TClass initialization routine.
Error in <TClass::LoadClassInfo>: no interpreter information for class RooArgSet is available even though it has a TClass initialization routine.
Error in <TClass::LoadClassInfo>: no interpreter information for class RooArgSet is available even though it has a TClass initialization routine.
Error in <TClass::LoadClassInfo>: no interpreter information for class RooArgSet is available even though it has a TClass initialization routine.
Error in <TClass::LoadClassInfo>: no interpreter information for class RooArgSet is available even though it has a TClass initialization routine.
Error in <TClass::LoadClassInfo>: no interpreter information for class RooArgSet is available even though it has a TClass initialization routine.
Error in <TClass::LoadClassInfo>: no interpreter information for class RooArgSet is available even though it has a TClass initialization routine.
Error in <TClass::LoadClassInfo>: no interpreter information for class RooArgSet is available even though it has a TClass initialization routine.
Error in <TClass::LoadClassInfo>: no interpreter information for class RooArgSet is available even though it has a TClass initialization routine.
Error in <TClass::LoadClassInfo>: no interpreter information for class RooArgSet is available even though it has a TClass initialization routine.
Error in <TClass::LoadClassInfo>: no interpreter information for class RooArgSet is available even though it has a TClass initialization routine.
Error in <TClass::LoadClassInfo>: no interpreter information for class RooArgSet is available even though it has a TClass initialization routine.
Error in <TClass::LoadClassInfo>: no interpreter information for class RooAbsCollection is available even though it has a TClass initialization routine.
Error in <TClass::LoadClassInfo>: no interpreter information for class RooAbsCollection is available even though it has a TClass initialization routine.
Error in <TClass::LoadClassInfo>: no interpreter information for class RooAbsCollection is available even though it has a TClass initialization routine.
Error in <TClass::LoadClassInfo>: no interpreter information for class RooAbsCollection is available even though it has a TClass initialization routine.
Error in <TClass::LoadClassInfo>: no interpreter information for class RooAbsCollection is available even though it has a TClass initialization routine.
Error in <TClass::LoadClassInfo>: no interpreter information for class RooAbsCollection is available even though it has a TClass initialization routine.
Error in <TClass::LoadClassInfo>: no interpreter information for class RooAbsCollection is available even though it has a TClass initialization routine.
Error in <TClass::LoadClassInfo>: no interpreter information for class RooAbsCollection is available even though it has a TClass initialization routine.
Error in <TClass::LoadClassInfo>: no interpreter information for class RooAbsCollection is available even though it has a TClass initialization routine.
Error in <TClass::LoadClassInfo>: no interpreter information for class RooAbsCollection is available even though it has a TClass initialization routine.
Error in <TClass::LoadClassInfo>: no interpreter information for class RooAbsCollection is available even though it has a TClass initialization routine.
Error in <TClass::LoadClassInfo>: no interpreter information for class RooAbsCollection is available even though it has a TClass initialization routine.
Error in <TClass::LoadClassInfo>: no interpreter information for class RooAbsCollection is available even though it has a TClass initialization routine.
Error in <TClass::LoadClassInfo>: no interpreter information for class RooAbsCollection is available even though it has a TClass initialization routine.
Warning in <TGenericClassInfo>: The rule for class: "RooAbsCollection": version, "[1]" and data members: "_allRRV" has been skipped because the target member (_allRRV) is unknown.
Error in <TClass::LoadClassInfo>: no interpreter information for class RooAbsCollection is available even though it has a TClass initialization routine.
Error in <TClass::LoadClassInfo>: no interpreter information for class RooAbsCollection is available even though it has a TClass initialization routine.
Error in <TClass::LoadClassInfo>: no interpreter information for class RooAbsCollection is available even though it has a TClass initialization routine.
Error in <TClass::LoadClassInfo>: no interpreter information for class RooAbsCollection is available even though it has a TClass initialization routine.
Error in <TClass::LoadClassInfo>: no interpreter information for class RooAbsCollection is available even though it has a TClass initialization routine.
Error in <TClass::LoadClassInfo>: no interpreter information for class RooAbsCollection is available even though it has a TClass initialization routine.
Error in <TClass::LoadClassInfo>: no interpreter information for class RooAbsCollection is available even though it has a TClass initialization routine.
Error in <TClass::LoadClassInfo>: no interpreter information for class RooAbsCollection is available even though it has a TClass initialization routine.
Error in <TClass::LoadClassInfo>: no interpreter information for class RooAbsCollection is available even though it has a TClass initialization routine.
Error in <TClass::LoadClassInfo>: no interpreter information for class RooAbsCollection is available even though it has a TClass initialization routine.
Error in <TClass::LoadClassInfo>: no interpreter information for class RooAbsCollection is available even though it has a TClass initialization routine.
Error in <TClass::LoadClassInfo>: no interpreter information for class RooAbsCollection is available even though it has a TClass initialization routine.
Error in <TClass::LoadClassInfo>: no interpreter information for class RooAbsCollection is available even though it has a TClass initialization routine.
Error in <TClass::LoadClassInfo>: no interpreter information for class RooAbsCollection is available even though it has a TClass initialization routine.
Warning in <TGenericClassInfo>: The rule for class: "RooAbsCollection": version, "[2]" and data members: "_list" has been skipped because the target member (_list) is unknown.
Error in <TClass::LoadClassInfo>: no interpreter information for class RooAbsCollection is available even though it has a TClass initialization routine.
Error in <TClass::LoadClassInfo>: no interpreter information for class RooAbsCollection is available even though it has a TClass initialization routine.
Error in <TClass::LoadClassInfo>: no interpreter information for class RooAbsCollection is available even though it has a TClass initialization routine.
Error in <TClass::LoadClassInfo>: no interpreter information for class RooAbsCollection is available even though it has a TClass initialization routine.
Error in <TClass::LoadClassInfo>: no interpreter information for class RooAbsCollection is available even though it has a TClass initialization routine.
Error in <TClass::LoadClassInfo>: no interpreter information for class RooAbsCollection is available even though it has a TClass initialization routine.
Error in <TClass::LoadClassInfo>: no interpreter information for class RooAbsCollection is available even though it has a TClass initialization routine.
Error in <TClass::LoadClassInfo>: no interpreter information for class RooAbsCollection is available even though it has a TClass initialization routine.
Error in <TClass::LoadClassInfo>: no interpreter information for class RooAbsCollection is available even though it has a TClass initialization routine.
Error in <TClass::LoadClassInfo>: no interpreter information for class RooAbsCollection is available even though it has a TClass initialization routine.
Error in <TClass::LoadClassInfo>: no interpreter information for class RooAbsCollection is available even though it has a TClass initialization routine.
Error in <TClass::LoadClassInfo>: no interpreter information for class RooAbsCollection is available even though it has a TClass initialization routine.
Error in <TClass::LoadClassInfo>: no interpreter information for class RooAbsCollection is available even though it has a TClass initialization routine.
Error in <TClass::LoadClassInfo>: no interpreter information for class RooAbsCollection is available even though it has a TClass initialization routine.
Error in <TClass::LoadClassInfo>: no interpreter information for class RooAbsCollection is available even though it has a TClass initialization routine.
Error in <TClass::LoadClassInfo>: no interpreter information for class RooAbsCollection is available even though it has a TClass initialization routine.
Error in <TClass::LoadClassInfo>: no interpreter information for class RooAbsCollection is available even though it has a TClass initialization routine.
Error in <TClass::LoadClassInfo>: no interpreter information for class RooAbsCollection is available even though it has a TClass initialization routine.
Error in <TClass::LoadClassInfo>: no interpreter information for class RooAbsCollection is available even though it has a TClass initialization routine.
Error in <TClass::LoadClassInfo>: no interpreter information for class RooAbsCollection is available even though it has a TClass initialization routine.
Error in <TClass::LoadClassInfo>: no interpreter information for class RooAbsCollection is available even though it has a TClass initialization routine.
Error in <TClass::LoadClassInfo>: no interpreter information for class RooAbsCollection is available even though it has a TClass initialization routine.
Error in <TClass::LoadClassInfo>: no interpreter information for class RooAbsCollection is available even though it has a TClass initialization routine.
Error in <TClass::LoadClassInfo>: no interpreter information for class RooAbsCollection is available even though it has a TClass initialization routine.
Error in <TClass::LoadClassInfo>: no interpreter information for class RooAbsCollection is available even though it has a TClass initialization routine.
Error in <TClass::LoadClassInfo>: no interpreter information for class RooAbsCollection is available even though it has a TClass initialization routine.
Error in <TClass::LoadClassInfo>: no interpreter information for class RooAbsCollection is available even though it has a TClass initialization routine.
Error in <TClass::LoadClassInfo>: no interpreter information for class RooAbsCollection is available even though it has a TClass initialization routine.
Error in <TClass::LoadClassInfo>: no interpreter information for class RooAbsCollection is available even though it has a TClass initialization routine.
Error in <TClass::LoadClassInfo>: no interpreter information for class RooAbsCollection is available even though it has a TClass initialization routine.
Error in <TClass::LoadClassInfo>: no interpreter information for class RooAbsCollection is available even though it has a TClass initialization routine.
Error in <TClass::LoadClassInfo>: no interpreter information for class RooAbsCollection is available even though it has a TClass initialization routine.
Error in <TClass::LoadClassInfo>: no interpreter information for class RooAbsCollection is available even though it has a TClass initialization routine.
Error in <TClass::LoadClassInfo>: no interpreter information for class RooAbsCollection is available even though it has a TClass initialization routine.
Error in <TClass::LoadClassInfo>: no interpreter information for class RooAbsCollection is available even though it has a TClass initialization routine.
Error in <TClass::LoadClassInfo>: no interpreter information for class RooAbsCollection is available even though it has a TClass initialization routine.
Error in <TClass::LoadClassInfo>: no interpreter information for class RooAbsCollection is available even though it has a TClass initialization routine.
Error in <TClass::LoadClassInfo>: no interpreter information for class RooAbsCollection is available even though it has a TClass initialization routine.
Error in <TClass::LoadClassInfo>: no interpreter information for class RooAbsCollection is available even though it has a TClass initialization routine.
Error in <TClass::LoadClassInfo>: no interpreter information for class RooAbsCollection is available even though it has a TClass initialization routine.
Error in <TClass::LoadClassInfo>: no interpreter information for class RooAbsCollection is available even though it has a TClass initialization routine.
Error in <TClass::LoadClassInfo>: no interpreter information for class RooAbsCollection is available even though it has a TClass initialization routine.
Error in <TClass::LoadClassInfo>: no interpreter information for class RooAbsCollection is available even though it has a TClass initialization routine.
Error in <TClass::LoadClassInfo>: no interpreter information for class RooAbsCollection is available even though it has a TClass initialization routine.
Error in <TClass::LoadClassInfo>: no interpreter information for class RooAbsCollection is available even though it has a TClass initialization routine.
Error in <TClass::LoadClassInfo>: no interpreter information for class RooAbsCollection is available even though it has a TClass initialization routine.
Error in <TClass::LoadClassInfo>: no interpreter information for class RooAbsCollection is available even though it has a TClass initialization routine.
Error in <TClass::LoadClassInfo>: no interpreter information for class RooAbsCollection is available even though it has a TClass initialization routine.
Error in <TClass::LoadClassInfo>: no interpreter information for class RooAbsCollection is available even though it has a TClass initialization routine.
Error in <TClass::LoadClassInfo>: no interpreter information for class RooAbsCollection is available even though it has a TClass initialization routine.
Error in <TClass::LoadClassInfo>: no interpreter information for class RooAbsCollection is available even though it has a TClass initialization routine.
Error in <TClass::LoadClassInfo>: no interpreter information for class RooAbsCollection is available even though it has a TClass initialization routine.
Error in <TClass::LoadClassInfo>: no interpreter information for class RooAbsCollection is available even though it has a TClass initialization routine.
Error in <TClass::LoadClassInfo>: no interpreter information for class RooAbsCollection is available even though it has a TClass initialization routine.
Error in <TClass::LoadClassInfo>: no interpreter information for class RooAbsCollection is available even though it has a TClass initialization routine.
Error in <TClass::LoadClassInfo>: no interpreter information for class RooAbsCollection is available even though it has a TClass initialization routine.
Error in <TClass::LoadClassInfo>: no interpreter information for class RooAbsCollection is available even though it has a TClass initialization routine.
Error in <TClass::LoadClassInfo>: no interpreter information for class RooAbsCollection is available even though it has a TClass initialization routine.
Error in <TClass::LoadClassInfo>: no interpreter information for class RooAbsCollection is available even though it has a TClass initialization routine.
Error in <TClass::LoadClassInfo>: no interpreter information for class RooAbsCollection is available even though it has a TClass initialization routine.
Error in <TClass::LoadClassInfo>: no interpreter information for class RooAbsCollection is available even though it has a TClass initialization routine.
Error in <TClass::LoadClassInfo>: no interpreter information for class RooAbsCollection is available even though it has a TClass initialization routine.
Error in <TClass::LoadClassInfo>: no interpreter information for class RooAbsCollection is available even though it has a TClass initialization routine.
Error in <TClass::LoadClassInfo>: no interpreter information for class RooAbsCollection is available even though it has a TClass initialization routine.
Error in <TClass::LoadClassInfo>: no interpreter information for class RooAbsCollection is available even though it has a TClass initialization routine.
Error in <TClass::LoadClassInfo>: no interpreter information for class RooAbsCollection is available even though it has a TClass initialization routine.
Error in <TClass::LoadClassInfo>: no interpreter information for class RooAbsCollection is available even though it has a TClass initialization routine.
Error in <TClass::LoadClassInfo>: no interpreter information for class RooAbsCollection is available even though it has a TClass initialization routine.
Error in <TClass::LoadClassInfo>: no interpreter information for class RooAbsCollection is available even though it has a TClass initialization routine.
Error in <TClass::LoadClassInfo>: no interpreter information for class RooAbsCollection is available even though it has a TClass initialization routine.
Error in <TClass::LoadClassInfo>: no interpreter information for class RooAbsCollection is available even though it has a TClass initialization routine.
Error in <TClass::LoadClassInfo>: no interpreter information for class RooAbsCollection is available even though it has a TClass initialization routine.
Error in <TClass::LoadClassInfo>: no interpreter information for class RooAbsCollection is available even though it has a TClass initialization routine.
Error in <TClass::LoadClassInfo>: no interpreter information for class RooAbsCollection is available even though it has a TClass initialization routine.
Error in <TClass::LoadClassInfo>: no interpreter information for class RooAbsCollection is available even though it has a TClass initialization routine.
Error in <TClass::LoadClassInfo>: no interpreter information for class RooAbsCollection is available even though it has a TClass initialization routine.
Error in <TClass::LoadClassInfo>: no interpreter information for class RooAbsCollection is available even though it has a TClass initialization routine.
Error in <TClass::LoadClassInfo>: no interpreter information for class RooAbsCollection is available even though it has a TClass initialization routine.
Error in <TClass::LoadClassInfo>: no interpreter information for class RooAbsCollection is available even though it has a TClass initialization routine.
Error in <TClass::LoadClassInfo>: no interpreter information for class RooAbsCollection is available even though it has a TClass initialization routine.
Error in <TClass::LoadClassInfo>: no interpreter information for class RooAbsCollection is available even though it has a TClass initialization routine.
Error in <TClass::LoadClassInfo>: no interpreter information for class RooAbsCollection is available even though it has a TClass initialization routine.
Error in <TClass::LoadClassInfo>: no interpreter information for class RooAbsCollection is available even though it has a TClass initialization routine.
Error in <TClass::LoadClassInfo>: no interpreter information for class RooAbsCollection is available even though it has a TClass initialization routine.
Error in <TClass::LoadClassInfo>: no interpreter information for class RooAbsCollection is available even though it has a TClass initialization routine.
Error in <TClass::LoadClassInfo>: no interpreter information for class RooAbsCollection is available even though it has a TClass initialization routine.
Error in <TClass::LoadClassInfo>: no interpreter information for class RooAbsCollection is available even though it has a TClass initialization routine.
Error in <TClass::LoadClassInfo>: no interpreter information for class RooAbsCollection is available even though it has a TClass initialization routine.
Error in <TClass::LoadClassInfo>: no interpreter information for class RooAbsCollection is available even though it has a TClass initialization routine.
Error in <TClass::LoadClassInfo>: no interpreter information for class RooAbsCollection is available even though it has a TClass initialization routine.
Error in <TClass::LoadClassInfo>: no interpreter information for class RooAbsCollection is available even though it has a TClass initialization routine.
Error in <TClass::LoadClassInfo>: no interpreter information for class RooAbsCollection is available even though it has a TClass initialization routine.
Error in <TClass::LoadClassInfo>: no interpreter information for class RooAbsCollection is available even though it has a TClass initialization routine.
Error in <TClass::LoadClassInfo>: no interpreter information for class RooAbsCollection is available even though it has a TClass initialization routine.
Error in <TClass::LoadClassInfo>: no interpreter information for class RooAbsCollection is available even though it has a TClass initialization routine.
Error in <TClass::LoadClassInfo>: no interpreter information for class RooAbsCollection is available even though it has a TClass initialization routine.
Error in <TClass::LoadClassInfo>: no interpreter information for class RooAbsCollection is available even though it has a TClass initialization routine.
Error in <TClass::LoadClassInfo>: no interpreter information for class RooAbsCollection is available even though it has a TClass initialization routine.
Error in <TClass::LoadClassInfo>: no interpreter information for class RooAbsCollection is available even though it has a TClass initialization routine.
Error in <TClass::LoadClassInfo>: no interpreter information for class RooAbsCollection is available even though it has a TClass initialization routine.
Error in <TClass::LoadClassInfo>: no interpreter information for class RooAbsCollection is available even though it has a TClass initialization routine.
Error in <TClass::LoadClassInfo>: no interpreter information for class RooAbsCollection is available even though it has a TClass initialization routine.
Error in <TClass::LoadClassInfo>: no interpreter information for class RooAbsCollection is available even though it has a TClass initialization routine.
Error in <TClass::LoadClassInfo>: no interpreter information for class RooAbsCollection is available even though it has a TClass initialization routine.
Error in <TClass::LoadClassInfo>: no interpreter information for class RooAbsCollection is available even though it has a TClass initialization routine.
Error in <TClass::LoadClassInfo>: no interpreter information for class RooAbsCollection is available even though it has a TClass initialization routine.
Error in <TClass::LoadClassInfo>: no interpreter information for class RooAbsCollection is available even though it has a TClass initialization routine.
Error in <TClass::LoadClassInfo>: no interpreter information for class RooAbsCollection is available even though it has a TClass initialization routine.
Error in <TClass::LoadClassInfo>: no interpreter information for class RooAbsCollection is available even though it has a TClass initialization routine.
Error in <TClass::LoadClassInfo>: no interpreter information for class RooAbsCollection is available even though it has a TClass initialization routine.
Error in <TClass::LoadClassInfo>: no interpreter information for class RooAbsCollection is available even though it has a TClass initialization routine.
Error in <TClass::LoadClassInfo>: no interpreter information for class RooAbsCollection is available even though it has a TClass initialization routine.
Error in <TClass::LoadClassInfo>: no interpreter information for class RooAbsCollection is available even though it has a TClass initialization routine.
Error in <TClass::LoadClassInfo>: no interpreter information for class RooAbsCollection is available even though it has a TClass initialization routine.
Error in <TClass::LoadClassInfo>: no interpreter information for class RooAbsCollection is available even though it has a TClass initialization routine.
Error in <TClass::LoadClassInfo>: no interpreter information for class RooAbsCollection is available even though it has a TClass initialization routine.
Error in <TClass::LoadClassInfo>: no interpreter information for class RooAbsCollection is available even though it has a TClass initialization routine.
Error in <TClass::LoadClassInfo>: no interpreter information for class RooAbsCollection is available even though it has a TClass initialization routine.
Error in <TClass::LoadClassInfo>: no interpreter information for class RooAbsCollection is available even though it has a TClass initialization routine.
Error in <TClass::LoadClassInfo>: no interpreter information for class RooAbsCollection is available even though it has a TClass initialization routine.
Error in <TClass::LoadClassInfo>: no interpreter information for class RooAbsCollection is available even though it has a TClass initialization routine.
Error in <TClass::LoadClassInfo>: no interpreter information for class RooAbsCollection is available even though it has a TClass initialization routine.
Error in <TClass::LoadClassInfo>: no interpreter information for class RooAbsCollection is available even though it has a TClass initialization routine.
Error in <TClass::LoadClassInfo>: no interpreter information for class RooAbsCollection is available even though it has a TClass initialization routine.
Error in <TClass::LoadClassInfo>: no interpreter information for class RooAbsCollection is available even though it has a TClass initialization routine.
Error in <TClass::LoadClassInfo>: no interpreter information for class RooAbsCollection is available even though it has a TClass initialization routine.
Warning in <TStreamerInfo::BuildCheck>: 
   The StreamerInfo of class RooAbsCollection read from file /data/pku/home/zhaoyz/Higgs/boostedHWW/combine/combination/full_datacards/higgsCombineSnapshot.MultiDimFit.mH125.root
   has the same version (=3) as the active class but a different checksum.
   You should update the version to ClassDef(RooAbsCollection,4).
   Do not try to write objects with the current class definition,
   the files will not be readable.

Error in <TClass::LoadClassInfo>: no interpreter information for class RooAbsCollection is available even though it has a TClass initialization routine.
Error in <TClass::LoadClassInfo>: no interpreter information for class RooAbsCollection is available even though it has a TClass initialization routine.
Error in <TClass::LoadClassInfo>: no interpreter information for class RooAbsCollection is available even though it has a TClass initialization routine.
Error in <TClass::LoadClassInfo>: no interpreter information for class RooAbsCollection is available even though it has a TClass initialization routine.
Error in <TClass::LoadClassInfo>: no interpreter information for class RooAbsCollection is available even though it has a TClass initialization routine.
Error in <TClass::LoadClassInfo>: no interpreter information for class RooAbsCollection is available even though it has a TClass initialization routine.
Error in <TClass::LoadClassInfo>: no interpreter information for class RooAbsCollection is available even though it has a TClass initialization routine.
Error in <TClass::LoadClassInfo>: no interpreter information for class RooAbsCollection is available even though it has a TClass initialization routine.
Error in <TClass::LoadClassInfo>: no interpreter information for class RooAbsCollection is available even though it has a TClass initialization routine.
Error in <TClass::LoadClassInfo>: no interpreter information for class RooAbsCollection is available even though it has a TClass initialization routine.
Error in <TClass::LoadClassInfo>: no interpreter information for class RooAbsCollection is available even though it has a TClass initialization routine.
Error in <TClass::LoadClassInfo>: no interpreter information for class RooAbsCollection is available even though it has a TClass initialization routine.
Error in <TClass::LoadClassInfo>: no interpreter information for class RooAbsCollection is available even though it has a TClass initialization routine.
Error in <TClass::LoadClassInfo>: no interpreter information for class RooAbsCollection is available even though it has a TClass initialization routine.
Warning in <TStreamerInfo::CompareContent>: The on-file layout version 3 for class 'RooAbsCollection'  has a base class (TObject) that the in-memory layout version 3 does not have
Warning in <TStreamerInfo::CompareContent>: The on-file layout version 3 for class 'RooAbsCollection'  has a base class (RooPrintable) that the in-memory layout version 3 does not have
Error in <TClass::LoadClassInfo>: no interpreter information for class RooPrintable is available even though it has a TClass initialization routine.
Error in <TClass::LoadClassInfo>: no interpreter information for class RooPrintable is available even though it has a TClass initialization routine.
Error in <TClass::LoadClassInfo>: no interpreter information for class RooPrintable is available even though it has a TClass initialization routine.
Error in <TClass::LoadClassInfo>: no interpreter information for class RooPrintable is available even though it has a TClass initialization routine.
Error in <TClass::LoadClassInfo>: no interpreter information for class RooPrintable is available even though it has a TClass initialization routine.
Error in <TClass::LoadClassInfo>: no interpreter information for class RooPrintable is available even though it has a TClass initialization routine.
Error in <TClass::LoadClassInfo>: no interpreter information for class RooPrintable is available even though it has a TClass initialization routine.
Error in <TClass::LoadClassInfo>: no interpreter information for class RooPrintable is available even though it has a TClass initialization routine.
Error in <TClass::LoadClassInfo>: no interpreter information for class RooPrintable is available even though it has a TClass initialization routine.
Error in <TClass::LoadClassInfo>: no interpreter information for class RooPrintable is available even though it has a TClass initialization routine.
Error in <TClass::LoadClassInfo>: no interpreter information for class RooPrintable is available even though it has a TClass initialization routine.
Error in <TClass::LoadClassInfo>: no interpreter information for class RooPrintable is available even though it has a TClass initialization routine.
Error in <TClass::LoadClassInfo>: no interpreter information for class RooPrintable is available even though it has a TClass initialization routine.
Error in <TClass::LoadClassInfo>: no interpreter information for class RooPrintable is available even though it has a TClass initialization routine.
Error in <TClass::LoadClassInfo>: no interpreter information for class RooPrintable is available even though it has a TClass initialization routine.
Error in <TClass::LoadClassInfo>: no interpreter information for class RooPrintable is available even though it has a TClass initialization routine.
Error in <TClass::LoadClassInfo>: no interpreter information for class RooPrintable is available even though it has a TClass initialization routine.
Error in <TClass::LoadClassInfo>: no interpreter information for class RooPrintable is available even though it has a TClass initialization routine.
Error in <TClass::LoadClassInfo>: no interpreter information for class RooPrintable is available even though it has a TClass initialization routine.
Error in <TClass::LoadClassInfo>: no interpreter information for class RooPrintable is available even though it has a TClass initialization routine.
Error in <TClass::LoadClassInfo>: no interpreter information for class RooPrintable is available even though it has a TClass initialization routine.
Error in <TClass::LoadClassInfo>: no interpreter information for class RooPrintable is available even though it has a TClass initialization routine.
Error in <TClass::LoadClassInfo>: no interpreter information for class RooPrintable is available even though it has a TClass initialization routine.
Error in <TClass::LoadClassInfo>: no interpreter information for class RooPrintable is available even though it has a TClass initialization routine.
Error in <TClass::LoadClassInfo>: no interpreter information for class RooPrintable is available even though it has a TClass initialization routine.
Error in <TClass::LoadClassInfo>: no interpreter information for class RooPrintable is available even though it has a TClass initialization routine.
Warning in <TStreamerInfo::CompareContent>: The following data member of
the in-memory layout version 3 of class 'RooAbsCollection' is missing from 
the on-file layout version 3:
   vector<RooAbsArg*> _list; //
Warning in <TStreamerInfo::CompareContent>: The following data member of
the in-memory layout version 3 of class 'RooAbsCollection' is missing from 
the on-file layout version 3:
   bool _ownCont; //
Warning in <TStreamerInfo::CompareContent>: The following data member of
the in-memory layout version 3 of class 'RooAbsCollection' is missing from 
the on-file layout version 3:
   TString _name; //
Warning in <TStreamerInfo::CompareContent>: The following data member of
the in-memory layout version 3 of class 'RooAbsCollection' is missing from 
the on-file layout version 3:
   bool _allRRV; //
Error in <TClass::LoadClassInfo>: no interpreter information for class RooPrintable is available even though it has a TClass initialization routine.
Error in <TClass::LoadClassInfo>: no interpreter information for class RooPrintable is available even though it has a TClass initialization routine.
Error in <TClass::LoadClassInfo>: no interpreter information for class RooPrintable is available even though it has a TClass initialization routine.
Error in <TClass::LoadClassInfo>: no interpreter information for class RooPrintable is available even though it has a TClass initialization routine.
Error in <TClass::LoadClassInfo>: no interpreter information for class RooWorkspace is available even though it has a TClass initialization routine.
Error in <TClass::LoadClassInfo>: no interpreter information for class RooWorkspace is available even though it has a TClass initialization routine.
Error in <TClass::LoadClassInfo>: no interpreter information for class RooWorkspace is available even though it has a TClass initialization routine.
Error in <TClass::LoadClassInfo>: no interpreter information for class RooWorkspace is available even though it has a TClass initialization routine.
Error in <TClass::LoadClassInfo>: no interpreter information for class RooWorkspace is available even though it has a TClass initialization routine.
Error in <TClass::LoadClassInfo>: no interpreter information for class RooWorkspace is available even though it has a TClass initialization routine.
Error in <TClass::LoadClassInfo>: no interpreter information for class RooWorkspace is available even though it has a TClass initialization routine.
Error in <TClass::LoadClassInfo>: no interpreter information for class RooWorkspace is available even though it has a TClass initialization routine.
Error in <TClass::LoadClassInfo>: no interpreter information for class RooWorkspace is available even though it has a TClass initialization routine.
Error in <TClass::LoadClassInfo>: no interpreter information for class RooWorkspace is available even though it has a TClass initialization routine.
Error in <TClass::LoadClassInfo>: no interpreter information for class RooWorkspace is available even though it has a TClass initialization routine.
Error in <TClass::LoadClassInfo>: no interpreter information for class RooWorkspace is available even though it has a TClass initialization routine.
Error in <TClass::LoadClassInfo>: no interpreter information for class RooWorkspace is available even though it has a TClass initialization routine.
Error in <TClass::LoadClassInfo>: no interpreter information for class RooWorkspace is available even though it has a TClass initialization routine.
Error in <TClass::LoadClassInfo>: no interpreter information for class RooWorkspace is available even though it has a TClass initialization routine.
Error in <TClass::LoadClassInfo>: no interpreter information for class RooWorkspace is available even though it has a TClass initialization routine.
Error in <TClass::LoadClassInfo>: no interpreter information for class RooWorkspace is available even though it has a TClass initialization routine.
Error in <TClass::LoadClassInfo>: no interpreter information for class RooWorkspace is available even though it has a TClass initialization routine.
Error in <TClass::LoadClassInfo>: no interpreter information for class RooWorkspace is available even though it has a TClass initialization routine.
Error in <TClass::LoadClassInfo>: no interpreter information for class RooWorkspace is available even though it has a TClass initialization routine.
Error in <TClass::LoadClassInfo>: no interpreter information for class RooWorkspace is available even though it has a TClass initialization routine.
Error in <TClass::LoadClassInfo>: no interpreter information for class RooWorkspace is available even though it has a TClass initialization routine.
Error in <TClass::LoadClassInfo>: no interpreter information for class RooWorkspace is available even though it has a TClass initialization routine.
Error in <TClass::LoadClassInfo>: no interpreter information for class RooWorkspace is available even though it has a TClass initialization routine.
Error in <TClass::LoadClassInfo>: no interpreter information for class RooWorkspace is available even though it has a TClass initialization routine.
Error in <TClass::LoadClassInfo>: no interpreter information for class RooWorkspace is available even though it has a TClass initialization routine.
Error in <TClass::LoadClassInfo>: no interpreter information for class RooWorkspace is available even though it has a TClass initialization routine.
Error in <TClass::LoadClassInfo>: no interpreter information for class RooWorkspace is available even though it has a TClass initialization routine.
Error in <TClass::LoadClassInfo>: no interpreter information for class RooWorkspace is available even though it has a TClass initialization routine.
Error in <TClass::LoadClassInfo>: no interpreter information for class RooWorkspace is available even though it has a TClass initialization routine.
Error in <TClass::LoadClassInfo>: no interpreter information for class RooWorkspace is available even though it has a TClass initialization routine.
Error in <TClass::LoadClassInfo>: no interpreter information for class RooWorkspace is available even though it has a TClass initialization routine.
Error in <TClass::LoadClassInfo>: no interpreter information for class RooWorkspace is available even though it has a TClass initialization routine.
Error in <TClass::LoadClassInfo>: no interpreter information for class RooWorkspace is available even though it has a TClass initialization routine.
Error in <TClass::LoadClassInfo>: no interpreter information for class RooWorkspace is available even though it has a TClass initialization routine.
Error in <TClass::LoadClassInfo>: no interpreter information for class RooWorkspace is available even though it has a TClass initialization routine.
Error in <TClass::LoadClassInfo>: no interpreter information for class RooWorkspace is available even though it has a TClass initialization routine.
Error in <TClass::LoadClassInfo>: no interpreter information for class RooWorkspace is available even though it has a TClass initialization routine.
Error in <TClass::LoadClassInfo>: no interpreter information for class RooWorkspace is available even though it has a TClass initialization routine.
Error in <TClass::LoadClassInfo>: no interpreter information for class RooWorkspace is available even though it has a TClass initialization routine.
Error in <TClass::LoadClassInfo>: no interpreter information for class RooWorkspace is available even though it has a TClass initialization routine.
Error in <TClass::LoadClassInfo>: no interpreter information for class RooWorkspace is available even though it has a TClass initialization routine.
Error in <TClass::LoadClassInfo>: no interpreter information for class RooWorkspace is available even though it has a TClass initialization routine.
Error in <TClass::LoadClassInfo>: no interpreter information for class RooWorkspace is available even though it has a TClass initialization routine.
Error in <TClass::LoadClassInfo>: no interpreter information for class RooWorkspace is available even though it has a TClass initialization routine.
Error in <TClass::LoadClassInfo>: no interpreter information for class RooWorkspace is available even though it has a TClass initialization routine.
Error in <TClass::LoadClassInfo>: no interpreter information for class RooWorkspace is available even though it has a TClass initialization routine.
Error in <TClass::LoadClassInfo>: no interpreter information for class RooWorkspace is available even though it has a TClass initialization routine.
Error in <TClass::LoadClassInfo>: no interpreter information for class RooWorkspace is available even though it has a TClass initialization routine.
Error in <TClass::LoadClassInfo>: no interpreter information for class RooWorkspace is available even though it has a TClass initialization routine.
Error in <TClass::LoadClassInfo>: no interpreter information for class RooWorkspace is available even though it has a TClass initialization routine.
Error in <TClass::LoadClassInfo>: no interpreter information for class RooWorkspace is available even though it has a TClass initialization routine.
Error in <TClass::LoadClassInfo>: no interpreter information for class RooWorkspace is available even though it has a TClass initialization routine.
Error in <TClass::LoadClassInfo>: no interpreter information for class RooWorkspace is available even though it has a TClass initialization routine.
Error in <TClass::LoadClassInfo>: no interpreter information for class RooWorkspace is available even though it has a TClass initialization routine.
Error in <TClass::LoadClassInfo>: no interpreter information for class RooWorkspace is available even though it has a TClass initialization routine.
Error in <TClass::LoadClassInfo>: no interpreter information for class RooWorkspace is available even though it has a TClass initialization routine.
Error in <TClass::LoadClassInfo>: no interpreter information for class RooWorkspace is available even though it has a TClass initialization routine.
Error in <TClass::LoadClassInfo>: no interpreter information for class RooWorkspace is available even though it has a TClass initialization routine.
Error in <TClass::LoadClassInfo>: no interpreter information for class RooWorkspace is available even though it has a TClass initialization routine.
Error in <TClass::LoadClassInfo>: no interpreter information for class RooWorkspace is available even though it has a TClass initialization routine.
Error in <TClass::LoadClassInfo>: no interpreter information for class RooWorkspace is available even though it has a TClass initialization routine.
Error in <TClass::LoadClassInfo>: no interpreter information for class RooWorkspace is available even though it has a TClass initialization routine.
Error in <TClass::LoadClassInfo>: no interpreter information for class RooWorkspace is available even though it has a TClass initialization routine.
Error in <TClass::LoadClassInfo>: no interpreter information for class RooWorkspace is available even though it has a TClass initialization routine.
Error in <TClass::LoadClassInfo>: no interpreter information for class RooWorkspace is available even though it has a TClass initialization routine.
Error in <TClass::LoadClassInfo>: no interpreter information for class RooWorkspace is available even though it has a TClass initialization routine.
Error in <TClass::LoadClassInfo>: no interpreter information for class RooWorkspace is available even though it has a TClass initialization routine.
Error in <TClass::LoadClassInfo>: no interpreter information for class RooWorkspace is available even though it has a TClass initialization routine.
Error in <TClass::LoadClassInfo>: no interpreter information for class RooWorkspace is available even though it has a TClass initialization routine.
Error in <TClass::LoadClassInfo>: no interpreter information for class RooWorkspace is available even though it has a TClass initialization routine.
Error in <TClass::LoadClassInfo>: no interpreter information for class RooWorkspace is available even though it has a TClass initialization routine.
Error in <TClass::LoadClassInfo>: no interpreter information for class RooWorkspace is available even though it has a TClass initialization routine.
Error in <TClass::LoadClassInfo>: no interpreter information for class RooWorkspace is available even though it has a TClass initialization routine.
Error in <TClass::LoadClassInfo>: no interpreter information for class RooWorkspace is available even though it has a TClass initialization routine.
Error in <TClass::LoadClassInfo>: no interpreter information for class RooWorkspace is available even though it has a TClass initialization routine.
Error in <TClass::LoadClassInfo>: no interpreter information for class RooWorkspace is available even though it has a TClass initialization routine.
Error in <TClass::LoadClassInfo>: no interpreter information for class RooWorkspace is available even though it has a TClass initialization routine.
Error in <TClass::LoadClassInfo>: no interpreter information for class RooWorkspace is available even though it has a TClass initialization routine.
Error in <TClass::LoadClassInfo>: no interpreter information for class RooWorkspace is available even though it has a TClass initialization routine.
Error in <TClass::LoadClassInfo>: no interpreter information for class RooWorkspace is available even though it has a TClass initialization routine.
Error in <TClass::LoadClassInfo>: no interpreter information for class RooWorkspace is available even though it has a TClass initialization routine.
Error in <TClass::LoadClassInfo>: no interpreter information for class RooWorkspace is available even though it has a TClass initialization routine.
Error in <TClass::LoadClassInfo>: no interpreter information for class RooWorkspace is available even though it has a TClass initialization routine.
Error in <TClass::LoadClassInfo>: no interpreter information for class RooWorkspace is available even though it has a TClass initialization routine.
Error in <TClass::LoadClassInfo>: no interpreter information for class RooWorkspace is available even though it has a TClass initialization routine.
Error in <TClass::LoadClassInfo>: no interpreter information for class RooWorkspace is available even though it has a TClass initialization routine.
Error in <TClass::LoadClassInfo>: no interpreter information for class RooWorkspace is available even though it has a TClass initialization routine.
Error in <TClass::LoadClassInfo>: no interpreter information for class RooWorkspace is available even though it has a TClass initialization routine.
Error in <TClass::LoadClassInfo>: no interpreter information for class RooWorkspace is available even though it has a TClass initialization routine.
Error in <TClass::LoadClassInfo>: no interpreter information for class RooWorkspace is available even though it has a TClass initialization routine.
Error in <TClass::LoadClassInfo>: no interpreter information for class RooWorkspace is available even though it has a TClass initialization routine.
Error in <TClass::LoadClassInfo>: no interpreter information for class RooWorkspace is available even though it has a TClass initialization routine.
Error in <TClass::LoadClassInfo>: no interpreter information for class RooWorkspace is available even though it has a TClass initialization routine.
Error in <TClass::LoadClassInfo>: no interpreter information for class RooWorkspace is available even though it has a TClass initialization routine.
Error in <TClass::LoadClassInfo>: no interpreter information for class RooWorkspace is available even though it has a TClass initialization routine.
Error in <TClass::LoadClassInfo>: no interpreter information for class RooWorkspace is available even though it has a TClass initialization routine.
Error in <TClass::LoadClassInfo>: no interpreter information for class RooWorkspace is available even though it has a TClass initialization routine.
Error in <TClass::LoadClassInfo>: no interpreter information for class RooWorkspace is available even though it has a TClass initialization routine.
Error in <TClass::LoadClassInfo>: no interpreter information for class RooWorkspace is available even though it has a TClass initialization routine.
Error in <TClass::LoadClassInfo>: no interpreter information for class RooWorkspace is available even though it has a TClass initialization routine.
Error in <TClass::LoadClassInfo>: no interpreter information for class RooWorkspace is available even though it has a TClass initialization routine.
Error in <TClass::LoadClassInfo>: no interpreter information for class RooWorkspace is available even though it has a TClass initialization routine.
Error in <TClass::LoadClassInfo>: no interpreter information for class RooWorkspace is available even though it has a TClass initialization routine.
Error in <TClass::LoadClassInfo>: no interpreter information for class RooWorkspace is available even though it has a TClass initialization routine.
Error in <TClass::LoadClassInfo>: no interpreter information for class RooWorkspace is available even though it has a TClass initialization routine.
Error in <TClass::LoadClassInfo>: no interpreter information for class RooWorkspace is available even though it has a TClass initialization routine.
Error in <TClass::LoadClassInfo>: no interpreter information for class RooWorkspace is available even though it has a TClass initialization routine.
Error in <TClass::LoadClassInfo>: no interpreter information for class RooWorkspace is available even though it has a TClass initialization routine.
Error in <TClass::LoadClassInfo>: no interpreter information for class RooWorkspace is available even though it has a TClass initialization routine.
Error in <TClass::LoadClassInfo>: no interpreter information for class RooWorkspace is available even though it has a TClass initialization routine.
Error in <TClass::LoadClassInfo>: no interpreter information for class RooWorkspace is available even though it has a TClass initialization routine.
Error in <TClass::LoadClassInfo>: no interpreter information for class RooWorkspace is available even though it has a TClass initialization routine.
Error in <TClass::LoadClassInfo>: no interpreter information for class RooWorkspace is available even though it has a TClass initialization routine.
Error in <TClass::LoadClassInfo>: no interpreter information for class RooWorkspace is available even though it has a TClass initialization routine.
Error in <TClass::LoadClassInfo>: no interpreter information for class RooWorkspace is available even though it has a TClass initialization routine.
Error in <TClass::LoadClassInfo>: no interpreter information for class RooWorkspace is available even though it has a TClass initialization routine.
Error in <TClass::LoadClassInfo>: no interpreter information for class RooWorkspace is available even though it has a TClass initialization routine.
Error in <TClass::LoadClassInfo>: no interpreter information for class RooWorkspace is available even though it has a TClass initialization routine.
Error in <TClass::LoadClassInfo>: no interpreter information for class RooWorkspace is available even though it has a TClass initialization routine.
Error in <TClass::LoadClassInfo>: no interpreter information for class RooWorkspace is available even though it has a TClass initialization routine.
Error in <TClass::LoadClassInfo>: no interpreter information for class RooWorkspace is available even though it has a TClass initialization routine.
Error in <TClass::LoadClassInfo>: no interpreter information for class RooWorkspace is available even though it has a TClass initialization routine.
Error in <TClass::LoadClassInfo>: no interpreter information for class RooWorkspace is available even though it has a TClass initialization routine.
Error in <TClass::LoadClassInfo>: no interpreter information for class RooWorkspace is available even though it has a TClass initialization routine.
Error in <TClass::LoadClassInfo>: no interpreter information for class RooWorkspace is available even though it has a TClass initialization routine.
Warning in <TStreamerInfo::BuildCheck>: 
   The StreamerInfo of class RooWorkspace read from file /data/pku/home/zhaoyz/Higgs/boostedHWW/combine/combination/full_datacards/higgsCombineSnapshot.MultiDimFit.mH125.root
   has the same version (=8) as the active class but a different checksum.
   You should update the version to ClassDef(RooWorkspace,9).
   Do not try to write objects with the current class definition,
   the files will not be readable.

Error in <TClass::LoadClassInfo>: no interpreter information for class RooWorkspace is available even though it has a TClass initialization routine.
Error in <TClass::LoadClassInfo>: no interpreter information for class RooWorkspace is available even though it has a TClass initialization routine.
Error in <TClass::LoadClassInfo>: no interpreter information for class RooWorkspace is available even though it has a TClass initialization routine.
Error in <TClass::LoadClassInfo>: no interpreter information for class RooWorkspace is available even though it has a TClass initialization routine.
Error in <TClass::LoadClassInfo>: no interpreter information for class RooWorkspace is available even though it has a TClass initialization routine.
Error in <TClass::LoadClassInfo>: no interpreter information for class RooWorkspace is available even though it has a TClass initialization routine.
Error in <TClass::LoadClassInfo>: no interpreter information for class RooWorkspace is available even though it has a TClass initialization routine.
Error in <TClass::LoadClassInfo>: no interpreter information for class RooWorkspace is available even though it has a TClass initialization routine.
Error in <TClass::LoadClassInfo>: no interpreter information for class RooWorkspace is available even though it has a TClass initialization routine.
Error in <TClass::LoadClassInfo>: no interpreter information for class RooWorkspace is available even though it has a TClass initialization routine.
Error in <TClass::LoadClassInfo>: no interpreter information for class RooWorkspace is available even though it has a TClass initialization routine.
Error in <TClass::LoadClassInfo>: no interpreter information for class RooWorkspace is available even though it has a TClass initialization routine.
Error in <TClass::LoadClassInfo>: no interpreter information for class RooWorkspace is available even though it has a TClass initialization routine.
Error in <TClass::LoadClassInfo>: no interpreter information for class RooWorkspace is available even though it has a TClass initialization routine.
Warning in <TStreamerInfo::CompareContent>: The on-file layout version 8 for class 'RooWorkspace'  has a base class (TNamed) that the in-memory layout version 8 does not have
Warning in <TStreamerInfo::CompareContent>: The following data member of
the in-memory layout version 8 of class 'RooWorkspace' is missing from 
the on-file layout version 8:
   TUUID _uuid; //
Warning in <TStreamerInfo::CompareContent>: The following data member of
the in-memory layout version 8 of class 'RooWorkspace' is missing from 
the on-file layout version 8:
   RooWorkspace::CodeRepo _classes; //
Warning in <TStreamerInfo::CompareContent>: The following data member of
the in-memory layout version 8 of class 'RooWorkspace' is missing from 
the on-file layout version 8:
   RooArgSet _allOwnedNodes; //
Warning in <TStreamerInfo::CompareContent>: The following data member of
the in-memory layout version 8 of class 'RooWorkspace' is missing from 
the on-file layout version 8:
   RooLinkedList _dataList; //
Warning in <TStreamerInfo::CompareContent>: The following data member of
the in-memory layout version 8 of class 'RooWorkspace' is missing from 
the on-file layout version 8:
   RooLinkedList _embeddedDataList; //
Warning in <TStreamerInfo::CompareContent>: The following data member of
the in-memory layout version 8 of class 'RooWorkspace' is missing from 
the on-file layout version 8:
   RooLinkedList _views; //
Warning in <TStreamerInfo::CompareContent>: The following data member of
the in-memory layout version 8 of class 'RooWorkspace' is missing from 
the on-file layout version 8:
   RooLinkedList _snapshots; //
Warning in <TStreamerInfo::CompareContent>: The following data member of
the in-memory layout version 8 of class 'RooWorkspace' is missing from 
the on-file layout version 8:
   RooLinkedList _genObjects; //
Warning in <TStreamerInfo::CompareContent>: The following data member of
the in-memory layout version 8 of class 'RooWorkspace' is missing from 
the on-file layout version 8:
   RooLinkedList _studyMods; //
Warning in <TStreamerInfo::CompareContent>: The following data member of
the in-memory layout version 8 of class 'RooWorkspace' is missing from 
the on-file layout version 8:
   map<string,RooArgSet> _namedSets; //
Warning in <TStreamerInfo::CompareContent>: The following data member of
the in-memory layout version 8 of class 'RooWorkspace' is missing from 
the on-file layout version 8:
   RooExpensiveObjectCache _eocache; //
Error in <TClass::LoadClassInfo>: no interpreter information for class RooAbsRealLValue is available even though it has a TClass initialization routine.
Error in <TClass::LoadClassInfo>: no interpreter information for class RooAbsRealLValue is available even though it has a TClass initialization routine.
Error in <TClass::LoadClassInfo>: no interpreter information for class RooAbsRealLValue is available even though it has a TClass initialization routine.
Error in <TClass::LoadClassInfo>: no interpreter information for class RooAbsRealLValue is available even though it has a TClass initialization routine.
Error in <TClass::LoadClassInfo>: no interpreter information for class RooAbsRealLValue is available even though it has a TClass initialization routine.
Error in <TClass::LoadClassInfo>: no interpreter information for class RooAbsRealLValue is available even though it has a TClass initialization routine.
Error in <TClass::LoadClassInfo>: no interpreter information for class RooAbsRealLValue is available even though it has a TClass initialization routine.
Error in <TClass::LoadClassInfo>: no interpreter information for class RooAbsRealLValue is available even though it has a TClass initialization routine.
Error in <TClass::LoadClassInfo>: no interpreter information for class RooAbsRealLValue is available even though it has a TClass initialization routine.
Error in <TClass::LoadClassInfo>: no interpreter information for class RooAbsRealLValue is available even though it has a TClass initialization routine.
Error in <TClass::LoadClassInfo>: no interpreter information for class RooAbsRealLValue is available even though it has a TClass initialization routine.
Error in <TClass::LoadClassInfo>: no interpreter information for class RooAbsRealLValue is available even though it has a TClass initialization routine.
Error in <TClass::LoadClassInfo>: no interpreter information for class RooAbsRealLValue is available even though it has a TClass initialization routine.
Error in <TClass::LoadClassInfo>: no interpreter information for class RooAbsRealLValue is available even though it has a TClass initialization routine.
Error in <TClass::LoadClassInfo>: no interpreter information for class RooAbsRealLValue is available even though it has a TClass initialization routine.
Error in <TClass::LoadClassInfo>: no interpreter information for class RooAbsRealLValue is available even though it has a TClass initialization routine.
Error in <TClass::LoadClassInfo>: no interpreter information for class RooAbsRealLValue is available even though it has a TClass initialization routine.
Error in <TClass::LoadClassInfo>: no interpreter information for class RooAbsRealLValue is available even though it has a TClass initialization routine.
Error in <TClass::LoadClassInfo>: no interpreter information for class RooAbsRealLValue is available even though it has a TClass initialization routine.
Error in <TClass::LoadClassInfo>: no interpreter information for class RooAbsRealLValue is available even though it has a TClass initialization routine.
Error in <TClass::LoadClassInfo>: no interpreter information for class RooAbsRealLValue is available even though it has a TClass initialization routine.
Error in <TClass::LoadClassInfo>: no interpreter information for class RooAbsRealLValue is available even though it has a TClass initialization routine.
Error in <TClass::LoadClassInfo>: no interpreter information for class RooAbsReal is available even though it has a TClass initialization routine.
Error in <TClass::LoadClassInfo>: no interpreter information for class RooAbsReal is available even though it has a TClass initialization routine.
Error in <TClass::LoadClassInfo>: no interpreter information for class RooAbsReal is available even though it has a TClass initialization routine.
Error in <TClass::LoadClassInfo>: no interpreter information for class RooAbsReal is available even though it has a TClass initialization routine.
Error in <TClass::LoadClassInfo>: no interpreter information for class RooAbsReal is available even though it has a TClass initialization routine.
Error in <TClass::LoadClassInfo>: no interpreter information for class RooAbsReal is available even though it has a TClass initialization routine.
Error in <TClass::LoadClassInfo>: no interpreter information for class RooAbsReal is available even though it has a TClass initialization routine.
Error in <TClass::LoadClassInfo>: no interpreter information for class RooAbsReal is available even though it has a TClass initialization routine.
Error in <TClass::LoadClassInfo>: no interpreter information for class RooAbsReal is available even though it has a TClass initialization routine.
Error in <TClass::LoadClassInfo>: no interpreter information for class RooAbsReal is available even though it has a TClass initialization routine.
Error in <TClass::LoadClassInfo>: no interpreter information for class RooAbsReal is available even though it has a TClass initialization routine.
Error in <TClass::LoadClassInfo>: no interpreter information for class RooAbsReal is available even though it has a TClass initialization routine.
Error in <TClass::LoadClassInfo>: no interpreter information for class RooAbsReal is available even though it has a TClass initialization routine.
Error in <TClass::LoadClassInfo>: no interpreter information for class RooAbsReal is available even though it has a TClass initialization routine.
Error in <TClass::LoadClassInfo>: no interpreter information for class RooAbsReal is available even though it has a TClass initialization routine.
Error in <TClass::LoadClassInfo>: no interpreter information for class RooAbsReal is available even though it has a TClass initialization routine.
Error in <TClass::LoadClassInfo>: no interpreter information for class RooAbsReal is available even though it has a TClass initialization routine.
Error in <TClass::LoadClassInfo>: no interpreter information for class RooAbsReal is available even though it has a TClass initialization routine.
Error in <TClass::LoadClassInfo>: no interpreter information for class RooAbsReal is available even though it has a TClass initialization routine.
Error in <TClass::LoadClassInfo>: no interpreter information for class RooAbsReal is available even though it has a TClass initialization routine.
Error in <TClass::LoadClassInfo>: no interpreter information for class RooAbsReal is available even though it has a TClass initialization routine.
Error in <TClass::LoadClassInfo>: no interpreter information for class RooAbsReal is available even though it has a TClass initialization routine.
Error in <TClass::LoadClassInfo>: no interpreter information for class RooAbsReal is available even though it has a TClass initialization routine.
Error in <TClass::LoadClassInfo>: no interpreter information for class RooAbsReal is available even though it has a TClass initialization routine.
Error in <TClass::LoadClassInfo>: no interpreter information for class RooAbsReal is available even though it has a TClass initialization routine.
Error in <TClass::LoadClassInfo>: no interpreter information for class RooAbsReal is available even though it has a TClass initialization routine.
Error in <TClass::LoadClassInfo>: no interpreter information for class RooAbsReal is available even though it has a TClass initialization routine.
Error in <TClass::LoadClassInfo>: no interpreter information for class RooAbsReal is available even though it has a TClass initialization routine.
Error in <TClass::LoadClassInfo>: no interpreter information for class RooAbsReal is available even though it has a TClass initialization routine.
Error in <TClass::LoadClassInfo>: no interpreter information for class RooAbsReal is available even though it has a TClass initialization routine.
Error in <TClass::LoadClassInfo>: no interpreter information for class RooAbsReal is available even though it has a TClass initialization routine.
Error in <TClass::LoadClassInfo>: no interpreter information for class RooAbsReal is available even though it has a TClass initialization routine.
Error in <TClass::LoadClassInfo>: no interpreter information for class RooAbsReal is available even though it has a TClass initialization routine.
Error in <TClass::LoadClassInfo>: no interpreter information for class RooAbsReal is available even though it has a TClass initialization routine.
Error in <TClass::LoadClassInfo>: no interpreter information for class RooAbsReal is available even though it has a TClass initialization routine.
Error in <TClass::LoadClassInfo>: no interpreter information for class RooAbsReal is available even though it has a TClass initialization routine.
Error in <TClass::LoadClassInfo>: no interpreter information for class RooAbsReal is available even though it has a TClass initialization routine.
Error in <TClass::LoadClassInfo>: no interpreter information for class RooAbsReal is available even though it has a TClass initialization routine.
Error in <TClass::LoadClassInfo>: no interpreter information for class RooAbsReal is available even though it has a TClass initialization routine.
Error in <TClass::LoadClassInfo>: no interpreter information for class RooAbsReal is available even though it has a TClass initialization routine.
Error in <TClass::LoadClassInfo>: no interpreter information for class RooAbsReal is available even though it has a TClass initialization routine.
Error in <TClass::LoadClassInfo>: no interpreter information for class RooAbsReal is available even though it has a TClass initialization routine.
Error in <TClass::LoadClassInfo>: no interpreter information for class RooAbsReal is available even though it has a TClass initialization routine.
Error in <TClass::LoadClassInfo>: no interpreter information for class RooAbsReal is available even though it has a TClass initialization routine.
Error in <TClass::LoadClassInfo>: no interpreter information for class RooAbsReal is available even though it has a TClass initialization routine.
Error in <TClass::LoadClassInfo>: no interpreter information for class RooAbsReal is available even though it has a TClass initialization routine.
Error in <TClass::LoadClassInfo>: no interpreter information for class RooAbsReal is available even though it has a TClass initialization routine.
Error in <TClass::LoadClassInfo>: no interpreter information for class RooAbsReal is available even though it has a TClass initialization routine.
Error in <TClass::LoadClassInfo>: no interpreter information for class RooAbsReal is available even though it has a TClass initialization routine.
Error in <TClass::LoadClassInfo>: no interpreter information for class RooAbsReal is available even though it has a TClass initialization routine.
Error in <TClass::LoadClassInfo>: no interpreter information for class RooAbsReal is available even though it has a TClass initialization routine.
Error in <TClass::LoadClassInfo>: no interpreter information for class RooAbsReal is available even though it has a TClass initialization routine.
Error in <TClass::LoadClassInfo>: no interpreter information for class RooAbsReal is available even though it has a TClass initialization routine.
Error in <TClass::LoadClassInfo>: no interpreter information for class RooAbsReal is available even though it has a TClass initialization routine.
Error in <TClass::LoadClassInfo>: no interpreter information for class RooAbsReal is available even though it has a TClass initialization routine.
Error in <TClass::LoadClassInfo>: no interpreter information for class RooAbsReal is available even though it has a TClass initialization routine.
Error in <TClass::LoadClassInfo>: no interpreter information for class RooAbsReal is available even though it has a TClass initialization routine.
Error in <TClass::LoadClassInfo>: no interpreter information for class RooAbsReal is available even though it has a TClass initialization routine.
Error in <TClass::LoadClassInfo>: no interpreter information for class RooAbsReal is available even though it has a TClass initialization routine.
Error in <TClass::LoadClassInfo>: no interpreter information for class RooAbsReal is available even though it has a TClass initialization routine.
Error in <TClass::LoadClassInfo>: no interpreter information for class RooAbsReal is available even though it has a TClass initialization routine.
Error in <TClass::LoadClassInfo>: no interpreter information for class RooAbsReal is available even though it has a TClass initialization routine.
Error in <TClass::LoadClassInfo>: no interpreter information for class RooAbsReal is available even though it has a TClass initialization routine.
Error in <TClass::LoadClassInfo>: no interpreter information for class RooAbsReal is available even though it has a TClass initialization routine.
Error in <TClass::LoadClassInfo>: no interpreter information for class RooAbsReal is available even though it has a TClass initialization routine.
Error in <TClass::LoadClassInfo>: no interpreter information for class RooAbsReal is available even though it has a TClass initialization routine.
Error in <TClass::LoadClassInfo>: no interpreter information for class RooAbsReal is available even though it has a TClass initialization routine.
Error in <TClass::LoadClassInfo>: no interpreter information for class RooAbsReal is available even though it has a TClass initialization routine.
Error in <TClass::LoadClassInfo>: no interpreter information for class RooAbsReal is available even though it has a TClass initialization routine.
Error in <TClass::LoadClassInfo>: no interpreter information for class RooAbsReal is available even though it has a TClass initialization routine.
Error in <TClass::LoadClassInfo>: no interpreter information for class RooAbsReal is available even though it has a TClass initialization routine.
Error in <TClass::LoadClassInfo>: no interpreter information for class RooAbsReal is available even though it has a TClass initialization routine.
Error in <TClass::LoadClassInfo>: no interpreter information for class RooAbsReal is available even though it has a TClass initialization routine.
Error in <TClass::LoadClassInfo>: no interpreter information for class RooAbsReal is available even though it has a TClass initialization routine.
Error in <TClass::LoadClassInfo>: no interpreter information for class RooAbsReal is available even though it has a TClass initialization routine.
Error in <TClass::LoadClassInfo>: no interpreter information for class RooAbsReal is available even though it has a TClass initialization routine.
Error in <TClass::LoadClassInfo>: no interpreter information for class RooAbsReal is available even though it has a TClass initialization routine.
Error in <TClass::LoadClassInfo>: no interpreter information for class RooAbsReal is available even though it has a TClass initialization routine.
Error in <TClass::LoadClassInfo>: no interpreter information for class RooAbsReal is available even though it has a TClass initialization routine.
Error in <TClass::LoadClassInfo>: no interpreter information for class RooAbsReal is available even though it has a TClass initialization routine.
Error in <TClass::LoadClassInfo>: no interpreter information for class RooAbsReal is available even though it has a TClass initialization routine.
Error in <TClass::LoadClassInfo>: no interpreter information for class RooAbsReal is available even though it has a TClass initialization routine.
Error in <TClass::LoadClassInfo>: no interpreter information for class RooAbsReal is available even though it has a TClass initialization routine.
Error in <TClass::LoadClassInfo>: no interpreter information for class RooAbsReal is available even though it has a TClass initialization routine.
Error in <TClass::LoadClassInfo>: no interpreter information for class RooAbsReal is available even though it has a TClass initialization routine.
Error in <TClass::LoadClassInfo>: no interpreter information for class RooAbsReal is available even though it has a TClass initialization routine.
Error in <TClass::LoadClassInfo>: no interpreter information for class RooAbsReal is available even though it has a TClass initialization routine.
Error in <TClass::LoadClassInfo>: no interpreter information for class RooAbsReal is available even though it has a TClass initialization routine.
Error in <TClass::LoadClassInfo>: no interpreter information for class RooAbsReal is available even though it has a TClass initialization routine.
Error in <TClass::LoadClassInfo>: no interpreter information for class RooAbsReal is available even though it has a TClass initialization routine.
Error in <TClass::LoadClassInfo>: no interpreter information for class RooAbsReal is available even though it has a TClass initialization routine.
Error in <TClass::LoadClassInfo>: no interpreter information for class RooAbsReal is available even though it has a TClass initialization routine.
Error in <TClass::LoadClassInfo>: no interpreter information for class RooAbsReal is available even though it has a TClass initialization routine.
Error in <TClass::LoadClassInfo>: no interpreter information for class RooAbsReal is available even though it has a TClass initialization routine.
Error in <TClass::LoadClassInfo>: no interpreter information for class RooAbsReal is available even though it has a TClass initialization routine.
Error in <TClass::LoadClassInfo>: no interpreter information for class RooAbsReal is available even though it has a TClass initialization routine.
Error in <TClass::LoadClassInfo>: no interpreter information for class RooAbsReal is available even though it has a TClass initialization routine.
Error in <TClass::LoadClassInfo>: no interpreter information for class RooAbsReal is available even though it has a TClass initialization routine.
Error in <TClass::LoadClassInfo>: no interpreter information for class RooAbsReal is available even though it has a TClass initialization routine.
Error in <TClass::LoadClassInfo>: no interpreter information for class RooAbsReal is available even though it has a TClass initialization routine.
Error in <TClass::LoadClassInfo>: no interpreter information for class RooAbsReal is available even though it has a TClass initialization routine.
Error in <TClass::LoadClassInfo>: no interpreter information for class RooAbsReal is available even though it has a TClass initialization routine.
Error in <TClass::LoadClassInfo>: no interpreter information for class RooAbsReal is available even though it has a TClass initialization routine.
Error in <TClass::LoadClassInfo>: no interpreter information for class RooAbsReal is available even though it has a TClass initialization routine.
Error in <TClass::LoadClassInfo>: no interpreter information for class RooAbsReal is available even though it has a TClass initialization routine.
Error in <TClass::LoadClassInfo>: no interpreter information for class RooAbsReal is available even though it has a TClass initialization routine.
Error in <TClass::LoadClassInfo>: no interpreter information for class RooAbsReal is available even though it has a TClass initialization routine.
Error in <TClass::LoadClassInfo>: no interpreter information for class RooAbsReal is available even though it has a TClass initialization routine.
Error in <TClass::LoadClassInfo>: no interpreter information for class RooAbsReal is available even though it has a TClass initialization routine.
Error in <TClass::LoadClassInfo>: no interpreter information for class RooAbsReal is available even though it has a TClass initialization routine.
Error in <TClass::LoadClassInfo>: no interpreter information for class RooAbsReal is available even though it has a TClass initialization routine.
Error in <TClass::LoadClassInfo>: no interpreter information for class RooAbsReal is available even though it has a TClass initialization routine.
Error in <TClass::LoadClassInfo>: no interpreter information for class RooAbsReal is available even though it has a TClass initialization routine.
Error in <TClass::LoadClassInfo>: no interpreter information for class RooAbsReal is available even though it has a TClass initialization routine.
Error in <TClass::LoadClassInfo>: no interpreter information for class RooAbsReal is available even though it has a TClass initialization routine.
Error in <TClass::LoadClassInfo>: no interpreter information for class RooAbsReal is available even though it has a TClass initialization routine.
Error in <TClass::LoadClassInfo>: no interpreter information for class RooAbsReal is available even though it has a TClass initialization routine.
Error in <TClass::LoadClassInfo>: no interpreter information for class RooAbsReal is available even though it has a TClass initialization routine.
Error in <TClass::LoadClassInfo>: no interpreter information for class RooAbsReal is available even though it has a TClass initialization routine.
Error in <TClass::LoadClassInfo>: no interpreter information for class RooAbsReal is available even though it has a TClass initialization routine.
Error in <TClass::LoadClassInfo>: no interpreter information for class RooAbsReal is available even though it has a TClass initialization routine.
Error in <TClass::LoadClassInfo>: no interpreter information for class RooAbsReal is available even though it has a TClass initialization routine.
Error in <TClass::LoadClassInfo>: no interpreter information for class RooAbsReal is available even though it has a TClass initialization routine.
Error in <TClass::LoadClassInfo>: no interpreter information for class RooAbsReal is available even though it has a TClass initialization routine.
Error in <TClass::LoadClassInfo>: no interpreter information for class RooAbsReal is available even though it has a TClass initialization routine.
Error in <TClass::LoadClassInfo>: no interpreter information for class RooAbsReal is available even though it has a TClass initialization routine.
Warning in <TStreamerInfo::BuildCheck>: 
   The StreamerInfo of class RooAbsReal read from file /data/pku/home/zhaoyz/Higgs/boostedHWW/combine/combination/full_datacards/higgsCombineSnapshot.MultiDimFit.mH125.root
   has the same version (=2) as the active class but a different checksum.
   You should update the version to ClassDef(RooAbsReal,3).
   Do not try to write objects with the current class definition,
   the files will not be readable.

Error in <TClass::LoadClassInfo>: no interpreter information for class RooAbsReal is available even though it has a TClass initialization routine.
Error in <TClass::LoadClassInfo>: no interpreter information for class RooAbsReal is available even though it has a TClass initialization routine.
Error in <TClass::LoadClassInfo>: no interpreter information for class RooAbsReal is available even though it has a TClass initialization routine.
Error in <TClass::LoadClassInfo>: no interpreter information for class RooAbsReal is available even though it has a TClass initialization routine.
Error in <TClass::LoadClassInfo>: no interpreter information for class RooAbsReal is available even though it has a TClass initialization routine.
Error in <TClass::LoadClassInfo>: no interpreter information for class RooAbsReal is available even though it has a TClass initialization routine.
Error in <TClass::LoadClassInfo>: no interpreter information for class RooAbsReal is available even though it has a TClass initialization routine.
Error in <TClass::LoadClassInfo>: no interpreter information for class RooAbsReal is available even though it has a TClass initialization routine.
Error in <TClass::LoadClassInfo>: no interpreter information for class RooAbsReal is available even though it has a TClass initialization routine.
Error in <TClass::LoadClassInfo>: no interpreter information for class RooAbsReal is available even though it has a TClass initialization routine.
Error in <TClass::LoadClassInfo>: no interpreter information for class RooAbsReal is available even though it has a TClass initialization routine.
Error in <TClass::LoadClassInfo>: no interpreter information for class RooAbsReal is available even though it has a TClass initialization routine.
Error in <TClass::LoadClassInfo>: no interpreter information for class RooAbsReal is available even though it has a TClass initialization routine.
Error in <TClass::LoadClassInfo>: no interpreter information for class RooAbsReal is available even though it has a TClass initialization routine.
Warning in <TStreamerInfo::CompareContent>: The on-file layout version 2 for class 'RooAbsReal'  has a base class (RooAbsArg) that the in-memory layout version 2 does not have
Error in <TClass::LoadClassInfo>: no interpreter information for class RooAbsArg is available even though it has a TClass initialization routine.
Error in <TClass::LoadClassInfo>: no interpreter information for class RooAbsArg is available even though it has a TClass initialization routine.
Error in <TClass::LoadClassInfo>: no interpreter information for class RooAbsArg is available even though it has a TClass initialization routine.
Error in <TClass::LoadClassInfo>: no interpreter information for class RooAbsArg is available even though it has a TClass initialization routine.
Error in <TClass::LoadClassInfo>: no interpreter information for class RooAbsArg is available even though it has a TClass initialization routine.
Error in <TClass::LoadClassInfo>: no interpreter information for class RooAbsArg is available even though it has a TClass initialization routine.
Error in <TClass::LoadClassInfo>: no interpreter information for class RooAbsArg is available even though it has a TClass initialization routine.
Error in <TClass::LoadClassInfo>: no interpreter information for class RooAbsArg is available even though it has a TClass initialization routine.
Error in <TClass::LoadClassInfo>: no interpreter information for class RooAbsArg is available even though it has a TClass initialization routine.
Error in <TClass::LoadClassInfo>: no interpreter information for class RooAbsArg is available even though it has a TClass initialization routine.
Error in <TClass::LoadClassInfo>: no interpreter information for class RooAbsArg is available even though it has a TClass initialization routine.
Error in <TClass::LoadClassInfo>: no interpreter information for class RooAbsArg is available even though it has a TClass initialization routine.
Error in <TClass::LoadClassInfo>: no interpreter information for class RooAbsArg is available even though it has a TClass initialization routine.
Error in <TClass::LoadClassInfo>: no interpreter information for class RooAbsArg is available even though it has a TClass initialization routine.
Warning in <TGenericClassInfo>: The rule for class: "RooAbsArg": version, "[1-4]" and data members: "_proxyList" has been skipped because the target member (_proxyList) is unknown.
Error in <TClass::LoadClassInfo>: no interpreter information for class RooAbsArg is available even though it has a TClass initialization routine.
Error in <TClass::LoadClassInfo>: no interpreter information for class RooAbsArg is available even though it has a TClass initialization routine.
Error in <TClass::LoadClassInfo>: no interpreter information for class RooAbsArg is available even though it has a TClass initialization routine.
Error in <TClass::LoadClassInfo>: no interpreter information for class RooAbsArg is available even though it has a TClass initialization routine.
Error in <TClass::LoadClassInfo>: no interpreter information for class RooAbsArg is available even though it has a TClass initialization routine.
Error in <TClass::LoadClassInfo>: no interpreter information for class RooAbsArg is available even though it has a TClass initialization routine.
Error in <TClass::LoadClassInfo>: no interpreter information for class RooAbsArg is available even though it has a TClass initialization routine.
Error in <TClass::LoadClassInfo>: no interpreter information for class RooAbsArg is available even though it has a TClass initialization routine.
Error in <TClass::LoadClassInfo>: no interpreter information for class RooAbsArg is available even though it has a TClass initialization routine.
Error in <TClass::LoadClassInfo>: no interpreter information for class RooAbsArg is available even though it has a TClass initialization routine.
Error in <TClass::LoadClassInfo>: no interpreter information for class RooAbsArg is available even though it has a TClass initialization routine.
Error in <TClass::LoadClassInfo>: no interpreter information for class RooAbsArg is available even though it has a TClass initialization routine.
Error in <TClass::LoadClassInfo>: no interpreter information for class RooAbsArg is available even though it has a TClass initialization routine.
Error in <TClass::LoadClassInfo>: no interpreter information for class RooAbsArg is available even though it has a TClass initialization routine.
Warning in <TGenericClassInfo>: The rule for class: "RooAbsArg": version, "[5]" and data members: "_proxyList" has been skipped because the target member (_proxyList) is unknown.
Error in <TClass::LoadClassInfo>: no interpreter information for class RooAbsArg is available even though it has a TClass initialization routine.
Error in <TClass::LoadClassInfo>: no interpreter information for class RooAbsArg is available even though it has a TClass initialization routine.
Error in <TClass::LoadClassInfo>: no interpreter information for class RooAbsArg is available even though it has a TClass initialization routine.
Error in <TClass::LoadClassInfo>: no interpreter information for class RooAbsArg is available even though it has a TClass initialization routine.
Error in <TClass::LoadClassInfo>: no interpreter information for class RooAbsArg is available even though it has a TClass initialization routine.
Error in <TClass::LoadClassInfo>: no interpreter information for class RooAbsArg is available even though it has a TClass initialization routine.
Error in <TClass::LoadClassInfo>: no interpreter information for class RooAbsArg is available even though it has a TClass initialization routine.
Error in <TClass::LoadClassInfo>: no interpreter information for class RooAbsArg is available even though it has a TClass initialization routine.
Error in <TClass::LoadClassInfo>: no interpreter information for class RooAbsArg is available even though it has a TClass initialization routine.
Error in <TClass::LoadClassInfo>: no interpreter information for class RooAbsArg is available even though it has a TClass initialization routine.
Error in <TClass::LoadClassInfo>: no interpreter information for class RooAbsArg is available even though it has a TClass initialization routine.
Error in <TClass::LoadClassInfo>: no interpreter information for class RooAbsArg is available even though it has a TClass initialization routine.
Error in <TClass::LoadClassInfo>: no interpreter information for class RooAbsArg is available even though it has a TClass initialization routine.
Error in <TClass::LoadClassInfo>: no interpreter information for class RooAbsArg is available even though it has a TClass initialization routine.
Warning in <TGenericClassInfo>: The rule for class: "RooAbsArg": version, "[1-6]" and data members: "_serverList" has been skipped because the target member (_serverList) is unknown.
Error in <TClass::LoadClassInfo>: no interpreter information for class RooAbsArg is available even though it has a TClass initialization routine.
Error in <TClass::LoadClassInfo>: no interpreter information for class RooAbsArg is available even though it has a TClass initialization routine.
Error in <TClass::LoadClassInfo>: no interpreter information for class RooAbsArg is available even though it has a TClass initialization routine.
Error in <TClass::LoadClassInfo>: no interpreter information for class RooAbsArg is available even though it has a TClass initialization routine.
Error in <TClass::LoadClassInfo>: no interpreter information for class RooAbsArg is available even though it has a TClass initialization routine.
Error in <TClass::LoadClassInfo>: no interpreter information for class RooAbsArg is available even though it has a TClass initialization routine.
Error in <TClass::LoadClassInfo>: no interpreter information for class RooAbsArg is available even though it has a TClass initialization routine.
Error in <TClass::LoadClassInfo>: no interpreter information for class RooAbsArg is available even though it has a TClass initialization routine.
Error in <TClass::LoadClassInfo>: no interpreter information for class RooAbsArg is available even though it has a TClass initialization routine.
Error in <TClass::LoadClassInfo>: no interpreter information for class RooAbsArg is available even though it has a TClass initialization routine.
Error in <TClass::LoadClassInfo>: no interpreter information for class RooAbsArg is available even though it has a TClass initialization routine.
Error in <TClass::LoadClassInfo>: no interpreter information for class RooAbsArg is available even though it has a TClass initialization routine.
Error in <TClass::LoadClassInfo>: no interpreter information for class RooAbsArg is available even though it has a TClass initialization routine.
Error in <TClass::LoadClassInfo>: no interpreter information for class RooAbsArg is available even though it has a TClass initialization routine.
Warning in <TGenericClassInfo>: The rule for class: "RooAbsArg": version, "[1-6]" and data members: "_clientList" has been skipped because the target member (_clientList) is unknown.
Error in <TClass::LoadClassInfo>: no interpreter information for class RooAbsArg is available even though it has a TClass initialization routine.
Error in <TClass::LoadClassInfo>: no interpreter information for class RooAbsArg is available even though it has a TClass initialization routine.
Error in <TClass::LoadClassInfo>: no interpreter information for class RooAbsArg is available even though it has a TClass initialization routine.
Error in <TClass::LoadClassInfo>: no interpreter information for class RooAbsArg is available even though it has a TClass initialization routine.
Error in <TClass::LoadClassInfo>: no interpreter information for class RooAbsArg is available even though it has a TClass initialization routine.
Error in <TClass::LoadClassInfo>: no interpreter information for class RooAbsArg is available even though it has a TClass initialization routine.
Error in <TClass::LoadClassInfo>: no interpreter information for class RooAbsArg is available even though it has a TClass initialization routine.
Error in <TClass::LoadClassInfo>: no interpreter information for class RooAbsArg is available even though it has a TClass initialization routine.
Error in <TClass::LoadClassInfo>: no interpreter information for class RooAbsArg is available even though it has a TClass initialization routine.
Error in <TClass::LoadClassInfo>: no interpreter information for class RooAbsArg is available even though it has a TClass initialization routine.
Error in <TClass::LoadClassInfo>: no interpreter information for class RooAbsArg is available even though it has a TClass initialization routine.
Error in <TClass::LoadClassInfo>: no interpreter information for class RooAbsArg is available even though it has a TClass initialization routine.
Error in <TClass::LoadClassInfo>: no interpreter information for class RooAbsArg is available even though it has a TClass initialization routine.
Error in <TClass::LoadClassInfo>: no interpreter information for class RooAbsArg is available even though it has a TClass initialization routine.
Warning in <TGenericClassInfo>: The rule for class: "RooAbsArg": version, "[1-6]" and data members: "_clientListValue" has been skipped because the target member (_clientListValue) is unknown.
Error in <TClass::LoadClassInfo>: no interpreter information for class RooAbsArg is available even though it has a TClass initialization routine.
Error in <TClass::LoadClassInfo>: no interpreter information for class RooAbsArg is available even though it has a TClass initialization routine.
Error in <TClass::LoadClassInfo>: no interpreter information for class RooAbsArg is available even though it has a TClass initialization routine.
Error in <TClass::LoadClassInfo>: no interpreter information for class RooAbsArg is available even though it has a TClass initialization routine.
Error in <TClass::LoadClassInfo>: no interpreter information for class RooAbsArg is available even though it has a TClass initialization routine.
Error in <TClass::LoadClassInfo>: no interpreter information for class RooAbsArg is available even though it has a TClass initialization routine.
Error in <TClass::LoadClassInfo>: no interpreter information for class RooAbsArg is available even though it has a TClass initialization routine.
Error in <TClass::LoadClassInfo>: no interpreter information for class RooAbsArg is available even though it has a TClass initialization routine.
Error in <TClass::LoadClassInfo>: no interpreter information for class RooAbsArg is available even though it has a TClass initialization routine.
Error in <TClass::LoadClassInfo>: no interpreter information for class RooAbsArg is available even though it has a TClass initialization routine.
Error in <TClass::LoadClassInfo>: no interpreter information for class RooAbsArg is available even though it has a TClass initialization routine.
Error in <TClass::LoadClassInfo>: no interpreter information for class RooAbsArg is available even though it has a TClass initialization routine.
Error in <TClass::LoadClassInfo>: no interpreter information for class RooAbsArg is available even though it has a TClass initialization routine.
Error in <TClass::LoadClassInfo>: no interpreter information for class RooAbsArg is available even though it has a TClass initialization routine.
Warning in <TGenericClassInfo>: The rule for class: "RooAbsArg": version, "[1-6]" and data members: "_clientListShape" has been skipped because the target member (_clientListShape) is unknown.
Warning in <TStreamerInfo::CompareContent>: The following data member of
the in-memory layout version 2 of class 'RooAbsReal' is missing from 
the on-file layout version 2:
   double _plotMin; //
Warning in <TStreamerInfo::CompareContent>: The following data member of
the in-memory layout version 2 of class 'RooAbsReal' is missing from 
the on-file layout version 2:
   double _plotMax; //
Warning in <TStreamerInfo::CompareContent>: The following data member of
the in-memory layout version 2 of class 'RooAbsReal' is missing from 
the on-file layout version 2:
   int _plotBins; //
Warning in <TStreamerInfo::CompareContent>: The following data member of
the in-memory layout version 2 of class 'RooAbsReal' is missing from 
the on-file layout version 2:
   double _value; //
Warning in <TStreamerInfo::CompareContent>: The following data member of
the in-memory layout version 2 of class 'RooAbsReal' is missing from 
the on-file layout version 2:
   TString _unit; //
Warning in <TStreamerInfo::CompareContent>: The following data member of
the in-memory layout version 2 of class 'RooAbsReal' is missing from 
the on-file layout version 2:
   TString _label; //
Warning in <TStreamerInfo::CompareContent>: The following data member of
the in-memory layout version 2 of class 'RooAbsReal' is missing from 
the on-file layout version 2:
   bool _forceNumInt; //
Warning in <TStreamerInfo::CompareContent>: The following data member of
the in-memory layout version 2 of class 'RooAbsReal' is missing from 
the on-file layout version 2:
   RooNumIntConfig* _specIntegratorConfig; //
Error in <TClass::LoadClassInfo>: no interpreter information for class RooAbsArg is available even though it has a TClass initialization routine.
Error in <TClass::LoadClassInfo>: no interpreter information for class RooAbsArg is available even though it has a TClass initialization routine.
Error in <TClass::LoadClassInfo>: no interpreter information for class RooAbsArg is available even though it has a TClass initialization routine.
Error in <TClass::LoadClassInfo>: no interpreter information for class RooAbsArg is available even though it has a TClass initialization routine.
Error in <TClass::LoadClassInfo>: no interpreter information for class RooAbsArg is available even though it has a TClass initialization routine.
Error in <TClass::LoadClassInfo>: no interpreter information for class RooAbsArg is available even though it has a TClass initialization routine.
Error in <TClass::LoadClassInfo>: no interpreter information for class RooAbsArg is available even though it has a TClass initialization routine.
Error in <TClass::LoadClassInfo>: no interpreter information for class RooAbsArg is available even though it has a TClass initialization routine.
Error in <TClass::LoadClassInfo>: no interpreter information for class RooAbsArg is available even though it has a TClass initialization routine.
Error in <TClass::LoadClassInfo>: no interpreter information for class RooAbsArg is available even though it has a TClass initialization routine.
Error in <TClass::LoadClassInfo>: no interpreter information for class RooAbsArg is available even though it has a TClass initialization routine.
Error in <TClass::LoadClassInfo>: no interpreter information for class RooAbsArg is available even though it has a TClass initialization routine.
Error in <TClass::LoadClassInfo>: no interpreter information for class RooAbsArg is available even though it has a TClass initialization routine.
Error in <TClass::LoadClassInfo>: no interpreter information for class RooAbsArg is available even though it has a TClass initialization routine.
Error in <TClass::LoadClassInfo>: no interpreter information for class RooAbsArg is available even though it has a TClass initialization routine.
Error in <TClass::LoadClassInfo>: no interpreter information for class RooAbsArg is available even though it has a TClass initialization routine.
Error in <TClass::LoadClassInfo>: no interpreter information for class RooAbsArg is available even though it has a TClass initialization routine.
Error in <TClass::LoadClassInfo>: no interpreter information for class RooAbsArg is available even though it has a TClass initialization routine.
Error in <TClass::LoadClassInfo>: no interpreter information for class RooAbsArg is available even though it has a TClass initialization routine.
Error in <TClass::LoadClassInfo>: no interpreter information for class RooAbsArg is available even though it has a TClass initialization routine.
Error in <TClass::LoadClassInfo>: no interpreter information for class RooAbsArg is available even though it has a TClass initialization routine.
Error in <TClass::LoadClassInfo>: no interpreter information for class RooAbsArg is available even though it has a TClass initialization routine.
Error in <TClass::LoadClassInfo>: no interpreter information for class RooAbsArg is available even though it has a TClass initialization routine.
Error in <TClass::LoadClassInfo>: no interpreter information for class RooAbsArg is available even though it has a TClass initialization routine.
Error in <TClass::LoadClassInfo>: no interpreter information for class RooAbsArg is available even though it has a TClass initialization routine.
Error in <TClass::LoadClassInfo>: no interpreter information for class RooAbsArg is available even though it has a TClass initialization routine.
Error in <TClass::LoadClassInfo>: no interpreter information for class RooAbsArg is available even though it has a TClass initialization routine.
Error in <TClass::LoadClassInfo>: no interpreter information for class RooAbsArg is available even though it has a TClass initialization routine.
Error in <TClass::LoadClassInfo>: no interpreter information for class RooAbsArg is available even though it has a TClass initialization routine.
Error in <TClass::LoadClassInfo>: no interpreter information for class RooAbsArg is available even though it has a TClass initialization routine.
Error in <TClass::LoadClassInfo>: no interpreter information for class RooAbsArg is available even though it has a TClass initialization routine.
Error in <TClass::LoadClassInfo>: no interpreter information for class RooAbsArg is available even though it has a TClass initialization routine.
Error in <TClass::LoadClassInfo>: no interpreter information for class RooAbsArg is available even though it has a TClass initialization routine.
Error in <TClass::LoadClassInfo>: no interpreter information for class RooAbsArg is available even though it has a TClass initialization routine.
Error in <TClass::LoadClassInfo>: no interpreter information for class RooAbsArg is available even though it has a TClass initialization routine.
Error in <TClass::LoadClassInfo>: no interpreter information for class RooAbsArg is available even though it has a TClass initialization routine.
Error in <TClass::LoadClassInfo>: no interpreter information for class RooAbsArg is available even though it has a TClass initialization routine.
Error in <TClass::LoadClassInfo>: no interpreter information for class RooAbsArg is available even though it has a TClass initialization routine.
Error in <TClass::LoadClassInfo>: no interpreter information for class RooAbsArg is available even though it has a TClass initialization routine.
Error in <TClass::LoadClassInfo>: no interpreter information for class RooAbsArg is available even though it has a TClass initialization routine.
Error in <TClass::LoadClassInfo>: no interpreter information for class RooAbsArg is available even though it has a TClass initialization routine.
Error in <TClass::LoadClassInfo>: no interpreter information for class RooAbsArg is available even though it has a TClass initialization routine.
Error in <TClass::LoadClassInfo>: no interpreter information for class RooAbsArg is available even though it has a TClass initialization routine.
Error in <TClass::LoadClassInfo>: no interpreter information for class RooAbsArg is available even though it has a TClass initialization routine.
Error in <TClass::LoadClassInfo>: no interpreter information for class RooAbsArg is available even though it has a TClass initialization routine.
Error in <TClass::LoadClassInfo>: no interpreter information for class RooAbsArg is available even though it has a TClass initialization routine.
Error in <TClass::LoadClassInfo>: no interpreter information for class RooAbsArg is available even though it has a TClass initialization routine.
Error in <TClass::LoadClassInfo>: no interpreter information for class RooAbsArg is available even though it has a TClass initialization routine.
Error in <TClass::LoadClassInfo>: no interpreter information for class RooAbsArg is available even though it has a TClass initialization routine.
Error in <TClass::LoadClassInfo>: no interpreter information for class RooAbsArg is available even though it has a TClass initialization routine.
Error in <TClass::LoadClassInfo>: no interpreter information for class RooAbsArg is available even though it has a TClass initialization routine.
Error in <TClass::LoadClassInfo>: no interpreter information for class RooAbsArg is available even though it has a TClass initialization routine.
Error in <TClass::LoadClassInfo>: no interpreter information for class RooAbsArg is available even though it has a TClass initialization routine.
Error in <TClass::LoadClassInfo>: no interpreter information for class RooAbsArg is available even though it has a TClass initialization routine.
Error in <TClass::LoadClassInfo>: no interpreter information for class RooAbsArg is available even though it has a TClass initialization routine.
Error in <TClass::LoadClassInfo>: no interpreter information for class RooAbsArg is available even though it has a TClass initialization routine.
Error in <TClass::LoadClassInfo>: no interpreter information for class RooAbsArg is available even though it has a TClass initialization routine.
Error in <TClass::LoadClassInfo>: no interpreter information for class RooAbsArg is available even though it has a TClass initialization routine.
Error in <TClass::LoadClassInfo>: no interpreter information for class RooAbsArg is available even though it has a TClass initialization routine.
Error in <TClass::LoadClassInfo>: no interpreter information for class RooAbsArg is available even though it has a TClass initialization routine.
Error in <TClass::LoadClassInfo>: no interpreter information for class RooAbsArg is available even though it has a TClass initialization routine.
Error in <TClass::LoadClassInfo>: no interpreter information for class RooAbsArg is available even though it has a TClass initialization routine.
Error in <TClass::LoadClassInfo>: no interpreter information for class RooAbsArg is available even though it has a TClass initialization routine.
Error in <TClass::LoadClassInfo>: no interpreter information for class RooAbsArg is available even though it has a TClass initialization routine.
Error in <TClass::LoadClassInfo>: no interpreter information for class RooAbsArg is available even though it has a TClass initialization routine.
Error in <TClass::LoadClassInfo>: no interpreter information for class RooAbsArg is available even though it has a TClass initialization routine.
Error in <TClass::LoadClassInfo>: no interpreter information for class RooAbsArg is available even though it has a TClass initialization routine.
Error in <TClass::LoadClassInfo>: no interpreter information for class RooAbsArg is available even though it has a TClass initialization routine.
Error in <TClass::LoadClassInfo>: no interpreter information for class RooAbsArg is available even though it has a TClass initialization routine.
Error in <TClass::LoadClassInfo>: no interpreter information for class RooAbsArg is available even though it has a TClass initialization routine.
Error in <TClass::LoadClassInfo>: no interpreter information for class RooAbsArg is available even though it has a TClass initialization routine.
Error in <TClass::LoadClassInfo>: no interpreter information for class RooAbsArg is available even though it has a TClass initialization routine.
Error in <TClass::LoadClassInfo>: no interpreter information for class RooAbsArg is available even though it has a TClass initialization routine.
Error in <TClass::LoadClassInfo>: no interpreter information for class RooAbsArg is available even though it has a TClass initialization routine.
Error in <TClass::LoadClassInfo>: no interpreter information for class RooAbsArg is available even though it has a TClass initialization routine.
Error in <TClass::LoadClassInfo>: no interpreter information for class RooAbsArg is available even though it has a TClass initialization routine.
Error in <TClass::LoadClassInfo>: no interpreter information for class RooAbsArg is available even though it has a TClass initialization routine.
Error in <TClass::LoadClassInfo>: no interpreter information for class RooAbsArg is available even though it has a TClass initialization routine.
Error in <TClass::LoadClassInfo>: no interpreter information for class RooAbsArg is available even though it has a TClass initialization routine.
Error in <TClass::LoadClassInfo>: no interpreter information for class RooAbsArg is available even though it has a TClass initialization routine.
Error in <TClass::LoadClassInfo>: no interpreter information for class RooAbsArg is available even though it has a TClass initialization routine.
Error in <TClass::LoadClassInfo>: no interpreter information for class RooAbsArg is available even though it has a TClass initialization routine.
Error in <TClass::LoadClassInfo>: no interpreter information for class RooAbsArg is available even though it has a TClass initialization routine.
Error in <TClass::LoadClassInfo>: no interpreter information for class RooAbsArg is available even though it has a TClass initialization routine.
Error in <TClass::LoadClassInfo>: no interpreter information for class RooAbsArg is available even though it has a TClass initialization routine.
Error in <TClass::LoadClassInfo>: no interpreter information for class RooAbsArg is available even though it has a TClass initialization routine.
Error in <TClass::LoadClassInfo>: no interpreter information for class RooAbsArg is available even though it has a TClass initialization routine.
Error in <TClass::LoadClassInfo>: no interpreter information for class RooAbsArg is available even though it has a TClass initialization routine.
Error in <TClass::LoadClassInfo>: no interpreter information for class RooAbsArg is available even though it has a TClass initialization routine.
Error in <TClass::LoadClassInfo>: no interpreter information for class RooAbsArg is available even though it has a TClass initialization routine.
Error in <TClass::LoadClassInfo>: no interpreter information for class RooAbsArg is available even though it has a TClass initialization routine.
Error in <TClass::LoadClassInfo>: no interpreter information for class RooAbsArg is available even though it has a TClass initialization routine.
Error in <TClass::LoadClassInfo>: no interpreter information for class RooAbsArg is available even though it has a TClass initialization routine.
Error in <TClass::LoadClassInfo>: no interpreter information for class RooAbsArg is available even though it has a TClass initialization routine.
Error in <TClass::LoadClassInfo>: no interpreter information for class RooAbsArg is available even though it has a TClass initialization routine.
Error in <TClass::LoadClassInfo>: no interpreter information for class RooAbsArg is available even though it has a TClass initialization routine.
Error in <TClass::LoadClassInfo>: no interpreter information for class RooAbsArg is available even though it has a TClass initialization routine.
Error in <TClass::LoadClassInfo>: no interpreter information for class RooAbsArg is available even though it has a TClass initialization routine.
Error in <TClass::LoadClassInfo>: no interpreter information for class RooAbsArg is available even though it has a TClass initialization routine.
Error in <TClass::LoadClassInfo>: no interpreter information for class RooAbsArg is available even though it has a TClass initialization routine.
Error in <TClass::LoadClassInfo>: no interpreter information for class RooAbsArg is available even though it has a TClass initialization routine.
Error in <TClass::LoadClassInfo>: no interpreter information for class RooAbsArg is available even though it has a TClass initialization routine.
Error in <TClass::LoadClassInfo>: no interpreter information for class RooAbsArg is available even though it has a TClass initialization routine.
Error in <TClass::LoadClassInfo>: no interpreter information for class RooAbsArg is available even though it has a TClass initialization routine.
Error in <TClass::LoadClassInfo>: no interpreter information for class RooAbsArg is available even though it has a TClass initialization routine.
Error in <TClass::LoadClassInfo>: no interpreter information for class RooAbsArg is available even though it has a TClass initialization routine.
Error in <TClass::LoadClassInfo>: no interpreter information for class RooAbsArg is available even though it has a TClass initialization routine.
Error in <TClass::LoadClassInfo>: no interpreter information for class RooAbsArg is available even though it has a TClass initialization routine.
Error in <TClass::LoadClassInfo>: no interpreter information for class RooAbsArg is available even though it has a TClass initialization routine.
Error in <TClass::LoadClassInfo>: no interpreter information for class RooAbsArg is available even though it has a TClass initialization routine.
Error in <TClass::LoadClassInfo>: no interpreter information for class RooAbsArg is available even though it has a TClass initialization routine.
Error in <TClass::LoadClassInfo>: no interpreter information for class RooAbsArg is available even though it has a TClass initialization routine.
Error in <TClass::LoadClassInfo>: no interpreter information for class RooAbsArg is available even though it has a TClass initialization routine.
Error in <TClass::LoadClassInfo>: no interpreter information for class RooAbsArg is available even though it has a TClass initialization routine.
Error in <TClass::LoadClassInfo>: no interpreter information for class RooAbsArg is available even though it has a TClass initialization routine.
Error in <TClass::LoadClassInfo>: no interpreter information for class RooAbsArg is available even though it has a TClass initialization routine.
Error in <TClass::LoadClassInfo>: no interpreter information for class RooAbsArg is available even though it has a TClass initialization routine.
Error in <TClass::LoadClassInfo>: no interpreter information for class RooAbsArg is available even though it has a TClass initialization routine.
Error in <TClass::LoadClassInfo>: no interpreter information for class RooAbsArg is available even though it has a TClass initialization routine.
Error in <TClass::LoadClassInfo>: no interpreter information for class RooAbsArg is available even though it has a TClass initialization routine.
Error in <TClass::LoadClassInfo>: no interpreter information for class RooAbsArg is available even though it has a TClass initialization routine.
Error in <TClass::LoadClassInfo>: no interpreter information for class RooAbsArg is available even though it has a TClass initialization routine.
Error in <TClass::LoadClassInfo>: no interpreter information for class RooAbsArg is available even though it has a TClass initialization routine.
Error in <TClass::LoadClassInfo>: no interpreter information for class RooAbsArg is available even though it has a TClass initialization routine.
Error in <TClass::LoadClassInfo>: no interpreter information for class RooAbsArg is available even though it has a TClass initialization routine.
Error in <TClass::LoadClassInfo>: no interpreter information for class RooAbsArg is available even though it has a TClass initialization routine.
Warning in <TStreamerInfo::BuildCheck>: 
   The StreamerInfo of class RooAbsArg read from file /data/pku/home/zhaoyz/Higgs/boostedHWW/combine/combination/full_datacards/higgsCombineSnapshot.MultiDimFit.mH125.root
   has the same version (=7) as the active class but a different checksum.
   You should update the version to ClassDef(RooAbsArg,8).
   Do not try to write objects with the current class definition,
   the files will not be readable.

Error in <TClass::LoadClassInfo>: no interpreter information for class RooAbsArg is available even though it has a TClass initialization routine.
Error in <TClass::LoadClassInfo>: no interpreter information for class RooAbsArg is available even though it has a TClass initialization routine.
Error in <TClass::LoadClassInfo>: no interpreter information for class RooAbsArg is available even though it has a TClass initialization routine.
Error in <TClass::LoadClassInfo>: no interpreter information for class RooAbsArg is available even though it has a TClass initialization routine.
Error in <TClass::LoadClassInfo>: no interpreter information for class RooAbsArg is available even though it has a TClass initialization routine.
Error in <TClass::LoadClassInfo>: no interpreter information for class RooAbsArg is available even though it has a TClass initialization routine.
Error in <TClass::LoadClassInfo>: no interpreter information for class RooAbsArg is available even though it has a TClass initialization routine.
Error in <TClass::LoadClassInfo>: no interpreter information for class RooAbsArg is available even though it has a TClass initialization routine.
Error in <TClass::LoadClassInfo>: no interpreter information for class RooAbsArg is available even though it has a TClass initialization routine.
Error in <TClass::LoadClassInfo>: no interpreter information for class RooAbsArg is available even though it has a TClass initialization routine.
Error in <TClass::LoadClassInfo>: no interpreter information for class RooAbsArg is available even though it has a TClass initialization routine.
Error in <TClass::LoadClassInfo>: no interpreter information for class RooAbsArg is available even though it has a TClass initialization routine.
Error in <TClass::LoadClassInfo>: no interpreter information for class RooAbsArg is available even though it has a TClass initialization routine.
Error in <TClass::LoadClassInfo>: no interpreter information for class RooAbsArg is available even though it has a TClass initialization routine.
Warning in <TStreamerInfo::CompareContent>: The on-file layout version 7 for class 'RooAbsArg'  has a base class (TNamed) that the in-memory layout version 7 does not have
Warning in <TStreamerInfo::CompareContent>: The on-file layout version 7 for class 'RooAbsArg'  has a base class (RooPrintable) that the in-memory layout version 7 does not have
Error in <TClass::LoadClassInfo>: no interpreter information for class RooPrintable is available even though it has a TClass initialization routine.
Error in <TClass::LoadClassInfo>: no interpreter information for class RooPrintable is available even though it has a TClass initialization routine.
Error in <TClass::LoadClassInfo>: no interpreter information for class RooPrintable is available even though it has a TClass initialization routine.
Error in <TClass::LoadClassInfo>: no interpreter information for class RooPrintable is available even though it has a TClass initialization routine.
Error in <TClass::LoadClassInfo>: no interpreter information for class RooPrintable is available even though it has a TClass initialization routine.
Error in <TClass::LoadClassInfo>: no interpreter information for class RooPrintable is available even though it has a TClass initialization routine.
Error in <TClass::LoadClassInfo>: no interpreter information for class RooPrintable is available even though it has a TClass initialization routine.
Error in <TClass::LoadClassInfo>: no interpreter information for class RooPrintable is available even though it has a TClass initialization routine.
Warning in <TStreamerInfo::CompareContent>: The following data member of
the in-memory layout version 7 of class 'RooAbsArg' is missing from 
the on-file layout version 7:
   RooSTLRefCountList<RooAbsArg> _serverList; //
Warning in <TStreamerInfo::CompareContent>: The following data member of
the in-memory layout version 7 of class 'RooAbsArg' is missing from 
the on-file layout version 7:
   RooSTLRefCountList<RooAbsArg> _clientList; //
Warning in <TStreamerInfo::CompareContent>: The following data member of
the in-memory layout version 7 of class 'RooAbsArg' is missing from 
the on-file layout version 7:
   RooSTLRefCountList<RooAbsArg> _clientListShape; //
Warning in <TStreamerInfo::CompareContent>: The following data member of
the in-memory layout version 7 of class 'RooAbsArg' is missing from 
the on-file layout version 7:
   RooSTLRefCountList<RooAbsArg> _clientListValue; //
Warning in <TStreamerInfo::CompareContent>: The following data member of
the in-memory layout version 7 of class 'RooAbsArg' is missing from 
the on-file layout version 7:
   RooRefArray _proxyList; //
Warning in <TStreamerInfo::CompareContent>: The following data member of
the in-memory layout version 7 of class 'RooAbsArg' is missing from 
the on-file layout version 7:
   deque<RooAbsCache*> _cacheList; //
Warning in <TStreamerInfo::CompareContent>: The following data member of
the in-memory layout version 7 of class 'RooAbsArg' is missing from 
the on-file layout version 7:
   set<string> _boolAttrib; //
Warning in <TStreamerInfo::CompareContent>: The following data member of
the in-memory layout version 7 of class 'RooAbsArg' is missing from 
the on-file layout version 7:
   map<string,string> _stringAttrib; //
Warning in <TStreamerInfo::CompareContent>: The following data member of
the in-memory layout version 7 of class 'RooAbsArg' is missing from 
the on-file layout version 7:
   bool _valueDirty; //
Warning in <TStreamerInfo::CompareContent>: The following data member of
the in-memory layout version 7 of class 'RooAbsArg' is missing from 
the on-file layout version 7:
   bool _shapeDirty; //
Error in <TClass::LoadClassInfo>: no interpreter information for class RooAbsArg is available even though it has a TClass initialization routine.
Error in <TClass::LoadClassInfo>: no interpreter information for class RooAbsArg is available even though it has a TClass initialization routine.
Error in <TClass::LoadClassInfo>: no interpreter information for class RooAbsArg is available even though it has a TClass initialization routine.
Error in <TClass::LoadClassInfo>: no interpreter information for class RooAbsArg is available even though it has a TClass initialization routine.
Warning in <TStreamerInfo::CompareContent>: The following data member of
the in-memory layout version 7 of class 'RooAbsArg' is missing from 
the on-file layout version 7:
   RooAbsArg::OperMode _operMode; //
Warning in <TStreamerInfo::CompareContent>: The following data member of
the in-memory layout version 7 of class 'RooAbsArg' is missing from 
the on-file layout version 7:
   bool _fast; //
Warning in <TStreamerInfo::CompareContent>: The following data member of
the in-memory layout version 7 of class 'RooAbsArg' is missing from 
the on-file layout version 7:
   RooExpensiveObjectCache* _eocache; //
Error in <TClass::LoadClassInfo>: no interpreter information for class RooAbsLValue is available even though it has a TClass initialization routine.
Error in <TClass::LoadClassInfo>: no interpreter information for class RooAbsLValue is available even though it has a TClass initialization routine.
Error in <TClass::LoadClassInfo>: no interpreter information for class RooAbsLValue is available even though it has a TClass initialization routine.
Error in <TClass::LoadClassInfo>: no interpreter information for class RooAbsLValue is available even though it has a TClass initialization routine.
Error in <TClass::LoadClassInfo>: no interpreter information for class RooAbsLValue is available even though it has a TClass initialization routine.
Error in <TClass::LoadClassInfo>: no interpreter information for class RooAbsLValue is available even though it has a TClass initialization routine.
Error in <TClass::LoadClassInfo>: no interpreter information for class RooAbsLValue is available even though it has a TClass initialization routine.
Error in <TClass::LoadClassInfo>: no interpreter information for class RooAbsLValue is available even though it has a TClass initialization routine.
Error in <TClass::LoadClassInfo>: no interpreter information for class RooAbsLValue is available even though it has a TClass initialization routine.
Error in <TClass::LoadClassInfo>: no interpreter information for class RooAbsLValue is available even though it has a TClass initialization routine.
Error in <TClass::LoadClassInfo>: no interpreter information for class RooAbsLValue is available even though it has a TClass initialization routine.
Error in <TClass::LoadClassInfo>: no interpreter information for class RooAbsLValue is available even though it has a TClass initialization routine.
Error in <TClass::LoadClassInfo>: no interpreter information for class RooAbsLValue is available even though it has a TClass initialization routine.
Error in <TClass::LoadClassInfo>: no interpreter information for class RooAbsLValue is available even though it has a TClass initialization routine.
Error in <TClass::LoadClassInfo>: no interpreter information for class RooAbsLValue is available even though it has a TClass initialization routine.
Error in <TClass::LoadClassInfo>: no interpreter information for class RooAbsLValue is available even though it has a TClass initialization routine.
Error in <TClass::LoadClassInfo>: no interpreter information for class RooAbsLValue is available even though it has a TClass initialization routine.
Error in <TClass::LoadClassInfo>: no interpreter information for class RooAbsLValue is available even though it has a TClass initialization routine.
Error in <TClass::LoadClassInfo>: no interpreter information for class RooAbsLValue is available even though it has a TClass initialization routine.
Error in <TClass::LoadClassInfo>: no interpreter information for class RooAbsLValue is available even though it has a TClass initialization routine.
Error in <TClass::LoadClassInfo>: no interpreter information for class RooAbsLValue is available even though it has a TClass initialization routine.
Error in <TClass::LoadClassInfo>: no interpreter information for class RooAbsLValue is available even though it has a TClass initialization routine.
Error in <TClass::LoadClassInfo>: no interpreter information for class RooSTLRefCountList<RooAbsArg> is available even though it has a TClass initialization routine.
Error in <TClass::LoadClassInfo>: no interpreter information for class RooSTLRefCountList<RooAbsArg> is available even though it has a TClass initialization routine.
Error in <TClass::LoadClassInfo>: no interpreter information for class RooSTLRefCountList<RooAbsArg> is available even though it has a TClass initialization routine.
Error in <TClass::LoadClassInfo>: no interpreter information for class RooSTLRefCountList<RooAbsArg> is available even though it has a TClass initialization routine.
Error in <TClass::LoadClassInfo>: no interpreter information for class RooSTLRefCountList<RooAbsArg> is available even though it has a TClass initialization routine.
Error in <TClass::LoadClassInfo>: no interpreter information for class RooSTLRefCountList<RooAbsArg> is available even though it has a TClass initialization routine.
Error in <TClass::LoadClassInfo>: no interpreter information for class RooSTLRefCountList<RooAbsArg> is available even though it has a TClass initialization routine.
Error in <TClass::LoadClassInfo>: no interpreter information for class RooSTLRefCountList<RooAbsArg> is available even though it has a TClass initialization routine.
Error in <TClass::LoadClassInfo>: no interpreter information for class RooSTLRefCountList<RooAbsArg> is available even though it has a TClass initialization routine.
Error in <TClass::LoadClassInfo>: no interpreter information for class RooSTLRefCountList<RooAbsArg> is available even though it has a TClass initialization routine.
Error in <TClass::LoadClassInfo>: no interpreter information for class RooSTLRefCountList<RooAbsArg> is available even though it has a TClass initialization routine.
Error in <TClass::LoadClassInfo>: no interpreter information for class RooSTLRefCountList<RooAbsArg> is available even though it has a TClass initialization routine.
Error in <TClass::LoadClassInfo>: no interpreter information for class RooSTLRefCountList<RooAbsArg> is available even though it has a TClass initialization routine.
Error in <TClass::LoadClassInfo>: no interpreter information for class RooSTLRefCountList<RooAbsArg> is available even though it has a TClass initialization routine.
Error in <TClass::LoadClassInfo>: no interpreter information for class RooSTLRefCountList<RooAbsArg> is available even though it has a TClass initialization routine.
Error in <TClass::LoadClassInfo>: no interpreter information for class RooSTLRefCountList<RooAbsArg> is available even though it has a TClass initialization routine.
Error in <TClass::LoadClassInfo>: no interpreter information for class RooSTLRefCountList<RooAbsArg> is available even though it has a TClass initialization routine.
Error in <TClass::LoadClassInfo>: no interpreter information for class RooSTLRefCountList<RooAbsArg> is available even though it has a TClass initialization routine.
Error in <TClass::LoadClassInfo>: no interpreter information for class RooSTLRefCountList<RooAbsArg> is available even though it has a TClass initialization routine.
Error in <TClass::LoadClassInfo>: no interpreter information for class RooSTLRefCountList<RooAbsArg> is available even though it has a TClass initialization routine.
Error in <TClass::LoadClassInfo>: no interpreter information for class RooSTLRefCountList<RooAbsArg> is available even though it has a TClass initialization routine.
Error in <TClass::LoadClassInfo>: no interpreter information for class RooSTLRefCountList<RooAbsArg> is available even though it has a TClass initialization routine.
Error in <TClass::LoadClassInfo>: no interpreter information for class RooAbsPdf is available even though it has a TClass initialization routine.
Error in <TClass::LoadClassInfo>: no interpreter information for class RooAbsPdf is available even though it has a TClass initialization routine.
Error in <TClass::LoadClassInfo>: no interpreter information for class RooAbsPdf is available even though it has a TClass initialization routine.
Error in <TClass::LoadClassInfo>: no interpreter information for class RooAbsPdf is available even though it has a TClass initialization routine.
Error in <TClass::LoadClassInfo>: no interpreter information for class RooAbsPdf is available even though it has a TClass initialization routine.
Error in <TClass::LoadClassInfo>: no interpreter information for class RooAbsPdf is available even though it has a TClass initialization routine.
Error in <TClass::LoadClassInfo>: no interpreter information for class RooAbsPdf is available even though it has a TClass initialization routine.
Error in <TClass::LoadClassInfo>: no interpreter information for class RooAbsPdf is available even though it has a TClass initialization routine.
Error in <TClass::LoadClassInfo>: no interpreter information for class RooAbsPdf is available even though it has a TClass initialization routine.
Error in <TClass::LoadClassInfo>: no interpreter information for class RooAbsPdf is available even though it has a TClass initialization routine.
Error in <TClass::LoadClassInfo>: no interpreter information for class RooAbsPdf is available even though it has a TClass initialization routine.
Error in <TClass::LoadClassInfo>: no interpreter information for class RooAbsPdf is available even though it has a TClass initialization routine.
Error in <TClass::LoadClassInfo>: no interpreter information for class RooAbsPdf is available even though it has a TClass initialization routine.
Error in <TClass::LoadClassInfo>: no interpreter information for class RooAbsPdf is available even though it has a TClass initialization routine.
Error in <TClass::LoadClassInfo>: no interpreter information for class RooAbsPdf is available even though it has a TClass initialization routine.
Error in <TClass::LoadClassInfo>: no interpreter information for class RooAbsPdf is available even though it has a TClass initialization routine.
Error in <TClass::LoadClassInfo>: no interpreter information for class RooAbsPdf is available even though it has a TClass initialization routine.
Error in <TClass::LoadClassInfo>: no interpreter information for class RooAbsPdf is available even though it has a TClass initialization routine.
Error in <TClass::LoadClassInfo>: no interpreter information for class RooAbsPdf is available even though it has a TClass initialization routine.
Error in <TClass::LoadClassInfo>: no interpreter information for class RooAbsPdf is available even though it has a TClass initialization routine.
Error in <TClass::LoadClassInfo>: no interpreter information for class RooAbsPdf is available even though it has a TClass initialization routine.
Error in <TClass::LoadClassInfo>: no interpreter information for class RooAbsPdf is available even though it has a TClass initialization routine.
Error in <TClass::LoadClassInfo>: no interpreter information for class RooAbsPdf is available even though it has a TClass initialization routine.
Error in <TClass::LoadClassInfo>: no interpreter information for class RooAbsPdf is available even though it has a TClass initialization routine.
Error in <TClass::LoadClassInfo>: no interpreter information for class RooAbsPdf is available even though it has a TClass initialization routine.
Error in <TClass::LoadClassInfo>: no interpreter information for class RooAbsPdf is available even though it has a TClass initialization routine.
Error in <TClass::LoadClassInfo>: no interpreter information for class RooAbsPdf is available even though it has a TClass initialization routine.
Error in <TClass::LoadClassInfo>: no interpreter information for class RooAbsPdf is available even though it has a TClass initialization routine.
Error in <TClass::LoadClassInfo>: no interpreter information for class RooAbsPdf is available even though it has a TClass initialization routine.
Error in <TClass::LoadClassInfo>: no interpreter information for class RooAbsPdf is available even though it has a TClass initialization routine.
Error in <TClass::LoadClassInfo>: no interpreter information for class RooAbsPdf is available even though it has a TClass initialization routine.
Error in <TClass::LoadClassInfo>: no interpreter information for class RooAbsPdf is available even though it has a TClass initialization routine.
Error in <TClass::LoadClassInfo>: no interpreter information for class RooAbsPdf is available even though it has a TClass initialization routine.
Error in <TClass::LoadClassInfo>: no interpreter information for class RooAbsPdf is available even though it has a TClass initialization routine.
Error in <TClass::LoadClassInfo>: no interpreter information for class RooAbsPdf is available even though it has a TClass initialization routine.
Error in <TClass::LoadClassInfo>: no interpreter information for class RooAbsPdf is available even though it has a TClass initialization routine.
Error in <TClass::LoadClassInfo>: no interpreter information for class RooAbsPdf is available even though it has a TClass initialization routine.
Error in <TClass::LoadClassInfo>: no interpreter information for class RooAbsPdf is available even though it has a TClass initialization routine.
Error in <TClass::LoadClassInfo>: no interpreter information for class RooAbsPdf is available even though it has a TClass initialization routine.
Error in <TClass::LoadClassInfo>: no interpreter information for class RooAbsPdf is available even though it has a TClass initialization routine.
Error in <TClass::LoadClassInfo>: no interpreter information for class RooAbsPdf is available even though it has a TClass initialization routine.
Error in <TClass::LoadClassInfo>: no interpreter information for class RooAbsPdf is available even though it has a TClass initialization routine.
Error in <TClass::LoadClassInfo>: no interpreter information for class RooAbsPdf is available even though it has a TClass initialization routine.
Error in <TClass::LoadClassInfo>: no interpreter information for class RooAbsPdf is available even though it has a TClass initialization routine.
Error in <TClass::LoadClassInfo>: no interpreter information for class RooAbsPdf is available even though it has a TClass initialization routine.
Error in <TClass::LoadClassInfo>: no interpreter information for class RooAbsPdf is available even though it has a TClass initialization routine.
Error in <TClass::LoadClassInfo>: no interpreter information for class RooAbsPdf is available even though it has a TClass initialization routine.
Error in <TClass::LoadClassInfo>: no interpreter information for class RooAbsPdf is available even though it has a TClass initialization routine.
Error in <TClass::LoadClassInfo>: no interpreter information for class RooAbsPdf is available even though it has a TClass initialization routine.
Error in <TClass::LoadClassInfo>: no interpreter information for class RooAbsPdf is available even though it has a TClass initialization routine.
Error in <TClass::LoadClassInfo>: no interpreter information for class RooAbsPdf is available even though it has a TClass initialization routine.
Error in <TClass::LoadClassInfo>: no interpreter information for class RooAbsPdf is available even though it has a TClass initialization routine.
Error in <TClass::LoadClassInfo>: no interpreter information for class RooAbsPdf is available even though it has a TClass initialization routine.
Error in <TClass::LoadClassInfo>: no interpreter information for class RooAbsPdf is available even though it has a TClass initialization routine.
Error in <TClass::LoadClassInfo>: no interpreter information for class RooAbsPdf is available even though it has a TClass initialization routine.
Error in <TClass::LoadClassInfo>: no interpreter information for class RooAbsPdf is available even though it has a TClass initialization routine.
Error in <TClass::LoadClassInfo>: no interpreter information for class RooAbsPdf is available even though it has a TClass initialization routine.
Error in <TClass::LoadClassInfo>: no interpreter information for class RooAbsPdf is available even though it has a TClass initialization routine.
Error in <TClass::LoadClassInfo>: no interpreter information for class RooAbsPdf is available even though it has a TClass initialization routine.
Error in <TClass::LoadClassInfo>: no interpreter information for class RooAbsPdf is available even though it has a TClass initialization routine.
Error in <TClass::LoadClassInfo>: no interpreter information for class RooAbsPdf is available even though it has a TClass initialization routine.
Error in <TClass::LoadClassInfo>: no interpreter information for class RooAbsPdf is available even though it has a TClass initialization routine.
Error in <TClass::LoadClassInfo>: no interpreter information for class RooAbsPdf is available even though it has a TClass initialization routine.
Error in <TClass::LoadClassInfo>: no interpreter information for class RooAbsPdf is available even though it has a TClass initialization routine.
Error in <TClass::LoadClassInfo>: no interpreter information for class RooAbsPdf is available even though it has a TClass initialization routine.
Error in <TClass::LoadClassInfo>: no interpreter information for class RooAbsPdf is available even though it has a TClass initialization routine.
Error in <TClass::LoadClassInfo>: no interpreter information for class RooAbsPdf is available even though it has a TClass initialization routine.
Error in <TClass::LoadClassInfo>: no interpreter information for class RooAbsPdf is available even though it has a TClass initialization routine.
Error in <TClass::LoadClassInfo>: no interpreter information for class RooAbsPdf is available even though it has a TClass initialization routine.
Error in <TClass::LoadClassInfo>: no interpreter information for class RooAbsPdf is available even though it has a TClass initialization routine.
Error in <TClass::LoadClassInfo>: no interpreter information for class RooAbsPdf is available even though it has a TClass initialization routine.
Error in <TClass::LoadClassInfo>: no interpreter information for class RooAbsPdf is available even though it has a TClass initialization routine.
Error in <TClass::LoadClassInfo>: no interpreter information for class RooAbsPdf is available even though it has a TClass initialization routine.
Error in <TClass::LoadClassInfo>: no interpreter information for class RooAbsPdf is available even though it has a TClass initialization routine.
Error in <TClass::LoadClassInfo>: no interpreter information for class RooAbsPdf is available even though it has a TClass initialization routine.
Error in <TClass::LoadClassInfo>: no interpreter information for class RooAbsPdf is available even though it has a TClass initialization routine.
Error in <TClass::LoadClassInfo>: no interpreter information for class RooAbsPdf is available even though it has a TClass initialization routine.
Error in <TClass::LoadClassInfo>: no interpreter information for class RooAbsPdf is available even though it has a TClass initialization routine.
Error in <TClass::LoadClassInfo>: no interpreter information for class RooAbsPdf is available even though it has a TClass initialization routine.
Error in <TClass::LoadClassInfo>: no interpreter information for class RooAbsPdf is available even though it has a TClass initialization routine.
Error in <TClass::LoadClassInfo>: no interpreter information for class RooAbsPdf is available even though it has a TClass initialization routine.
Error in <TClass::LoadClassInfo>: no interpreter information for class RooAbsPdf is available even though it has a TClass initialization routine.
Error in <TClass::LoadClassInfo>: no interpreter information for class RooAbsPdf is available even though it has a TClass initialization routine.
Error in <TClass::LoadClassInfo>: no interpreter information for class RooAbsPdf is available even though it has a TClass initialization routine.
Error in <TClass::LoadClassInfo>: no interpreter information for class RooAbsPdf is available even though it has a TClass initialization routine.
Error in <TClass::LoadClassInfo>: no interpreter information for class RooAbsPdf is available even though it has a TClass initialization routine.
Error in <TClass::LoadClassInfo>: no interpreter information for class RooAbsPdf is available even though it has a TClass initialization routine.
Error in <TClass::LoadClassInfo>: no interpreter information for class RooAbsPdf is available even though it has a TClass initialization routine.
Error in <TClass::LoadClassInfo>: no interpreter information for class RooAbsPdf is available even though it has a TClass initialization routine.
Error in <TClass::LoadClassInfo>: no interpreter information for class RooAbsPdf is available even though it has a TClass initialization routine.
Error in <TClass::LoadClassInfo>: no interpreter information for class RooAbsPdf is available even though it has a TClass initialization routine.
Error in <TClass::LoadClassInfo>: no interpreter information for class RooAbsPdf is available even though it has a TClass initialization routine.
Error in <TClass::LoadClassInfo>: no interpreter information for class RooAbsPdf is available even though it has a TClass initialization routine.
Error in <TClass::LoadClassInfo>: no interpreter information for class RooAbsPdf is available even though it has a TClass initialization routine.
Error in <TClass::LoadClassInfo>: no interpreter information for class RooAbsPdf is available even though it has a TClass initialization routine.
Error in <TClass::LoadClassInfo>: no interpreter information for class RooAbsPdf is available even though it has a TClass initialization routine.
Error in <TClass::LoadClassInfo>: no interpreter information for class RooAbsPdf is available even though it has a TClass initialization routine.
Error in <TClass::LoadClassInfo>: no interpreter information for class RooAbsPdf is available even though it has a TClass initialization routine.
Error in <TClass::LoadClassInfo>: no interpreter information for class RooAbsPdf is available even though it has a TClass initialization routine.
Error in <TClass::LoadClassInfo>: no interpreter information for class RooAbsPdf is available even though it has a TClass initialization routine.
Error in <TClass::LoadClassInfo>: no interpreter information for class RooAbsPdf is available even though it has a TClass initialization routine.
Error in <TClass::LoadClassInfo>: no interpreter information for class RooAbsPdf is available even though it has a TClass initialization routine.
Error in <TClass::LoadClassInfo>: no interpreter information for class RooAbsPdf is available even though it has a TClass initialization routine.
Error in <TClass::LoadClassInfo>: no interpreter information for class RooAbsPdf is available even though it has a TClass initialization routine.
Error in <TClass::LoadClassInfo>: no interpreter information for class RooAbsPdf is available even though it has a TClass initialization routine.
Error in <TClass::LoadClassInfo>: no interpreter information for class RooAbsPdf is available even though it has a TClass initialization routine.
Error in <TClass::LoadClassInfo>: no interpreter information for class RooAbsPdf is available even though it has a TClass initialization routine.
Error in <TClass::LoadClassInfo>: no interpreter information for class RooAbsPdf is available even though it has a TClass initialization routine.
Error in <TClass::LoadClassInfo>: no interpreter information for class RooAbsPdf is available even though it has a TClass initialization routine.
Error in <TClass::LoadClassInfo>: no interpreter information for class RooAbsPdf is available even though it has a TClass initialization routine.
Error in <TClass::LoadClassInfo>: no interpreter information for class RooAbsPdf is available even though it has a TClass initialization routine.
Error in <TClass::LoadClassInfo>: no interpreter information for class RooAbsPdf is available even though it has a TClass initialization routine.
Error in <TClass::LoadClassInfo>: no interpreter information for class RooAbsPdf is available even though it has a TClass initialization routine.
Error in <TClass::LoadClassInfo>: no interpreter information for class RooAbsPdf is available even though it has a TClass initialization routine.
Error in <TClass::LoadClassInfo>: no interpreter information for class RooAbsPdf is available even though it has a TClass initialization routine.
Error in <TClass::LoadClassInfo>: no interpreter information for class RooAbsPdf is available even though it has a TClass initialization routine.
Error in <TClass::LoadClassInfo>: no interpreter information for class RooAbsPdf is available even though it has a TClass initialization routine.
Error in <TClass::LoadClassInfo>: no interpreter information for class RooAbsPdf is available even though it has a TClass initialization routine.
Error in <TClass::LoadClassInfo>: no interpreter information for class RooAbsPdf is available even though it has a TClass initialization routine.
Error in <TClass::LoadClassInfo>: no interpreter information for class RooAbsPdf is available even though it has a TClass initialization routine.
Error in <TClass::LoadClassInfo>: no interpreter information for class RooAbsPdf is available even though it has a TClass initialization routine.
Error in <TClass::LoadClassInfo>: no interpreter information for class RooAbsPdf is available even though it has a TClass initialization routine.
Error in <TClass::LoadClassInfo>: no interpreter information for class RooAbsPdf is available even though it has a TClass initialization routine.
Error in <TClass::LoadClassInfo>: no interpreter information for class RooAbsPdf is available even though it has a TClass initialization routine.
Error in <TClass::LoadClassInfo>: no interpreter information for class RooAbsPdf is available even though it has a TClass initialization routine.
Error in <TClass::LoadClassInfo>: no interpreter information for class RooAbsPdf is available even though it has a TClass initialization routine.
Warning in <TStreamerInfo::BuildCheck>: 
   The StreamerInfo of class RooAbsPdf read from file /data/pku/home/zhaoyz/Higgs/boostedHWW/combine/combination/full_datacards/higgsCombineSnapshot.MultiDimFit.mH125.root
   has the same version (=4) as the active class but a different checksum.
   You should update the version to ClassDef(RooAbsPdf,5).
   Do not try to write objects with the current class definition,
   the files will not be readable.

Error in <TClass::LoadClassInfo>: no interpreter information for class RooAbsPdf is available even though it has a TClass initialization routine.
Error in <TClass::LoadClassInfo>: no interpreter information for class RooAbsPdf is available even though it has a TClass initialization routine.
Error in <TClass::LoadClassInfo>: no interpreter information for class RooAbsPdf is available even though it has a TClass initialization routine.
Error in <TClass::LoadClassInfo>: no interpreter information for class RooAbsPdf is available even though it has a TClass initialization routine.
Error in <TClass::LoadClassInfo>: no interpreter information for class RooAbsPdf is available even though it has a TClass initialization routine.
Error in <TClass::LoadClassInfo>: no interpreter information for class RooAbsPdf is available even though it has a TClass initialization routine.
Error in <TClass::LoadClassInfo>: no interpreter information for class RooAbsPdf is available even though it has a TClass initialization routine.
Error in <TClass::LoadClassInfo>: no interpreter information for class RooAbsPdf is available even though it has a TClass initialization routine.
Error in <TClass::LoadClassInfo>: no interpreter information for class RooAbsPdf is available even though it has a TClass initialization routine.
Error in <TClass::LoadClassInfo>: no interpreter information for class RooAbsPdf is available even though it has a TClass initialization routine.
Error in <TClass::LoadClassInfo>: no interpreter information for class RooAbsPdf is available even though it has a TClass initialization routine.
Error in <TClass::LoadClassInfo>: no interpreter information for class RooAbsPdf is available even though it has a TClass initialization routine.
Error in <TClass::LoadClassInfo>: no interpreter information for class RooAbsPdf is available even though it has a TClass initialization routine.
Error in <TClass::LoadClassInfo>: no interpreter information for class RooAbsPdf is available even though it has a TClass initialization routine.
Warning in <TStreamerInfo::CompareContent>: The on-file layout version 4 for class 'RooAbsPdf'  has a base class (RooAbsReal) that the in-memory layout version 4 does not have
Warning in <TStreamerInfo::CompareContent>: The following data member of
the in-memory layout version 4 of class 'RooAbsPdf' is missing from 
the on-file layout version 4:
   double _rawValue; //
Warning in <TStreamerInfo::CompareContent>: The following data member of
the in-memory layout version 4 of class 'RooAbsPdf' is missing from 
the on-file layout version 4:
   RooObjCacheManager _normMgr; //
Warning in <TStreamerInfo::CompareContent>: The following data member of
the in-memory layout version 4 of class 'RooAbsPdf' is missing from 
the on-file layout version 4:
   int _errorCount; //
Warning in <TStreamerInfo::CompareContent>: The following data member of
the in-memory layout version 4 of class 'RooAbsPdf' is missing from 
the on-file layout version 4:
   int _traceCount; //
Warning in <TStreamerInfo::CompareContent>: The following data member of
the in-memory layout version 4 of class 'RooAbsPdf' is missing from 
the on-file layout version 4:
   int _negCount; //
Warning in <TStreamerInfo::CompareContent>: The following data member of
the in-memory layout version 4 of class 'RooAbsPdf' is missing from 
the on-file layout version 4:
   bool _selectComp; //
Warning in <TStreamerInfo::CompareContent>: The following data member of
the in-memory layout version 4 of class 'RooAbsPdf' is missing from 
the on-file layout version 4:
   TString _normRange; //
Error in <TClass::LoadClassInfo>: no interpreter information for class RooAddPdf is available even though it has a TClass initialization routine.
Error in <TClass::LoadClassInfo>: no interpreter information for class RooAddPdf is available even though it has a TClass initialization routine.
Error in <TClass::LoadClassInfo>: no interpreter information for class RooAddPdf is available even though it has a TClass initialization routine.
Error in <TClass::LoadClassInfo>: no interpreter information for class RooAddPdf is available even though it has a TClass initialization routine.
Error in <TClass::LoadClassInfo>: no interpreter information for class RooAddPdf is available even though it has a TClass initialization routine.
Error in <TClass::LoadClassInfo>: no interpreter information for class RooAddPdf is available even though it has a TClass initialization routine.
Error in <TClass::LoadClassInfo>: no interpreter information for class RooAddPdf is available even though it has a TClass initialization routine.
Error in <TClass::LoadClassInfo>: no interpreter information for class RooAddPdf is available even though it has a TClass initialization routine.
Error in <TClass::LoadClassInfo>: no interpreter information for class RooAddPdf is available even though it has a TClass initialization routine.
Error in <TClass::LoadClassInfo>: no interpreter information for class RooAddPdf is available even though it has a TClass initialization routine.
Error in <TClass::LoadClassInfo>: no interpreter information for class RooAddPdf is available even though it has a TClass initialization routine.
Error in <TClass::LoadClassInfo>: no interpreter information for class RooAddPdf is available even though it has a TClass initialization routine.
Error in <TClass::LoadClassInfo>: no interpreter information for class RooAddPdf is available even though it has a TClass initialization routine.
Error in <TClass::LoadClassInfo>: no interpreter information for class RooAddPdf is available even though it has a TClass initialization routine.
Error in <TClass::LoadClassInfo>: no interpreter information for class RooAddPdf is available even though it has a TClass initialization routine.
Error in <TClass::LoadClassInfo>: no interpreter information for class RooAddPdf is available even though it has a TClass initialization routine.
Error in <TClass::LoadClassInfo>: no interpreter information for class RooAddPdf is available even though it has a TClass initialization routine.
Error in <TClass::LoadClassInfo>: no interpreter information for class RooAddPdf is available even though it has a TClass initialization routine.
Error in <TClass::LoadClassInfo>: no interpreter information for class RooAddPdf is available even though it has a TClass initialization routine.
Error in <TClass::LoadClassInfo>: no interpreter information for class RooAddPdf is available even though it has a TClass initialization routine.
Error in <TClass::LoadClassInfo>: no interpreter information for class RooAddPdf is available even though it has a TClass initialization routine.
Error in <TClass::LoadClassInfo>: no interpreter information for class RooAddPdf is available even though it has a TClass initialization routine.
Error in <TClass::LoadClassInfo>: no interpreter information for class RooAddPdf is available even though it has a TClass initialization routine.
Error in <TClass::LoadClassInfo>: no interpreter information for class RooAddPdf is available even though it has a TClass initialization routine.
Error in <TClass::LoadClassInfo>: no interpreter information for class RooAddPdf is available even though it has a TClass initialization routine.
Error in <TClass::LoadClassInfo>: no interpreter information for class RooAddPdf is available even though it has a TClass initialization routine.
Error in <TClass::LoadClassInfo>: no interpreter information for class RooAddPdf is available even though it has a TClass initialization routine.
Error in <TClass::LoadClassInfo>: no interpreter information for class RooAddPdf is available even though it has a TClass initialization routine.
Error in <TClass::LoadClassInfo>: no interpreter information for class RooAddPdf is available even though it has a TClass initialization routine.
Error in <TClass::LoadClassInfo>: no interpreter information for class RooAddPdf is available even though it has a TClass initialization routine.
Error in <TClass::LoadClassInfo>: no interpreter information for class RooAddPdf is available even though it has a TClass initialization routine.
Error in <TClass::LoadClassInfo>: no interpreter information for class RooAddPdf is available even though it has a TClass initialization routine.
Error in <TClass::LoadClassInfo>: no interpreter information for class RooAddPdf is available even though it has a TClass initialization routine.
Error in <TClass::LoadClassInfo>: no interpreter information for class RooAddPdf is available even though it has a TClass initialization routine.
Error in <TClass::LoadClassInfo>: no interpreter information for class RooAddPdf is available even though it has a TClass initialization routine.
Error in <TClass::LoadClassInfo>: no interpreter information for class RooAddPdf is available even though it has a TClass initialization routine.
Error in <TClass::LoadClassInfo>: no interpreter information for class RooAddPdf is available even though it has a TClass initialization routine.
Error in <TClass::LoadClassInfo>: no interpreter information for class RooAddPdf is available even though it has a TClass initialization routine.
Error in <TClass::LoadClassInfo>: no interpreter information for class RooAddPdf is available even though it has a TClass initialization routine.
Error in <TClass::LoadClassInfo>: no interpreter information for class RooAddPdf is available even though it has a TClass initialization routine.
Error in <TClass::LoadClassInfo>: no interpreter information for class RooAddPdf is available even though it has a TClass initialization routine.
Error in <TClass::LoadClassInfo>: no interpreter information for class RooAddPdf is available even though it has a TClass initialization routine.
Error in <TClass::LoadClassInfo>: no interpreter information for class RooAddPdf is available even though it has a TClass initialization routine.
Error in <TClass::LoadClassInfo>: no interpreter information for class RooAddPdf is available even though it has a TClass initialization routine.
Error in <TClass::LoadClassInfo>: no interpreter information for class RooAddPdf is available even though it has a TClass initialization routine.
Error in <TClass::LoadClassInfo>: no interpreter information for class RooAddPdf is available even though it has a TClass initialization routine.
Error in <TClass::LoadClassInfo>: no interpreter information for class RooAddPdf is available even though it has a TClass initialization routine.
Error in <TClass::LoadClassInfo>: no interpreter information for class RooAddPdf is available even though it has a TClass initialization routine.
Error in <TClass::LoadClassInfo>: no interpreter information for class RooAddPdf is available even though it has a TClass initialization routine.
Error in <TClass::LoadClassInfo>: no interpreter information for class RooAddPdf is available even though it has a TClass initialization routine.
Error in <TClass::LoadClassInfo>: no interpreter information for class RooAddPdf is available even though it has a TClass initialization routine.
Error in <TClass::LoadClassInfo>: no interpreter information for class RooAddPdf is available even though it has a TClass initialization routine.
Error in <TClass::LoadClassInfo>: no interpreter information for class RooAddPdf is available even though it has a TClass initialization routine.
Error in <TClass::LoadClassInfo>: no interpreter information for class RooAddPdf is available even though it has a TClass initialization routine.
Error in <TClass::LoadClassInfo>: no interpreter information for class RooAddPdf is available even though it has a TClass initialization routine.
Error in <TClass::LoadClassInfo>: no interpreter information for class RooAddPdf is available even though it has a TClass initialization routine.
Error in <TClass::LoadClassInfo>: no interpreter information for class RooAddPdf is available even though it has a TClass initialization routine.
Error in <TClass::LoadClassInfo>: no interpreter information for class RooAddPdf is available even though it has a TClass initialization routine.
Error in <TClass::LoadClassInfo>: no interpreter information for class RooAddPdf is available even though it has a TClass initialization routine.
Error in <TClass::LoadClassInfo>: no interpreter information for class RooAddPdf is available even though it has a TClass initialization routine.
Error in <TClass::LoadClassInfo>: no interpreter information for class RooAddPdf is available even though it has a TClass initialization routine.
Error in <TClass::LoadClassInfo>: no interpreter information for class RooAddPdf is available even though it has a TClass initialization routine.
Error in <TClass::LoadClassInfo>: no interpreter information for class RooAddPdf is available even though it has a TClass initialization routine.
Error in <TClass::LoadClassInfo>: no interpreter information for class RooAddPdf is available even though it has a TClass initialization routine.
Error in <TClass::LoadClassInfo>: no interpreter information for class RooAddPdf is available even though it has a TClass initialization routine.
Error in <TClass::LoadClassInfo>: no interpreter information for class RooAddPdf is available even though it has a TClass initialization routine.
Error in <TClass::LoadClassInfo>: no interpreter information for class RooAddPdf is available even though it has a TClass initialization routine.
Error in <TClass::LoadClassInfo>: no interpreter information for class RooAddPdf is available even though it has a TClass initialization routine.
Error in <TClass::LoadClassInfo>: no interpreter information for class RooAddPdf is available even though it has a TClass initialization routine.
Error in <TClass::LoadClassInfo>: no interpreter information for class RooAddPdf is available even though it has a TClass initialization routine.
Error in <TClass::LoadClassInfo>: no interpreter information for class RooAddPdf is available even though it has a TClass initialization routine.
Error in <TClass::LoadClassInfo>: no interpreter information for class RooAddPdf is available even though it has a TClass initialization routine.
Error in <TClass::LoadClassInfo>: no interpreter information for class RooAddPdf is available even though it has a TClass initialization routine.
Error in <TClass::LoadClassInfo>: no interpreter information for class RooAddPdf is available even though it has a TClass initialization routine.
Error in <TClass::LoadClassInfo>: no interpreter information for class RooAddPdf is available even though it has a TClass initialization routine.
Error in <TClass::LoadClassInfo>: no interpreter information for class RooAddPdf is available even though it has a TClass initialization routine.
Error in <TClass::LoadClassInfo>: no interpreter information for class RooAddPdf is available even though it has a TClass initialization routine.
Error in <TClass::LoadClassInfo>: no interpreter information for class RooAddPdf is available even though it has a TClass initialization routine.
Error in <TClass::LoadClassInfo>: no interpreter information for class RooAddPdf is available even though it has a TClass initialization routine.
Error in <TClass::LoadClassInfo>: no interpreter information for class RooAddPdf is available even though it has a TClass initialization routine.
Error in <TClass::LoadClassInfo>: no interpreter information for class RooAddPdf is available even though it has a TClass initialization routine.
Error in <TClass::LoadClassInfo>: no interpreter information for class RooAddPdf is available even though it has a TClass initialization routine.
Error in <TClass::LoadClassInfo>: no interpreter information for class RooAddPdf is available even though it has a TClass initialization routine.
Error in <TClass::LoadClassInfo>: no interpreter information for class RooAddPdf is available even though it has a TClass initialization routine.
Error in <TClass::LoadClassInfo>: no interpreter information for class RooAddPdf is available even though it has a TClass initialization routine.
Error in <TClass::LoadClassInfo>: no interpreter information for class RooAddPdf is available even though it has a TClass initialization routine.
Error in <TClass::LoadClassInfo>: no interpreter information for class RooAddPdf is available even though it has a TClass initialization routine.
Error in <TClass::LoadClassInfo>: no interpreter information for class RooAddPdf is available even though it has a TClass initialization routine.
Error in <TClass::LoadClassInfo>: no interpreter information for class RooAddPdf is available even though it has a TClass initialization routine.
Error in <TClass::LoadClassInfo>: no interpreter information for class RooAddPdf is available even though it has a TClass initialization routine.
Error in <TClass::LoadClassInfo>: no interpreter information for class RooAddPdf is available even though it has a TClass initialization routine.
Error in <TClass::LoadClassInfo>: no interpreter information for class RooAddPdf is available even though it has a TClass initialization routine.
Error in <TClass::LoadClassInfo>: no interpreter information for class RooAddPdf is available even though it has a TClass initialization routine.
Error in <TClass::LoadClassInfo>: no interpreter information for class RooAddPdf is available even though it has a TClass initialization routine.
Error in <TClass::LoadClassInfo>: no interpreter information for class RooAddPdf is available even though it has a TClass initialization routine.
Error in <TClass::LoadClassInfo>: no interpreter information for class RooAddPdf is available even though it has a TClass initialization routine.
Error in <TClass::LoadClassInfo>: no interpreter information for class RooAddPdf is available even though it has a TClass initialization routine.
Error in <TClass::LoadClassInfo>: no interpreter information for class RooAddPdf is available even though it has a TClass initialization routine.
Error in <TClass::LoadClassInfo>: no interpreter information for class RooAddPdf is available even though it has a TClass initialization routine.
Error in <TClass::LoadClassInfo>: no interpreter information for class RooAddPdf is available even though it has a TClass initialization routine.
Error in <TClass::LoadClassInfo>: no interpreter information for class RooAddPdf is available even though it has a TClass initialization routine.
Error in <TClass::LoadClassInfo>: no interpreter information for class RooAddPdf is available even though it has a TClass initialization routine.
Error in <TClass::LoadClassInfo>: no interpreter information for class RooAddPdf is available even though it has a TClass initialization routine.
Error in <TClass::LoadClassInfo>: no interpreter information for class RooAddPdf is available even though it has a TClass initialization routine.
Error in <TClass::LoadClassInfo>: no interpreter information for class RooAddPdf is available even though it has a TClass initialization routine.
Error in <TClass::LoadClassInfo>: no interpreter information for class RooAddPdf is available even though it has a TClass initialization routine.
Error in <TClass::LoadClassInfo>: no interpreter information for class RooAddPdf is available even though it has a TClass initialization routine.
Error in <TClass::LoadClassInfo>: no interpreter information for class RooAddPdf is available even though it has a TClass initialization routine.
Error in <TClass::LoadClassInfo>: no interpreter information for class RooAddPdf is available even though it has a TClass initialization routine.
Error in <TClass::LoadClassInfo>: no interpreter information for class RooAddPdf is available even though it has a TClass initialization routine.
Error in <TClass::LoadClassInfo>: no interpreter information for class RooAddPdf is available even though it has a TClass initialization routine.
Error in <TClass::LoadClassInfo>: no interpreter information for class RooAddPdf is available even though it has a TClass initialization routine.
Error in <TClass::LoadClassInfo>: no interpreter information for class RooAddPdf is available even though it has a TClass initialization routine.
Error in <TClass::LoadClassInfo>: no interpreter information for class RooAddPdf is available even though it has a TClass initialization routine.
Error in <TClass::LoadClassInfo>: no interpreter information for class RooAddPdf is available even though it has a TClass initialization routine.
Error in <TClass::LoadClassInfo>: no interpreter information for class RooAddPdf is available even though it has a TClass initialization routine.
Error in <TClass::LoadClassInfo>: no interpreter information for class RooAddPdf is available even though it has a TClass initialization routine.
Error in <TClass::LoadClassInfo>: no interpreter information for class RooAddPdf is available even though it has a TClass initialization routine.
Error in <TClass::LoadClassInfo>: no interpreter information for class RooAddPdf is available even though it has a TClass initialization routine.
Error in <TClass::LoadClassInfo>: no interpreter information for class RooAddPdf is available even though it has a TClass initialization routine.
Error in <TClass::LoadClassInfo>: no interpreter information for class RooAddPdf is available even though it has a TClass initialization routine.
Error in <TClass::LoadClassInfo>: no interpreter information for class RooAddPdf is available even though it has a TClass initialization routine.
Error in <TClass::LoadClassInfo>: no interpreter information for class RooAddPdf is available even though it has a TClass initialization routine.
Error in <TClass::LoadClassInfo>: no interpreter information for class RooAddPdf is available even though it has a TClass initialization routine.
Error in <TClass::LoadClassInfo>: no interpreter information for class RooAddPdf is available even though it has a TClass initialization routine.
Error in <TClass::LoadClassInfo>: no interpreter information for class RooAddPdf is available even though it has a TClass initialization routine.
Warning in <TStreamerInfo::BuildCheck>: 
   The StreamerInfo of class RooAddPdf read from file /data/pku/home/zhaoyz/Higgs/boostedHWW/combine/combination/full_datacards/higgsCombineSnapshot.MultiDimFit.mH125.root
   has the same version (=3) as the active class but a different checksum.
   You should update the version to ClassDef(RooAddPdf,4).
   Do not try to write objects with the current class definition,
   the files will not be readable.

Error in <TClass::LoadClassInfo>: no interpreter information for class RooAddPdf is available even though it has a TClass initialization routine.
Error in <TClass::LoadClassInfo>: no interpreter information for class RooAddPdf is available even though it has a TClass initialization routine.
Error in <TClass::LoadClassInfo>: no interpreter information for class RooAddPdf is available even though it has a TClass initialization routine.
Error in <TClass::LoadClassInfo>: no interpreter information for class RooAddPdf is available even though it has a TClass initialization routine.
Error in <TClass::LoadClassInfo>: no interpreter information for class RooAddPdf is available even though it has a TClass initialization routine.
Error in <TClass::LoadClassInfo>: no interpreter information for class RooAddPdf is available even though it has a TClass initialization routine.
Error in <TClass::LoadClassInfo>: no interpreter information for class RooAddPdf is available even though it has a TClass initialization routine.
Error in <TClass::LoadClassInfo>: no interpreter information for class RooAddPdf is available even though it has a TClass initialization routine.
Error in <TClass::LoadClassInfo>: no interpreter information for class RooAddPdf is available even though it has a TClass initialization routine.
Error in <TClass::LoadClassInfo>: no interpreter information for class RooAddPdf is available even though it has a TClass initialization routine.
Error in <TClass::LoadClassInfo>: no interpreter information for class RooAddPdf is available even though it has a TClass initialization routine.
Error in <TClass::LoadClassInfo>: no interpreter information for class RooAddPdf is available even though it has a TClass initialization routine.
Error in <TClass::LoadClassInfo>: no interpreter information for class RooAddPdf is available even though it has a TClass initialization routine.
Error in <TClass::LoadClassInfo>: no interpreter information for class RooAddPdf is available even though it has a TClass initialization routine.
Warning in <TStreamerInfo::CompareContent>: The on-file layout version 3 for class 'RooAddPdf'  has a base class (RooAbsPdf) that the in-memory layout version 3 does not have
Warning in <TStreamerInfo::CompareContent>: The following data member of
the in-memory layout version 3 of class 'RooAddPdf' is missing from 
the on-file layout version 3:
   RooSetProxy _refCoefNorm; //
Warning in <TStreamerInfo::CompareContent>: The following data member of
the in-memory layout version 3 of class 'RooAddPdf' is missing from 
the on-file layout version 3:
   TNamed* _refCoefRangeName; //
Warning in <TStreamerInfo::CompareContent>: The following data member of
the in-memory layout version 3 of class 'RooAddPdf' is missing from 
the on-file layout version 3:
   bool _projectCoefs; //
Warning in <TStreamerInfo::CompareContent>: The following data member of
the in-memory layout version 3 of class 'RooAddPdf' is missing from 
the on-file layout version 3:
   RooObjCacheManager _projCacheMgr; //
Warning in <TStreamerInfo::CompareContent>: The following data member of
the in-memory layout version 3 of class 'RooAddPdf' is missing from 
the on-file layout version 3:
   RooListProxy _pdfList; //
Warning in <TStreamerInfo::CompareContent>: The following data member of
the in-memory layout version 3 of class 'RooAddPdf' is missing from 
the on-file layout version 3:
   RooListProxy _coefList; //
Warning in <TStreamerInfo::CompareContent>: The following data member of
the in-memory layout version 3 of class 'RooAddPdf' is missing from 
the on-file layout version 3:
   bool _haveLastCoef; //
Warning in <TStreamerInfo::CompareContent>: The following data member of
the in-memory layout version 3 of class 'RooAddPdf' is missing from 
the on-file layout version 3:
   bool _allExtendable; //
Warning in <TStreamerInfo::CompareContent>: The following data member of
the in-memory layout version 3 of class 'RooAddPdf' is missing from 
the on-file layout version 3:
   bool _recursive; //
Error in <TClass::LoadClassInfo>: no interpreter information for class RooExpensiveObjectCache is available even though it has a TClass initialization routine.
Error in <TClass::LoadClassInfo>: no interpreter information for class RooExpensiveObjectCache is available even though it has a TClass initialization routine.
Error in <TClass::LoadClassInfo>: no interpreter information for class RooExpensiveObjectCache is available even though it has a TClass initialization routine.
Error in <TClass::LoadClassInfo>: no interpreter information for class RooExpensiveObjectCache is available even though it has a TClass initialization routine.
Error in <TClass::LoadClassInfo>: no interpreter information for class RooExpensiveObjectCache is available even though it has a TClass initialization routine.
Error in <TClass::LoadClassInfo>: no interpreter information for class RooExpensiveObjectCache is available even though it has a TClass initialization routine.
Error in <TClass::LoadClassInfo>: no interpreter information for class RooExpensiveObjectCache is available even though it has a TClass initialization routine.
Error in <TClass::LoadClassInfo>: no interpreter information for class RooExpensiveObjectCache is available even though it has a TClass initialization routine.
Error in <TClass::LoadClassInfo>: no interpreter information for class RooExpensiveObjectCache is available even though it has a TClass initialization routine.
Error in <TClass::LoadClassInfo>: no interpreter information for class RooExpensiveObjectCache is available even though it has a TClass initialization routine.
Error in <TClass::LoadClassInfo>: no interpreter information for class RooExpensiveObjectCache is available even though it has a TClass initialization routine.
Error in <TClass::LoadClassInfo>: no interpreter information for class RooExpensiveObjectCache is available even though it has a TClass initialization routine.
Error in <TClass::LoadClassInfo>: no interpreter information for class RooExpensiveObjectCache is available even though it has a TClass initialization routine.
Error in <TClass::LoadClassInfo>: no interpreter information for class RooExpensiveObjectCache is available even though it has a TClass initialization routine.
Error in <TClass::LoadClassInfo>: no interpreter information for class RooExpensiveObjectCache is available even though it has a TClass initialization routine.
Error in <TClass::LoadClassInfo>: no interpreter information for class RooExpensiveObjectCache is available even though it has a TClass initialization routine.
Error in <TClass::LoadClassInfo>: no interpreter information for class RooExpensiveObjectCache is available even though it has a TClass initialization routine.
Error in <TClass::LoadClassInfo>: no interpreter information for class RooExpensiveObjectCache is available even though it has a TClass initialization routine.
Error in <TClass::LoadClassInfo>: no interpreter information for class RooExpensiveObjectCache is available even though it has a TClass initialization routine.
Error in <TClass::LoadClassInfo>: no interpreter information for class RooExpensiveObjectCache is available even though it has a TClass initialization routine.
Error in <TClass::LoadClassInfo>: no interpreter information for class RooExpensiveObjectCache is available even though it has a TClass initialization routine.
Error in <TClass::LoadClassInfo>: no interpreter information for class RooExpensiveObjectCache is available even though it has a TClass initialization routine.
Error in <TClass::LoadClassInfo>: no interpreter information for class RooExpensiveObjectCache is available even though it has a TClass initialization routine.
Error in <TClass::LoadClassInfo>: no interpreter information for class RooExpensiveObjectCache is available even though it has a TClass initialization routine.
Error in <TClass::LoadClassInfo>: no interpreter information for class RooExpensiveObjectCache is available even though it has a TClass initialization routine.
Error in <TClass::LoadClassInfo>: no interpreter information for class RooExpensiveObjectCache is available even though it has a TClass initialization routine.
Error in <TClass::LoadClassInfo>: no interpreter information for class RooExpensiveObjectCache is available even though it has a TClass initialization routine.
Error in <TClass::LoadClassInfo>: no interpreter information for class RooExpensiveObjectCache is available even though it has a TClass initialization routine.
Error in <TClass::LoadClassInfo>: no interpreter information for class RooExpensiveObjectCache is available even though it has a TClass initialization routine.
Error in <TClass::LoadClassInfo>: no interpreter information for class RooExpensiveObjectCache is available even though it has a TClass initialization routine.
Error in <TClass::LoadClassInfo>: no interpreter information for class RooExpensiveObjectCache is available even though it has a TClass initialization routine.
Error in <TClass::LoadClassInfo>: no interpreter information for class RooExpensiveObjectCache is available even though it has a TClass initialization routine.
Error in <TClass::LoadClassInfo>: no interpreter information for class RooExpensiveObjectCache is available even though it has a TClass initialization routine.
Error in <TClass::LoadClassInfo>: no interpreter information for class RooExpensiveObjectCache is available even though it has a TClass initialization routine.
Error in <TClass::LoadClassInfo>: no interpreter information for class RooExpensiveObjectCache is available even though it has a TClass initialization routine.
Error in <TClass::LoadClassInfo>: no interpreter information for class RooExpensiveObjectCache is available even though it has a TClass initialization routine.
Error in <TClass::LoadClassInfo>: no interpreter information for class RooExpensiveObjectCache is available even though it has a TClass initialization routine.
Error in <TClass::LoadClassInfo>: no interpreter information for class RooExpensiveObjectCache is available even though it has a TClass initialization routine.
Error in <TClass::LoadClassInfo>: no interpreter information for class RooExpensiveObjectCache is available even though it has a TClass initialization routine.
Error in <TClass::LoadClassInfo>: no interpreter information for class RooExpensiveObjectCache is available even though it has a TClass initialization routine.
Error in <TClass::LoadClassInfo>: no interpreter information for class RooExpensiveObjectCache is available even though it has a TClass initialization routine.
Error in <TClass::LoadClassInfo>: no interpreter information for class RooExpensiveObjectCache is available even though it has a TClass initialization routine.
Error in <TClass::LoadClassInfo>: no interpreter information for class RooExpensiveObjectCache is available even though it has a TClass initialization routine.
Error in <TClass::LoadClassInfo>: no interpreter information for class RooExpensiveObjectCache is available even though it has a TClass initialization routine.
Error in <TClass::LoadClassInfo>: no interpreter information for class RooExpensiveObjectCache is available even though it has a TClass initialization routine.
Error in <TClass::LoadClassInfo>: no interpreter information for class RooExpensiveObjectCache is available even though it has a TClass initialization routine.
Error in <TClass::LoadClassInfo>: no interpreter information for class RooExpensiveObjectCache is available even though it has a TClass initialization routine.
Error in <TClass::LoadClassInfo>: no interpreter information for class RooExpensiveObjectCache is available even though it has a TClass initialization routine.
Error in <TClass::LoadClassInfo>: no interpreter information for class RooExpensiveObjectCache is available even though it has a TClass initialization routine.
Error in <TClass::LoadClassInfo>: no interpreter information for class RooExpensiveObjectCache is available even though it has a TClass initialization routine.
Error in <TClass::LoadClassInfo>: no interpreter information for class RooExpensiveObjectCache is available even though it has a TClass initialization routine.
Error in <TClass::LoadClassInfo>: no interpreter information for class RooExpensiveObjectCache is available even though it has a TClass initialization routine.
Error in <TClass::LoadClassInfo>: no interpreter information for class RooExpensiveObjectCache is available even though it has a TClass initialization routine.
Error in <TClass::LoadClassInfo>: no interpreter information for class RooExpensiveObjectCache is available even though it has a TClass initialization routine.
Error in <TClass::LoadClassInfo>: no interpreter information for class RooExpensiveObjectCache is available even though it has a TClass initialization routine.
Error in <TClass::LoadClassInfo>: no interpreter information for class RooExpensiveObjectCache is available even though it has a TClass initialization routine.
Error in <TClass::LoadClassInfo>: no interpreter information for class RooExpensiveObjectCache is available even though it has a TClass initialization routine.
Error in <TClass::LoadClassInfo>: no interpreter information for class RooExpensiveObjectCache is available even though it has a TClass initialization routine.
Error in <TClass::LoadClassInfo>: no interpreter information for class RooExpensiveObjectCache is available even though it has a TClass initialization routine.
Error in <TClass::LoadClassInfo>: no interpreter information for class RooExpensiveObjectCache is available even though it has a TClass initialization routine.
Error in <TClass::LoadClassInfo>: no interpreter information for class RooExpensiveObjectCache is available even though it has a TClass initialization routine.
Error in <TClass::LoadClassInfo>: no interpreter information for class RooExpensiveObjectCache is available even though it has a TClass initialization routine.
Error in <TClass::LoadClassInfo>: no interpreter information for class RooExpensiveObjectCache is available even though it has a TClass initialization routine.
Error in <TClass::LoadClassInfo>: no interpreter information for class RooExpensiveObjectCache is available even though it has a TClass initialization routine.
Error in <TClass::LoadClassInfo>: no interpreter information for class RooExpensiveObjectCache is available even though it has a TClass initialization routine.
Error in <TClass::LoadClassInfo>: no interpreter information for class RooExpensiveObjectCache is available even though it has a TClass initialization routine.
Error in <TClass::LoadClassInfo>: no interpreter information for class RooExpensiveObjectCache is available even though it has a TClass initialization routine.
Error in <TClass::LoadClassInfo>: no interpreter information for class RooExpensiveObjectCache is available even though it has a TClass initialization routine.
Error in <TClass::LoadClassInfo>: no interpreter information for class RooExpensiveObjectCache is available even though it has a TClass initialization routine.
Error in <TClass::LoadClassInfo>: no interpreter information for class RooExpensiveObjectCache is available even though it has a TClass initialization routine.
Error in <TClass::LoadClassInfo>: no interpreter information for class RooExpensiveObjectCache is available even though it has a TClass initialization routine.
Error in <TClass::LoadClassInfo>: no interpreter information for class RooExpensiveObjectCache is available even though it has a TClass initialization routine.
Error in <TClass::LoadClassInfo>: no interpreter information for class RooExpensiveObjectCache is available even though it has a TClass initialization routine.
Error in <TClass::LoadClassInfo>: no interpreter information for class RooExpensiveObjectCache is available even though it has a TClass initialization routine.
Error in <TClass::LoadClassInfo>: no interpreter information for class RooExpensiveObjectCache is available even though it has a TClass initialization routine.
Error in <TClass::LoadClassInfo>: no interpreter information for class RooExpensiveObjectCache is available even though it has a TClass initialization routine.
Error in <TClass::LoadClassInfo>: no interpreter information for class RooExpensiveObjectCache is available even though it has a TClass initialization routine.
Error in <TClass::LoadClassInfo>: no interpreter information for class RooExpensiveObjectCache is available even though it has a TClass initialization routine.
Error in <TClass::LoadClassInfo>: no interpreter information for class RooExpensiveObjectCache is available even though it has a TClass initialization routine.
Error in <TClass::LoadClassInfo>: no interpreter information for class RooExpensiveObjectCache is available even though it has a TClass initialization routine.
Error in <TClass::LoadClassInfo>: no interpreter information for class RooExpensiveObjectCache is available even though it has a TClass initialization routine.
Error in <TClass::LoadClassInfo>: no interpreter information for class RooExpensiveObjectCache is available even though it has a TClass initialization routine.
Error in <TClass::LoadClassInfo>: no interpreter information for class RooExpensiveObjectCache is available even though it has a TClass initialization routine.
Error in <TClass::LoadClassInfo>: no interpreter information for class RooExpensiveObjectCache is available even though it has a TClass initialization routine.
Error in <TClass::LoadClassInfo>: no interpreter information for class RooExpensiveObjectCache is available even though it has a TClass initialization routine.
Error in <TClass::LoadClassInfo>: no interpreter information for class RooExpensiveObjectCache is available even though it has a TClass initialization routine.
Error in <TClass::LoadClassInfo>: no interpreter information for class RooExpensiveObjectCache is available even though it has a TClass initialization routine.
Error in <TClass::LoadClassInfo>: no interpreter information for class RooExpensiveObjectCache is available even though it has a TClass initialization routine.
Error in <TClass::LoadClassInfo>: no interpreter information for class RooExpensiveObjectCache is available even though it has a TClass initialization routine.
Error in <TClass::LoadClassInfo>: no interpreter information for class RooExpensiveObjectCache is available even though it has a TClass initialization routine.
Error in <TClass::LoadClassInfo>: no interpreter information for class RooExpensiveObjectCache is available even though it has a TClass initialization routine.
Error in <TClass::LoadClassInfo>: no interpreter information for class RooExpensiveObjectCache is available even though it has a TClass initialization routine.
Error in <TClass::LoadClassInfo>: no interpreter information for class RooExpensiveObjectCache is available even though it has a TClass initialization routine.
Error in <TClass::LoadClassInfo>: no interpreter information for class RooExpensiveObjectCache is available even though it has a TClass initialization routine.
Error in <TClass::LoadClassInfo>: no interpreter information for class RooExpensiveObjectCache is available even though it has a TClass initialization routine.
Error in <TClass::LoadClassInfo>: no interpreter information for class RooExpensiveObjectCache is available even though it has a TClass initialization routine.
Error in <TClass::LoadClassInfo>: no interpreter information for class RooExpensiveObjectCache is available even though it has a TClass initialization routine.
Error in <TClass::LoadClassInfo>: no interpreter information for class RooExpensiveObjectCache is available even though it has a TClass initialization routine.
Error in <TClass::LoadClassInfo>: no interpreter information for class RooExpensiveObjectCache is available even though it has a TClass initialization routine.
Error in <TClass::LoadClassInfo>: no interpreter information for class RooExpensiveObjectCache is available even though it has a TClass initialization routine.
Error in <TClass::LoadClassInfo>: no interpreter information for class RooExpensiveObjectCache is available even though it has a TClass initialization routine.
Error in <TClass::LoadClassInfo>: no interpreter information for class RooExpensiveObjectCache is available even though it has a TClass initialization routine.
Error in <TClass::LoadClassInfo>: no interpreter information for class RooExpensiveObjectCache is available even though it has a TClass initialization routine.
Error in <TClass::LoadClassInfo>: no interpreter information for class RooExpensiveObjectCache is available even though it has a TClass initialization routine.
Error in <TClass::LoadClassInfo>: no interpreter information for class RooExpensiveObjectCache is available even though it has a TClass initialization routine.
Error in <TClass::LoadClassInfo>: no interpreter information for class RooExpensiveObjectCache is available even though it has a TClass initialization routine.
Error in <TClass::LoadClassInfo>: no interpreter information for class RooExpensiveObjectCache is available even though it has a TClass initialization routine.
Error in <TClass::LoadClassInfo>: no interpreter information for class RooExpensiveObjectCache is available even though it has a TClass initialization routine.
Error in <TClass::LoadClassInfo>: no interpreter information for class RooExpensiveObjectCache is available even though it has a TClass initialization routine.
Error in <TClass::LoadClassInfo>: no interpreter information for class RooExpensiveObjectCache is available even though it has a TClass initialization routine.
Error in <TClass::LoadClassInfo>: no interpreter information for class RooExpensiveObjectCache is available even though it has a TClass initialization routine.
Error in <TClass::LoadClassInfo>: no interpreter information for class RooExpensiveObjectCache is available even though it has a TClass initialization routine.
Error in <TClass::LoadClassInfo>: no interpreter information for class RooExpensiveObjectCache is available even though it has a TClass initialization routine.
Error in <TClass::LoadClassInfo>: no interpreter information for class RooExpensiveObjectCache is available even though it has a TClass initialization routine.
Error in <TClass::LoadClassInfo>: no interpreter information for class RooExpensiveObjectCache is available even though it has a TClass initialization routine.
Error in <TClass::LoadClassInfo>: no interpreter information for class RooExpensiveObjectCache is available even though it has a TClass initialization routine.
Error in <TClass::LoadClassInfo>: no interpreter information for class RooExpensiveObjectCache is available even though it has a TClass initialization routine.
Error in <TClass::LoadClassInfo>: no interpreter information for class RooExpensiveObjectCache is available even though it has a TClass initialization routine.
Error in <TClass::LoadClassInfo>: no interpreter information for class RooExpensiveObjectCache is available even though it has a TClass initialization routine.
Error in <TClass::LoadClassInfo>: no interpreter information for class RooExpensiveObjectCache is available even though it has a TClass initialization routine.
Error in <TClass::LoadClassInfo>: no interpreter information for class RooExpensiveObjectCache is available even though it has a TClass initialization routine.
Error in <TClass::LoadClassInfo>: no interpreter information for class RooExpensiveObjectCache is available even though it has a TClass initialization routine.
Error in <TClass::LoadClassInfo>: no interpreter information for class RooExpensiveObjectCache is available even though it has a TClass initialization routine.
Error in <TClass::LoadClassInfo>: no interpreter information for class RooExpensiveObjectCache is available even though it has a TClass initialization routine.
Error in <TClass::LoadClassInfo>: no interpreter information for class RooExpensiveObjectCache is available even though it has a TClass initialization routine.
Error in <TClass::LoadClassInfo>: no interpreter information for class RooExpensiveObjectCache is available even though it has a TClass initialization routine.
Warning in <TStreamerInfo::BuildCheck>: 
   The StreamerInfo of class RooExpensiveObjectCache read from file /data/pku/home/zhaoyz/Higgs/boostedHWW/combine/combination/full_datacards/higgsCombineSnapshot.MultiDimFit.mH125.root
   has the same version (=2) as the active class but a different checksum.
   You should update the version to ClassDef(RooExpensiveObjectCache,3).
   Do not try to write objects with the current class definition,
   the files will not be readable.

Error in <TClass::LoadClassInfo>: no interpreter information for class RooExpensiveObjectCache is available even though it has a TClass initialization routine.
Error in <TClass::LoadClassInfo>: no interpreter information for class RooExpensiveObjectCache is available even though it has a TClass initialization routine.
Error in <TClass::LoadClassInfo>: no interpreter information for class RooExpensiveObjectCache is available even though it has a TClass initialization routine.
Error in <TClass::LoadClassInfo>: no interpreter information for class RooExpensiveObjectCache is available even though it has a TClass initialization routine.
Error in <TClass::LoadClassInfo>: no interpreter information for class RooExpensiveObjectCache is available even though it has a TClass initialization routine.
Error in <TClass::LoadClassInfo>: no interpreter information for class RooExpensiveObjectCache is available even though it has a TClass initialization routine.
Error in <TClass::LoadClassInfo>: no interpreter information for class RooExpensiveObjectCache is available even though it has a TClass initialization routine.
Error in <TClass::LoadClassInfo>: no interpreter information for class RooExpensiveObjectCache is available even though it has a TClass initialization routine.
Error in <TClass::LoadClassInfo>: no interpreter information for class RooExpensiveObjectCache is available even though it has a TClass initialization routine.
Error in <TClass::LoadClassInfo>: no interpreter information for class RooExpensiveObjectCache is available even though it has a TClass initialization routine.
Error in <TClass::LoadClassInfo>: no interpreter information for class RooExpensiveObjectCache is available even though it has a TClass initialization routine.
Error in <TClass::LoadClassInfo>: no interpreter information for class RooExpensiveObjectCache is available even though it has a TClass initialization routine.
Error in <TClass::LoadClassInfo>: no interpreter information for class RooExpensiveObjectCache is available even though it has a TClass initialization routine.
Error in <TClass::LoadClassInfo>: no interpreter information for class RooExpensiveObjectCache is available even though it has a TClass initialization routine.
Warning in <TStreamerInfo::CompareContent>: The on-file layout version 2 for class 'RooExpensiveObjectCache'  has a base class (TObject) that the in-memory layout version 2 does not have
Warning in <TStreamerInfo::CompareContent>: The following data member of
the in-memory layout version 2 of class 'RooExpensiveObjectCache' is missing from 
the on-file layout version 2:
   int _nextUID; //
Warning in <TStreamerInfo::CompareContent>: The following data member of
the in-memory layout version 2 of class 'RooExpensiveObjectCache' is missing from 
the on-file layout version 2:
   map<TString,RooExpensiveObjectCache::ExpensiveObject*> _map; //
Error in <TClass::LoadClassInfo>: no interpreter information for class RooNumIntConfig is available even though it has a TClass initialization routine.
Error in <TClass::LoadClassInfo>: no interpreter information for class RooNumIntConfig is available even though it has a TClass initialization routine.
Error in <TClass::LoadClassInfo>: no interpreter information for class RooNumIntConfig is available even though it has a TClass initialization routine.
Error in <TClass::LoadClassInfo>: no interpreter information for class RooNumIntConfig is available even though it has a TClass initialization routine.
Error in <TClass::LoadClassInfo>: no interpreter information for class RooNumIntConfig is available even though it has a TClass initialization routine.
Error in <TClass::LoadClassInfo>: no interpreter information for class RooNumIntConfig is available even though it has a TClass initialization routine.
Error in <TClass::LoadClassInfo>: no interpreter information for class RooNumIntConfig is available even though it has a TClass initialization routine.
Error in <TClass::LoadClassInfo>: no interpreter information for class RooNumIntConfig is available even though it has a TClass initialization routine.
Error in <TClass::LoadClassInfo>: no interpreter information for class RooNumIntConfig is available even though it has a TClass initialization routine.
Error in <TClass::LoadClassInfo>: no interpreter information for class RooNumIntConfig is available even though it has a TClass initialization routine.
Error in <TClass::LoadClassInfo>: no interpreter information for class RooNumIntConfig is available even though it has a TClass initialization routine.
Error in <TClass::LoadClassInfo>: no interpreter information for class RooNumIntConfig is available even though it has a TClass initialization routine.
Error in <TClass::LoadClassInfo>: no interpreter information for class RooNumIntConfig is available even though it has a TClass initialization routine.
Error in <TClass::LoadClassInfo>: no interpreter information for class RooNumIntConfig is available even though it has a TClass initialization routine.
Error in <TClass::LoadClassInfo>: no interpreter information for class RooNumIntConfig is available even though it has a TClass initialization routine.
Error in <TClass::LoadClassInfo>: no interpreter information for class RooNumIntConfig is available even though it has a TClass initialization routine.
Error in <TClass::LoadClassInfo>: no interpreter information for class RooNumIntConfig is available even though it has a TClass initialization routine.
Error in <TClass::LoadClassInfo>: no interpreter information for class RooNumIntConfig is available even though it has a TClass initialization routine.
Error in <TClass::LoadClassInfo>: no interpreter information for class RooNumIntConfig is available even though it has a TClass initialization routine.
Error in <TClass::LoadClassInfo>: no interpreter information for class RooNumIntConfig is available even though it has a TClass initialization routine.
Error in <TClass::LoadClassInfo>: no interpreter information for class RooNumIntConfig is available even though it has a TClass initialization routine.
Error in <TClass::LoadClassInfo>: no interpreter information for class RooNumIntConfig is available even though it has a TClass initialization routine.
Error in <TClass::LoadClassInfo>: no interpreter information for class RooCategory is available even though it has a TClass initialization routine.
Error in <TClass::LoadClassInfo>: no interpreter information for class RooCategory is available even though it has a TClass initialization routine.
Error in <TClass::LoadClassInfo>: no interpreter information for class RooCategory is available even though it has a TClass initialization routine.
Error in <TClass::LoadClassInfo>: no interpreter information for class RooCategory is available even though it has a TClass initialization routine.
Error in <TClass::LoadClassInfo>: no interpreter information for class RooCategory is available even though it has a TClass initialization routine.
Error in <TClass::LoadClassInfo>: no interpreter information for class RooCategory is available even though it has a TClass initialization routine.
Error in <TClass::LoadClassInfo>: no interpreter information for class RooCategory is available even though it has a TClass initialization routine.
Error in <TClass::LoadClassInfo>: no interpreter information for class RooCategory is available even though it has a TClass initialization routine.
Error in <TClass::LoadClassInfo>: no interpreter information for class RooCategory is available even though it has a TClass initialization routine.
Error in <TClass::LoadClassInfo>: no interpreter information for class RooCategory is available even though it has a TClass initialization routine.
Error in <TClass::LoadClassInfo>: no interpreter information for class RooCategory is available even though it has a TClass initialization routine.
Error in <TClass::LoadClassInfo>: no interpreter information for class RooCategory is available even though it has a TClass initialization routine.
Error in <TClass::LoadClassInfo>: no interpreter information for class RooCategory is available even though it has a TClass initialization routine.
Error in <TClass::LoadClassInfo>: no interpreter information for class RooCategory is available even though it has a TClass initialization routine.
Error in <TClass::LoadClassInfo>: no interpreter information for class RooCategory is available even though it has a TClass initialization routine.
Error in <TClass::LoadClassInfo>: no interpreter information for class RooCategory is available even though it has a TClass initialization routine.
Error in <TClass::LoadClassInfo>: no interpreter information for class RooCategory is available even though it has a TClass initialization routine.
Error in <TClass::LoadClassInfo>: no interpreter information for class RooCategory is available even though it has a TClass initialization routine.
Error in <TClass::LoadClassInfo>: no interpreter information for class RooCategory is available even though it has a TClass initialization routine.
Error in <TClass::LoadClassInfo>: no interpreter information for class RooCategory is available even though it has a TClass initialization routine.
Error in <TClass::LoadClassInfo>: no interpreter information for class RooCategory is available even though it has a TClass initialization routine.
Error in <TClass::LoadClassInfo>: no interpreter information for class RooCategory is available even though it has a TClass initialization routine.
Error in <TClass::LoadClassInfo>: no interpreter information for class RooCategory is available even though it has a TClass initialization routine.
Error in <TClass::LoadClassInfo>: no interpreter information for class RooCategory is available even though it has a TClass initialization routine.
Error in <TClass::LoadClassInfo>: no interpreter information for class RooCategory is available even though it has a TClass initialization routine.
Error in <TClass::LoadClassInfo>: no interpreter information for class RooCategory is available even though it has a TClass initialization routine.
Error in <TClass::LoadClassInfo>: no interpreter information for class RooCategory is available even though it has a TClass initialization routine.
Error in <TClass::LoadClassInfo>: no interpreter information for class RooCategory is available even though it has a TClass initialization routine.
Error in <TClass::LoadClassInfo>: no interpreter information for class RooCategory is available even though it has a TClass initialization routine.
Error in <TClass::LoadClassInfo>: no interpreter information for class RooCategory is available even though it has a TClass initialization routine.
Error in <TClass::LoadClassInfo>: no interpreter information for class RooCategory is available even though it has a TClass initialization routine.
Error in <TClass::LoadClassInfo>: no interpreter information for class RooCategory is available even though it has a TClass initialization routine.
Error in <TClass::LoadClassInfo>: no interpreter information for class RooCategory is available even though it has a TClass initialization routine.
Error in <TClass::LoadClassInfo>: no interpreter information for class RooCategory is available even though it has a TClass initialization routine.
Error in <TClass::LoadClassInfo>: no interpreter information for class RooCategory is available even though it has a TClass initialization routine.
Error in <TClass::LoadClassInfo>: no interpreter information for class RooCategory is available even though it has a TClass initialization routine.
Error in <TClass::LoadClassInfo>: no interpreter information for class RooCategory is available even though it has a TClass initialization routine.
Error in <TClass::LoadClassInfo>: no interpreter information for class RooCategory is available even though it has a TClass initialization routine.
Error in <TClass::LoadClassInfo>: no interpreter information for class RooCategory is available even though it has a TClass initialization routine.
Error in <TClass::LoadClassInfo>: no interpreter information for class RooCategory is available even though it has a TClass initialization routine.
Error in <TClass::LoadClassInfo>: no interpreter information for class RooCategory is available even though it has a TClass initialization routine.
Error in <TClass::LoadClassInfo>: no interpreter information for class RooCategory is available even though it has a TClass initialization routine.
Error in <TClass::LoadClassInfo>: no interpreter information for class RooCategory is available even though it has a TClass initialization routine.
Error in <TClass::LoadClassInfo>: no interpreter information for class RooCategory is available even though it has a TClass initialization routine.
Error in <TClass::LoadClassInfo>: no interpreter information for class RooCategory is available even though it has a TClass initialization routine.
Error in <TClass::LoadClassInfo>: no interpreter information for class RooCategory is available even though it has a TClass initialization routine.
Error in <TClass::LoadClassInfo>: no interpreter information for class RooCategory is available even though it has a TClass initialization routine.
Error in <TClass::LoadClassInfo>: no interpreter information for class RooCategory is available even though it has a TClass initialization routine.
Error in <TClass::LoadClassInfo>: no interpreter information for class RooCategory is available even though it has a TClass initialization routine.
Error in <TClass::LoadClassInfo>: no interpreter information for class RooCategory is available even though it has a TClass initialization routine.
Error in <TClass::LoadClassInfo>: no interpreter information for class RooCategory is available even though it has a TClass initialization routine.
Error in <TClass::LoadClassInfo>: no interpreter information for class RooCategory is available even though it has a TClass initialization routine.
Error in <TClass::LoadClassInfo>: no interpreter information for class RooCategory is available even though it has a TClass initialization routine.
Error in <TClass::LoadClassInfo>: no interpreter information for class RooCategory is available even though it has a TClass initialization routine.
Error in <TClass::LoadClassInfo>: no interpreter information for class RooCategory is available even though it has a TClass initialization routine.
Error in <TClass::LoadClassInfo>: no interpreter information for class RooCategory is available even though it has a TClass initialization routine.
Error in <TClass::LoadClassInfo>: no interpreter information for class RooCategory is available even though it has a TClass initialization routine.
Error in <TClass::LoadClassInfo>: no interpreter information for class RooCategory is available even though it has a TClass initialization routine.
Error in <TClass::LoadClassInfo>: no interpreter information for class RooCategory is available even though it has a TClass initialization routine.
Error in <TClass::LoadClassInfo>: no interpreter information for class RooCategory is available even though it has a TClass initialization routine.
Error in <TClass::LoadClassInfo>: no interpreter information for class RooCategory is available even though it has a TClass initialization routine.
Error in <TClass::LoadClassInfo>: no interpreter information for class RooCategory is available even though it has a TClass initialization routine.
Error in <TClass::LoadClassInfo>: no interpreter information for class RooCategory is available even though it has a TClass initialization routine.
Error in <TClass::LoadClassInfo>: no interpreter information for class RooCategory is available even though it has a TClass initialization routine.
Error in <TClass::LoadClassInfo>: no interpreter information for class RooCategory is available even though it has a TClass initialization routine.
Error in <TClass::LoadClassInfo>: no interpreter information for class RooCategory is available even though it has a TClass initialization routine.
Error in <TClass::LoadClassInfo>: no interpreter information for class RooCategory is available even though it has a TClass initialization routine.
Error in <TClass::LoadClassInfo>: no interpreter information for class RooCategory is available even though it has a TClass initialization routine.
Error in <TClass::LoadClassInfo>: no interpreter information for class RooCategory is available even though it has a TClass initialization routine.
Error in <TClass::LoadClassInfo>: no interpreter information for class RooCategory is available even though it has a TClass initialization routine.
Error in <TClass::LoadClassInfo>: no interpreter information for class RooCategory is available even though it has a TClass initialization routine.
Error in <TClass::LoadClassInfo>: no interpreter information for class RooCategory is available even though it has a TClass initialization routine.
Error in <TClass::LoadClassInfo>: no interpreter information for class RooCategory is available even though it has a TClass initialization routine.
Error in <TClass::LoadClassInfo>: no interpreter information for class RooCategory is available even though it has a TClass initialization routine.
Error in <TClass::LoadClassInfo>: no interpreter information for class RooCategory is available even though it has a TClass initialization routine.
Error in <TClass::LoadClassInfo>: no interpreter information for class RooCategory is available even though it has a TClass initialization routine.
Error in <TClass::LoadClassInfo>: no interpreter information for class RooCategory is available even though it has a TClass initialization routine.
Error in <TClass::LoadClassInfo>: no interpreter information for class RooCategory is available even though it has a TClass initialization routine.
Error in <TClass::LoadClassInfo>: no interpreter information for class RooCategory is available even though it has a TClass initialization routine.
Error in <TClass::LoadClassInfo>: no interpreter information for class RooCategory is available even though it has a TClass initialization routine.
Error in <TClass::LoadClassInfo>: no interpreter information for class RooCategory is available even though it has a TClass initialization routine.
Error in <TClass::LoadClassInfo>: no interpreter information for class RooCategory is available even though it has a TClass initialization routine.
Error in <TClass::LoadClassInfo>: no interpreter information for class RooCategory is available even though it has a TClass initialization routine.
Error in <TClass::LoadClassInfo>: no interpreter information for class RooCategory is available even though it has a TClass initialization routine.
Error in <TClass::LoadClassInfo>: no interpreter information for class RooCategory is available even though it has a TClass initialization routine.
Error in <TClass::LoadClassInfo>: no interpreter information for class RooCategory is available even though it has a TClass initialization routine.
Error in <TClass::LoadClassInfo>: no interpreter information for class RooCategory is available even though it has a TClass initialization routine.
Error in <TClass::LoadClassInfo>: no interpreter information for class RooCategory is available even though it has a TClass initialization routine.
Error in <TClass::LoadClassInfo>: no interpreter information for class RooCategory is available even though it has a TClass initialization routine.
Error in <TClass::LoadClassInfo>: no interpreter information for class RooCategory is available even though it has a TClass initialization routine.
Error in <TClass::LoadClassInfo>: no interpreter information for class RooCategory is available even though it has a TClass initialization routine.
Error in <TClass::LoadClassInfo>: no interpreter information for class RooCategory is available even though it has a TClass initialization routine.
Error in <TClass::LoadClassInfo>: no interpreter information for class RooCategory is available even though it has a TClass initialization routine.
Error in <TClass::LoadClassInfo>: no interpreter information for class RooCategory is available even though it has a TClass initialization routine.
Error in <TClass::LoadClassInfo>: no interpreter information for class RooCategory is available even though it has a TClass initialization routine.
Error in <TClass::LoadClassInfo>: no interpreter information for class RooCategory is available even though it has a TClass initialization routine.
Error in <TClass::LoadClassInfo>: no interpreter information for class RooCategory is available even though it has a TClass initialization routine.
Error in <TClass::LoadClassInfo>: no interpreter information for class RooCategory is available even though it has a TClass initialization routine.
Error in <TClass::LoadClassInfo>: no interpreter information for class RooCategory is available even though it has a TClass initialization routine.
Error in <TClass::LoadClassInfo>: no interpreter information for class RooCategory is available even though it has a TClass initialization routine.
Error in <TClass::LoadClassInfo>: no interpreter information for class RooCategory is available even though it has a TClass initialization routine.
Error in <TClass::LoadClassInfo>: no interpreter information for class RooCategory is available even though it has a TClass initialization routine.
Error in <TClass::LoadClassInfo>: no interpreter information for class RooCategory is available even though it has a TClass initialization routine.
Error in <TClass::LoadClassInfo>: no interpreter information for class RooCategory is available even though it has a TClass initialization routine.
Error in <TClass::LoadClassInfo>: no interpreter information for class RooCategory is available even though it has a TClass initialization routine.
Error in <TClass::LoadClassInfo>: no interpreter information for class RooCategory is available even though it has a TClass initialization routine.
Error in <TClass::LoadClassInfo>: no interpreter information for class RooCategory is available even though it has a TClass initialization routine.
Error in <TClass::LoadClassInfo>: no interpreter information for class RooCategory is available even though it has a TClass initialization routine.
Error in <TClass::LoadClassInfo>: no interpreter information for class RooCategory is available even though it has a TClass initialization routine.
Error in <TClass::LoadClassInfo>: no interpreter information for class RooCategory is available even though it has a TClass initialization routine.
Error in <TClass::LoadClassInfo>: no interpreter information for class RooCategory is available even though it has a TClass initialization routine.
Error in <TClass::LoadClassInfo>: no interpreter information for class RooCategory is available even though it has a TClass initialization routine.
Error in <TClass::LoadClassInfo>: no interpreter information for class RooCategory is available even though it has a TClass initialization routine.
Error in <TClass::LoadClassInfo>: no interpreter information for class RooCategory is available even though it has a TClass initialization routine.
Error in <TClass::LoadClassInfo>: no interpreter information for class RooCategory is available even though it has a TClass initialization routine.
Error in <TClass::LoadClassInfo>: no interpreter information for class RooCategory is available even though it has a TClass initialization routine.
Error in <TClass::LoadClassInfo>: no interpreter information for class RooCategory is available even though it has a TClass initialization routine.
Error in <TClass::LoadClassInfo>: no interpreter information for class RooCategory is available even though it has a TClass initialization routine.
Error in <TClass::LoadClassInfo>: no interpreter information for class RooCategory is available even though it has a TClass initialization routine.
Error in <TClass::LoadClassInfo>: no interpreter information for class RooCategory is available even though it has a TClass initialization routine.
Error in <TClass::LoadClassInfo>: no interpreter information for class RooCategory is available even though it has a TClass initialization routine.
Error in <TClass::LoadClassInfo>: no interpreter information for class RooCategory is available even though it has a TClass initialization routine.
Error in <TClass::LoadClassInfo>: no interpreter information for class RooCategory is available even though it has a TClass initialization routine.
Error in <TClass::LoadClassInfo>: no interpreter information for class RooCategory is available even though it has a TClass initialization routine.
Error in <TClass::LoadClassInfo>: no interpreter information for class RooCategory is available even though it has a TClass initialization routine.
Error in <TClass::LoadClassInfo>: no interpreter information for class RooCategory is available even though it has a TClass initialization routine.
Warning in <TStreamerInfo::BuildCheck>: 
   The StreamerInfo of class RooCategory read from file /data/pku/home/zhaoyz/Higgs/boostedHWW/combine/combination/full_datacards/higgsCombineSnapshot.MultiDimFit.mH125.root
   has the same version (=3) as the active class but a different checksum.
   You should update the version to ClassDef(RooCategory,4).
   Do not try to write objects with the current class definition,
   the files will not be readable.

Error in <TClass::LoadClassInfo>: no interpreter information for class RooCategory is available even though it has a TClass initialization routine.
Error in <TClass::LoadClassInfo>: no interpreter information for class RooCategory is available even though it has a TClass initialization routine.
Error in <TClass::LoadClassInfo>: no interpreter information for class RooCategory is available even though it has a TClass initialization routine.
Error in <TClass::LoadClassInfo>: no interpreter information for class RooCategory is available even though it has a TClass initialization routine.
Error in <TClass::LoadClassInfo>: no interpreter information for class RooCategory is available even though it has a TClass initialization routine.
Error in <TClass::LoadClassInfo>: no interpreter information for class RooCategory is available even though it has a TClass initialization routine.
Error in <TClass::LoadClassInfo>: no interpreter information for class RooCategory is available even though it has a TClass initialization routine.
Error in <TClass::LoadClassInfo>: no interpreter information for class RooCategory is available even though it has a TClass initialization routine.
Error in <TClass::LoadClassInfo>: no interpreter information for class RooCategory is available even though it has a TClass initialization routine.
Error in <TClass::LoadClassInfo>: no interpreter information for class RooCategory is available even though it has a TClass initialization routine.
Error in <TClass::LoadClassInfo>: no interpreter information for class RooCategory is available even though it has a TClass initialization routine.
Error in <TClass::LoadClassInfo>: no interpreter information for class RooCategory is available even though it has a TClass initialization routine.
Error in <TClass::LoadClassInfo>: no interpreter information for class RooCategory is available even though it has a TClass initialization routine.
Error in <TClass::LoadClassInfo>: no interpreter information for class RooCategory is available even though it has a TClass initialization routine.
Warning in <TStreamerInfo::CompareContent>: The on-file layout version 3 for class 'RooCategory'  has a base class (RooAbsCategoryLValue) that the in-memory layout version 3 does not have
Error in <TClass::LoadClassInfo>: no interpreter information for class RooAbsCategoryLValue is available even though it has a TClass initialization routine.
Error in <TClass::LoadClassInfo>: no interpreter information for class RooAbsCategoryLValue is available even though it has a TClass initialization routine.
Error in <TClass::LoadClassInfo>: no interpreter information for class RooAbsCategoryLValue is available even though it has a TClass initialization routine.
Error in <TClass::LoadClassInfo>: no interpreter information for class RooAbsCategoryLValue is available even though it has a TClass initialization routine.
Error in <TClass::LoadClassInfo>: no interpreter information for class RooAbsCategoryLValue is available even though it has a TClass initialization routine.
Error in <TClass::LoadClassInfo>: no interpreter information for class RooAbsCategoryLValue is available even though it has a TClass initialization routine.
Error in <TClass::LoadClassInfo>: no interpreter information for class RooAbsCategoryLValue is available even though it has a TClass initialization routine.
Error in <TClass::LoadClassInfo>: no interpreter information for class RooAbsCategoryLValue is available even though it has a TClass initialization routine.
Error in <TClass::LoadClassInfo>: no interpreter information for class RooAbsCategoryLValue is available even though it has a TClass initialization routine.
Error in <TClass::LoadClassInfo>: no interpreter information for class RooAbsCategoryLValue is available even though it has a TClass initialization routine.
Error in <TClass::LoadClassInfo>: no interpreter information for class RooAbsCategoryLValue is available even though it has a TClass initialization routine.
Error in <TClass::LoadClassInfo>: no interpreter information for class RooAbsCategoryLValue is available even though it has a TClass initialization routine.
Error in <TClass::LoadClassInfo>: no interpreter information for class RooAbsCategoryLValue is available even though it has a TClass initialization routine.
Error in <TClass::LoadClassInfo>: no interpreter information for class RooAbsCategoryLValue is available even though it has a TClass initialization routine.
Error in <TClass::LoadClassInfo>: no interpreter information for class RooAbsCategoryLValue is available even though it has a TClass initialization routine.
Error in <TClass::LoadClassInfo>: no interpreter information for class RooAbsCategoryLValue is available even though it has a TClass initialization routine.
Error in <TClass::LoadClassInfo>: no interpreter information for class RooAbsCategoryLValue is available even though it has a TClass initialization routine.
Error in <TClass::LoadClassInfo>: no interpreter information for class RooAbsCategoryLValue is available even though it has a TClass initialization routine.
Error in <TClass::LoadClassInfo>: no interpreter information for class RooAbsCategoryLValue is available even though it has a TClass initialization routine.
Error in <TClass::LoadClassInfo>: no interpreter information for class RooAbsCategoryLValue is available even though it has a TClass initialization routine.
Error in <TClass::LoadClassInfo>: no interpreter information for class RooAbsCategoryLValue is available even though it has a TClass initialization routine.
Error in <TClass::LoadClassInfo>: no interpreter information for class RooAbsCategoryLValue is available even though it has a TClass initialization routine.
Error in <TClass::LoadClassInfo>: no interpreter information for class RooAbsCategoryLValue is available even though it has a TClass initialization routine.
Error in <TClass::LoadClassInfo>: no interpreter information for class RooAbsCategoryLValue is available even though it has a TClass initialization routine.
Error in <TClass::LoadClassInfo>: no interpreter information for class RooAbsCategoryLValue is available even though it has a TClass initialization routine.
Error in <TClass::LoadClassInfo>: no interpreter information for class RooAbsCategoryLValue is available even though it has a TClass initialization routine.
Error in <TClass::LoadClassInfo>: no interpreter information for class RooAbsCategoryLValue is available even though it has a TClass initialization routine.
Error in <TClass::LoadClassInfo>: no interpreter information for class RooAbsCategoryLValue is available even though it has a TClass initialization routine.
Error in <TClass::LoadClassInfo>: no interpreter information for class RooAbsCategoryLValue is available even though it has a TClass initialization routine.
Error in <TClass::LoadClassInfo>: no interpreter information for class RooAbsCategoryLValue is available even though it has a TClass initialization routine.
Error in <TClass::LoadClassInfo>: no interpreter information for class RooAbsCategoryLValue is available even though it has a TClass initialization routine.
Error in <TClass::LoadClassInfo>: no interpreter information for class RooAbsCategoryLValue is available even though it has a TClass initialization routine.
Error in <TClass::LoadClassInfo>: no interpreter information for class RooAbsCategoryLValue is available even though it has a TClass initialization routine.
Error in <TClass::LoadClassInfo>: no interpreter information for class RooAbsCategoryLValue is available even though it has a TClass initialization routine.
Error in <TClass::LoadClassInfo>: no interpreter information for class RooAbsCategoryLValue is available even though it has a TClass initialization routine.
Error in <TClass::LoadClassInfo>: no interpreter information for class RooAbsCategoryLValue is available even though it has a TClass initialization routine.
Error in <TClass::LoadClassInfo>: no interpreter information for class RooAbsCategoryLValue is available even though it has a TClass initialization routine.
Error in <TClass::LoadClassInfo>: no interpreter information for class RooAbsCategoryLValue is available even though it has a TClass initialization routine.
Error in <TClass::LoadClassInfo>: no interpreter information for class RooAbsCategoryLValue is available even though it has a TClass initialization routine.
Error in <TClass::LoadClassInfo>: no interpreter information for class RooAbsCategoryLValue is available even though it has a TClass initialization routine.
Error in <TClass::LoadClassInfo>: no interpreter information for class RooCategory is available even though it has a TClass initialization routine.
Error in <TClass::LoadClassInfo>: no interpreter information for class RooCategory is available even though it has a TClass initialization routine.
Error in <TClass::LoadClassInfo>: no interpreter information for class RooCategory is available even though it has a TClass initialization routine.
Error in <TClass::LoadClassInfo>: no interpreter information for class RooCategory is available even though it has a TClass initialization routine.
Error in <TClass::LoadClassInfo>: no interpreter information for class RooCategory is available even though it has a TClass initialization routine.
Error in <TClass::LoadClassInfo>: no interpreter information for class RooCategory is available even though it has a TClass initialization routine.
Error in <TClass::LoadClassInfo>: no interpreter information for class RooCategory is available even though it has a TClass initialization routine.
Error in <TClass::LoadClassInfo>: no interpreter information for class RooCategory is available even though it has a TClass initialization routine.
Error in <TClass::LoadClassInfo>: no interpreter information for class RooCategory is available even though it has a TClass initialization routine.
Error in <TClass::LoadClassInfo>: no interpreter information for class RooCategory is available even though it has a TClass initialization routine.
Error in <TClass::LoadClassInfo>: no interpreter information for class RooCategory is available even though it has a TClass initialization routine.
Error in <TClass::LoadClassInfo>: no interpreter information for class RooCategory is available even though it has a TClass initialization routine.
Error in <TClass::LoadClassInfo>: no interpreter information for class RooCategory is available even though it has a TClass initialization routine.
Error in <TClass::LoadClassInfo>: no interpreter information for class RooCategory is available even though it has a TClass initialization routine.
Error in <TClass::LoadClassInfo>: no interpreter information for class RooCategory is available even though it has a TClass initialization routine.
Error in <TClass::LoadClassInfo>: no interpreter information for class RooCategory is available even though it has a TClass initialization routine.

 *** Break *** segmentation violation



===========================================================
There was a crash.
This is the entire stack trace of all threads:
===========================================================
#0  0x00002ab35c10046c in waitpid () from /lib64/libc.so.6
#1  0x00002ab35c07df62 in do_system () from /lib64/libc.so.6
#2  0x00002ab359d39535 in TUnixSystem::StackTrace() () from /cvmfs/cms.cern.ch/slc7_amd64_gcc900/cms/cmssw/CMSSW_11_3_4/external/slc7_amd64_gcc900/lib/libCore.so
#3  0x00002ab359d36705 in TUnixSystem::DispatchSignals(ESignals) () from /cvmfs/cms.cern.ch/slc7_amd64_gcc900/cms/cmssw/CMSSW_11_3_4/external/slc7_amd64_gcc900/lib/libCore.so
#4  <signal handler called>
#5  0x00002ab359c3daff in TString::operator=(char const*) () from /cvmfs/cms.cern.ch/slc7_amd64_gcc900/cms/cmssw/CMSSW_11_3_4/external/slc7_amd64_gcc900/lib/libCore.so
#6  0x00002ab3597aa106 in TStreamerInfo::CompareContent(TClass*, TVirtualStreamerInfo*, bool, bool, TFile*) () from /cvmfs/cms.cern.ch/slc7_amd64_gcc900/cms/cmssw/CMSSW_11_3_4/external/slc7_amd64_gcc900/lib/libRIO.so
#7  0x00002ab3597a2d9c in TStreamerInfo::BuildCheck(TFile*, bool) () from /cvmfs/cms.cern.ch/slc7_amd64_gcc900/cms/cmssw/CMSSW_11_3_4/external/slc7_amd64_gcc900/lib/libRIO.so
#8  0x00002ab3597522c1 in TFile::ReadStreamerInfo() () from /cvmfs/cms.cern.ch/slc7_amd64_gcc900/cms/cmssw/CMSSW_11_3_4/external/slc7_amd64_gcc900/lib/libRIO.so
#9  0x00002ab35975d77b in TFile::Init(bool) () from /cvmfs/cms.cern.ch/slc7_amd64_gcc900/cms/cmssw/CMSSW_11_3_4/external/slc7_amd64_gcc900/lib/libRIO.so
#10 0x00002ab35975f019 in TFile::TFile(char const*, char const*, char const*, int) () from /cvmfs/cms.cern.ch/slc7_amd64_gcc900/cms/cmssw/CMSSW_11_3_4/external/slc7_amd64_gcc900/lib/libRIO.so
#11 0x00002ab359762bd6 in TFile::Open(char const*, char const*, char const*, int, int) () from /cvmfs/cms.cern.ch/slc7_amd64_gcc900/cms/cmssw/CMSSW_11_3_4/external/slc7_amd64_gcc900/lib/libRIO.so
#12 0x00002ab357947a6a in Combine::run(TString, std::__cxx11::basic_string<char, std::char_traits<char>, std::allocator<char> > const&, double&, double&, int&, TTree*, int) () from /data/pku/home/zhaoyz/backup/CMSSW_11_3_4/lib/slc7_amd64_gcc900/libHiggsAnalysisCombinedLimit.so
#13 0x0000000000410d2a in main ()
===========================================================


The lines below might hint at the cause of the crash.
You may get help by asking at the ROOT forum https://root.cern.ch/forum
Only if you are really convinced it is a bug in ROOT then please submit a
report at https://root.cern.ch/bugs Please post the ENTIRE stack trace
from above as an attachment in addition to anything else
that might help us fixing this issue.
===========================================================
#5  0x00002ab359c3daff in TString::operator=(char const*) () from /cvmfs/cms.cern.ch/slc7_amd64_gcc900/cms/cmssw/CMSSW_11_3_4/external/slc7_amd64_gcc900/lib/libCore.so
#6  0x00002ab3597aa106 in TStreamerInfo::CompareContent(TClass*, TVirtualStreamerInfo*, bool, bool, TFile*) () from /cvmfs/cms.cern.ch/slc7_amd64_gcc900/cms/cmssw/CMSSW_11_3_4/external/slc7_amd64_gcc900/lib/libRIO.so
#7  0x00002ab3597a2d9c in TStreamerInfo::BuildCheck(TFile*, bool) () from /cvmfs/cms.cern.ch/slc7_amd64_gcc900/cms/cmssw/CMSSW_11_3_4/external/slc7_amd64_gcc900/lib/libRIO.so
#8  0x00002ab3597522c1 in TFile::ReadStreamerInfo() () from /cvmfs/cms.cern.ch/slc7_amd64_gcc900/cms/cmssw/CMSSW_11_3_4/external/slc7_amd64_gcc900/lib/libRIO.so
#9  0x00002ab35975d77b in TFile::Init(bool) () from /cvmfs/cms.cern.ch/slc7_amd64_gcc900/cms/cmssw/CMSSW_11_3_4/external/slc7_amd64_gcc900/lib/libRIO.so
#10 0x00002ab35975f019 in TFile::TFile(char const*, char const*, char const*, int) () from /cvmfs/cms.cern.ch/slc7_amd64_gcc900/cms/cmssw/CMSSW_11_3_4/external/slc7_amd64_gcc900/lib/libRIO.so
#11 0x00002ab359762bd6 in TFile::Open(char const*, char const*, char const*, int, int) () from /cvmfs/cms.cern.ch/slc7_amd64_gcc900/cms/cmssw/CMSSW_11_3_4/external/slc7_amd64_gcc900/lib/libRIO.so
#12 0x00002ab357947a6a in Combine::run(TString, std::__cxx11::basic_string<char, std::char_traits<char>, std::allocator<char> > const&, double&, double&, int&, TTree*, int) () from /data/pku/home/zhaoyz/backup/CMSSW_11_3_4/lib/slc7_amd64_gcc900/libHiggsAnalysisCombinedLimit.so
#13 0x0000000000410d2a in main ()
===========================================================


Failed to load module ROOTVecOps
Failed to load module RDAVIX
Failed to load module Genetic
Failed to load module DCache
Failed to load module RGL
Failed to load module ROOTEve
Failed to load module SPlot
Failed to load module GeomBuilder
Failed to load module Rint
Failed to load module Recorder
Failed to load module GuiBld
Failed to load module ROOTWebDisplay
Failed to load module GX11TTF
Failed to load module ProofPlayer
Failed to load module ROOTHistDraw
Failed to load module MathMore
Failed to load module SpectrumPainter
Failed to load module NetxNG
Failed to load module Minuit
Failed to load module TMVA
Failed to load module Gdml
Failed to load module ProofBench
Failed to load module WebGui6
Failed to load module ROOTTPython
Failed to load module ROOTHist
Failed to load module ROOTFitPanelv7
Failed to load module SessionViewer
Failed to load module ROOTBrowsable
Failed to load module PyMVA
Failed to load module HistPainter
Failed to load module ProofDraw
Failed to load module Quadp
Failed to load module Eve
Failed to load module TreeViewer
Failed to load module GeomPainter
Failed to load module ROOTNTuple
Failed to load module EG
Failed to load module HistFactory
Failed to load module Spectrum
Failed to load module GuiHtml
Failed to load module Postscript
Failed to load module TMVAGui
Failed to load module Html
Failed to load module Fumili
Failed to load module RooFitMore
Failed to load module ROOTGpadv7
Failed to load module X3d
Failed to load module RCsg
Failed to load module RooFit
Failed to load module RooStats
Failed to load module Ged
Failed to load module FFTW
Failed to load module RooFitCore
Failed to load module SQLIO
Failed to load module ASImage
Failed to load module Foam
Failed to load module Minuit2
Failed to load module MLP
Failed to load module ROOTDataFrame
Failed to load module ROOTBrowserv7
Failed to load module RootAuth
Failed to load module ASImageGui
Failed to load module GX11
Failed to load module Gviz3d
Failed to load module ROOTGraphicsPrimitives
Failed to load module Foam
Failed to load module Minuit
Failed to load module RooFitCore
Failed to load module RooFit
Failed to load module RooStats
Failed to load module HistFactory
